{
    "title": "Neuron E-scooters and E-bikes",
    "description": "They are also an affordable alternative to short car trips. Our rides are equipped with a range of pioneering safety innovations including the world's first app-controlled Helmet Lock. \r\n\r\nMake Neuron a part of your daily commute to reduce congestion and your overall environmental footprint. Hop on a Neuron e-scooter or e-bike to explore the city, and don’t forget to support local businesses!\r\n\r\nDownload the app to locate and ride a Neuron in your city.",
    "summary": "Neuron e-scooters and e-bikes are a safe, convenient and fun way to travel.",
    "installs": "1,000,000+",
    "score": 4.3333335,
    "ratings": 10341,
    "price": 0,
    "currency": "EUR",
    "developer": "Neuron Mobility Pte. Ltd.",
    "developerEmail": "info@neuron.sg",
    "developerWebsite": "https://www.rideneuron.com",
    "developerAddress": "510 Thomson Road, SLF Building, #08-00, Singapore, 298135",
    "privacyPolicy": "https://www.rideneuron.com/privacy-policy-international/",
    "genre": "Travel & Local",
    "contentRating": "PEGI 3",
    "released": "Feb 4, 2018",
    "lastUpdatedOn": "Apr 20, 2025",
    "appId": "com.hhyu.neuron",
    "permisions": {
        "Location": [
            "approximate location (network-based)",
            "precise location (GPS and network-based)"
        ],
        "Phone": [
            "read phone status and identity"
        ],
        "Photos/Media/Files": [
            "modify or delete the contents of your USB storage",
            "read the contents of your USB storage"
        ],
        "Storage": [
            "modify or delete the contents of your USB storage",
            "read the contents of your USB storage"
        ],
        "Camera": [
            "take pictures and videos"
        ],
        "Wi-Fi connection information": [
            "view Wi-Fi connections"
        ],
        "Device ID & call information": [
            "read phone status and identity"
        ],
        "Other": [
            "access Bluetooth settings",
            "control flashlight",
            "control vibration",
            "full network access",
            "pair with Bluetooth devices",
            "prevent device from sleeping",
            "read Google service configuration",
            "run at startup",
            "view network connections"
        ],
        "Uncategorized": [
            "receive data from Internet"
        ]
    }
}