{
    "title": "dubizzle cars",
    "description": "Manage your dubizzle car listings on the go and optimize their views and leads with a range of exclusive features:\r\n\r\n- Track key performance metrics for your listings, individually and in aggregate\r\n- Boost your listing’s visibility by using your Value Added Services (VAS) credits\r\n- See how your listings rank against similar ads on dubizzle\r\n- Get informed when your listings are not performing well and get recommendations to boost them\r\n- Export data reports as spreadsheets for more analysis\r\n- Place bids on live auctions to fill up your inventory with the best deals\r\n\r\nWe'd love to hear from you! Share your feedback in the reviews so that we can improve the app for you. If you are facing trouble accessing the app, please contact your account manager.\r\n\r\nNote: This app is only available for car dealers in the UAE who are currently paying customers of dubizzle. To register, please visit the dubizzle website.",
    "summary": "Calling all car dealers in the UAE, this app is for you!",
    "installs": "50,000+",
    "score": null,
    "ratings": null,
    "price": 0,
    "currency": "EUR",
    "developer": "dubizzle",
    "developerEmail": "mobilesupport@dubizzle.com",
    "developerWebsite": "https://www.dubizzle.com",
    "developerAddress": null,
    "privacyPolicy": "http://www.dubizzle.com/privacy",
    "genre": "Lifestyle",
    "contentRating": "PEGI 3",
    "released": "Oct 7, 2020",
    "lastUpdatedOn": "Apr 18, 2025",
    "appId": "com.dubizzle.dealerapp",
    "permisions": {
        "Photos/Media/Files": [
            "modify or delete the contents of your USB storage",
            "read the contents of your USB storage"
        ],
        "Storage": [
            "modify or delete the contents of your USB storage",
            "read the contents of your USB storage"
        ],
        "Camera": [
            "take pictures and videos"
        ],
        "Wi-Fi connection information": [
            "view Wi-Fi connections"
        ],
        "Other": [
            "control vibration",
            "draw over other apps",
            "full network access",
            "prevent device from sleeping",
            "read Google service configuration",
            "run at startup",
            "view network connections"
        ],
        "Uncategorized": [
            "download files without notification",
            "receive data from Internet"
        ]
    }
}