{
    "title": "Pedometer - Walk & Lose Weight",
    "description": "WHO recommends adults aged 18–64 years should limit the amount of time spent being sedentary, and should do at least 150–300 minutes of moderate-intensity aerobic physical activity or at least 75–150 minutes of vigorous-intensity aerobic physical activity. \r\n\r\nWant an app that can help you reach your fitness goals? Look no further! A journey to a healthier you begins with a single step! Download Pedometer - Walk & Lose Weight to track your steps and calories burned today!\r\n\r\nThis step counter uses the phone's built-in sensor to count your steps. You can track calories burned and walking & activities duration with Pedometer - Walk & Lose Weight. Set the app up by filling in your goals and other basic data, and you're ready to go!\r\n\r\nKEY FEATURES\r\n<b>Personal health management</b>👍\r\nPedometer - Walk & Lose Weight app provides not only step counter, but also weight, water intake, sleep, heart rate and BMI management. Know your personal health data in one app!\r\n\r\n<b>Fitness Planner</b>\r\nDon't know how to begin your first routine? We can help you! Based on your situation, we can provide you several fitness plans to choose. We will help you carry out the activity according to plan and record the  movement path.\r\n\r\n<b>Comprehensive Reports</b> 📊\r\nOur reports are specially designed for mobile devices to help you track your health data, especially walking data and calories burned. You can view your statistics per week, month, or in the past 24 hours.\r\n\r\n<b>Know health information</b>\r\nDo you know the relationship between exercise and blood pressure and heart rate? Do you know that to be healthy, you not only need to exercise but also eat healthy? We provide you with some reference information in the app, hoping you can become healthier!\r\n\r\n❤<b>User Friendly</b>\r\nWant to know your BMI data? Want to complete daily goal of water intake? Want to record your sleep situation? Want to know how your heart beat before and after activity? Want to know how to become healthy in more ways? We know you at the most beginning and provide those in one app!\r\n\r\n📱 <b>Simple and Clean Interface</b>\r\nThe design team aims to create the cleanest and most user-friendly user interface for all Pedometer - Walk & Lose Weight users. Download it now to find out more!\r\n\r\n<b>No Hidden Paid Features</b> 🆓\r\nYou can use all of our features for free at no cost! Download Step Counter now to enjoy a fuss-free experience.\r\n\r\n<b>Privacy Secured</b> 🆗\r\nNo sign-in is required. We respect your privacy and will not collect or share your personal information with third-party apps or services without your permission.\r\n\r\nHold your phone or place it in your bag to start recording your steps. It'll count even if your screen is locked!\r\n\r\n💡Important Note\r\n● To ensure the accuracy of the step tracker, please ensure your information is entered correctly in the app's settings. We need this information to calculate your walking distance and calories.\r\n● You can adjust the app's sensitivity to ensure accuracy.\r\n● Some devices may stop counting steps when the screen is locked due to your phone's internal power-saving processes.\r\n● Devices running on older versions may also stop counting steps when the screen is locked. As much as we'd love to help, we cannot solve device issues via the app.\r\n● The health information we provide is for reference. Consult your primary care physician if you need any help.\r\n\r\nFeel free to contact us if you have any queries:\r\nEmail: <a href=\"mailto:support@healthapplines.com\">support@healthapplines.com</a>",
    "summary": "All things begin from one step.",
    "installs": "1,000,000+",
    "score": 4.6538463,
    "ratings": 4403,
    "price": 0,
    "currency": "EUR",
    "developer": "Health Applines",
    "developerEmail": "support@healthapplines.com",
    "developerWebsite": "https://healthapplines.com",
    "developerAddress": null,
    "privacyPolicy": "https://www.healthapplines.com/privacy_policy.html",
    "genre": "Health & Fitness",
    "contentRating": "PEGI 3",
    "released": "Apr 9, 2024",
    "lastUpdatedOn": "Apr 15, 2025",
    "appId": "com.healthapplines.android.pedometer",
    "permisions": {
        "Location": [
            "approximate location (network-based)",
            "precise location (GPS and network-based)"
        ],
        "Photos/Media/Files": [
            "modify or delete the contents of your USB storage",
            "read the contents of your USB storage"
        ],
        "Storage": [
            "modify or delete the contents of your USB storage",
            "read the contents of your USB storage"
        ],
        "Camera": [
            "take pictures and videos"
        ],
        "Wi-Fi connection information": [
            "view Wi-Fi connections"
        ],
        "Wearable sensors/Activity data": [
            "body sensors (like heart rate monitors)"
        ],
        "Other": [
            "connect and disconnect from Wi-Fi",
            "control vibration",
            "full network access",
            "prevent device from sleeping",
            "view network connections"
        ],
        "Uncategorized": [
            "bind to a notification listener service",
            "receive data from Internet"
        ]
    }
}