{
    "title": "UK Motorway Traffic News",
    "description": "<i>Free, fast updates of the latest traffic incidents and roadworks</i>\r\n\r\n<b>UK Motorway Traffic News</b> app displays the latest road traffic incidents and roadwork updates across the UK. Easily review updates to disruptive traffic incidents as they happen and monitor roadworks using a simple and easy to use interface, allowing you to pinpoint incidents on a map and even share this traffic information with others. This is a must-have app for anyone who travels and is perfect for reviewing routes prior to travelling to your destination, or whilst enroute at a safe interval.\r\n\r\n<b>Features</b>:\r\n\r\n▸ Latest updates of traffic incidents and roadworks.\r\n▸ All events updated chronologically and categorised by recognisable icons.\r\n▸ Search facility to filter all traffic events, including voice search compatibility.\r\n▸ Near me feature to see what events are within a search radius you can specify.\r\n▸ Audio playback of each traffic event at the touch of a button.\r\n▸ Bluetooth connectivity to playback the audio of each traffic event when connected to a compatible device.\r\n▸ Detailed traffic event information presented clearly upon choosing a specific event.\r\n▸ Map view of each traffic event and all events across the search radius you can specify.\r\n▸ Google Maps traffic layer indicating the current traffic flow across main roads.\r\n▸ Share feature to allow you to warn others of a traffic event.\r\n▸ Compatible with tablet devices, including a two-pane view to see all traffic events and select a detailed view of each event on screen.\r\n\r\n<b>Important Information</b>:\r\n\r\nFor obvious safety reasons, please do not use this app whilst in the control of a vehicle. This is for your own safety and the safety of others.\r\n\r\nPlease note that this app requires the use of a stable connection to the internet to update the various in-app features.\r\n\r\nAll of the traffic feeds in this app are reliant on the various sources keeping these up-to-date, particularly Highways England. Please understand that we have no control over this and we can simply only advise our users to try the in-app feature at a later date/time to see if the applicable feature is available.\r\n\r\nPlease understand this app utilises various advertising in the form of banners and display ads. In addition, various motoring related offers may also be sent to your device in the form of push notifications, which is separate to general app update notifications. These notifications may be turned off by disabling this feature in the app. Although many of the adverts are not related to the app itself, they have been included to help support its ongoing development. Please view our other related apps in the Google Play Store (if available) that do not include any advertisements, and may instead include extra features!\r\n\r\nIf you do experience any issues with this app, please contact us using the 'Feedback' form in the app rather than leaving us a negative star rating and/or review. We will always try to endeavour to fix a problem in the app for the benefit of all of our users.\r\n\r\nFinally, if you do like our app, please feel free to leave us a high star rating and a review. We greatly appreciate your support!\r\n\r\n<b>Disclaimer</b>:\r\n\r\nThis app is in no way associated to any of the transport organisations in the UK and beyond. All of the feeds included are the property of their respective owners, whereby this app simply serves the purpose of informing the user of the information provided by the data source provider and directing the user to that specific source. The traffic feeds utilised in this app are provided by Highways England.",
    "summary": "Free, fast updates of the latest traffic incidents and roadworks",
    "installs": "10,000+",
    "score": null,
    "ratings": null,
    "price": 0,
    "currency": "EUR",
    "developer": "Appdesigned4u",
    "developerEmail": "enquiries@appdesigned4u.com",
    "developerWebsite": "https://www.appdesigned4u.com",
    "developerAddress": null,
    "privacyPolicy": "https://www.appdesigned4u.com/privacy-policy/",
    "genre": "Travel & Local",
    "contentRating": "PEGI 3",
    "released": "Nov 23, 2017",
    "lastUpdatedOn": "Oct 2, 2022",
    "appId": "appdesigned4u.ukmotorwaytrafficnews",
    "permisions": {
        "Location": [
            "approximate location (network-based)",
            "precise location (GPS and network-based)"
        ],
        "Wi-Fi connection information": [
            "view Wi-Fi connections"
        ],
        "Other": [
            "access Bluetooth settings",
            "change your audio settings",
            "full network access",
            "pair with Bluetooth devices",
            "prevent device from sleeping",
            "run at startup",
            "view network connections"
        ],
        "Uncategorized": [
            "receive data from Internet"
        ]
    }
}