{
    "title": "Transit GO Ticket",
    "description": "The Transit Go Ticket App allows riders to buy bus, rail and water taxi tickets using their mobile device. No more worries about carrying cash for transit fare, Transit Go Ticket is good on King County Metro Buses, Sound Transit Express Bus, Light Rail and Sounder, King County Water Taxi, Seattle Streetcar and Kitsap Transit routed buses and fast ferry.",
    "summary": "Buy and use bus, rail, water taxi and streetcar mobile tickets.",
    "installs": "100,000+",
    "score": 0,
    "ratings": 0,
    "price": 0,
    "currency": "EUR",
    "developer": "Bytemark, Inc.",
    "developerEmail": "android-team@bytemark.co",
    "developerWebsite": "http://www.bytemark.co/",
    "developerAddress": "1 Penn Plz Ste 1100 New York, NY, 10119-1101 United States",
    "privacyPolicy": "https://www.bytemark.co/privacy-policy",
    "genre": "Travel & Local",
    "contentRating": "PEGI 3",
    "released": "Nov 30, 2016",
    "lastUpdatedOn": "Sep 11, 2024",
    "appId": "co.bytemark.tgt",
    "permisions": {
        "Location": [
            "precise location (GPS and network-based)"
        ],
        "Phone": [
            "directly call phone numbers"
        ],
        "Photos/Media/Files": [
            "modify or delete the contents of your USB storage",
            "read the contents of your USB storage"
        ],
        "Storage": [
            "modify or delete the contents of your USB storage",
            "read the contents of your USB storage"
        ],
        "Camera": [
            "take pictures and videos"
        ],
        "Wi-Fi connection information": [
            "view Wi-Fi connections"
        ],
        "Other": [
            "change network connectivity",
            "connect and disconnect from Wi-Fi",
            "control Near Field Communication",
            "control vibration",
            "full network access",
            "prevent device from sleeping",
            "run at startup",
            "view network connections"
        ],
        "Uncategorized": [
            "receive data from Internet"
        ]
    }
}