{
    "title": "Sakay.ph - NCR Commute Map",
    "description": "Sakay.ph is your commuting lifesaver. We provide the most accurate and efficient directions around Metro Manila. Sakay.ph features:\r\n\r\n• A comprehensive, crowd-sourced route database\r\n• Easy to use, step-by-step directions\r\n• Comparisons by trip time and cost\r\n• All the major transit modes: \r\n— Jeepneys\r\n— Regular buses and P2P buses\r\n— MRT3, LRT1, LRT2, and PNR trains\r\n— UV Express\r\n— Comet eJeeps\r\n— Pasig River Ferry\r\n\r\nStay up to date by following or liking us:\r\n\r\n@sakayph\r\nfb.com/sakaydotph",
    "summary": "Get commute directions in Metro Manila. Jeeps, buses, trains, UV, and more.",
    "installs": "500,000+",
    "score": 0,
    "ratings": 0,
    "price": 0,
    "currency": "EUR",
    "developer": "By Implication",
    "developerEmail": "contact@byimplication.com",
    "developerWebsite": "http://sakay.ph",
    "developerAddress": null,
    "privacyPolicy": "https://sakay.ph/terms",
    "genre": "Maps & Navigation",
    "contentRating": "PEGI 3",
    "released": "Feb 18, 2015",
    "lastUpdatedOn": "Mar 27, 2023",
    "appId": "com.byimplication.sakay",
    "permisions": {
        "Location": [
            "approximate location (network-based)",
            "precise location (GPS and network-based)"
        ],
        "Wi-Fi connection information": [
            "view Wi-Fi connections"
        ],
        "Other": [
            "full network access",
            "prevent device from sleeping",
            "run at startup",
            "view network connections"
        ]
    }
}