{
    "title": "M'Ticket - TaM mobile ticket",
    "description": "Mobility in Montpellier Méditerranée Métropole at your fingertips!\r\nYour transport and parking tickets on your smartphone.\r\n\r\nQuick and easy :\r\n• Buy your ticket\r\n• Validate on your smartphone\r\n• Identify the QR code generated in case of control\r\n \r\nEnjoy your trip !",
    "summary": "Your transport and parking tickets on your smartphone",
    "installs": "500,000+",
    "score": 3.9332273,
    "ratings": 6694,
    "price": 0,
    "currency": "EUR",
    "developer": "TaM Montpellier 3M",
    "developerEmail": "applis@tam-voyages.com",
    "developerWebsite": "http://www.tam-voyages.com/",
    "developerAddress": null,
    "privacyPolicy": "https://boutique.tam-voyages.com/terms-of-sale/",
    "genre": "Travel & Local",
    "contentRating": "PEGI 3",
    "released": "Sep 12, 2019",
    "lastUpdatedOn": "Apr 7, 2025",
    "appId": "com.tam_way.mobiletickets",
    "permisions": {
        "Identity": [
            "find accounts on the device"
        ],
        "Contacts": [
            "find accounts on the device"
        ],
        "Location": [
            "access extra location provider commands",
            "approximate location (network-based)",
            "precise location (GPS and network-based)"
        ],
        "Photos/Media/Files": [
            "modify or delete the contents of your USB storage",
            "read the contents of your USB storage"
        ],
        "Storage": [
            "modify or delete the contents of your USB storage",
            "read the contents of your USB storage"
        ],
        "Camera": [
            "take pictures and videos"
        ],
        "Wi-Fi connection information": [
            "view Wi-Fi connections"
        ],
        "Other": [
            "access Bluetooth settings",
            "control vibration",
            "full network access",
            "mock location sources for testing",
            "pair with Bluetooth devices",
            "prevent device from sleeping",
            "run at startup",
            "view network connections"
        ],
        "Uncategorized": [
            "bind to a notification listener service",
            "receive data from Internet"
        ]
    }
}