{
    "title": "TomTom AmiGO - GPS Navigation",
    "description": "Install TomTom AmiGO at no cost and enjoy ad-free navigation. Your intelligent driving companion with EV navigation shows you charging stations, EV charger info and the best ways around live traffic, speed cameras*, and hazards.\r\n\r\nEnjoy EV navigation and find detailed info on charging stations and EV chargers near you. \r\n- First, create your vehicle profile for personalized EV navigation tailored to your specific vehicle and EV charger type. \r\n- Second, choose the desireable battery charge levels at the destination and at the EV charging stations\r\n- Next, when you plan routes and search for EV charging stations, AmiGO will filter EV charging stations that match your EV charger type and other requirements\r\n\r\nGet ready for a hassle-free drive 🥳\r\n\r\n• Speed Camera Warnings: know your average speed and drive within speed limits with fixed and mobile speed camera alerts* 👮‍️\r\n• Real-time Traffic Alerts: avoid blocked and closed roads and get an update when the traffic jam ahead of you is slow-moving ⚠️\r\n• Easy Navigation: pinpoint incidents on the map and navigate with clear guidance 🚙\r\n• EV Navigation and Charging Stations: plan routes tailored to your vehicle profile and find compatible EV charging stations on the map, showing you EV charger availability, EV charger connector type, and EV charger speed 🔋 \r\n• Charging stations views: see the availability of the charging stations directly on the map or in the list**\r\n• Android Auto: follow navigation from your car’s display on a larger screen 👀\r\n• Trusted Arrival Times: get proprietary maps, coming from 30+ years of experience to give you the most accurate traffic information.\r\n• Ad-free: focus on the road – no interruptions 😍\r\n• Privacy-focused: your data is always protected – we will never sell your data or serve ads ✅\r\n• Beautiful Interface: enjoy visual guidance of the maps and instructions to all your destinations.\r\n• Drive to your Calendars & Contacts: search for the addresses stored on your phone straight through AmiGO.\r\n• Report Incidents: share radar, jam, hazards, and more traffic updates with other drivers 🔔\r\n• Auto start/stop via Bluetooth connection: get alerts and instructions through your car speakers with the hands-free protocol.\r\n• Overlay Mode: see speed camera* and traffic updates with AmiGO’s widget, even when you don’t need navigation.\r\n• Simple Lane Guidance: follow easy instructions and the route bar for turn-by-turn navigation.\r\n\r\nJoin the millions of drivers enjoying ad-free navigation with TomTom AmiGO! 💙\r\n\r\n– The use of this app is governed by the Terms and Conditions at tomtom.com/en_us/legal/.\r\n– Additional laws, regulations, and local restrictions may apply. You use this app at your own risk.\r\n*The Speed Camera Services must only be used in accordance with the laws and regulations of the country where you are driving. This functionality is specifically prohibited in some countries/jurisdictions. It is your responsibility to comply with such laws before driving and activating the services. You can enable and disable Speed Camera warnings on AmiGO. Learn more at: https://www.tomtom.com/navigation/mobile-apps/amigo/disclaimer/\r\n**EV navigation leverages intricately designed profiles for electric vehicles, currently in an experimental beta phase. As a result, estimations of energy consumption en route, recommendations for EV charging stations, and the overall EV navigation experience may exhibit variability in reliability under certain conditions.",
    "summary": "Maps, EV Charging Stations, EV Navigation, Traffic, Speed Cameras,  Android Auto",
    "installs": "5,000,000+",
    "score": 4.2423434,
    "ratings": 176912,
    "price": 0,
    "currency": "EUR",
    "developer": "TomTom International BV",
    "developerEmail": "tomtom-app-support@tomtom.com",
    "developerWebsite": "https://www.tomtom.com/",
    "developerAddress": "De Ruijterkade 154\n1011 AC Amsterdam\nThe Netherlands",
    "privacyPolicy": "https://www.tomtom.com/nl_nl/navigation/mobile-apps/amigo-app/privacy-policy/",
    "genre": "Maps & Navigation",
    "contentRating": "PEGI 3",
    "released": "Nov 16, 2015",
    "lastUpdatedOn": "Apr 30, 2025",
    "appId": "com.tomtom.speedcams.android.map",
    "permisions": {
        "Device & app history": [
            "retrieve running apps"
        ],
        "Identity": [
            "read your own contact card"
        ],
        "Calendar": [
            "add or modify calendar events and send email to guests without owners' knowledge",
            "read calendar events plus confidential information"
        ],
        "Contacts": [
            "read your contacts"
        ],
        "Location": [
            "approximate location (network-based)",
            "precise location (GPS and network-based)"
        ],
        "Phone": [
            "read phone status and identity"
        ],
        "Microphone": [
            "record audio"
        ],
        "Wi-Fi connection information": [
            "view Wi-Fi connections"
        ],
        "Device ID & call information": [
            "read phone status and identity"
        ],
        "Other": [
            "access Bluetooth settings",
            "change your audio settings",
            "control vibration",
            "draw over other apps",
            "full network access",
            "pair with Bluetooth devices",
            "prevent device from sleeping",
            "reorder running apps",
            "run at startup",
            "view network connections"
        ],
        "Uncategorized": [
            "receive data from Internet"
        ]
    }
}