{
    "title": "Veo - Shared Electric Vehicles",
    "description": "Veo makes your daily commute easier and faster. Download the app, grab a Veo e-scooter, bike, or e-bike and just enjoy the ride.\r\n\r\nHOW VEO WORKS\r\nStep 1: Find the closest e-scooter, bike, or e-bike.\r\nStep 2: Scan to unlock! Scan the QR code (or enter the scooter's or bike’s ID number) to unlock it.  Enjoy your ride!\r\nStep 3: Park in a designated parking zone (shown in the app) when done. To finish your ride and stop the fare, just tap the \"End Ride\" button in the app or push down the lever on the bike lock. We do the rest!\r\n\r\nQuestions about Veo? Send an email to hello@veoride.com or visit our website, www.veoride.com, to see all the places you can Veo today!",
    "summary": "Eco-friendly travel with shared and personal electric vehicles",
    "installs": "500,000+",
    "score": 2.3333333,
    "ratings": 9542,
    "price": 0,
    "currency": "EUR",
    "developer": "VeoRide",
    "developerEmail": "hello@veoride.com",
    "developerWebsite": "https://www.veoride.com/",
    "developerAddress": null,
    "privacyPolicy": "https://www.veoride.com/privacy",
    "genre": "Travel & Local",
    "contentRating": "PEGI 3",
    "released": "Oct 25, 2017",
    "lastUpdatedOn": "Apr 25, 2025",
    "appId": "com.pgt.veoride",
    "permisions": {
        "Location": [
            "approximate location (network-based)",
            "precise location (GPS and network-based)"
        ],
        "Phone": [
            "read phone status and identity"
        ],
        "Photos/Media/Files": [
            "modify or delete the contents of your USB storage",
            "read the contents of your USB storage"
        ],
        "Storage": [
            "modify or delete the contents of your USB storage",
            "read the contents of your USB storage"
        ],
        "Camera": [
            "take pictures and videos"
        ],
        "Device ID & call information": [
            "read phone status and identity"
        ],
        "Other": [
            "Google Play license check",
            "access Bluetooth settings",
            "control flashlight",
            "control vibration",
            "full network access",
            "pair with Bluetooth devices",
            "prevent device from sleeping",
            "run at startup",
            "view network connections"
        ],
        "Uncategorized": [
            "receive data from Internet"
        ]
    }
}