{
    "title": "Vehicle Smart - Car Check",
    "description": "🏆 UK's No.1 car check app, trusted by millions of UK drivers.\r\n⭐ 135 million vehicle checks completed in 2024.\r\n\r\n🔎 A free check reveals any UK vehicle's MOT and mileage history.\r\n🔎 A free check shows when a vehicle's MOT & road tax are due to expire.\r\n⚠️ Always get a full Vehicle Smart® check before buying a used car.\r\n\r\nHow does it work?\r\n\r\nSimply enter a UK vehicle registration number, and Vehicle Smart® Car Check provides free DVLA MOT & tax data for all UK cars, motorbikes, vans, HGVs.\r\n\r\nWithin seconds, you can reveal:\r\n\r\n✅ MOT status and history\r\n✅ Mileage analysis\r\n✅ Road tax status\r\n✅ V5C issue date\r\n✅ Make & model\r\n✅ Colour\r\n✅ Vehicle age\r\n✅ Export marker\r\n✅ Fuel type\r\n✅ Engine size\r\n✅ CO2 output and rating\r\n✅ ULEZ compliance\r\n\r\nFound a used car you want to buy on Auto Trader?\r\n\r\nProtect yourself when buying or selling used cars with a Vehicle Smart® check (also known as an HPI check) to reveal over 80 data points in total, including:\r\n\r\n✅ Stolen (police & insurance databases)\r\n✅ Written off\r\n✅ Salvaged (with photos of damage)\r\n✅ Outstanding finance (HP / Logbook loans)\r\n✅ Imported/exported\r\n✅ VIC inspected\r\n✅ Plate changes\r\n✅ Colour changes\r\n✅ Previous owners\r\n✅ Model specifications\r\n✅ £30,000 data guarantee\r\n\r\nWhen is your MOT or tax due?\r\n\r\nAdd your cars, bikes, and vans to the garage and receive reminders for important dates such as MOT, tax, insurance, breakdown, servicing, and more!\r\n\r\nDownload Vehicle Smart® Car Check today and take advantage of all features:\r\n\r\n✅ Free DVLA MOT + tax status for all UK vehicles\r\n✅ Free DVSA MOT history (inc. Northern Ireland)\r\n✅ Provenance checks (stolen, written off, financed, and more)\r\n✅ Police PNC stolen status\r\n✅ ANPR technology (Automatic Number Plate Recognition)\r\n✅ Car insurance quotes (Powered by Confused.com)\r\n✅ Breakdown quotes (AA and RAC)\r\n✅ Road Tax bands and costs (VED)\r\n✅ Mileage analysis & insights\r\n✅ Automatic MOT and tax reminders\r\n✅ Reminders for insurance, breakdown, and servicing\r\n✅ Store and manage multiple vehicles\r\n✅ Personalise your vehicle collection with photos and nicknames\r\n✅ Store notes for tyres, fluids, bulbs, and more for all your vehicles\r\n✅ PCP / lease mileage tracker to view and predict expenses\r\n\r\nAre you a car enthusiast? Do you love collecting cars?\r\n\r\nGet detailed vehicle data and wow your mates with knowledge on any vehicle's engine & gearbox, speed & performance, fuel economy (motorway & urban), model specifics, tyre pressure, BHP, chassis, and dimensions.\r\n\r\nVehicle Smart® is the perfect companion for anyone using AutoTrader, Motorway, Carwow, or Car Guru apps and a better value alternative to HPI for vehicle history checks.\r\n\r\nVehicle Smart® Car Check - Your Garage in Your Pocket.\r\n\r\nAny questions or feedback? Contact us at: carcheck@vehiclesmart.com\r\n\r\nThe Vehicle Smart logo and the terms 'Vehicle Smart' and 'Your Garage In Your Pocket' are registered trademarks in the UK under UK00003268245, UK00003604797, UK00003604844, and UK00003333523.",
    "summary": "Check the MOT, UK road tax and full history when buying a used car, bike or van.",
    "installs": "1,000,000+",
    "score": 4.862069,
    "ratings": 47625,
    "price": 0,
    "currency": "EUR",
    "developer": "Vehicle Smart",
    "developerEmail": "carcheck@vehiclesmart.com",
    "developerWebsite": "https://www.vehiclesmart.com",
    "developerAddress": "Vehicle Smart Ltd\nInnovation Centre\nHighfield Drive\nSt. Leonards-on-Sea\nEast Sussex\nTN38 9UH",
    "privacyPolicy": "https://www.vehiclesmart.com/legal/privacy-policy.html",
    "genre": "Auto & Vehicles",
    "contentRating": "PEGI 3",
    "released": "Jul 15, 2016",
    "lastUpdatedOn": "Apr 1, 2025",
    "appId": "com.jvelimited.vehiclesmart",
    "permisions": {
        "Photos/Media/Files": [
            "modify or delete the contents of your USB storage",
            "read the contents of your USB storage"
        ],
        "Storage": [
            "modify or delete the contents of your USB storage",
            "read the contents of your USB storage"
        ],
        "Camera": [
            "take pictures and videos"
        ],
        "Wi-Fi connection information": [
            "view Wi-Fi connections"
        ],
        "Other": [
            "full network access",
            "prevent device from sleeping",
            "read Google service configuration",
            "run at startup",
            "view network connections"
        ],
        "Uncategorized": [
            "receive data from Internet"
        ]
    }
}