{
    "title": "CarInfo - RTO Vehicle Info App",
    "description": "CarInfo is an all-in-one app for all your vehicle info needs and RTO vehicle information app. You can Check Challan or Echallan, Sell car, Buy Insurance, Buy a new car, parivahan or  mparivahan sewa and many more. Manage all your vehicles effortlessly in one place with the CarInfo app.\r\n\r\n    ✔ Vehicle Owner details\r\n    ✔ Check Challans and Pay Online \r\n    ✔ Buy and Renew Car/Bike Insurance\r\n    ✔ Check Pollution Expiry date & set Reminders\r\n    ✔ Recharge fastag app \r\n    ✔ Service History Check for your vehicle\r\n    ✔ Personal Garage\r\n    ✔ Parivahan sewa\r\n    ✔ Buy & sell your vehicle\r\n    ✔ Buy new and second hand car \r\n    ✔ Buy car accessories\r\n    ✔ Number plate checker\r\n    ✔ RTO Details\r\n    ✔ Check resale value \r\n\r\n⇒ Insurance: Check & verify expiry of car insurance, bike insurance, motorcycle insurance, scooter insurance and 3rd party insurance set reminders to not miss and renew insurance with zero commission with trusted partners like Acko, Insurance dekho and more.\r\n\r\n⇒ Echallan: Streamlined traffic fine management. Check pending echallans on your car/bike and also get them resolved online using the car info app. Check for LokAdalat which aims to provide a simplified and efficient mechanism for challan resolution.\r\n\r\n⇒ FASTag Recharge - Buy FASTag, recharge FasTag issued by 10+ banks:\r\n    IDFC FasTag\r\n    SBI FasTag\r\n    IDBI FasTag\r\n\r\n⇒ Sell Car: Sell your car effortlessly online. Don't miss out on the best price! Enjoy instant payments, hassle-free paperwork at your doorstep.Explore top quotes from trusted partners like Spinny & Cars24 for the best deals.\r\n\r\n⇒ Service History: Get complete Service Records for a vehicle In One Click. Verify important details like Odometer reading, Accident History & parts replaced.\r\n\r\n⇒ Personal garage: Personalized virtual garage helps keeping track of all your cars and bikes in one easy place. \r\n\r\n⇒ Car Accessories: Buy car seat covers to mobile holders at Unbeatable prices! \r\n\r\n→ Personal Loans\r\nApply for Personal Loans on our platform\r\n\r\nEarly salary Services Private Limited [https://earlysalary.in/lending-service-provider/]\r\n\r\nExample of How Personal Loan works:\r\nLoan Amount - 150,000\r\nROI - 18%\r\nProcessing Fee - 3%C\r\nAPR - 21%\r\nAPR ranges between 15% - 40% (min - max), depends customer profile\r\nEMI - 9571\r\nRepayment ranges b/w 3 - 60 months (min - max)\r\nTotal Payable - 9571 x 18 months = 172,276\r\nTotal Interest Payable = 172,276 - 150,000 = 22,276\r\n*Note: These numbers are for representation purposes only. Final APR will depend on the customer's credit assessment.\r\n*APR (Annual Percentage Rate) is the total cost of borrowing, including interest and fees, giving a clear picture of the loan's true cost.\r\n\r\nOther Features:\r\n\r\nCarInfo is the best app to manage all your car records and app has made easier to manage all related features related to car management such as:\r\n\r\nOwner Details\r\nRenew insurance \r\nRC check \r\nService history check of the car\r\nSell car\r\nBuy second hand cars at doorstep partnered with Spinny and CarDekho \r\nNumber Plate Checker\r\nCar Accessories such as car perfume, seat covers, alloy wheels and etc.\r\nPay challan and check echallan \r\nParivahan and mparivahan \r\nRTO Vehicle information \r\n\r\nKnow your vehicle details | Get vahan information | mParivahan owner details | Parivahan/m parivahan vehicle details |  vahan registration details | Buy and Sell car and check challans. Accessing vehicle owner information is crucial for various situations such as road accidents, purchasing second-hand vehicles, and in cases of lost documents or theft. Our portal provides RTO vehicle details online, including car and bike registration details, Vahan owner information, and RTO information for any state in India, like Maharashtra, Delhi, Karnataka, Rajasthan, Gujarat, and more. \r\n\r\nDisclaimer: We are not related to any RTO authority of India. All details shown in the app about vehicle owners are publicly available on the Parivahan/mparivahanwebsite. We are only acting as an intermediary platform to make this information available",
    "summary": "CarInfo - Challan | Parivahan | FASTag | Vehicle Info | Sell Car | Buy Car",
    "installs": "50,000,000+",
    "score": 4.5,
    "ratings": 1286091,
    "price": 0,
    "currency": "EUR",
    "developer": "CarInfo - Challans| FASTag | Buy & Sell Cars",
    "developerEmail": "support@carinfo.app",
    "developerWebsite": "https://carinfo.app",
    "developerAddress": "New Delhi, India",
    "privacyPolicy": "https://carinfo.app/privacy-policy",
    "genre": "Maps & Navigation",
    "contentRating": "PEGI 3",
    "released": "Jul 13, 2016",
    "lastUpdatedOn": "Apr 28, 2025",
    "appId": "com.cuvora.carinfo",
    "permisions": {
        "Location": [
            "approximate location (network-based)",
            "precise location (GPS and network-based)"
        ],
        "Phone": [
            "read phone status and identity"
        ],
        "Photos/Media/Files": [
            "modify or delete the contents of your USB storage",
            "read the contents of your USB storage"
        ],
        "Storage": [
            "modify or delete the contents of your USB storage",
            "read the contents of your USB storage"
        ],
        "Camera": [
            "take pictures and videos"
        ],
        "Microphone": [
            "record audio"
        ],
        "Wi-Fi connection information": [
            "view Wi-Fi connections"
        ],
        "Device ID & call information": [
            "read phone status and identity"
        ],
        "Other": [
            "access Bluetooth settings",
            "connect and disconnect from Wi-Fi",
            "control vibration",
            "full network access",
            "pair with Bluetooth devices",
            "prevent device from sleeping",
            "read Google service configuration",
            "run at startup",
            "view network connections"
        ],
        "Uncategorized": [
            "receive data from Internet"
        ]
    }
}