{
    "title": "U-Biker",
    "description": "Super reliable and sophisticated activity tracking app. 🌌\r\n\r\n\r\n👨‍🔬🧬📈 Science underneath\r\n\r\n• INNOVATIVE ALGORITHMS – machine learning and robust statistics algorithms are utilized for data processing.\r\n\r\n• SOPHISTICATION – algorithms have been continuously refined over the last decade.\r\n\r\n• NUMBER CRUNCHING – more than 75 statistics computed for every activity in sub-second resolution, raw data available in CSV format.\r\n\r\n• PHYSICAL CONSISTENCY 📐 – maximum speed cannot possibly be smaller than average speed, and metrics shouldn't spike without a cause.\r\n\r\n• MATHEMATICAL CONSISTENCY – problems of decimal rounding, finite precision, or round-off errors are all handled very carefully for top-notch accuracy.\r\n\r\n\r\n🎯🏔️⏯️ Accuracy\r\n\r\n• POWER METER – accurate power and energy data, even without a dedicated sensor.\r\n\r\n• AUTO PAUSE – discard all pauses, like the classic wired cyclometer.\r\n\r\n• WIRELESS SENSORS – Bluetooth Smart and ANT+ sensors support.\r\n\r\n• BAROMETRIC ALTITUDE – barometer sensor is used for ultimate accuracy of altitude changes.\r\n\r\n• COCKPIT – shows accurate distance, duration, altitude, ascent, descent, power, climb power, energy, efficacy, heart rate, step count, cadence, gear ratio, kinetic energy, vertical speed, acceleration, pace, pressure, temperature, odometer… more than 75 statistics in total!\r\n\r\n\r\n🗺️⬆️📌 Maps and navigation\r\n\r\n• MAPS – more than 40 map types, including Mapbox, HERE, MapTiler, CycleOSM, and others.\r\n\r\n• NAVIGATION – turn-by-turn directions to your destination, visual and spoken.\r\n\r\n• OFFLINE MAPS – vector or raster, with terrain shading for vector maps.\r\n\r\n• WEATHER 🌧️ – see animated precipitation radar along the way.\r\n\r\n• STRAVA HEATMAP – view Strava heatmap with thousands of tracks from other users.\r\n\r\n\r\n⚡🔋📴 Efficiency\r\n\r\n• ENERGY-EFFICIENT – enjoy long-lasting activities with our highly optimized algorithms.\r\n\r\n• POCKET MODE – Automatically turn off the screen when put in a pocket or a bag.\r\n\r\n• OFFLINE FRIENDLY – Internet is not required.\r\n\r\n• PROFILES – quickly switch the profile eg. from Bike to Run without stopping the recording.\r\n\r\n• EASY RESUME – resume any past ride, doesn't matter if you stopped for an hour or a day.\r\n\r\n• VERSATILE – customizable looks and behavior.\r\n\r\n\r\n🛡️🔔🔦 Security & Privacy\r\n\r\n• NO ACCOUNT – recorded tracks are stored to device only.\r\n\r\n• MAXIMUM PRIVACY – you can hide the location of your home from the recorded tracks.\r\n\r\n• BICYCLE BELL – automatic ring when braking, or manually by touching or shaking the device.\r\n\r\n• MOVING SOUNDS – great for silent bikes that startle pedestrians.\r\n\r\n• BIKE LIGHT – flashing bike light, turned off automatically when put in a pocket.\r\n\r\n\r\n✅ Ideal for adventures, not just sports\r\n\r\nModern bikers often use more than one means of transport throughout a day. The application can be used to track many of your day-to-day activities, like walking and running, car driving, and even flying.",
    "summary": "Track your rides & runs",
    "installs": "1,000,000+",
    "score": 4.42,
    "ratings": 25388,
    "price": 0,
    "currency": "EUR",
    "developer": "Quantum Trajectory",
    "developerEmail": "contact@urban-bike-computer.com",
    "developerWebsite": "https://urban-bike-computer.com/",
    "developerAddress": "Vocarska ul.\nZagreb\nCroatia",
    "privacyPolicy": "https://www.urban-bike-computer.com/privacy/",
    "genre": "Health & Fitness",
    "contentRating": "PEGI 3",
    "released": "Apr 10, 2014",
    "lastUpdatedOn": "Apr 12, 2025",
    "appId": "com.sublimis.urbanbiker",
    "permisions": {
        "Location": [
            "approximate location (network-based)",
            "precise location (GPS and network-based)"
        ],
        "Camera": [
            "take pictures and videos"
        ],
        "Wi-Fi connection information": [
            "view Wi-Fi connections"
        ],
        "Other": [
            "access Bluetooth settings",
            "change your audio settings",
            "control flashlight",
            "control vibration",
            "full network access",
            "pair with Bluetooth devices",
            "prevent device from sleeping",
            "view network connections"
        ]
    }
}