{
    "title": "MyWhoosh: Indoor Cycling App",
    "description": "Official Partner | UCI Cycling Esports World Championships 2024-2026\r\n\r\nMyWhoosh is a free-to-use virtual cycling platform that provides a great experience at any skill level. You can explore an extraordinary virtual world, improve your cycling goals, and be a part of a vibrant global community from the comfort of your home.\r\n\r\nMyWhoosh has been designed with your goals in mind, whatever they may be:\r\n•\tElevating your performance as an amateur or professional cyclist.\r\n•\tRacing in global esports events.\r\n•\tHaving a fun, social, and innovative fitness experience at home.\r\n•\tExploring new and immersive worlds.\r\n\r\nWHY JOIN MYWHOOSH?\r\n\r\nREALISTIC WORLDS \r\nExplore beautiful worlds – Hudayriyat, California, Belgium, Colombia, Australia, AlUla, and Arabia – based on real-life locations from across the world. From challenging climbs to fast flats, lush jungles, and sparse deserts to dense cities and rolling countryside, MyWhoosh has it all.\r\n\r\nWORLD-CLASS WORKOUTS AND TRAINING PLANS \r\nTrain 730+ workouts and world-class plans designed by top coaches to help you crush your cycling goals and take your fitness to the next level. Whether you are a road cyclist, a triathlete, or just looking to improve your health and get fit, there's something for everyone, and you can even create your own workout.\r\n\r\nTHE HIGHEST LEVEL OF CYCLING ESPORTS IN THE WORLD\r\nTake part in cycling esports events with the biggest cash prize pool in virtual cycling history!\r\n\r\nA GLOBAL COMMUNITY OF RIDERS\r\nNever ride alone! Join a vibrant community of cyclists and fitness enthusiasts from around the world. Ride in a range of social rides and daily events targeting different time zones and make new friends while riding.\r\n\r\nPOPULAR BRAND ACCESSORIES IN THE MYWHOOSH GARAGE\r\nCustomize your avatar completely by choosing your preferred bike and cycling accessories from popular brands like Colnago, Ekoi, Ventum, Rose, and Look and many more.",
    "summary": "Virtual Cycling solution with dedicated fitness plans by world-class coaches",
    "installs": "500,000+",
    "score": 3.38,
    "ratings": 2298,
    "price": 0,
    "currency": "EUR",
    "developer": "MY WHOOSH TECHNOLOGY SERVICES L.L.C",
    "developerEmail": "info@mywhoosh.com",
    "developerWebsite": "https://mywhoosh.com/support",
    "developerAddress": "Tristar Logistic Warehouse – 01 Next to Khazna Data Center and Honeywell Masdar City Abu Dhabi, UAE",
    "privacyPolicy": "https://mywhoosh.com/privacy-policy",
    "genre": "Health & Fitness",
    "contentRating": "PEGI 3",
    "released": "Dec 22, 2020",
    "lastUpdatedOn": "Mar 24, 2025",
    "appId": "com.mywhoosh.whooshgame",
    "permisions": {
        "Location": [
            "approximate location (network-based)",
            "precise location (GPS and network-based)"
        ],
        "Phone": [
            "read phone status and identity"
        ],
        "Photos/Media/Files": [
            "modify or delete the contents of your USB storage",
            "read the contents of your USB storage"
        ],
        "Storage": [
            "modify or delete the contents of your USB storage",
            "read the contents of your USB storage"
        ],
        "Microphone": [
            "record audio"
        ],
        "Wi-Fi connection information": [
            "view Wi-Fi connections"
        ],
        "Device ID & call information": [
            "read phone status and identity"
        ],
        "Other": [
            "Google Play license check",
            "access Bluetooth settings",
            "change your audio settings",
            "control vibration",
            "full network access",
            "pair with Bluetooth devices",
            "prevent device from sleeping",
            "read Google service configuration",
            "view network connections"
        ],
        "Uncategorized": [
            "receive data from Internet"
        ]
    }
}