{
    "title": "Specialized",
    "description": "Unleash your dream ride with the Specialized app.\r\n\r\nWith ride recording, advanced performance tracking, and Turbo e-bike management, the Specialized app takes your cycling experience to the next level. Plus, premium ride data and analytics motivate you to achieve your cycling goals while a seamless partner app connection supports your active lifestyle.\r\n\r\n\r\nGET THE MOST OUT OF YOUR BIKE\r\n\r\nTurbo E-bike Management: Manage your Turbo bike settings directly in the app.\r\n• Register your bike directly in the app to activate the lifetime warranty and receive critical updates about your bike.\r\n• Fine-tune your bike’s power delivery and battery output to support your riding style.\r\n• Customize the stats and layout you see on the bike display.\r\n• Deter bike theft with Turbo System Auto-Lock.* When activated, your system automatically locks when you power off your bike. The system will automatically unlock when you’re near your bike and power it on.\r\n• Monitor battery level, charge cycles, odometer, etc.\r\n• Receive real-time error log alerts when your bike needs attention. Resolve issues with our helpful troubleshooting tips, or share system status and logs with your preferred retailer for remote diagnosis.\r\n• Get service reminders to keep your bike operating at peak performance.\r\n• Manage bike settings, including battery beeper, stealth mode*, and range extender use.*\r\n\r\n*Available on select models.\r\n\r\n\r\nENJOY THE RIDE\r\n\r\nAdvanced Ride Recording: Track activity and monitor your ride data in real-time with GPS recording. \r\n• View real-time metrics, including speed, distance, elevation gain, calories burned, and more.\r\n• Customize the ride recording dashboard to see your preferred stats.\r\n• Turbo riders can stream stats directly from their bike, including assist mode, battery level, and motor power.\r\n\r\nSmart Control (Turbo e-bikes only): Effortlessly manage your Turbo e-bike's battery use on any ride. Set your desired battery percentage remaining for the end of your ride, and the app will intelligently adjust motor assistance to ensure you reach your destination with the right amount of charge.\r\n\r\n\r\nCELEBRATE YOUR EFFORTS\r\n\r\nPremium Performance Data: Get a comprehensive summary of every ride with a detailed analysis of where you rode and what you accomplished. \r\n• Stats include speed, distance, elevation gain, calories burned, and more. \r\n• Interactive graphs allow you to analyze your ride further.\r\n• Rides recorded on a Turbo e-bike will display Turbo-specific metrics, including levels of assistance used during the ride, battery usage over time, and average motor power use. \r\n\r\nSeamless Partner App Connection: Easily sync your ride data with your preferred apps that track and support your active lifestyle.\r\n• Connect your Garmin or Wahoo account to the app and sync the rides you record with either device. Rides will be imported to your activity library, allowing you to analyze the collected data.\r\n• Sync activity to Strava for sharing with friends and getting kudos.\r\n\r\n\r\nDesigned to empower all riders, the Specialized app revolutionizes your cycling experience with innovative features and an intuitive user experience. It’s your ultimate riding partner. \r\n\r\nDownload and start riding today.",
    "summary": "Unleash your dream ride",
    "installs": "100,000+",
    "score": 4.32,
    "ratings": 5779,
    "price": 0,
    "currency": "EUR",
    "developer": "Specialized",
    "developerEmail": "ridercare@specialized.com",
    "developerWebsite": "http://specialized.com",
    "developerAddress": "15130 Concord Cir\nMorgan Hill, CA 95037",
    "privacyPolicy": "https://www.specialized.com/privacy-policy",
    "genre": "Health & Fitness",
    "contentRating": "PEGI 3",
    "released": "Jul 24, 2023",
    "lastUpdatedOn": "Apr 24, 2025",
    "appId": "com.specialized.android",
    "permisions": {
        "Location": [
            "approximate location (network-based)",
            "precise location (GPS and network-based)"
        ],
        "Other": [
            "access Bluetooth settings",
            "full network access",
            "pair with Bluetooth devices",
            "prevent device from sleeping",
            "run at startup",
            "view network connections"
        ]
    }
}