{
    "title": "Bus Connect",
    "description": "With Bus Connect, you can now easily manage your journeys in Oise, and in several other expanding departments. The super intuitive application offers you a smooth and hassle-free transport experience.\r\n\r\nReal-time schedules\r\nForget approximate times! Consult live timetables for all buses serving your region, whether in Oise or in other neighboring departments, and stay informed in real time.\r\n\r\nLive bus tracking\r\nDon't waste any more time waiting! Thanks to geolocation, follow the arrival of your bus live and adjust your trips accordingly.\r\n\r\nReal-time alerts and disruptions\r\nAlways be up to date! Receive instant notifications of disruptions, delays or other last-minute changes. Nothing escapes you!\r\n\r\nWhy choose Bus Connect?\r\n\r\nModern, easy-to-use interface\r\nReal-time schedules\r\nLive bus tracking\r\nNotifications so you never miss your transport\r\n\r\nDownload the Bus Connect app now and enjoy a seamless transport experience in Oise and several departments, with extensions to come!",
    "summary": "Your transport companion, simple and fast, in several departments!",
    "installs": "5,000+",
    "score": 4.535714,
    "ratings": 29,
    "price": 0,
    "currency": "EUR",
    "developer": "Bus Connect",
    "developerEmail": "contact@busconnect.fr",
    "developerWebsite": null,
    "developerAddress": null,
    "privacyPolicy": "https://bustohm.fr/privacy_policy.php",
    "genre": "Maps & Navigation",
    "contentRating": "PEGI 3",
    "released": "Mar 15, 2022",
    "lastUpdatedOn": "Mar 16, 2024",
    "appId": "com.tohm.tohmapp",
    "permisions": {
        "Location": [
            "approximate location (network-based)",
            "precise location (GPS and network-based)"
        ],
        "Photos/Media/Files": [
            "modify or delete the contents of your USB storage",
            "read the contents of your USB storage"
        ],
        "Storage": [
            "modify or delete the contents of your USB storage",
            "read the contents of your USB storage"
        ],
        "Wi-Fi connection information": [
            "view Wi-Fi connections"
        ],
        "Other": [
            "change network connectivity",
            "control vibration",
            "full network access",
            "prevent device from sleeping",
            "run at startup",
            "view network connections"
        ],
        "Uncategorized": [
            "receive data from Internet"
        ]
    }
}