{
    "title": "Bus Times -Live Public Transit",
    "description": "<h1><b>Over 5,000,000 downloads on all platforms!</b></h1>\r\nThis highly rated bus/tram timing app tells you when your next bus will arrive at any stop.\r\n\r\n★ Dark Mode\r\n★ My Routes - See Arrival times for all buses you take on one screen. \r\n★ Updated Wear OS support\r\n\r\n<h2><b>Features</b></h2>\r\n✓ Instant Live Arrival Data from bus stops showing when the next bus/tram will arrive\r\n✓ Finds bus stops near you using your Android phone's GPS/Location Services\r\n✓ View nearest stops on a map or list\r\n✓ Automatic Refresh of Bus Times Countdown so you'll always have the most up to date information\r\n✓ Search for bus stops by zip code or bus stop name\r\n✓ Save your favourite bus stops in your Favourites for quick access\r\n✓ See your recent visited stops\r\n✓ My Buses puts all your bus routes onto one screen. Giving you bus times at a glance.\r\n✓ Dark Mode - Less strain at night\r\n\r\nIf you like what we're doing, leave us a 5 star rating :)\r\n\r\nPlease be aware that this app requires an internet connection and location services for full functionality.\r\n\r\n* This app uses data from our data provider. Although we try our best to minimise inaccuracies, missing data & incorrect predictions may cause incomplete/inaccurate times. Please notify us if this occurs.\r\n\r\nRequired Permissions for Android 14 and Above\r\n\r\nTo ensure optimal functionality and provide the best user experience, our app requires certain permissions on Android 14 and newer devices:\r\n\r\n- Foreground data sync: This permission is necessary for the bus times home screen widget to fetch and display the most up-to-date bus arrival information.\r\n- Foreground media playback: This permission is essential for the \"Track & Remind\" feature to play audible alerts when your selected bus is about to arrive, even when the app is not in the foreground.\r\n- Background location: This permission is optional and used to monitor your trips to provide proactive disruption information and suggest alternative routes for faster travel. You can enable or disable this feature in the Rewards and Smart Alert feature in app.\r\nWe value your privacy and assure you that these permissions will only be used for the stated purposes and will not be used to track your location in the background without your explicit consent. You have the option to turn off background location via your Android settings.\r\n\r\nLive arrival information is sourced directly from Transport for London (TfL) and other public data sources. While we strive to provide the most accurate and up-to-date information, delays, disruptions, and unforeseen circumstances may occur. We are not responsible for any inaccuracies, errors, or delays in the information provided. We disclaim all liability for any losses, damages, or inconveniences resulting from the use of this app or reliance on the information provided.",
    "summary": "Check Live Bus Times & Find Bus Stops near you",
    "installs": "1,000,000+",
    "score": 4.490196,
    "ratings": 55752,
    "price": 0,
    "currency": "EUR",
    "developer": "Mobicia Limited",
    "developerEmail": "support@londonbusapp.com",
    "developerWebsite": "https://londonbusapp.com",
    "developerAddress": null,
    "privacyPolicy": "https://londonbusapp.com/privacy/",
    "genre": "Maps & Navigation",
    "contentRating": "PEGI 3",
    "released": "Aug 3, 2012",
    "lastUpdatedOn": "May 2, 2025",
    "appId": "com.mobispector.bustimes",
    "permisions": {
        "Location": [
            "approximate location (network-based)",
            "precise location (GPS and network-based)"
        ],
        "Photos/Media/Files": [
            "read the contents of your USB storage"
        ],
        "Storage": [
            "read the contents of your USB storage"
        ],
        "Camera": [
            "take pictures and videos"
        ],
        "Wi-Fi connection information": [
            "view Wi-Fi connections"
        ],
        "Other": [
            "Google Play license check",
            "control vibration",
            "draw over other apps",
            "full network access",
            "pair with Bluetooth devices",
            "prevent device from sleeping",
            "read Google service configuration",
            "run at startup",
            "view network connections"
        ],
        "Uncategorized": [
            "receive data from Internet"
        ]
    }
}