{
    "title": "AUTOsist Fleet Maintenance App",
    "description": "AUTOsist provides simple and affordable solutions for fleet managers including our fleet maintenance and management app. Our software is rated the best fleet maintenance software and mobile fleet management app by Forbes and users. \r\n\r\nAUTOsist’s mobile fleet management app makes it easy to keep track of critical fleet operations from your mobile device, while drivers can update digital vehicle inspection forms and maintenance staff can communicate work order status updates. \r\n\r\nIdeal for fleets of any size with assets like vehicles, trucks, trailers and equipment, our tools provide a means to manage every aspect of your fleet from our online web portal or wherever you go using our intuitive mobile fleet management app. \r\n\r\nAUTOsist gives you an easy way to log and record maintenance, gas/fuel economy (monitor MPG), reminders, inspections and more. Track your fleet’s GPS location and mitigate risks with two-way facing safety dash cameras. \r\n\r\nFleet Maintenance and Management Plans For All:\r\nChoose from one of our special plans and take advantage of our exclusive fleet offers to increase efficiency, reduce downtime, and costs.\r\n\r\nWhy use AUTOsist?\r\n\r\n- Preventative maintenance schedules and service history logs\r\n- Manage your entire fleet maintenance workflow\r\n- Electronic pre-trip vehicle and equipment inspection forms \r\n- Automated work orders with status updates\r\n- GPS location tracking and geofencing\r\n- Real-time odometer readings to trigger maintenance work orders\r\n- Parts inventory management\r\n- Fuel card integrations with fuel purchase history for each vehicle\r\n- GPS and telematics with location tracking and real-time odometer readings\r\n- Custom fleet reports for expenses and maintenance\r\n- Integrated safety dash camera\r\n\r\nFLEET MANAGEMENT\r\n- Manage critical fleet operations in one easy-to-use dashboard \r\n- Set reminders for anything you find important (Set by date and/or mileage)\r\n- Desktop Web Portal that syncs with the app\r\n- Export fleet management reports via PDF or Excel\r\n- Manage user access and permissions and assign vehicles to drivers\r\n\r\nFLEET MAINTENANCE\r\n- Set preventative maintenance schedules for each asset with due soon maintenance reminders\r\n- Automatically generate service work orders for maintenance staff to complete\r\n- Receive status updates from maintenance staff and track the time it takes to complete service\r\n- Manage parts inventory across locations and include details in work orders\r\n- Transfer service and vehicle records to anyone with just one click\r\n\r\nELECTRONIC INSPECTIONS\r\n- Fleet Inspections to stay DOT compliant\r\n- Create custom inspection checklists for vehicles, trailers and equipment\r\n- Get notified when something is marked not in proper working order\r\n- eDVIRs and pre-trip inspections \r\n- Trigger work orders for maintenance staff based on inspection failures\r\n\r\nGPS TRACKING & TELEMATICS\r\n- Track real-time GPS locations of your vehicles and equipment\r\n- Geofencing and mapping to ensure fleets are within their route\r\n- Use updated odometer syncs to schedule maintenance work orders\r\n- In-cab alerts for unsafe driving, speeding, and harsh braking\r\n- Safe driver leaderboards\r\n\r\nSAFETY DASH CAMERAS\r\n- Two-way facing safety dash cameras by Azuga integrated into AUTOsist\r\n- Monitor driver behavior and road conditions with live feeds\r\n- Protect your fleet and Company from expensive accident faults\r\n\r\nFUEL CARDS & INTEGRATIONS\r\n- Fuel Tracker / Gas log for each vehicle or asset \r\n- Monitor MPG, fuel expenses and more for each vehicle\r\n- Attach receipt photos to all fuel purchases\r\n- Prevent fuel theft and always know when a fuel transaction occurs\r\n\r\nAUTOsist is great for all types of vehicles, trailers, equipment, or other assets. Designed with fleet managers in mind, AUTOsist can also be for personal use. \r\n\r\nStart a 14-day free trial of our fleet management software and mobile apps and make your life managing a fleet a whole lot easier. \r\n\r\nLearn More: https://autosist.com/",
    "summary": "Fleet Maintenance Management App & Software - Maintenance, Fuel, GPS & More",
    "installs": "50,000+",
    "score": 0,
    "ratings": 0,
    "price": 0,
    "currency": "EUR",
    "developer": "AUTOsist",
    "developerEmail": "info@autosist.com",
    "developerWebsite": "http://www.AUTOsist.com",
    "developerAddress": "USA",
    "privacyPolicy": "https://autosist.com/privacy-policy/",
    "genre": "Tools",
    "contentRating": "PEGI 3",
    "released": "Nov 18, 2014",
    "lastUpdatedOn": "May 1, 2025",
    "appId": "com.AutoSist.Screens",
    "permisions": {
        "Phone": [
            "read phone status and identity"
        ],
        "Photos/Media/Files": [
            "modify or delete the contents of your USB storage",
            "read the contents of your USB storage"
        ],
        "Storage": [
            "modify or delete the contents of your USB storage",
            "read the contents of your USB storage"
        ],
        "Camera": [
            "take pictures and videos"
        ],
        "Device ID & call information": [
            "read phone status and identity"
        ],
        "Other": [
            "control vibration",
            "create accounts and set passwords",
            "full network access",
            "prevent device from sleeping",
            "read sync settings",
            "read terms you added to the dictionary",
            "toggle sync on and off",
            "view network connections"
        ],
        "Uncategorized": [
            "receive data from Internet"
        ]
    }
}