{
    "title": "TCL E-Ticket",
    "description": "No more tickets in your pockets, with TCL E-Ticket application, you can buy and validate your tickets directly from your smartphone.\r\n\r\n* Works only on the mobile device with an NFC chip except Nexus 5 and 6, Pixel 2, 3 and 3XL, 4 and 4XL and the Asus Z00AD",
    "summary": "Buy TCL tickets in your smartphone!",
    "installs": "100,000+",
    "score": 3.385852,
    "ratings": 3304,
    "price": 0,
    "currency": "EUR",
    "developer": "TCL SYTRAL",
    "developerEmail": "tcl@tcl.fr",
    "developerWebsite": "https://www.tcl.fr",
    "developerAddress": null,
    "privacyPolicy": "https://www.tcl.fr/politique-confidentialite",
    "genre": "Travel & Local",
    "contentRating": "PEGI 3",
    "released": "Nov 19, 2019",
    "lastUpdatedOn": "Jul 5, 2024",
    "appId": "com.tcl.eticket",
    "permisions": {
        "Location": [
            "approximate location (network-based)",
            "precise location (GPS and network-based)"
        ],
        "Photos/Media/Files": [
            "modify or delete the contents of your USB storage",
            "read the contents of your USB storage"
        ],
        "Storage": [
            "modify or delete the contents of your USB storage",
            "read the contents of your USB storage"
        ],
        "Camera": [
            "take pictures and videos"
        ],
        "Wi-Fi connection information": [
            "view Wi-Fi connections"
        ],
        "Other": [
            "control Near Field Communication",
            "control vibration",
            "full network access",
            "install shortcuts",
            "prevent device from sleeping",
            "run at startup",
            "set an alarm",
            "view network connections"
        ],
        "Uncategorized": [
            "bind to NFC service"
        ]
    }
}