{
    "title": "Google Translate",
    "description": "• Text translation: Translate between 108 languages by typing\r\n• Tap to Translate: Copy text in any app and tap the Google Translate icon to translate (all languages)\r\n• Offline: Translate with no internet connection (59 languages)\r\n• Instant camera translation: Translate text in images instantly by just pointing your camera (94 languages)\r\n• Photos: Take or import photos for higher quality translations (90 languages)\r\n• Conversations: Translate bilingual conversations on the fly (70 languages)\r\n• Handwriting: Draw text characters instead of typing (96 languages)\r\n• Phrasebook: Star and save translated words and phrases for future reference (all languages)\r\n• Cross-device syncing: Login to sync phrasebook between app and desktop\r\n• Transcribe: Continuously translate someone speaking a different language in near real-time (8 languages)\r\n\r\nTranslations between the following languages are supported:\r\nAfrikaans, Albanian, Amharic, Arabic, Armenian, Assamese, Aymara, Azerbaijani, Bambara, Basque, Belarusian, Bengali, Bhojpuri, Bosnian, Bulgarian, Catalan, Cebuano, Chichewa, Chinese (Simplified), Chinese (Traditional), Corsican, Croatian, Czech, Danish, Dhivehi, Dogri, Dutch, English, Esperanto, Estonian, Ewe, Filipino, Finnish, French, Frisian, Galician, Georgian, German, Greek, Guarani, Gujarati, Haitian Creole, Hausa, Hawaiian, Hebrew, Hindi, Hmong, Hungarian, Icelandic, Igbo, Ilocano, Indonesian, Irish, Italian, Japanese, Javanese, Kannada, Kazakh, Khmer, Kinyarwanda, Konkani, Korean, Krio, Kurdish (Kurmanji), Kurdish (Sorani), Kyrgyz, Lao, Latin, Latvian, Lingala, Lithuanian, Luganda, Luxembourgish, Macedonian, Maithili, Malagasy, Malay, Malayalam, Maltese, Maori, Marathi, Meiteilon (Manipuri), Mizo, Mongolian, Myanmar (Burmese), Nepali, Norwegian, Odia (Oriya), Oromo, Pashto, Persian, Polish, Portuguese, Punjabi, Quechua, Romanian, Russian, Samoan, Sanskrit, Scots Gaelic, Sepedi, Serbian, Sesotho, Shona, Sindhi, Sinhala, Slovak, Slovenian, Somali, Spanish, Sundanese, Swahili, Swedish, Tajik, Tamil, Tatar, Telugu, Thai, Tigrinya, Tsonga, Turkish, Turkmen, Twi, Ukrainian, Urdu, Uyghur, Uzbek, Vietnamese, Welsh, Xhosa, Yiddish, Yoruba, Zulu\r\n\r\nPermissions Notice\r\nGoogle Translate may ask for the following optional permissions*:\r\n• Microphone for speech translation\r\n• Camera for translating text via the camera\r\n• External storage for downloading offline translation data\r\n• Contacts for setup and management of your account\r\n\r\n*Note: The app may be used even if optional permissions are not granted.",
    "summary": "The world is closer than ever with over 100 languages",
    "installs": "1,000,000,000+",
    "score": 4.284859,
    "ratings": 9036982,
    "price": 0,
    "currency": "EUR",
    "developer": "Google LLC",
    "developerEmail": "translate-mobile-support@google.com",
    "developerWebsite": "http://support.google.com/translate",
    "developerAddress": "1600 Amphitheatre Parkway, Mountain View 94043",
    "privacyPolicy": "http://www.google.com/policies/privacy/",
    "genre": "Tools",
    "contentRating": "PEGI 3",
    "released": null,
    "lastUpdatedOn": "May 1, 2025",
    "appId": "com.google.android.apps.translate",
    "permisions": {
        "Identity": [
            "add or remove accounts",
            "find accounts on the device"
        ],
        "Contacts": [
            "find accounts on the device"
        ],
        "SMS": [
            "read your text messages (SMS or MMS)"
        ],
        "Photos/Media/Files": [
            "modify or delete the contents of your USB storage",
            "read the contents of your USB storage"
        ],
        "Storage": [
            "modify or delete the contents of your USB storage",
            "read the contents of your USB storage"
        ],
        "Camera": [
            "take pictures and videos"
        ],
        "Microphone": [
            "record audio"
        ],
        "Wi-Fi connection information": [
            "view Wi-Fi connections"
        ],
        "Other": [
            "access Bluetooth settings",
            "change your audio settings",
            "control Near Field Communication",
            "draw over other apps",
            "full network access",
            "measure app storage space",
            "pair with Bluetooth devices",
            "read Google service configuration",
            "run at startup",
            "use accounts on the device",
            "view network connections"
        ]
    }
}