{
    "title": "M-Ticket - Trans'Agglo",
    "description": "1. Buy your tickets directly from your smartphone, wherever and whenever you want.\r\n2. Get on board and validate your M-Ticket with ease: just scan the QR-code displayed on your bus or enter the 5-digit code shown*.\r\n3. Easy, practical and ecological: you are now ready to travel worry-free on your various transport networks with the M-Ticket!\r\n\r\n\r\n\r\n* To validate your title on board, remember to connect to the internet.",
    "summary": "Your Trans'Agglo network tickets in your smartphone!",
    "installs": "1,000+",
    "score": 2.2,
    "ratings": 6,
    "price": 0,
    "currency": "EUR",
    "developer": "Matawan",
    "developerEmail": "support@ubitransport.com",
    "developerWebsite": null,
    "developerAddress": null,
    "privacyPolicy": "https://www.ubitransport.com/mentions-legales/",
    "genre": "Maps & Navigation",
    "contentRating": "PEGI 3",
    "released": "Dec 19, 2022",
    "lastUpdatedOn": "Oct 2, 2024",
    "appId": "com.ubitransport.mticket.transagglo",
    "permisions": {
        "Location": [
            "approximate location (network-based)",
            "precise location (GPS and network-based)"
        ],
        "Photos/Media/Files": [
            "modify or delete the contents of your USB storage",
            "read the contents of your USB storage"
        ],
        "Storage": [
            "modify or delete the contents of your USB storage",
            "read the contents of your USB storage"
        ],
        "Camera": [
            "take pictures and videos"
        ],
        "Wi-Fi connection information": [
            "view Wi-Fi connections"
        ],
        "Other": [
            "control vibration",
            "full network access",
            "prevent device from sleeping",
            "read Google service configuration",
            "run at startup",
            "view network connections"
        ],
        "Uncategorized": [
            "receive data from Internet"
        ]
    }
}