{
    "title": "Goibibo: Hotel, Flight & Train",
    "description": "Feeling stuck on how to plan your winter getaway? Don’t stress—we’ve got you covered! Pack your bags, relax, and let Goibibo, India’s second-largest travel app, handle all the details for your perfect trip. Whether it’s flights, hotels, trains, buses, or even cabs, our all-in-one travel app ensures every part of your journey is seamless. Explore an array of travel plans and packages designed to satisfy your wanderlust. With Goibibo, you can dream, plan, and book in a single tap—bringing your next adventure closer than ever!\r\n\r\n<b>Exciting Offers For Our New Users On Goibibo:</b>\r\n\r\nUse Code: WELCOME\r\n\r\nFlat 25% off on hotel bookings \r\nFlight booking at flat 12% off \r\nZERO service fees on train tickets \r\nFlat 10% off on bus bookings \r\n10% off on Cab bookings\r\n\r\n<b>Find Hotels that Feel Like Home</b>\r\n\r\nSign up to enjoy a flat 25% off on your first hotel booking with Goibibo.\r\nGet up to 50% off on hotels and homestays with India’s top hotel booking app.\r\nIndulge in luxury at Oberoi Hotels & Resorts with savings up to 30%.\r\nDiscover 1,000+ unique offers on corporate stays, domestic, international, and resort bookings.\r\nSearch hotels by name or filter by amenities, price, ratings, location, and more.\r\nGet amazing deals on couple-friendly rooms, family hotels, and domestic stays.\r\nBook at the lowest international hotel prices.\r\nRead verified user reviews before booking.\r\nPlan a pilgrimage with up to 50% on our hotel booking service.\r\n\r\n<b>Book Flights with Ease and Savings</b>\r\nSign up & get cheap flights at a flat 12% off\r\nAmazing domestic flight offers. Book domestic flights for two passengers & grab amazing discounts. Use Code: GODOUBLE \r\nOn the flight booking app, get daily steal deals from leading banks on domestic and international flights.\r\nCheck flight ticket prices of Indigo, Spice Jet, Air Asia etc., on domestic travel and British Airways, Lufthansa, Jet Airways, Emirates, Etihad, etc., on international travel\r\nGet up to Rs 5000 for flight with.    \r\nGrab the best airfare on your flight booking. Lock flight ticket prices & book later. \r\n\r\n<b>All Aboard for Savings: Affordable Train Booking Awaits!</b>\r\nSign up to book your first train ticket & avail of ZERO service fees\r\nBook IRCTC train tickets online & get PNR confirmation instantly\r\nGet a confirmed train ticket or 2X refund. A deal like never before!\r\nEasy cancellations & refunds on all ticket bookings\r\nUse the ‘Where is my train’ service to check the live train status on the Goibibo Train app\r\nBook tatkal tickets hassle-free\r\nGet updates on your WhatsApp or through SMS for your IRCTC Train booking\r\n\r\n<b>Hop Onboard Fast: Book Bus Tickets Effortlessly with Goibibo!</b>\r\nSign up now & get a flat 10% off\r\nFind cheap AC/Non-AC bus tickets for all routes.\r\nBook your bus online with state bus services, including UPSRTC, HRTC, APSRTC, GSRTC, PRTC etc.\r\n\r\n<b>Discover Nearby Gems with Goibibo’s Taxi & Cab Booking App</b>\r\nSign up & get up to 10% discount on your first cab booking with the Goibibo Travel app.\r\nBook self-drive cars, outstation cabs, airport cabs, or city cabs and get a comfortable experience.\r\nGet a complete refund if the cab doesn’t arrive.\r\n\r\n<b>Travel Without Worry with Multiple Payment Options</b>\r\nGet zero-cost EMI deals on the Goibibo travel app\r\nExplore destinations with easy travel loans by Trip Money at absolutely low interest rates.\r\n\r\nPlan Your Next Adventure with Goibibo\r\nReady to embark on your next journey? Goibibo offers everything you need for a smooth travel experience—from flights to hotels, buses to trains, and cabs. With its commitment to quality, ease of use, and savings, Goibibo has established itself as a favorite travel companion for millions.\r\n\r\nDownload the Goibibo app today and start planning your next big adventure!",
    "summary": "Travel Booking App: Book Hotel, Cheap Flight, Bus, Cab & IRCTC Train @ Goibibo",
    "installs": "50,000,000+",
    "score": 4.108911,
    "ratings": 1633257,
    "price": 0,
    "currency": "EUR",
    "developer": "Goibibo — Hotel, Flight, IRCTC Authorised Partner",
    "developerEmail": "appsupport@goibibo.com",
    "developerWebsite": "http://www.goibibo.com",
    "developerAddress": null,
    "privacyPolicy": "https://www.goibibo.com/info/privacy",
    "genre": "Travel & Local",
    "contentRating": "PEGI 3",
    "released": "Sep 13, 2015",
    "lastUpdatedOn": "Apr 11, 2025",
    "appId": "com.goibibo",
    "permisions": {
        "Device & app history": [
            "retrieve running apps"
        ],
        "Identity": [
            "add or remove accounts"
        ],
        "Contacts": [
            "modify your contacts",
            "read your contacts"
        ],
        "Location": [
            "approximate location (network-based)",
            "precise location (GPS and network-based)"
        ],
        "SMS": [
            "read your text messages (SMS or MMS)",
            "receive text messages (SMS)",
            "send SMS messages"
        ],
        "Phone": [
            "directly call phone numbers",
            "read phone status and identity"
        ],
        "Camera": [
            "take pictures and videos"
        ],
        "Microphone": [
            "record audio"
        ],
        "Wi-Fi connection information": [
            "view Wi-Fi connections"
        ],
        "Device ID & call information": [
            "read phone status and identity"
        ],
        "Other": [
            "Google Play license check",
            "change network connectivity",
            "change your audio settings",
            "control vibration",
            "create accounts and set passwords",
            "full network access",
            "install shortcuts",
            "prevent device from sleeping",
            "read Google service configuration",
            "reorder running apps",
            "run at startup",
            "toggle sync on and off",
            "view network connections"
        ],
        "Uncategorized": [
            "download files without notification",
            "read sync statistics",
            "receive data from Internet"
        ]
    }
}