{
    "title": "SIXT rent. share. ride. plus.",
    "description": "Sixt offers car rentals in over 100 countries, carsharing just around the corner, flexible car subscription service and ridehailing worldwide.    \r\n\r\n<b><font color=\"#ff5f00\">DIGITAL CAR RENTAL</font></b> \r\n\r\nSkip the counter! Open your car directly with our App and enjoy the ride.   \r\n\r\n<b><font color=\"#ff5f00\">FLEXIBLE CAR SUBSCRIPTION</font></b> \r\n\r\nCarefree driving at a fixed monthly price.  \r\n\r\n<b><font color=\"#ff5f00\">CARSHARING WITH NO LIMITS</font></b> \r\n\r\nNo limits for cars, duration and drop-off points - also at any SIXT station.  \r\n\r\n<b><font color=\"#ff5f00\">WORLDWIDE RIDEHAILING</font></b> \r\n\r\nConvenient ride hailing, taxi and limousine services wherever you need them. \r\n\r\n<b><font color=\"#ff5f00\">SIXT CHARGE</font></b> \r\n\r\nCharging made easy. \r\n\r\n<b><font color=\"#ff5f00\">SIXT rent - Car rental:</font></b> \r\n\r\nWith the SIXT App, you can book a rental car in just a few seconds! Get access to all our car rental offers, find information about the nearest stations and how to get to them, select and reserve your desired car, and stay signed into your SIXT account to manage all reservations even faster. \r\n\r\n• Are you planning a trip with friends and need to rent a car with a lot of cargo space and more than five seats? Find the perfect car with the SIXT App. Use our filters to select a vehicle that suits your needs. \r\n\r\n• Filter by car type (minivan, coupe, automatic, truck), equipment, number of seats, and driver age \r\n\r\n• Sort by price or popularity \r\n\r\n• Manage multiple profiles with just one login \r\n\r\n• Book with your SIXT Express and SIXT Corporate rates and preconditions \r\n\r\n• Find information about each of our more than 2,000 stations \r\n\r\n• Customize every reservation with the extras and protections that let you feel safe  \r\n\r\n• Easily navigate to the station using the App or our detailed written directions \r\n\r\n• Details about every car category help you decide which one is right for you \r\n\r\n• View the details of your upcoming reservation or your current rental \r\n\r\n• See an overview of your reservation history \r\n\r\n• Manage and update your account data all in one place \r\n\r\n<b>Top car rental locations in USA</b> \r\n\r\nCar rental Atlanta, car rental California, car rental Dallas, car rental Denver, car rental Florida, car rental Fort Lauderdale, car rental Fort Myers, car rental Las Vegas, car rental Los Angeles, car rental Miami, car rental Minneapolis, car rental Orlando, car rental Philadelphia, car rental Phoenix, car rental San Diego, car rental San Francisco, car rental Seattle, car rental Tampa, car rental West Palm Beach. \r\n\r\n<a href=\"https://www.google.com/url?q=https%3A%2F%2Fwww.sixt.com%2Fcar-rental%2Fusa&sa=D&sntz=1&usg=AOvVaw0HDtnAMTnZcY1RcKFCfLu9\">All US Locations </a> \r\n\r\n<b><font color=\"#ff5f00\">SIXT + - car subscription:</font></b> \r\n\r\nThe flexible car subscription service. All-round carefree package at a fixed monthly price. \r\n\r\n• Maximum flexibility \r\n• Fully customizable \r\n\r\n<b><font color=\"#ff5f00\">SIXT share - Car sharing (Germany & Netherlands):</font></b> \r\n\r\n• Always the right vehicle thanks to our large SIXT fleet  \r\n• Flexible rental from one minute up to 27 days  \r\n\r\n<b><font color=\"#ff5f00\">SIXT ride - Ride, taxi, cabs and chauffeur services:</font></b> \r\n\r\nChoose SIXT ride to book a car with your very own driver. Hop in, sit back, relax, and enjoy the ride with one of our professional drivers.  \r\n\r\n• Book your ride on demand or in advance in only a few minutes.\r\n\r\n• Pay easily and securely with your credit card for taxi on demand rides – no need for cash. \r\n\r\n• Choose between our range of car classes from economy to first class. \r\n\r\n• Arriving by plane? Your driver will track your flight for delays to make sure they greet you in the arrival's hall for your actual landing time to help you with your luggage. \r\n\r\n• You can make use of our service to get to and from conferences and trade shows.  \r\n\r\n\r\n<b>Contact</b> \r\n\r\n<a href=\"https://www.google.com/url?q=https%3A%2F%2Fwww.sixt.com%2Fapp%2F&sa=D&sntz=1&usg=AOvVaw39eqKD9ptWk3cNMbGG0rcb\"><b><font color=\"#ff5f00\"> https://www.sixt.com/app/</font></b></a> \r\n\r\n<b><font color=\"#ff5f00\">Phone:</font></b> +1 888 SIXT CAR (749 8227) \r\n\r\n<b><font color=\"#ff5f00\">E-Mail:</font></b> reservations-usa@sixt.com",
    "summary": "Car rental, car sharing, taxi & car subscription. All mobility offers in one app",
    "installs": "5,000,000+",
    "score": 4.765572,
    "ratings": 91200,
    "price": 0,
    "currency": "EUR",
    "developer": "Sixt",
    "developerEmail": "reservations@sixt.com",
    "developerWebsite": "https://www.sixt.com/app/",
    "developerAddress": "Sixt SE\nZugspitzstr. 1\n82049 Pullach i. Isartal",
    "privacyPolicy": "https://www.sixt.de/informationen/datenschutzhinweise/",
    "genre": "Travel & Local",
    "contentRating": "PEGI 3",
    "released": "Sep 10, 2010",
    "lastUpdatedOn": "May 5, 2025",
    "appId": "com.sixt.reservation",
    "permisions": {
        "Location": [
            "approximate location (network-based)",
            "precise location (GPS and network-based)"
        ],
        "Camera": [
            "take pictures and videos"
        ],
        "Microphone": [
            "record audio"
        ],
        "Wi-Fi connection information": [
            "view Wi-Fi connections"
        ],
        "Other": [
            "access Bluetooth settings",
            "control Near Field Communication",
            "control flashlight",
            "control vibration",
            "draw over other apps",
            "expand/collapse status bar",
            "full network access",
            "pair with Bluetooth devices",
            "prevent device from sleeping",
            "run at startup",
            "view network connections"
        ],
        "Uncategorized": [
            "receive data from Internet"
        ]
    }
}