{
    "title": "GPS, Maps, Driving Directions",
    "description": "Discover the ultimate <b>Navigation app</b> for all your travel needs! Whether you're driving, walking, or cycling, our app offers <b>accurate navigation, real-time traffic data</b>, and <b>turn-by-turn directions</b> to help you reach your destination quickly and efficiently.\r\n\r\n<b>Key Features:\r\nMaps & GPS Navigation: </b>Access highly detailed maps and utilize precise <b>GPS Navigation</b> for seamless travel experiences, both on and off-road.\r\n\r\n<b>Offline Maps:</b> Download <b>offline maps</b> for uninterrupted navigation even when you're without a data connection. Enjoy <b>offline directions</b> with our powerful <b>GPS route finder</b> feature.\r\n\r\n<b>Real-Time Traffic Updates:</b> Stay ahead of the curve with real-time traffic data, enabling you to avoid congestion and find the <b>fastest route</b>. Get instant updates on road conditions, traffic jams, accidents, and weather alerts.\r\n\r\n<b>Driving Directions:</b> Whether you need <b>voice navigation</b> or <b>turn-by-turn navigation,</b> our app delivers accurate and intuitive driving directions for a hassle-free journey.\r\n\r\n<b>Route Planner:</b> Plan your trip with our <b>easy-to-use route planner</b>, ensuring you take the most efficient and <b>scenic route </b>available.\r\n\r\n<b>Location Sharing:</b> Share your current location with friends and family for better coordination, whether you're meeting up or keeping them updated on your travel progress.\r\n\r\n<b>Compass & GPS Route Finder:</b> Built-in <b>Compass</b> and GPS route finder tools help you stay on track, no matter where your adventure takes you.\r\n\r\n<b>Voice Navigation & Voice Directions:</b> Our <b>advanced voice guidance</b> system ensures you never miss a turn. Choose <b>voice navigation</b> for hands-free assistance during your drive or <b>voice directions</b> to guide you through every twist and turn.\r\n\r\n<b>Offline Navigation:</b> Perfect for long trips in areas with spotty internet coverage, our offline navigation ensures you always have access to reliable directions.\r\n\r\n<b>Turn-by-Turn Navigation:</b> App uses foreground service to provide continuous and reliable navigation , providing turn-by-turn directions, real-time traffic updates, and offline maps. \r\nUninterrupted Navigation: Our app uses a foreground service to ensure continuous and accurate navigation guidance, even when the app is in the background. This allows you to receive turn-by-turn directions, real-time location updates without interruption.\r\n\r\n<b>Weather Alerts:</b> Stay informed about current and forecasted weather conditions that may affect your travel route.\r\n\r\nWith an intuitive interface and powerful features, this app provides a one-stop solution for all your navigation needs. From <b>location sharing</b> to <b>voice guidance, route planning</b>, and <b>offline maps,</b> every tool is designed to give you a seamless and stress-free travel experience.\r\n\r\n<b>Why Choose Us?\r\nAccurate Navigation:</b> Rely on precise and real-time GPS data for fast, reliable routes.\r\n\r\n<b>Comprehensive Directions:</b> Whether you need driving directions, walking paths, or the best cycling routes, our app has you covered.\r\n\r\n<b>Customizable Routes:</b> Customize your routes with our route planner to match your travel preferences, be it the fastest way, scenic paths, or avoiding tolls.\r\n\r\n<b>Offline Navigation:</b> Experience the freedom of <b>offline directions</b>, even in the most remote locations.\r\n\r\nPerfect for daily commuting, road trips, or exploring new places, our app ensures you never lose your way. <b>Download now</b> to enjoy stress-free navigation, accurate <b>GPS directions,</b> and seamless <b>location sharing.</b> \r\n\r\nWe know the importance of your location data. Our app only accesses location information when providing navigation guidance. You'll always be notified when the foreground service is running.\r\n\r\nFollow Us On: \r\nhttps://twitter.com/AppstudiosGps\r\nhttps://www.facebook.com/gps.appstudios/\r\nhttps://in.pinterest.com/gpsappstudios/\r\nhttps://www.instagram.com/gpsmaps.appstudios/",
    "summary": "Navigate seamlessly with Real-Time Traffic, Offline Maps, and Voice Navigation.",
    "installs": "50,000,000+",
    "score": 3.642857,
    "ratings": 106363,
    "price": 0,
    "currency": "EUR",
    "developer": "AppVerge Technologies, LLC",
    "developerEmail": "interactiveappstudios@gmail.com",
    "developerWebsite": "https://appvergetech.com/",
    "developerAddress": "St. Johns, FL USA",
    "privacyPolicy": "https://appstarstudios.blogspot.com/2017/09/privacy-policy.html",
    "genre": "Maps & Navigation",
    "contentRating": "PEGI 3",
    "released": "Nov 6, 2018",
    "lastUpdatedOn": "Apr 29, 2025",
    "appId": "com.maps.voice.navigation.traffic.gps.location.route.driving.directions",
    "permisions": {
        "Contacts": [
            "modify your contacts",
            "read your contacts"
        ],
        "Location": [
            "precise location (GPS and network-based)"
        ],
        "Phone": [
            "directly call phone numbers",
            "read phone status and identity"
        ],
        "Camera": [
            "take pictures and videos"
        ],
        "Microphone": [
            "record audio"
        ],
        "Wi-Fi connection information": [
            "view Wi-Fi connections"
        ],
        "Device ID & call information": [
            "read phone status and identity"
        ],
        "Other": [
            "change network connectivity",
            "change your audio settings",
            "connect and disconnect from Wi-Fi",
            "draw over other apps",
            "full network access",
            "prevent device from sleeping",
            "read Google service configuration",
            "read battery statistics",
            "run at startup",
            "view network connections"
        ],
        "Uncategorized": [
            "receive data from Internet"
        ]
    }
}