{
    "title": "Rentalcars.com Car Rental App",
    "description": "The triple <b>award-winning</b> Rentalcars.com app makes renting a car faster and easier than ever before.\r\nWith Rentalcars.com you can compare deals from 900 car rental companies in over 53,000 rental locations across 160 countries.\r\n\r\n<b>Search, Compare & Save</b>\r\n• We’ll search all our rental car partners and bring you the best deals \r\n• We’ll show you all the cars available, and the details that really matter so you can make the choice that’s right for you\r\n• Filter results easily to find exactly what you want as quickly as possible\r\n• We don’t charge booking fees, credit card fees or cancellation fees\r\n• Uncertain plans? No problem – make changes to your booking with no admin fees\r\n\r\nRentalcars.com connects you to the biggest car rental companies in the world, including Hertz, Avis, Enterprise rent-a-car, Europcar, Alamo, Budget, Dollar, Thrifty and over 890 more, making sure you never miss out on the best deal for you.\r\n\r\n<b>Pick up your car with your phone</b>\r\nWith the app, there’s no need to print your rental car voucher to collect your car, it’ll be ready for you in your app.\r\n\r\nOur other great app features include:\r\n• Manage your booking: if your plans change, update your rental car details from the app with no admin fees\r\n• Remember me: details of every driver, every booking and every credit card are stored securely, making it much quicker next time you rent a car\r\n• Reserve your extras: you can easily request additional drivers, child seats, GPS or anything else, and we’ll let you know how much these will cost when you get there\r\n• Pick-up location: we’ll give you the exact location of your car hire counter, making collecting you hire car quick and easy \r\n• Parking Buddy: remembers where your car is, just tap it to see where your car is and get directions\r\n\r\nOur app is the perfect companion for any road trip, and it’s not just us that thinks so. We’re proud to have been voted the World’s Leading Car Rental Company app in 2015, 2016 and 2017.\r\n\r\nWith over 53,000 locations to choose from, you can be sure that you’ll find car hire where you want it, whether you’re looking for airport car rental or city car rental. Our most popular destinations include London, Dublin, Alicante, Edinburgh, Brisbane, Melbourne, Cape Town, Dubai and Sydney, but thousands more locations are available worldwide from the UK to the USA, Spain to South Africa and Iceland to Italy.\r\n\r\n<b>FAQs</b>\r\n<b>Why should I book with rentalcars.com?</b>\r\nRentalcars.com enables you to compare car rentals from over 900 car rental providers, across more than 53,000 different locations, giving you the most comprehensive list of car rental deals out there. Use our results filters to find the best deal for you.\r\n\r\n<b>How do I find the cheapest car rental deals?</b>\r\nBy comparing deals from over 900 car rental companies, Rentalcars.com takes the hassle out of finding the cheapest price. We work with all the major international car rental brands, to bring you a huge choice of cars at our cheapest possible prices. \r\n\r\n<b>Who will I be renting my car from?</b>\r\nRentalcars.com work with all the major international car hire brands, including Enterprise rent-a-car, Hertz, Avis, Alamo, Budget, Dollar and Thrifty. We provide independent reviews on all our partners, allowing you to pick the company that’s right for you.\r\n\r\n<b>Where can I pick up my car?</b>\r\nAt Rentalcars.com, we work with a trusted network of rental car companies to provide you with as much flexibility as possible. We offer cars at 53,000 locations to ensure that you can collect a car at the location most convenient to you. This includes airport car rental and city car rental.",
    "summary": "The award-winning car rental app — rent a car faster than ever before",
    "installs": "5,000,000+",
    "score": 2.6639345,
    "ratings": 29788,
    "price": 0,
    "currency": "EUR",
    "developer": "rentalcars.com",
    "developerEmail": "android@rentalcars.com",
    "developerWebsite": "http://www.rentalcars.com",
    "developerAddress": null,
    "privacyPolicy": "https://www.rentalcars.com/en/privacy-policy",
    "genre": "Travel & Local",
    "contentRating": "PEGI 3",
    "released": "Dec 11, 2012",
    "lastUpdatedOn": "Feb 11, 2025",
    "appId": "com.rentalcars.handset",
    "permisions": {
        "Location": [
            "approximate location (network-based)",
            "precise location (GPS and network-based)"
        ],
        "Phone": [
            "read phone status and identity"
        ],
        "Wi-Fi connection information": [
            "view Wi-Fi connections"
        ],
        "Device ID & call information": [
            "read phone status and identity"
        ],
        "Other": [
            "full network access",
            "prevent device from sleeping",
            "read Google service configuration",
            "run at startup",
            "view network connections"
        ]
    }
}