{
    "title": "Book Bus Ticket",
    "description": "Turning a highly chaotic bus industry into a perfectly organized and structured one is the name of our game.\r\n\r\nIf you have been through bad times with bus travel and hate horrible bus journeys, unnecessary running around, sudden bus or seat cancellations, then look no further for a solution to all these usual bus ticketing problems. Travelyaari.com has changed the way you perceive bus travel.\r\n\r\nTravelyaari.com is the flagship brand of Mantis Technologies Pvt. Ltd setup by graduates from IIM Ahmedabad and industry professionals. Since its initiation in 2007, Travelyaari.com has taken on the Indian travel market by storm. Travelyaari.com is not just a regular online travel agency but an enabler of the bus travel industry. Our transparent prices, excellent customer service, accessibility, best seat guarantee but most importantly our 100% live bus ticket inventory has revolutionized the industry and has made us stand apart from our competitors.\r\nHow is Travelyaari.com different?\r\n\r\nTravelyaari.com has solved the age old online booking problem by creating a 100% real-time bus ticket inventory system across India. With this technology, you get to view precise seats that are available and the seats that have been booked.\r\n\r\nTravelyaari is not just an online travel agency but is an enabler of the bus travel industry in India.\r\n\r\nIn order to increase the serviceability of the bus industry, Mantis team built a platform that streamlined the complete supply chain process of the bus industry and connected all the stakeholders on a real time basis. The process was long and tedious but very effective which resulted in it becoming the life of the bus industry powering two out of three bus tickets booked in India. Our competitors still use non-live updates which often result in same old problems, a whole lot of confusion and frequent disasters.\r\n\r\nOur amazing and very affordable holiday packages take you through some of life's unforgettable journeys and will surely change the way you travel, view and discover India henceforth. Our continuously improving technology keeps travelers updated even on the move while our privilege card benefits frequent travelers by giving them solid discounts as well as terrific offers. All these features at zero booking fees make Travelyaari.com a fantastic online bus and holiday booking service delivering the highest level of customer satisfaction that is in line with our philosophy - Travel Assured.\r\n\r\nDo write to us at feedback@travelyaari.com coz we'd love to hear from you.",
    "summary": "Android app for Book Bus Ticket",
    "installs": "10,000+",
    "score": null,
    "ratings": null,
    "price": 0,
    "currency": "EUR",
    "developer": "Maventech Labs Private Limited",
    "developerEmail": "mantis-tech-utils@travelyaari.com",
    "developerWebsite": "http://www.bookbustickets.com/",
    "developerAddress": "Gopala Krishna Complex, 1st Floor, #45/3 Residency Road",
    "privacyPolicy": "https://www.travelyaari.com/privacy-policy",
    "genre": "Travel & Local",
    "contentRating": "PEGI 3",
    "released": "Apr 26, 2019",
    "lastUpdatedOn": "Sep 19, 2024",
    "appId": "com.bookbustickets",
    "permisions": {
        "Other": [
            "full network access",
            "prevent device from sleeping",
            "view network connections"
        ]
    }
}