{
    "title": "FlightR : Flight Seat Maps",
    "description": "<b>Ever booked a long haul flight and found yourself worrying about getting a good seat?</b> And found yourself switching between the airline's website and websites with static seat maps such as SeatGuru, staring at the seat maps from SeatGuru without knowing which one is actually the correct for your flight?\r\n\r\nFlightR helps you find the best rated seats and the best rated flights. Seat maps are provided for the specific flight on the specific date you are travelling, which means you no longer need to study 3-4 different seating plan variations to figure out the right one for your flight. \r\n\r\nLook for the best rated seats, or simply check out positives and negatives when it comes to extra leg room, location, facilities for infants, facilities for incapacitated passengers and more, before picking your seat when checking in online.\r\n\r\nFlightR also gives you live flight status for your flight when you search for your flight number or when you scan your physical or digital boarding pass. <i>No personal or sensitive information from your boarding pass is stored or sent to any third party. Your boarding pass is displayed to you, nobody else</i>. \r\n\r\nOnce you're in the air* and had your first drink** and perhaps your meal***, scan your boarding pass or select your mobile boarding pass using the app, and help the community and fellow travellers by rating your seat, the cabin crew, the food and whether the flight was on time or not. \r\n\r\n* Assuming WI-FI is available on board\r\n** Assuming drinks have been served \r\n*** Assuming food has been served \r\n\r\nAlternatively, simply provide your feedback once arrived. Once you have rated your flight, the flight is added to your list of trips, making it easier to keep track of your flight history including date of travel, destination, aircraft type, booking class and more.",
    "summary": "Use FlightR to find the best seat for your next flight!",
    "installs": "10,000+",
    "score": null,
    "ratings": null,
    "price": 0,
    "currency": "EUR",
    "developer": "FlightR AS",
    "developerEmail": "flightrteam@gmail.com",
    "developerWebsite": null,
    "developerAddress": "FlightR AS\n23 Panorama\nN-3941 Porsgrunn\nNorway",
    "privacyPolicy": "https://www.freeprivacypolicy.com/privacy/view/31f5cc4dc5c704d7cba26816045b5994",
    "genre": "Travel & Local",
    "contentRating": "PEGI 3",
    "released": "Jan 3, 2023",
    "lastUpdatedOn": "Aug 21, 2024",
    "appId": "com.flightr2.app",
    "permisions": {
        "Photos/Media/Files": [
            "modify or delete the contents of your USB storage",
            "read the contents of your USB storage"
        ],
        "Storage": [
            "modify or delete the contents of your USB storage",
            "read the contents of your USB storage"
        ],
        "Camera": [
            "take pictures and videos"
        ],
        "Other": [
            "control flashlight",
            "full network access"
        ]
    }
}