{
    "title": "ZWHEEL",
    "description": "ZWHEEL is a smart electric scooter app. You can view the detailed information of the scooter through the APP, set the parameters, and also support the firmware upgrade function.",
    "summary": "ZWHEEL is a smart electric scooter app.",
    "installs": "10,000+",
    "score": 0,
    "ratings": 0,
    "price": 0,
    "currency": "EUR",
    "developer": "LebiTEC",
    "developerEmail": "lebitec@163.com",
    "developerWebsite": null,
    "developerAddress": null,
    "privacyPolicy": "http://www.lebitec.com/index.php/yinsi/",
    "genre": "Tools",
    "contentRating": "PEGI 3",
    "released": "Jun 29, 2022",
    "lastUpdatedOn": "Apr 24, 2025",
    "appId": "com.loby.hb.ZWHEEL",
    "permisions": {
        "Location": [
            "approximate location (network-based)",
            "precise location (GPS and network-based)"
        ],
        "Photos/Media/Files": [
            "read the contents of your USB storage"
        ],
        "Storage": [
            "read the contents of your USB storage"
        ],
        "Other": [
            "access Bluetooth settings",
            "control vibration",
            "full network access",
            "pair with Bluetooth devices",
            "view network connections"
        ]
    }
}