{
    "title": "Garmin Connect™",
    "description": "The Garmin Connect™ app is your one-stop source for health and fitness data. Whether you’re training for a race, keeping active or just staying on top of your health, Garmin Connect provides the information and inspiration you need to reach your goals.\r\n\r\nOnce you pair your phone (1) with a Forerunner®, Venu®, fēnix or another compatible Garmin device (2), you can review your tracked activities and health metrics. Plus, you can create workouts, build courses and challenge your friends on the leaderboard. \r\n\r\nWith Garmin Connect you can: \r\n \r\n- Personalize your home screen, so the most helpful information is instantly visible \r\n- Analyze your activities with detailed statistics(3)\r\n- Create customized workouts and courses \r\n- Review trends in health metrics like your heart rate, steps, sleep, stress, menstrual cycle, weight, calories and more\r\n- Earn badges for accomplishments \r\n- Sync with other apps like MyFitnessPal and Strava \r\n- Get support for Garmin devices and their features \r\n \r\nLearn more about Garmin devices and how they work with the Garmin Connect app at Garmin.com. \r\n\r\n(1)\tSee compatible devices at Garmin.com/BLE\r\n(2)\tSee a full list of compatible devices at Garmin.com/devices\r\n(3)\tSee Garmin.com/ataccuracy\r\n\r\nNotes: Continued use of GPS running in the background can dramatically decrease battery life. \r\nGarmin Connect needs SMS permission to allow you to receive and send SMS text messages from your Garmin devices. We also need call log permission to display incoming calls on your devices.",
    "summary": "beat yesterday.",
    "installs": "10,000,000+",
    "score": 4.4829392,
    "ratings": 998808,
    "price": 0,
    "currency": "EUR",
    "developer": "Garmin",
    "developerEmail": "Android.Dev@garmin.com",
    "developerWebsite": "http://www.garmin.com/apps/gcmobile",
    "developerAddress": "Garmin International, Inc.\n1200 E 151st St\nOlathe, KS 66062",
    "privacyPolicy": "https://www.garmin.com/privacy/connect/",
    "genre": "Health & Fitness",
    "contentRating": "PEGI 3",
    "released": "Jan 9, 2013",
    "lastUpdatedOn": "Apr 24, 2025",
    "appId": "com.garmin.android.apps.connectmobile",
    "permisions": {
        "Identity": [
            "add or remove accounts",
            "find accounts on the device"
        ],
        "Calendar": [
            "read calendar events plus confidential information"
        ],
        "Contacts": [
            "find accounts on the device",
            "read your contacts"
        ],
        "Location": [
            "approximate location (network-based)",
            "precise location (GPS and network-based)"
        ],
        "SMS": [
            "send SMS messages"
        ],
        "Phone": [
            "directly call phone numbers",
            "read call log",
            "read phone status and identity"
        ],
        "Photos/Media/Files": [
            "modify or delete the contents of your USB storage",
            "read the contents of your USB storage"
        ],
        "Storage": [
            "modify or delete the contents of your USB storage",
            "read the contents of your USB storage"
        ],
        "Camera": [
            "take pictures and videos"
        ],
        "Microphone": [
            "record audio"
        ],
        "Wi-Fi connection information": [
            "view Wi-Fi connections"
        ],
        "Device ID & call information": [
            "read phone status and identity"
        ],
        "Other": [
            "Google Play license check",
            "access Bluetooth settings",
            "control vibration",
            "create accounts and set passwords",
            "draw over other apps",
            "full network access",
            "pair with Bluetooth devices",
            "prevent device from sleeping",
            "read Google service configuration",
            "run at startup",
            "send sticky broadcast",
            "view network connections"
        ],
        "Uncategorized": [
            "download files without notification",
            "receive data from Internet"
        ]
    }
}