{
    "title": "GPS, Maps, Driving Directions",
    "description": "Maps and directions app that ensures smooth travel with our <b> GPS Maps Driving Directions, GPS Navigation </b>.\r\n\r\nWith this GPS navigation and maps, whether you’re driving, walking, or biking, provides real-time GPS Maps voice navigation to help you reach your destination with ease. With reliable voice navigation, with driving directions support, and multiple travel modes, including a detailed maps, this GPS app is your go-to companion for both local and global journeys.\r\n\r\n<b> Main Features </b> of GPS Maps & Driving Directions:\r\n\r\n<li> Voice Navigation for Easy Directions: Get clear Maps, voice-guided directions to reach your destination effortlessly using location map service. </li>\r\n\r\n<li> GPS Navigation: Enjoy a smooth travel experience with accurate GPS navigation and maps, with accurate driving directions. </li>\r\n\r\n <li> GPS App: Get directions & access all navigation features at no cost. </li>\r\n\r\n<li> Turn-by-Turn Navigation with Live Traffic: Stay updated with real-time traffic conditions to avoid delays & avoid traffic jams. </li>\r\n\r\n<li> Multiple Travel Modes: Switch between driving, walking, and cycling modes. </li>\r\n\r\n<li> Global and Local GPS Navigation & Maps Support: Perfect for both local journeys and international travel. </li>\r\n\r\n<li> Route Planner: Find optimized routes for bikes, buses, metro, and taxis. </li>\r\n\r\n<li> Discover Nearby Places: Find points of interest like restaurants, gas stations, and landmarks along the way. </li>\r\n\r\n<li> Reliable Maps and Directions: Navigate confidently with accurate, up-to-date maps and routes. </li>\r\n\r\n<li> Traffic Updates and Alerts: Avoid congestion with live traffic information and route adjustments. </li>\r\n\r\n<li> Walking Directions and Road Maps: Get precise routes for pedestrians along with maps for easy exploration. </li>\r\n\r\n<li> Maps & Navigation: A Directions app is a route planner with voice GPS. </li>\r\n\r\n<b> How to Use </b> Our GPS Navigation and Map App:\r\n\r\n1.\t<b> Download and Install </b>\r\n\t<li>Search for our GPS app in the Play Store, then tap “Install.” </li>\r\n\t<li>Open the GPS app once the installation is complete. </li>\r\n\r\n2.\t<b> Set Your Location</b>\r\n        <li>Allow the GPS Maps app to access your device's location services for ac \r\n  curate navigation. </li>\r\n\t<li>You can also manually enter your starting point if needed. </li>\r\n\r\n3.\t<b> Enter Your Destination</b>\r\n\t<li>Use the search bar to type in your desired destination. </li>\r\n\t<li>Select your destination from the suggested list that appears. </li>\r\n\r\n4.\t<b> Choose Your Route</b>\r\n\t<li>After entering your destination, the app will provide multiple route options. </li>\r\n\t<li>Review the routes and select the one that suits your preferences (fastest, shortest, scenic, etc.). </li>\r\n\r\n5.\t<b> Start Navigation</b>\r\n\t<li>Tap the “Start Navigation” button to begin your journey. </li>\r\n\t<li>Follow the turn-by-turn voice instructions provided by the app. </li>\r\n\r\n6.\t<b> Real-Time Traffic Updates</b>\r\n\t<li>Stay informed with live traffic updates and alerts along your route. </li>\r\n\t<li>The app will automatically suggest alternative routes if delays occur. </li>\r\n\r\n7.\t<b> Explore Additional Features</b>\r\n\t<li>Use the map view to explore nearby points of interest, such as restaurants, gas stations, and attractions. </li>\r\n\t<li>Customize your navigation settings in the app’s settings menu for a personalized experience. </li>\r\n\r\n8.\t<b> Feedback and Support</b>\r\n\t<li>If you encounter any issues or have suggestions for improvement, please reach out to our support team through the app. </li>\r\n\t<li>Your feedback helps us enhance your navigation experience! </li>\r\n\r\nWhen using our Maps app, you will receive voice navigation and route maps as well as driving directions. Our Navigation Map app offers the latest maps and provides accurate voice GPS driving directions, ensuring that users no longer feel lost in the city. By downloading our voice GPS with map directions, you can easily utilize our navigation system to get directions from one point to another.",
    "summary": "Voice GPS navigation is a navigation app offers GPS maps and directions",
    "installs": "1,000,000+",
    "score": 4.08,
    "ratings": 13284,
    "price": 0,
    "currency": "EUR",
    "developer": "MAPIDIRECTIONS STUDIOS",
    "developerEmail": "cybertechappsfeedback@gmail.com",
    "developerWebsite": "https://cybertechapps.com",
    "developerAddress": null,
    "privacyPolicy": "https://s3.amazonaws.com/voicenavigationsapps.com/VoiceNavigationApps.html",
    "genre": "Maps & Navigation",
    "contentRating": "PEGI 3",
    "released": "Apr 11, 2018",
    "lastUpdatedOn": "Apr 17, 2025",
    "appId": "com.live.voice.navigation.driving.directions.gps.maps",
    "permisions": {
        "Location": [
            "approximate location (network-based)",
            "precise location (GPS and network-based)"
        ],
        "Microphone": [
            "record audio"
        ],
        "Wi-Fi connection information": [
            "view Wi-Fi connections"
        ],
        "Other": [
            "Google Play license check",
            "full network access",
            "prevent device from sleeping",
            "view network connections"
        ],
        "Uncategorized": [
            "receive data from Internet"
        ]
    }
}