{
    "title": "On Rails train times & widget",
    "description": "This beautiful slick app displays live departure and arrival times for the next two hours for all stations in the National Rail network. \r\n\r\nIncludes new Crossrail (Elizabeth Line) stations.\r\n\r\nFind stations near you and see their live departure boards.\r\n\r\nMark favourites, view recently departed services and get live station and service information.\r\n\r\nSet your home and work stations and find nearby services.\r\n\r\nFavourites are shown as departure board cards on the landing screen.\r\nIntuitive colour coded text is used to show services running on time, delayed or cancelled.\r\n\r\nDrag and drop to rearrange them or swipe left to delete. Nice and simple.\r\n\r\nSwitch between departures and arrivals as well as origin and destination stations.\r\n\r\nAuto-switching of origin and destination stations based on user location is available in the commuter pack.\r\n\r\n<b>Commuter Pack</b>\r\n\r\nInstall the commuter pack as an in-app purchase.\r\n\r\n•     Get valuable details on fastest trains, train operator, number of coaches, coach toilets, trip duration and arrival times (details shown where available from the feed).\r\n•     Station auto-switching for departures between two stations based on user location.  \r\n\r\n<b>Widget</b>\r\n\r\nInstall a widget on your home screen as an in app purchase. \r\n\r\nThe widget offers a number of powerful features to facilitate your train journey:\r\n\r\n•     Tap on the station title to view all listed station services for the next two hours in the app\r\n•     Tap on a service to view its details in the app\r\n•     Toggle between departures and arrivals as well as origin and destination stations\r\n•     Configure auto-update time period so the widget automatically refreshes itself. Auto-updates are automatically paused between 1am and 4am to conserve battery.\r\n•     Shortcuts to search and nearby stations in the app\r\n\r\nPlease note that we aren't able to provide a widget \"try before you\" buy option as it's not supported by the Google In-App Purchase API. If you buy the widget and are not satisfied there is an option to request a refund.\r\n\r\nAdditionally in the app, useful details like number of coaches, train operator, platform number and reasons for delay or cancellation are shown where available.\r\nThe current location, source and destination of a train service are displayed.\r\nThe actual and scheduled arrival or departure time are shown at each calling point. \r\n\r\nIncludes services from all train operators with data aggregated in a real-time data feed from National Rail Enquiries.\r\n\r\nThe app is divided into the following sections:\r\n\r\n•\tFind Stations \r\n•\tLive Train Departure and Arrival Times\r\n•\tNearby Stations \r\n•\tFavourites with station and departure switches\r\n•\tYour Places\r\n•\tService details \r\n•\tTFL tube status\r\n•\tWidget\r\n\r\nBrought to you without any advertisements.\r\n\r\nData is provided under license from National Rail.\r\n\r\nIf you found an issue with the app then please get in touch. \r\nYour comments and suggestions are valuable.\r\n\r\nonrails@intsoftdev.com",
    "summary": "Get real time UK train departure and arrival times in this fast and stylish app",
    "installs": "10,000+",
    "score": null,
    "ratings": null,
    "price": 0,
    "currency": "EUR",
    "developer": "Integrated Software Development Ltd",
    "developerEmail": "onrails@intsoftdev.com",
    "developerWebsite": "http://www.intsoftdev.com",
    "developerAddress": "Middlesex UK",
    "privacyPolicy": "http://intsoftdev.com/mobile/onrails_privacypolicy.html",
    "genre": "Maps & Navigation",
    "contentRating": "PEGI 3",
    "released": "Dec 3, 2017",
    "lastUpdatedOn": "Nov 24, 2024",
    "appId": "com.intsoftdev.nationalrail",
    "permisions": {
        "Location": [
            "approximate location (network-based)",
            "precise location (GPS and network-based)"
        ],
        "Other": [
            "full network access",
            "prevent device from sleeping",
            "run at startup",
            "view network connections"
        ]
    }
}