{
    "title": "Trainline: Train travel Europe",
    "description": "Welcome, future Trainliner. Get on board with millions of world-wide users, today, to travel confidently with us – Europe’s leading train and bus app.  \r\n\r\nWhy? \r\nWhether heading to an international city or from an international terminal, in a matter of clicks you’ll be booking the best seats in advance or saving money on-the-day with our Best Price Guarantee. And for those who like to stay looped, you can turn on real-time notifications and keep an eye on live timetable tracking – you can even use Crowd Alerts to find out how busy your train is. Plus, forgetting, misplacing, or totally destroying your paper tickets becomes a thing of the past when you purchase digital versions through our app!  \r\n\r\nWith so much to see and do, getting there should be the easy part – and when you book through our app, it is! Find cheap tickets for Eurostar, Avanti West Coast, GWR, LNER, National Express, Renfe, Iryo, Trenitalia, Italo, and many other European rail lines. Or if you want to buy bus tickets, simply search and book directly in the app. Need some travel inspo first? We got that covered, too, with travel blogs and suggested “popular journeys”.\r\n\r\nSo, whether you want to book bus seats, get cheap train tickets, or stay updated during your journey, you can always rely on our app to deliver the goods. \r\n\r\nWhy use Trainline to book train and bus tickets? \r\n- Buy all your tickets in one place – plan your dream country-hopping journey on our app.\r\n- Compare train and bus options from 260 train and bus companies.\r\n- Compare prices and get cheap tickets in your preferred currency (USD, GBP, EUR, AUD, CAD, CHF, and SEK).\r\n- Buy tickets with Amex, Google Pay, PayPal, and all major credit cards and debit cards.\r\n- Add loyalty and discount cards to get benefits on cheap tickets on UK rail services, Eurostar, SNCF, Thalys, and Renfe.\r\n- Book tickets in advance or buy same-day train tickets up to 15 minutes before departure. \r\n- Buy tickets on your phone to skip station queues for selected routes.\r\n- Add Cancel for Any Reason to your booking for cover up to 15 minutes before departure.  \r\n- Save plans for later and lock in tickets for up to 7 days.  \r\n- Find the best value train tickets using our price calendar. \r\n\r\nOur partners: \r\nAcross Europe and the UK, you can browse routes with\r\nEurostar (UK, France and the Netherlands)\r\nHeathrow Express (UK)\r\nAvanti West Coast (UK)\r\nGWR (UK)\r\nNational Express (UK)\r\nLondon Overground (UK)\r\nSNCF (France)\r\nTGV Lyria (France)\r\nThalys (France)\r\nTrenitalia (Italy)\r\nItalo (Italy)\r\nRenfe (Spain)\r\nAlsa (Spain)\r\nDeutsche Bahn (Germany)\r\nÖBB (Austria)\r\nSBB (Switzerland)\r\nNS (the Netherlands)\r\nSNCB (Belgium)\r\nFlixbus and many, many more… \r\n\r\nNo matter who you choose to rail with, we make buying European tickets a smooth experience while bringing you the best fares available for every fuss-free journey. But should you need it, our dedicated customer support team is on-hand (and on the phone) to help you navigate the railways of Europe. Just give us a call!  \r\n\r\nSo, download our FREE Trainline app and get access to everything you need to train across the UK and Europe like a pro.  \r\n\r\nVisit our FAQs page to find out more: https://www.thetrainline.com/en/help/  \r\nOr, follow us on social: \r\nFB: thetrainlinecom \r\nTW: /thetrainline \r\nIG: @trainline\r\n\r\n*Average saving based on bookings made by Trainline US customers at least 30 days in advance vs within 7 days of departure, between 1.1.24 and 09.30.24 to travel between 05.01.24 and 09.30.24 and calculated on the 3 most booked EU routes. Adult fares only, single journey in standard class, based on price paid per passenger without Railcard.​",
    "summary": "One app to compare & buy train & bus tickets, get live times across UK & Europe",
    "installs": "10,000,000+",
    "score": 4.6790643,
    "ratings": 677793,
    "price": 0,
    "currency": "EUR",
    "developer": "trainline",
    "developerEmail": "mobileteamandroid@thetrainline.com",
    "developerWebsite": "https://www.thetrainline.com",
    "developerAddress": null,
    "privacyPolicy": "https://www.thetrainline.com/terms/privacy",
    "genre": "Maps & Navigation",
    "contentRating": "PEGI 3",
    "released": "Dec 21, 2010",
    "lastUpdatedOn": "May 2, 2025",
    "appId": "com.thetrainline",
    "permisions": {
        "Location": [
            "approximate location (network-based)",
            "precise location (GPS and network-based)"
        ],
        "Camera": [
            "take pictures and videos"
        ],
        "Wi-Fi connection information": [
            "view Wi-Fi connections"
        ],
        "Other": [
            "close other apps",
            "full network access",
            "prevent device from sleeping",
            "read Google service configuration",
            "send sticky broadcast",
            "view network connections"
        ],
        "Uncategorized": [
            "receive data from Internet"
        ]
    }
}