{
    "title": "Delhi Metro Route Map App info",
    "description": "🌟 <b>Explore the Ultimate Metroway: Delhi Metro Route Map App info</b> 🌟\r\nYour one-stop solution for navigating the Delhi transport system! Access detailed Metro route maps, updated fares, bus feeder services, parking information, tourist destinations near Metro stations, gate details, smart card recharge options, and more. Whether you're a daily commuter or a tourist, Metroway: Delhi Metro Route Map App info makes your journey smoother and more efficient.\r\n\r\n<b>Key Features</b>\r\n💸 Fare Calculator\r\nQuickly calculate fares with the most up-to-date and accurate fare details.\r\n\r\n🗺️ HD Metro Route Map\r\nExplore a high-quality, detailed map of train routes for seamless navigation.\r\n\r\n🛤️ Metro Route Planner\r\nPlan the fastest and most efficient route for your journey. Get train timings, interchange information, and other essential details to travel with ease.\r\n\r\n🚗 Parking Information\r\nSay goodbye to confusion—check the latest parking charges at various stations before you arrive.\r\n\r\n📍 Nearest Station Finder\r\nLocate the closest station to your current location or destination in seconds.\r\n\r\n🚦 First/Last Train Timings\r\nStay on schedule with accurate first and last train timing details.\r\n\r\n🛑 Platform Information\r\nFind platform numbers and interchange details to avoid delays and confusion during your trip.\r\n\r\n🎒 Tourist Guide\r\nDiscover nearby tourist attractions and plan your day effortlessly. Metroway: Delhi Metro Route Map App info includes a comprehensive guide to must-visit spots around stations.\r\n\r\n🚍 Bus Feeder Services\r\nGet detailed bus routes, including DTC buses, directly from metro stations to your final destination.\r\n\r\n🚪 Gate Details\r\nAccess gate-specific information for easy entry and exit at metro stations.\r\n\r\n<b>Why Choose Delhi Metro Route Map App info?</b>\r\nOffline Accessibility: Most features, including maps and routes, are available offline.\r\nReal-Time Data: Powered by reliable open data sources for accuracy.\r\nUser-Friendly Design: Simple and intuitive interface for everyone.\r\nCommunity Feedback: Share your suggestions, complaints, or feedback at appqueeninc@gmail.com.\r\n\r\n<b>Sources of information : </b>\r\nThe offline data integrated into the app has been meticulously curated and verified by our team, utilizing official resources for accuracy and reliability. Information related to metro services is cross-referenced with the official website of the Delhi Metro Rail Corporation (DMRC)(https://otd.delhi.gov.in/data/realtime/) and (https://otd.delhi.gov.in/data/staticDMRC/)\r\n\r\n<b>Disclaimer</b>\r\nMetroway: Delhi Route Map App is not affiliated with Any Government entity like DMRC, Transport department government of Delhi, Delhi Metro, Indian Railways. The app is independently developed to enhance user experience. For official information, consult the respective authorities. The developers are not liable for any inaccuracies or issues arising from app use.\r\n\r\n<b>Privacy Policy</b>\r\nhttp://synergyappstudio.com/privacy.html\r\n\r\nDownload Metroway: Delhi Metro Route Map App info today and make your travel smarter, faster, and more convenient!",
    "summary": "Delhi Metro Route Map App info: Delhi NCR Metro Map, DTC Bus, fare, Metro Timing",
    "installs": "1,000,000+",
    "score": null,
    "ratings": null,
    "price": 0,
    "currency": "EUR",
    "developer": "Synergy App Studio",
    "developerEmail": "appqueeninc@gmail.com",
    "developerWebsite": "http://synergyappstudio.com",
    "developerAddress": null,
    "privacyPolicy": "http://synergyappstudio.com/privacy.html",
    "genre": "Maps & Navigation",
    "contentRating": "PEGI 3",
    "released": "Oct 18, 2020",
    "lastUpdatedOn": "Jan 16, 2025",
    "appId": "com.dmrcbus.delhimetromap2021",
    "permisions": {
        "Location": [
            "approximate location (network-based)",
            "precise location (GPS and network-based)"
        ],
        "Phone": [
            "read phone status and identity"
        ],
        "Photos/Media/Files": [
            "modify or delete the contents of your USB storage",
            "read the contents of your USB storage"
        ],
        "Storage": [
            "modify or delete the contents of your USB storage",
            "read the contents of your USB storage"
        ],
        "Device ID & call information": [
            "read phone status and identity"
        ],
        "Other": [
            "full network access",
            "prevent device from sleeping",
            "view network connections"
        ],
        "Uncategorized": [
            "receive data from Internet"
        ]
    }
}