{
    "title": "Bike & Run Tracker - Cadence",
    "description": "Wondering if it's possible to use your iPhone instead of a dedicated Garmin or Wahoo device? Absolutely! Cadence Run and Bike Tracker offers a perfect blend of simplicity and functionality for everyone—from beginning runners to professional cyclists—all in one app.\r\n\r\n“In a sea of fitness apps, Cadence stands out.” - Outside Magazine\r\n“Better than my Hammerhead Karoo 2, better than my Garmin 1030 and better than my Garmin 530. This app just keeps getting better and better.” - Frederick Russo / Google Play Store\r\n“By far the best cycling computer App.” - Joachim Lutz / Google Play Store\r\n\r\nAll the functionality you’d expect from a running or bike Computer:\r\n\r\nTRAIN OUTDOORS & INDOORS\r\nEffortlessly track both your outdoor and indoor workouts using GPS and Bluetooth sensors like power meters, heart rate sensors, bike trainers, and more.\r\n\r\nCustomize your metrics display and swipe through unlimited screens to focus on the data that matters to you. \r\n\r\nChoose from over 150 metrics, including charts, elevation, and maps, ensuring you capture every aspect of your performance.\r\n\r\nROUTING & NAVIGATION\r\nNever get lost with custom routes and turn by turn voice navigation.\r\n\r\nCadence makes it easy to import your GPX routes from Strava, Komoot, and others, or create custom routes right in the app.\r\n\r\nMounted to your handlebars or nestled in your pocket, Cadence keeps you on track and records what matters.\r\n\r\nDETAILED ANALYSIS\r\nKnow where you stand with incredibly detailed history for all your activities.\r\n\r\nBetween the comprehensive statistics, colorful charts, heart rate and power zones, and lap and mile splits, you’ll wonder how you ever tracked your fitness before.\r\n\r\nCadence keeps all your history on your own device, securely and privately, only sharing to services like Strava and Garmin Connect when you say so.\r\n\r\n----------\r\n\r\nYou’d have to spend over $300 to get these advanced features on a dedicated device:\r\n\r\nBIKE RADAR SUPPORT (Garmin Varia and others)\r\nSee what’s coming behind you with Garmin Varia, Bryton Gardia, Giant Recon, and Magicshine SEEME radar integration. With visual and audio alerts, metrics like “car speed” and “time to pass”, you’ll give yourself more time to react, helping prevent accidents and improving your overall bicycling experience.\r\n\r\nSTRAVA LIVE SEGMENTS\r\nCompete against your best and most recent Strava segment efforts! Cadence allows you to view all nearby segments and switch between them in a detailed, customizable, stats rich interface.\r\n\r\nACTIVELOOK AR GLASSES SUPPORT\r\nActiveLook is a heads-up, hands-free, near-eye display technology for eyewear that provides just the information you want, in real time, right in your field of view. Focus on what matters, with no distractions.\r\n\r\nOFFLINE MAPS\r\nTake your maps offline for reliable tracking even in remote areas without cell service.\r\n\r\nLIVE TRACKING\r\nDesigned with privacy in mind, let friends and family know where you’re at with a link to track your live location, planned route, and statistics.\r\n\r\n----------\r\n\r\nAnd that only scratches the surface of what Cadence Bicycling and Running Tracker can do! Visit https://getcadence.app for more feature details.\r\n\r\n----------\r\n\r\nUse it for Free\r\nCadence Running and Biking Tracker GPS is free to use with some feature limitations. \r\n\r\nUnlock Advance Functionality\r\nUpgrade to Pro or Elite subscriptions to unlock more advanced features. View feature details in-app. Try the yearly plans free for 7 days!\r\n\r\nManage subscriptions in your Play Store account.\r\n\r\nPrivacy Policy: https://getcadence.app/privacy-policy\r\nTerms & Conditions: https://getcadence.app/terms-and-conditions",
    "summary": "An all-in-one biking & running tracker with GPS, turn by turn navigation, & more",
    "installs": "50,000+",
    "score": 3.6923077,
    "ratings": 622,
    "price": 0,
    "currency": "EUR",
    "developer": "Seven Bold Limited",
    "developerEmail": "support@getcadence.app",
    "developerWebsite": "https://getcadence.app",
    "developerAddress": "PO Box 1243\nChelan, WA 98816",
    "privacyPolicy": "https://getcadence.app/privacy-policy",
    "genre": "Health & Fitness",
    "contentRating": "PEGI 3",
    "released": "Jan 12, 2021",
    "lastUpdatedOn": "Apr 10, 2025",
    "appId": "com.sevenbold.cadence",
    "permisions": {
        "Location": [
            "approximate location (network-based)",
            "precise location (GPS and network-based)"
        ],
        "Wi-Fi connection information": [
            "view Wi-Fi connections"
        ],
        "Other": [
            "access Bluetooth settings",
            "change network connectivity",
            "connect and disconnect from Wi-Fi",
            "control vibration",
            "full network access",
            "pair with Bluetooth devices",
            "prevent device from sleeping",
            "run at startup",
            "view network connections"
        ],
        "Uncategorized": [
            "download files without notification"
        ]
    }
}