{
    "title": "Ticket Modalis",
    "description": "Purchase and validation of tickets from different transport networks in New Aquitaine.\r\n\r\nFollowing the creation of his account, the user selects the network on which he wishes to travel (memorable choice) and then the title or titles he wishes to acquire. The purchase is made by bank card (Visa, American Express, Master Card) with registration possible in the application.\r\n\r\nDepending on the network, the validation of the ticket must be carried out manually or by scanning a QRCode displayed on board the vehicle.\r\n\r\nFor each transaction made, the user receives proof of payment by email.\r\n\r\nIn the event of an inspection, the user must simply present his screen to the controller.",
    "summary": "Purchase and validation of Nouvelle-Aquitaine transport network tickets",
    "installs": "100,000+",
    "score": 3.721739,
    "ratings": 1196,
    "price": 0,
    "currency": "EUR",
    "developer": "Nouvelle-Aquitaine Mobilités",
    "developerEmail": "contact@nouvelle-aquitaine-mobilites.fr",
    "developerWebsite": "https://nouvelle-aquitaine-mobilites.fr/",
    "developerAddress": null,
    "privacyPolicy": "https://nouvelle-aquitaine-mobilites.fr/politique-de-confidentialite",
    "genre": "Travel & Local",
    "contentRating": "PEGI 3",
    "released": "Jun 12, 2020",
    "lastUpdatedOn": "Sep 2, 2024",
    "appId": "com.modalis.ticket",
    "permisions": {
        "Location": [
            "approximate location (network-based)",
            "precise location (GPS and network-based)"
        ],
        "Photos/Media/Files": [
            "modify or delete the contents of your USB storage",
            "read the contents of your USB storage"
        ],
        "Storage": [
            "modify or delete the contents of your USB storage",
            "read the contents of your USB storage"
        ],
        "Camera": [
            "take pictures and videos"
        ],
        "Other": [
            "control vibration",
            "full network access",
            "prevent device from sleeping",
            "run at startup",
            "view network connections"
        ],
        "Uncategorized": [
            "receive data from Internet"
        ]
    }
}