{
    "title": "Delhi Metro Nav Fare Route Map",
    "description": "Your one stop solution for all information required on Delhi Metro DMRC and Noida Metro NMRC. This app is not an official app.\r\n\r\n* Information Source - Data shared in the app is individually sourced and verified with help of official information present on Delhi Metro Rail Corporation (https://delhimetrorail.com/) and Noida Metro Rail Corporation (https://www.nmrcnoida.com/).\r\n\r\nFeatures - Offline\r\n1. Fare Calculator \r\n2. HD Map\r\n3. Route Planner\r\n4. Parking Rate \r\n5. Upcoming Metro Map\r\n6. First / Last Metro\r\n7. Platform Information\r\n8. Online Recharge\r\n9. Gate Information\r\n\r\nSimple, effective and accurate data including fares, parking fee info, offline route map and all this is without the use of the internet. We encourage suggestions, feedback and complaints to improve our product. Happy travelling.\r\n\r\nDisclaimer\r\n* This app doesn't have government affiliation or authorization to facilitate government services.\r\n* This app doesn’t represent a government entity.\r\n* This app is privately maintained by Tilzmatic Tech and does not have any government affiliation with any government entity like Delhi Metro Rail Corporation (DMRC), Noida Metro Rail Corporation (NMRC), Rapid Metro Gurgaon Ltd (RMGL), Airport Express, Transport Department of Govt. of NCT of Delhi, Indian Railways or any other Government organization, brand, entity, or app. This app doesn't have any official authorization to facilitate government services.\r\n\r\nPrivacy Policy - https://delhi-metro-navigator.tilzmatictech.com/privacy_policy_v2.html\r\n\r\nTerms & Condition - https://delhi-metro-navigator.tilzmatictech.com/tnc.html",
    "summary": "Delhi Noida Metro DMRC Offline - Latest Fare, Routes, Map, Timing, Parking, Gate",
    "installs": "5,000,000+",
    "score": 4.625,
    "ratings": 114917,
    "price": 0,
    "currency": "EUR",
    "developer": "Tilzmatic Tech",
    "developerEmail": "support@tilzmatictech.com",
    "developerWebsite": "https://delhi-metro-navigator.tilzmatictech.com",
    "developerAddress": "Plot C58/23, Sector 62, Noida, Uttar Pradesh - 201309",
    "privacyPolicy": "https://delhi-metro-navigator.tilzmatictech.com/privacy_policy_v2.html",
    "genre": "Maps & Navigation",
    "contentRating": "PEGI 3",
    "released": "Jun 27, 2011",
    "lastUpdatedOn": "Feb 17, 2025",
    "appId": "com.tilzmatictech.mobile.navigation.delhimetronavigator",
    "permisions": {
        "Location": [
            "approximate location (network-based)",
            "precise location (GPS and network-based)"
        ],
        "Other": [
            "Google Play license check",
            "full network access",
            "prevent device from sleeping",
            "reorder running apps",
            "view network connections"
        ],
        "Uncategorized": [
            "receive data from Internet"
        ]
    }
}