{
    "title": "Daewoo Express Mobile",
    "description": "An easy way to book and buy Daewoo Express tickets.",
    "summary": "Official Ticketing App For Daewoo Express, Pakistan.",
    "installs": "1,000,000+",
    "score": 4.6511626,
    "ratings": 155969,
    "price": 0,
    "currency": "EUR",
    "developer": "Daewoo Express Bus Service Pakistan",
    "developerEmail": "daewooapp@daewoo.com.pk",
    "developerWebsite": "http://www.daewoo.com.pk",
    "developerAddress": null,
    "privacyPolicy": "http://www.daewoo.com.pk/privacy/",
    "genre": "Maps & Navigation",
    "contentRating": "PEGI 3",
    "released": "May 29, 2018",
    "lastUpdatedOn": "Mar 20, 2025",
    "appId": "com.app.daewoo.miles",
    "permisions": {
        "Location": [
            "approximate location (network-based)",
            "precise location (GPS and network-based)"
        ],
        "Phone": [
            "read phone status and identity"
        ],
        "Photos/Media/Files": [
            "modify or delete the contents of your USB storage",
            "read the contents of your USB storage"
        ],
        "Storage": [
            "modify or delete the contents of your USB storage",
            "read the contents of your USB storage"
        ],
        "Device ID & call information": [
            "read phone status and identity"
        ],
        "Other": [
            "control vibration",
            "full network access",
            "prevent device from sleeping",
            "read Google service configuration",
            "run at startup",
            "view network connections"
        ],
        "Uncategorized": [
            "receive data from Internet"
        ]
    }
}