{
    "title": "Petal Maps – GPS & Navigation",
    "description": "Petal Maps is a unique map that lets you explore the world around you in new ways. Available in over 160 countries and regions, it provides real-time traffic conditions, lane-level guidance, nearby services, various map layers, traffic events, place favorites, and loads more.\r\n\r\nReal-time traffic data for faster and safer travel\r\n· Recommends the quickest, shortest, and least congested route based on a combination of real-time traffic conditions and your personal preferences. You can even add multiple stops to your routes.\r\n· Explore your route options and familiarize yourself with the way in advance.\r\n· Provides accurate lane-level guidance for more precise navigation, helping you find your way through a wide variety of complex scenarios with ease.\r\n· Allows you to report police locations, road closures, accidents, and more. You'll be able to see things reported by other users too.\r\n· Supports navigating via HUAWEI WATCH 3, GT2, and GT3 series watches, with multiple modes of travel available – including walking, cycling, and public transportation.\r\n· Lets you download offline maps so you can keep navigating even without an Internet connection.\r\n\r\nInformation for tons of local businesses\r\n· Discover great local businesses through recommendations. You can even use voice search to find places to eat, drink, and hang out.\r\n· Conveniently search for gas stations, parking lots, and loads more – allowing you to travel worry-free.\r\n· Organize your favorite places by dividing them into separate lists with their own icons.\r\n· Keep your devices in sync with each other by syncing your data to the cloud with HUAWEI Mobile Cloud or Dropbox.\r\n\r\nMaintain the map together\r\n· Help others decide where to go by rating and reviewing places on the map.\r\n· Add new places and report or edit incorrect information.\r\n\r\nYou can send us questions and suggestions in the following ways. Your feedback will be dealt with as soon as possible.\r\nProvide feedback in the app via Me > Help > Feedback.\r\nOther channels:\r\nFacebook-https://www.facebook.com/petalmapsglobal\r\nTwitter-https://twitter.com/petalmaps\r\nInstagram-https://www.instagram.com/petalmaps/\r\n\r\n*Some features are only available in certain countries/regions",
    "summary": "Explore the world with Voice guided navigation, transit, cycle, walk & hike！",
    "installs": "100,000,000+",
    "score": 4.490909,
    "ratings": 79775,
    "price": 0,
    "currency": "EUR",
    "developer": "Petal Maps Team",
    "developerEmail": "mapteam@aspiegel.com",
    "developerWebsite": "https://www.petalmaps.com/?utm_source=GooglePlay",
    "developerAddress": null,
    "privacyPolicy": "https://privacy.consumer.huawei.com/legal/petal-maps/privacy-statement.htm?country=FR&branchid=5&version=20300300&language=en_DE",
    "genre": "Maps & Navigation",
    "contentRating": "PEGI 3",
    "released": "Oct 30, 2020",
    "lastUpdatedOn": "Jul 19, 2023",
    "appId": "com.huawei.maps.app",
    "permisions": {
        "Location": [
            "approximate location (network-based)",
            "precise location (GPS and network-based)"
        ],
        "Phone": [
            "read phone status and identity"
        ],
        "Photos/Media/Files": [
            "modify or delete the contents of your USB storage",
            "read the contents of your USB storage"
        ],
        "Storage": [
            "modify or delete the contents of your USB storage",
            "read the contents of your USB storage"
        ],
        "Camera": [
            "take pictures and videos"
        ],
        "Microphone": [
            "record audio"
        ],
        "Wi-Fi connection information": [
            "view Wi-Fi connections"
        ],
        "Device ID & call information": [
            "read phone status and identity"
        ],
        "Other": [
            "access Bluetooth settings",
            "change network connectivity",
            "change your audio settings",
            "connect and disconnect from Wi-Fi",
            "control vibration",
            "draw over other apps",
            "full network access",
            "install shortcuts",
            "pair with Bluetooth devices",
            "prevent device from sleeping",
            "run at startup",
            "view network connections"
        ],
        "Uncategorized": [
            "modify secure system settings"
        ]
    }
}