{
    "title": "Bike Share Toronto",
    "description": "This is the official mobile application for Bike Share Toronto, which is owned and managed by the Toronto Parking Authority.\r\n\r\nDownload the app to:\r\n- Choose a pass or buy a membership\r\n- Find stations near you using the interactive map\r\n- Check bike and dock availability in real time\r\n- Plan a trip through Canada’s largest city\r\n- Easily unlock and return a bike\r\n- View your ride history\r\n\r\nWith the Bike Share Toronto app, find choice, ease, and speed wherever you go!",
    "summary": "Official application of the bike sharing system for Bike Share Toronto",
    "installs": "50,000+",
    "score": null,
    "ratings": null,
    "price": 0,
    "currency": "EUR",
    "developer": "Lyft, Inc.",
    "developerEmail": "customerservice@bikesharetoronto.com",
    "developerWebsite": "https://bikesharetoronto.com/",
    "developerAddress": null,
    "privacyPolicy": "https://bikesharetoronto.com/privacy-statement/",
    "genre": "Lifestyle",
    "contentRating": "PEGI 3",
    "released": "Apr 24, 2024",
    "lastUpdatedOn": "Nov 4, 2024",
    "appId": "com.lyft.android.torontoapp",
    "permisions": {
        "Location": [
            "approximate location (network-based)",
            "precise location (GPS and network-based)"
        ],
        "Photos/Media/Files": [
            "modify or delete the contents of your USB storage",
            "read the contents of your USB storage"
        ],
        "Storage": [
            "modify or delete the contents of your USB storage",
            "read the contents of your USB storage"
        ],
        "Camera": [
            "take pictures and videos"
        ],
        "Other": [
            "control Near Field Communication",
            "control vibration",
            "full network access",
            "prevent device from sleeping",
            "read Google service configuration",
            "view network connections"
        ],
        "Uncategorized": [
            "receive data from Internet"
        ]
    }
}