{
    "title": "QEEQ Car Rental",
    "description": "Download QEEQ APP to get great travel deals on car hire. Want to start a Roadtrip? Going on Vacations? Tired of searching and comparing prices between different travel apps? Using QEEQ, just with few taps in one stop: search, select, book and pay for a lowest price that you cannot imagine!\r\nFurthermore, you'll find Exclusive Diamond Member price with extra 10%-68% discounts for big savings of your trips. \r\n\r\nQEEQ Diamond Membership allows you to enjoy:\r\n> Extra 10%-68% OFF on thousands of car hire deals and hotels\r\n> Free 1-YEAR Flight Accident Protection with US$20,000 coverage\r\n> Free Upgrade\r\n> Free Driver & Passenger Protection (PAI) \r\n> 150% Qpoints in APP\r\n> 25% Discount in QEEQ Store Products\r\nand more to discover......\r\n\r\nBeing Diamond Memeber of QEEQ, with only US$80/year, you can start to enjoy the unlimited benefits and find the fast way to savings!\r\n\r\nWHAT ELSE CAN YOU GET WITH QEEQ?\r\nQEEQ is one of the leading international online membership travel apps, helping you to get an easy access to a huge choices of cars and hotels booking for any needs and the only lowest priced deals from the well-known brands with instant confirmation and hassle-free services. At QEEQ you´ll find feel-at-home 24/7 customer support by online chat, email and phone available all around the year. \r\n\r\nADVANTAGES OF BOOKING HOTELS WITH QEEQ?\r\nWith 700,000 hotels covering, in 200 countries and regions, you can get access to the super cheap hotel deals in minutes and book a dream room from Best Western Hotels & Resorts, Accor Hotels, Cross Hotels & Resorts, Banyan Tree Hotels & Resorts, etc. In addition, can save up to 68% off when you unlock QEEQ Diamond Membership.  \r\nUsing our advanced filters to help you find the most suitable hotel deals according to the Diamond discount, price per night, the places of interest which you plan to visit, star rating, etc., also if your plans are undecided, the Free Cancellation deals will be your best choice which make your stay flexible, enjoy your hassle-free stay worldwide and love holidays.\r\n\r\nADVANTAGES OF BOOKING CARS WITH QEEQ?\r\nYou can pick up and drop off in 200+ countries and regions among more than 110,000 locations and get the most competitive car hire deal from QEEQ's 800+ partnering suppliers: Sixt, Enterprise car hire, Alamo, Thrifty, Avis car hire, Localiza, Hertz, Budget, Europcar, National car rental, Dollar, Ace rent a car, Keddy by Europcar, Green motion, Easirent, Surprice rent a car, Arnold Clark, etc. \r\nYou can hire your dreaming car from wide diversity of models, from mini, economy, compact, standard, SUV, van hire to convertible, exotic, luxury, etc. There is always an ideal car for you.\r\nDon't forget, before drive, you can get extra US$100 coupons. Just try it out! \r\n\r\nHEARD OF EXCLUSIVE SECRET DEAL BY QEEQ?\r\nJust search and you will find the QEEQ-ONLY car booking packages. Let's get the super-low-rate deal of selected suppliers after booked!\r\n\r\nPretty awesome, huh? But that's not all! \r\n\r\nPRICE DROP? WE REFUND!\r\nPrice Drop Protector, the exclusive price monitor feature of QEEQ, tracks any price-drops of your car hire, helps you auto-rebook a car in the same itinerary and refund you the difference of prices.\r\n\r\nHASSEL-FREE PROTECTION\r\nYou can select one of the various options of car insurances offered by QEEQ without hidden fees and enjoy your trip with total tranquillity. Besides, it's free to cancel your reservation according to the changes of your trips without extra service fees. \r\n\r\nEASY BOOKING MANAGEMENT\r\nIn QEEQ you can always have an easy access to the status and any details or changes of your reservations. Let you feel free to move around the world!\r\n\r\nDownload the app and:\r\nGet your book confirmation without paper, show it anytime anywhere,\r\n24/7 customer service by email, chat online or phone as you need,\r\nNo credit card fees,\r\nFree cancellation.....\r\n\r\nWe are always here to help!\r\nAny question? Call us, send us message via live chat or email us!",
    "summary": "Compare Car Rental & Hotel Deals From Global Big Brands and Local Companies",
    "installs": "500,000+",
    "score": 4.2040815,
    "ratings": 4459,
    "price": 0,
    "currency": "EUR",
    "developer": "QEEQ.COM",
    "developerEmail": "developer@qeeq.com",
    "developerWebsite": "https://www.qeeq.com",
    "developerAddress": null,
    "privacyPolicy": "https://www.qeeq.com/term?info=privacypolicy",
    "genre": "Travel & Local",
    "contentRating": "PEGI 3",
    "released": "Apr 22, 2020",
    "lastUpdatedOn": "Apr 24, 2025",
    "appId": "com.qeeq.android",
    "permisions": {
        "Device & app history": [
            "read sensitive log data",
            "retrieve running apps"
        ],
        "Calendar": [
            "add or modify calendar events and send email to guests without owners' knowledge",
            "read calendar events plus confidential information"
        ],
        "Location": [
            "access extra location provider commands",
            "approximate location (network-based)",
            "precise location (GPS and network-based)"
        ],
        "Phone": [
            "read phone status and identity"
        ],
        "Photos/Media/Files": [
            "modify or delete the contents of your USB storage",
            "read the contents of your USB storage"
        ],
        "Storage": [
            "modify or delete the contents of your USB storage",
            "read the contents of your USB storage"
        ],
        "Camera": [
            "take pictures and videos"
        ],
        "Microphone": [
            "record audio"
        ],
        "Wi-Fi connection information": [
            "view Wi-Fi connections"
        ],
        "Device ID & call information": [
            "read phone status and identity"
        ],
        "Other": [
            "change network connectivity",
            "change your audio settings",
            "connect and disconnect from Wi-Fi",
            "control vibration",
            "draw over other apps",
            "full network access",
            "pair with Bluetooth devices",
            "prevent device from sleeping",
            "view network connections"
        ],
        "Uncategorized": [
            "download files without notification",
            "receive data from Internet"
        ]
    }
}