{
    "title": "Primecar: Location, achat auto",
    "description": "Primecar is a marketplace specializing in the sale and rental of vehicles of all types.\r\n\r\n** Car rental ***\r\n\r\nWhether you are an individual or a professional, access a wide selection of vehicles accessible to all budgets. Negotiate rental costs directly with owners from the app. Grab your vehicle and go!\r\n\r\nPrimecar also offers vehicles that can be reserved from Ivory Coast or abroad, for all occasions: vacations, outings, trade fairs, business trips, ceremonies (weddings, baptisms), convoys, weekend, moving, transport of goods (vans, trucks, tractor units), etc. \r\n\r\nOur platform integrates all payment methods adapted to the Ivorian market. \r\nBook from the app by mobile money (wave, orange money, mtn momo, moov money), by bank card (visa, mastercard) or by transfer.\r\n\r\n\r\n**Car purchase***\r\n\r\nAre you looking to buy a new, semi-new or used car? Find the perfect opportunity on the Primecar app! We offer you quality new or used cars, guaranteed and serviced. You will find your happiness with us.\r\n\r\nAt Primecar, every used car has been carefully checked and serviced by a professional to ensure the proper functioning of important parts like the gearbox, exhaust system, cooling system, etc. \r\n\r\nWant to pay on credit? We can help you with car purchase financing options with your bank or our partner banks, under certain conditions!\r\n\r\nWhy Primecar? We offer you :\r\n• Revised and guaranteed vehicles,\r\n• A wide choice of prices to suit all budgets.\r\n• Contact with selected dealers.\r\n• Many filters to quickly find the car of your dreams.\r\n• Flexible purchasing based on your preferences: the possibility of\r\nreserve, buy online and have it delivered to your home or reserve online,\r\ntest drive the vehicle at the dealership and purchase it on site.\r\n• Easy payment options!\r\n\r\n\r\n** Car sale ***\r\n\r\nDo you want to sell your vehicle? Make the deposit on the application, and an advisor will contact you as soon as possible.\r\n\r\nAre you a professional and would you like to collaborate with Primecar? Do not hesitate to contact us.\r\n\r\nQuickly !  Download the app, book and take advantage of your rental!\r\nIt’s simple, easy and secure!\r\n \r\nTo find out more, visit our website: https://www.primecarapp.com\r\n\r\nDo you have needs? \r\nDo you want personalized assistance? \r\nWrite to us at hello@primecarapp.com\r\n\r\nFollow us :\r\nLinkedin: https://www.linkedin.com/company/primecarciv\r\nFacebook: https://www.facebook.com/primecarciv",
    "summary": "Rental or purchase of a new or used car in complete safety!",
    "installs": "10,000+",
    "score": 4.3333335,
    "ratings": 44,
    "price": 0,
    "currency": "EUR",
    "developer": "DINSS Technologies",
    "developerEmail": "hello@primecarapp.com",
    "developerWebsite": "https://www.primecarapp.com",
    "developerAddress": null,
    "privacyPolicy": "https://primecarapp.com/privacy",
    "genre": "Travel & Local",
    "contentRating": "PEGI 3",
    "released": "Oct 17, 2023",
    "lastUpdatedOn": "Jan 6, 2025",
    "appId": "com.dinsstech.primecar",
    "permisions": {
        "Location": [
            "approximate location (network-based)",
            "precise location (GPS and network-based)"
        ],
        "Photos/Media/Files": [
            "read the contents of your USB storage"
        ],
        "Storage": [
            "read the contents of your USB storage"
        ],
        "Camera": [
            "take pictures and videos"
        ],
        "Microphone": [
            "record audio"
        ],
        "Other": [
            "control vibration",
            "full network access",
            "prevent device from sleeping",
            "read Google service configuration",
            "run at startup",
            "view network connections"
        ],
        "Uncategorized": [
            "receive data from Internet"
        ]
    }
}