{
    "title": "Qibla Finder Compass 100%",
    "description": "Find Qibla direction القبلة with 100% accuracy for your prayers. To find Qibla direction, you don't need an internet connection! \r\n\r\nLow-size app that shows 100% Qibla Direction worldwide. Simple & Smart Qibla compass.\r\n\r\n100% Qibla Finder helps Muslims find the Kibla all over the world. The Qibla direction القبلة -direction of the Kaaba in Mecca (Makkah)- is indicated by an arrow on the map, so you can adjust your direction before you start your prayer using the Qibla Compass.\r\n\r\nQibla Finder is one of the rules that every Muslim should pay attention to. With our app, you can find the prayer direction accurately wherever you are. So you can start the prayer without losing your location with the smart Qibla Compass.\r\n\r\n<b><h2>100% Qibla Finder:  Qibla Compass, Direction All Features</h2></b>\r\n\r\n✓ You don't need the internet to see where Makkah is. Using its compass function, 100% Qibla Finder shows you where Mecca is located even offline.\r\n\r\n✓ Your direction is located with precision thanks to the GPS function of the application. To find Qibla direction القبلة, your phone's GPS function must be working properly Qibla finder.\r\n\r\n✓ You can re-detect your position with the \"Find my position\" function to be sure of the Kaaba.\r\n\r\n✓ You can share 100% Qibla Compass on Facebook and other social networks with your friends.\r\n\r\n<b>Additional features include:</b>\r\n<i>✓ Select from various map or Qibla Compass modes to match your preferences and improve usability, whether you prefer a traditional compass view or a more detailed map-based interface.</i>\r\n<i>✓ Customize your location marker to ensure greater accuracy and personalization, allowing you to adjust the marker's appearance and positioning for a more tailored experience.</i>\r\n<i>✓ Locate the nearest mosques to your current location</i>\r\n\r\nYou should hold your phone on a flat surface and keep it away from electromagnetic fields and metallic objects. If necessary, you can manually rearrange your location by tapping the marker.\r\n\r\nTo use the product, your phone must be away from magnetic fields. If there is too much of a magnetic field around, you might have trouble finding your way. The presence of a GPS jamming device around you can also affect steering. If you think you are not getting the correct result, you can try again at a time when there is no electronic device. However, you need to make sure that your phone is working properly. A problem with your phone can cause problems. Don't forget to activate Google GPS features. If you do not allow the location of the app, you may experience issues. So make sure you allow everything.\r\n\r\nYou can also use our product as a compass. With the help of your phone's sensors, you will have used one of the most accurate compass apps. The compass features will work even if you are offline. We remind you that you must be sure that there is no electromagnetic field around you to avoid problems with the functions of the compass.\r\n\r\nTo get the best results for القبلة Qibla direction, never forget the condition that you get the right result once. On your next attempts, run the product when you get the correct result. So you will continue to use the product without any problem.\r\n\r\nDon't forget to allow Google services to ensure the app works properly. Thus, you can access all the features without any problems. If you do not give permission, it is quite natural to experience disruptions and difficulties while working with your Qibla finder.\r\n\r\nGranting the necessary permissions will help the app function smoothly and efficiently, ensuring that you can fully utilize all of its features without encountering any issues or disruptions during use.\r\n\r\nPrivacy & Terms : https://www.cntinteractive.com/privacy-terms/",
    "summary": "Simple & Smart Qibla Compass for Namaz, 100% Qibla Direction القبلة worldwide",
    "installs": "10,000,000+",
    "score": 4.2201834,
    "ratings": 75502,
    "price": 0,
    "currency": "EUR",
    "developer": "CNT Interaktif Bilgi Tek. Yaz. San. ve Tic. A.S.",
    "developerEmail": "help@cntinteractive.com",
    "developerWebsite": "https://www.cntinteractive.com",
    "developerAddress": "Bayraklı / İzmir Türkiye",
    "privacyPolicy": "https://www.cntinteractive.com/privacy-terms/",
    "genre": "Maps & Navigation",
    "contentRating": "PEGI 3",
    "released": "Apr 28, 2016",
    "lastUpdatedOn": "Apr 30, 2025",
    "appId": "com.hundred.qibla.finder",
    "permisions": {
        "Location": [
            "approximate location (network-based)",
            "precise location (GPS and network-based)"
        ],
        "Other": [
            "control vibration",
            "full network access",
            "prevent device from sleeping",
            "run at startup",
            "view network connections"
        ],
        "Uncategorized": [
            "receive data from Internet"
        ]
    }
}