{
    "title": "Rent it - Scooter Sharing",
    "description": "Rent it gives you access to shared electric Scooter can be picked up and dropped off anywhere. Use Rent it for your work commute, to tour the city while on vacation, or when cruising the town with friends.\r\nHow it works:\r\n* Download the Rent it App\r\n* Create your Account\r\n* Find and scan QR printed on Rent it\r\n* Ride safely to your destination\r\n* End your ride and go",
    "summary": "Scooter Sharing",
    "installs": "1+",
    "score": null,
    "ratings": null,
    "price": 0,
    "currency": "EUR",
    "developer": "Rentit",
    "developerEmail": "hello@magnushub.com",
    "developerWebsite": null,
    "developerAddress": null,
    "privacyPolicy": "https://www.otoride.co/privacy-policy.html",
    "genre": "Travel & Local",
    "contentRating": "PEGI 3",
    "released": "Apr 9, 2025",
    "lastUpdatedOn": "Apr 9, 2025",
    "appId": "com.otoride.rentit",
    "permisions": {
        "Contacts": [
            "modify your contacts",
            "read your contacts"
        ],
        "Location": [
            "approximate location (network-based)",
            "precise location (GPS and network-based)"
        ],
        "Phone": [
            "read phone status and identity"
        ],
        "Photos/Media/Files": [
            "modify or delete the contents of your USB storage",
            "read the contents of your USB storage"
        ],
        "Storage": [
            "modify or delete the contents of your USB storage",
            "read the contents of your USB storage"
        ],
        "Camera": [
            "take pictures and videos"
        ],
        "Wi-Fi connection information": [
            "view Wi-Fi connections"
        ],
        "Device ID & call information": [
            "read phone status and identity"
        ],
        "Other": [
            "Google Play license check",
            "control flashlight",
            "control vibration",
            "draw over other apps",
            "full network access",
            "prevent device from sleeping",
            "run at startup",
            "view network connections"
        ],
        "Uncategorized": [
            "receive data from Internet"
        ]
    }
}