{
    "title": "AllTrails: Hike, Bike & Run",
    "description": "Whether you hike, bike, run, or walk, AllTrails is your companion and guide to the outdoors. Find detailed reviews and inspiration from a community of trail-goers like you. We’ll help you plan, live, and share your outdoor adventures.\r\n\r\nAllTrails offers more than a running app or fitness activity tracker. It’s built on the idea that the outside isn’t a place to seek, but rather a part of us all. Custom route planning helps you search for dog-friendly, kid-friendly, stroller-friendly, or wheelchair-friendly trails, and more.\r\n\r\n◆ Discover trails: Search over 450,000 trails around the world by location, interest, skill level, and more.\r\n◆ Plan your next adventure: Get in-depth trail info, from reviews to conditions to GPS driving directions — and save your favorite trails for later.\t\r\n◆ Stay on course: Stick to your planned route or chart your own course with confidence when you navigate on the trail with your phone or Wear OS device. Use Wear OS to leverage tiles and complications to start and monitor your activities.\t\r\n◆ Grow your community: Celebrate outdoor adventures and find inspiration by connecting with trail-goers like you. \r\n◆ Share your outdoor adventures: Easily post trails and activities on Facebook, Instagram, or WhatsApp. \r\n\r\nDiscover trails that fit your nature. Trails for workout planners, hikers, walkers, mountain bikers, trail runners, and casual cyclists. Whether you’re pushing your limits or pushing a stroller, there’s something out there for everyone. Let AllTrails help you find it.  \r\n\r\n► Do more outdoors with AllTrails+ ►\r\nSpend less time figuring out where you want to be, and more time enjoying where you are. With offline maps, wrong-turn alerts, and extra safety and planning features, your annual subscription gives you more tools for more adventures.\r\n\r\n◆ Search by distance from you to find the closest trails.\r\n◆ Stay informed with live route planner details like air quality, pollen, and light pollution.\r\n◆ Unplug completely or pack a backup with printed maps.\r\n◆ Download offline maps ahead of time and track your GPS location, even with no cell service.\r\n◆ Keep loved ones in the loop with Live Share.\r\n◆ Prepare for the hills ahead: Follow topo maps and trail maps in 3D.\r\n◆ Focus on the view, not the map, with wrong-turn alerts.\r\n◆ Get satellite weather with real-time map details.\r\n◆ Record your activity with stats and photos of your favorite hiking trails.\r\n◆ Give back: AllTrails donates a portion of every subscription to 1% for the Planet.\r\n◆ Explore ad-free: Remove occasional ads by subscribing\r\n\r\nWhether you’re geocaching in a national park, browsing bucket-list mountain bike routes, or planning a trail run to clear your head, AllTrails+ makes the great outdoors even greater.",
    "summary": "Explore the outdoors: hiking trail maps, bike trails, camping & backpacking maps",
    "installs": "10,000,000+",
    "score": 4.65046,
    "ratings": 365217,
    "price": 0,
    "currency": "EUR",
    "developer": "AllTrails, LLC",
    "developerEmail": "android-support@alltrails.com",
    "developerWebsite": "https://www.alltrails.com",
    "developerAddress": "530 Bush Street, Suite 900\nSan Francisco, CA 94108",
    "privacyPolicy": "https://www.alltrails.com/privacy",
    "genre": "Health & Fitness",
    "contentRating": "PEGI 3",
    "released": "Apr 30, 2014",
    "lastUpdatedOn": "Apr 21, 2025",
    "appId": "com.alltrails.alltrails",
    "permisions": {
        "Contacts": [
            "read your contacts"
        ],
        "Location": [
            "approximate location (network-based)",
            "precise location (GPS and network-based)"
        ],
        "Photos/Media/Files": [
            "modify or delete the contents of your USB storage",
            "read the contents of your USB storage"
        ],
        "Storage": [
            "modify or delete the contents of your USB storage",
            "read the contents of your USB storage"
        ],
        "Camera": [
            "take pictures and videos"
        ],
        "Wi-Fi connection information": [
            "view Wi-Fi connections"
        ],
        "Other": [
            "control vibration",
            "full network access",
            "prevent device from sleeping",
            "read Google service configuration",
            "run at startup",
            "view network connections"
        ],
        "Uncategorized": [
            "receive data from Internet"
        ]
    }
}