{
    "title": "MoovBuddy: Your Health Coach",
    "description": "Exercise with MoovBuddy’s personalized workouts prepared by <b>doctors</b> and <b>physiotherapists.</b> Train to <b>fix your posture</b> and <b>relieve pain</b> with quick exercises for back & neck & other body parts. Increase your fitness level with strength & stretch training. Get daily ergonomy tips & health advice & short exercises! Improve your mental health & reduce anxiety and stress with breathing exercises. Exercise with MoovBuddy to bring fitness and health to your home & office with MoovBuddy. Download now for a unique workout experience! \r\n\r\n\r\n<b>What can you achieve with MoovBuddy?</b>\r\n\r\n✔ Protect your overall health & improve your fitness level\r\n✔ Have a healthier and correct posture \r\n✔ Look taller & more attractive with a better posture\r\n✔ Get more flexible & improve balance\r\n✔ Maintain active during daytime with short and effective exercises\r\n✔ Train with special exercises with programs prepared by doctors & physical therapists. \r\n✔ Relieve pain in your back & neck and other body parts\r\n✔ Reduce stress & anxiety \r\n✔ Get motivated & save time with home workouts\r\n\r\n<b>What type of exercises can you find in MoovBuddy?</b>\r\n\r\n✔ Back & neck & other body parts pain relief exercises\r\n✔ Posture correction (forward head & hunchback etc. ) exercises\r\n✔ Strengthening & stretching exercises\r\n✔ Office & home workouts\r\n✔ Before & after sleep relaxation exercises\r\n✔ Breathing exercises \r\n✔ Workouts specific to women\r\n✔ Exercises for bloating & constipation\r\n✔ Workouts for balance & flexibility\r\n✔ 7 & 21 days posture and abs challenge \r\n✔ Exercises for urinary incontinence & better sexuality\r\n\r\n<b>How does MoovBuddy work?</b>\r\n\r\nGet your personalized workout program prepared according to your;\r\n\r\n✔Fitness level\r\n✔Gender\r\n✔Age\r\n✔Activity level\r\n✔Pain status\r\n✔Mobility level\r\n✔Daily habits\r\n✔Stress level\r\n✔Sleep quality\r\n\r\n\r\n\r\n✅ <b>Trusted and Approved Content:</b> MoovBuddy provides more than 250+ special exercise programs created by DOCTORS and PHYSIOTHERAPISTS. Get your personalized program according to your health & fitness level.\r\n\r\n⏰ <b>Daily Reminders and Recommendations:</b> The key factor for the best result is to exercise regularly. Set specific reminders for your workout time. Receive ergonomy and health advice to form good habits. Relax and stretch your muscles with the short exercises we send. Reduce stress & anxiety with special breathing techniques.\r\n\r\n📈 <b>Feedbacks and Activity History:</b> View your completion status and pain & and mobility progress. Keep track of your steps & daily amount of water & challenge completion status.\r\n\r\n🏃🏻 <b>Short & Efficient Exercises That Easy to Apply:</b> Exercise with MoovBuddy’s customized workouts! Get stronger and feel better & healthy. You just need your mobile device!\r\n\r\nPrivacy Policy: https://bit.ly/2PzWRIq\r\nTerms of Use: https://bit.ly/2Pyfaxn\r\nSupport: info@moovbuddy.com",
    "summary": "With AI powered coach, get your personalized plan, fix posture, relieve pain!",
    "installs": "100,000+",
    "score": 3.2,
    "ratings": 2830,
    "price": 0,
    "currency": "EUR",
    "developer": "MoovBuddy",
    "developerEmail": "info@moovbuddy.com",
    "developerWebsite": "https://moovbuddy.com",
    "developerAddress": "Beşyol Mah. 1. İnönü Caddesi No.38/1 Küçükçekmece İstanbul, Istanbul, 34295, TR",
    "privacyPolicy": "https://moovbuddy.com/gizlilik-sozlesmesi",
    "genre": "Health & Fitness",
    "contentRating": "PEGI 3",
    "released": "Jun 27, 2019",
    "lastUpdatedOn": "Apr 29, 2025",
    "appId": "com.digitallence.vexrobapp",
    "permisions": {
        "Phone": [
            "read phone status and identity"
        ],
        "Photos/Media/Files": [
            "modify or delete the contents of your USB storage",
            "read the contents of your USB storage"
        ],
        "Storage": [
            "modify or delete the contents of your USB storage",
            "read the contents of your USB storage"
        ],
        "Camera": [
            "take pictures and videos"
        ],
        "Microphone": [
            "record audio"
        ],
        "Wi-Fi connection information": [
            "view Wi-Fi connections"
        ],
        "Device ID & call information": [
            "read phone status and identity"
        ],
        "Other": [
            "control vibration",
            "full network access",
            "prevent device from sleeping",
            "run at startup",
            "view network connections"
        ],
        "Uncategorized": [
            "receive data from Internet"
        ]
    }
}