{
    "title": "Fil Bleu",
    "description": "Useful, easy and free, Fil Bleu’s app helps you to build your bus and tram trips in Tours and its surrounding area.\r\n\r\nMy journeys simplified thanks to many features:\r\n\r\n- I organize my journey:\r\n         I am looking for the best route according to my needs! I can receive an alert before\r\ndeparture. The research is accessible for people with reduced mobility\r\n         I buy occasional titles from the M-Ticket section. I pay directly by credit card, and my ticket is available in my app. I scan the QR code each time I get on board a vehicle, Bus, Tram, Car, Résabus and even in the\r\nBlue Wire Carriage\r\n         I consult the lines that serve my stop, and I easily visualize all the stops of the network on a map (route, connection, important places, plan)\r\n\r\n- I anticipate my trips:\r\n         I consult the schedules of my stop in real time\r\n         I follow the route of my bus or tram using the Real-Time Vehicle feature to better prepare for getting on and off\r\n         I select my favorite stops, and I receive pop-up notifications of information or disruptions\r\n\r\n- I contact Fil Bleu\r\n         I make a request for information or my customer feedback\r\n         I report any malfunctions I see on the Fil Bleu network. I select the place, the type of category and I specify the anomaly (with or without photo)\r\n\r\n- I can find all the useful information on the network: news, prices, plan B info (tram replacement in the event of disruption), park and ride, bike parks\r\n\r\nThe Fil Bleu mobile application, validated by the Valentin Haüy Association, is adapted to the needs of visually impaired people.\r\n\r\n\r\nFil Bleu mobile application is published by Keolis Tours, operator of the Fil Bleu transport network.",
    "summary": " Official transport app for the Greater Tours network.",
    "installs": "100,000+",
    "score": 2.95,
    "ratings": 705,
    "price": 0,
    "currency": "EUR",
    "developer": "Code-Troopers",
    "developerEmail": "appli@filbleu.fr",
    "developerWebsite": "http://www.filbleu.fr",
    "developerAddress": "26 Bis rue Abraham Bosse\n37000 Tours",
    "privacyPolicy": "https://www.filbleu.fr/mentions-legales/politique-de-confidentialite",
    "genre": "Maps & Navigation",
    "contentRating": "PEGI 3",
    "released": "Dec 4, 2014",
    "lastUpdatedOn": "Mar 27, 2025",
    "appId": "com.codetroopers.transport.tours",
    "permisions": {
        "Location": [
            "approximate location (network-based)",
            "precise location (GPS and network-based)"
        ],
        "Phone": [
            "read phone status and identity"
        ],
        "Photos/Media/Files": [
            "modify or delete the contents of your USB storage",
            "read the contents of your USB storage"
        ],
        "Storage": [
            "modify or delete the contents of your USB storage",
            "read the contents of your USB storage"
        ],
        "Camera": [
            "take pictures and videos"
        ],
        "Device ID & call information": [
            "read phone status and identity"
        ],
        "Other": [
            "access Bluetooth settings",
            "control Near Field Communication",
            "control vibration",
            "full network access",
            "pair with Bluetooth devices",
            "prevent device from sleeping",
            "run at startup",
            "view network connections"
        ],
        "Uncategorized": [
            "receive data from Internet"
        ]
    }
}