{
    "title": "m365 DownG",
    "description": "App to send firmware to M365 Scooter over bluetooth, it includes all official firmwares available over internet. It allows downgrade.\r\n\r\nThe app is free and it comes without any warranty,  all flashable files belong to their respective owners,\r\n\r\nThis app is compatible on the M365 Scooter and ninebot scooters.\r\n\r\nSome zip firmwares are available on telegram channel:\r\n\r\nhttps://t.me/joinchat/AAAAAFIER-b3WA7UgjJDcA\r\n\r\nOr you can create a zip firmware here:\r\n\r\nhttps://scooterhacking.org/\r\n\r\nIf you want you can check out my github\r\n\r\nhttps://github.com/CamiAlfa",
    "summary": "App to manage firmware on M365 Scooter",
    "installs": "1,000,000+",
    "score": 3.72,
    "ratings": 4059,
    "price": 0,
    "currency": "EUR",
    "developer": "CamiAlfa",
    "developerEmail": "camialfa2@gmail.com",
    "developerWebsite": null,
    "developerAddress": null,
    "privacyPolicy": "https://camialfa.github.io/",
    "genre": "Tools",
    "contentRating": "PEGI 3",
    "released": "Mar 4, 2018",
    "lastUpdatedOn": "May 19, 2024",
    "appId": "com.m365downgrade",
    "permisions": {
        "Location": [
            "approximate location (network-based)",
            "precise location (GPS and network-based)"
        ],
        "Photos/Media/Files": [
            "modify or delete the contents of your USB storage",
            "read the contents of your USB storage"
        ],
        "Storage": [
            "modify or delete the contents of your USB storage",
            "read the contents of your USB storage"
        ],
        "Other": [
            "access Bluetooth settings",
            "pair with Bluetooth devices"
        ]
    }
}