{
    "title": "Train Ticket Booking App",
    "description": "With this train ticket booking app, you can plan your next trip. Book train, bus & hotels and more. And yes you can also explore travel places and by using the train ticket app you are also aware of the latest trip and travel deals. With this app, you can do all your travel bookings? Download Train Ticket Booking App! and plan your next trip or if you have already a trip plan get the best deals on it.",
    "summary": "Book you train ticket by Train Ticket Booking App.",
    "installs": "10,000+",
    "score": null,
    "ratings": null,
    "price": 0,
    "currency": "EUR",
    "developer": "Hapvey",
    "developerEmail": "support@hapvey.com",
    "developerWebsite": "https://www.hapvey.com",
    "developerAddress": null,
    "privacyPolicy": "https://policies.hapvey.com/trainticket-policy",
    "genre": "Travel & Local",
    "contentRating": "PEGI 3",
    "released": "Oct 16, 2021",
    "lastUpdatedOn": "Aug 9, 2024",
    "appId": "book.train.ticket.online.app",
    "permisions": {
        "Other": [
            "full network access",
            "prevent device from sleeping",
            "view network connections"
        ],
        "Uncategorized": [
            "receive data from Internet"
        ]
    }
}