{
    "title": "Google Fit: Activity Tracking",
    "description": "Get to a healthier and more active life with the new Google Fit!\r\n\r\nIt's hard to know how much or what kind of activity you need to stay healthy. That's why Google Fit collaborated with the World Health Organization (WHO) and the American Heart Association (AHA) to bring you Heart Points, an activity goal that can help improve your health.\r\n\r\nActivities that get your heart pumping harder have tremendous health benefits for your heart and mind. You'll earn one Heart Point for each minute of moderate activity like picking up the pace when walking your dog, and double points for more intense activities like running. It takes just 30-minutes of brisk walking five days a week to reach the AHA and WHO's recommended amount of physical activity shown to reduce the risk of heart disease, improve sleep, and increase overall mental wellbeing.\r\n\r\nGoogle Fit will also help you:\r\n\r\nTRACK YOUR WORKOUTS FROM YOUR PHONE OR WATCH\r\nGet instant insights when you exercise and see real-time stats for your runs, walks, and bike rides. Fit will use your Android phone's sensors or Wear OS by Google smartwatch's heart rate sensors to record your speed, pace, route, and more.\r\n\r\nMONITOR YOUR GOALS\r\nSee your daily progress on your Heart Points and Steps goal. Meeting your goals all the time? Easily adjust your goals to keep challenging yourself to achieve a healthy heart and mind.\r\n\r\nMAKE ALL YOUR MOVEMENT COUNT\r\nIf you walk, run, or bike throughout the day, your Android phone or Wear OS by Google smartwatch will automatically detect and add your activities to your Google Fit journal to ensure you get credit for every move. Want extra credit? Turn up the tempo on your walks by starting a paced walking workout and stepping to the beat. Enjoy a different type of workout? Select it from a list of activities like pilates, rowing, or spinning, and Google Fit will track all the Heart Points you earn.\r\n\r\nCONNECT WITH YOUR FAVORITE APPS AND DEVICES\r\nFit can show you info from many of your favorite apps and devices to give you a holistic view of your health, so you'll never lose track of your progress. These include Lifesum, Wear OS by Google, Nike+, Runkeeper, Strava, MyFitnessPal, Basis, Sleep as Android, Withings, Xiaomi Mi bands, and more.\r\n\r\nCHECK IN AT ANYTIME, FROM ANYWHERE\r\nSee a snapshot of your activity history across Fit and your integrated apps in the redesigned journal. Or, get the full picture in browse, where you can find all of your health and wellness data.\r\n\r\nKEEP A FINGER ON THE PULSE OF YOUR HEALTH\r\nBreathing is one of the simplest ways to reduce tension and relieve stress. With Fit, checking in with your breath is easy—all you need is your phone camera. As well as your respiratory rate, you can measure your heart rate to get a better understanding of your body’s wellbeing.\r\n\r\nVIEW YOUR DAY'S STATS AT A GLANCE\r\nAdd a widget to the home screen of your Android phone or set up a tile and complication on your Wear OS by Google smartwatch.\r\n\r\nLearn more about Google Fit and see a list of supported apps at: www.google.com/fit",
    "summary": "Want to take charge of your health? Let Google Fit help you reach your goals.",
    "installs": "100,000,000+",
    "score": 3.06875,
    "ratings": 655332,
    "price": 0,
    "currency": "EUR",
    "developer": "Google LLC",
    "developerEmail": "apps-help@google.com",
    "developerWebsite": "http://www.android.com/",
    "developerAddress": "1600 Amphitheatre Parkway, Mountain View 94043",
    "privacyPolicy": "http://www.google.com/policies/privacy",
    "genre": "Health & Fitness",
    "contentRating": "PEGI 3",
    "released": "Oct 28, 2014",
    "lastUpdatedOn": "Mar 21, 2025",
    "appId": "com.google.android.apps.fitness",
    "permisions": {
        "Identity": [
            "add or remove accounts",
            "find accounts on the device"
        ],
        "Contacts": [
            "find accounts on the device"
        ],
        "Location": [
            "approximate location (network-based)",
            "precise location (GPS and network-based)"
        ],
        "Photos/Media/Files": [
            "modify or delete the contents of your USB storage",
            "read the contents of your USB storage"
        ],
        "Storage": [
            "modify or delete the contents of your USB storage",
            "read the contents of your USB storage"
        ],
        "Camera": [
            "take pictures and videos"
        ],
        "Wearable sensors/Activity data": [
            "body sensors (like heart rate monitors)"
        ],
        "Other": [
            "access Bluetooth settings",
            "control vibration",
            "draw over other apps",
            "full network access",
            "measure app storage space",
            "pair with Bluetooth devices",
            "prevent device from sleeping",
            "read Google service configuration",
            "read sync settings",
            "run at startup",
            "toggle sync on and off",
            "view network connections"
        ],
        "Uncategorized": [
            "control media playback and metadata access",
            "read sync statistics",
            "receive data from Internet"
        ]
    }
}