{
    "title": "MapFactor Navigator",
    "description": "* Best rated free offline navigation app on Google Play with 35 mil+ installs*\r\nNow for Android Auto!\r\n\r\nMapFactor Navigator is a free GPS navigation app with free offline maps from OpenStreetMaps (incl. free monthly maps update). Navigate without an internet connection in more than 200 countries. Intuitive voice turn-by-turn navigation, speed limits, camera warnings and other useful features.\r\n\r\nKey features of MapFactor GPS Navigation app:\r\n- voice navigation in various languages\r\n- door-to-door route planning\r\n- overview of the upcoming maneuver and distance shown on the screen\r\n- free offline maps with postcodes (full GB postcodes) installed on your device or SD card\r\n- points of interest (incl. EV chargers)\r\n- speed limit and camera warnings \r\n- favorite routes and places\r\n- 2D/3D mode allows realistic visual maps display\r\n- day/night mode\r\n- routing modes for car, bus, truck, pedestrian, bicycle, motocycle, mobilehome\r\n- route avoidance - block off certain road from your route\r\n- maps rotate in driving direction or north up\r\n- customization possibilities\r\n- Android Auto connectivity\r\n\r\nOptional features:\r\n- professional TomTom maps\r\n- Premium Features: Alternative routes, Head-Up Display, No ads, App color themes\r\n- Live HD Traffic info (80+ countries)\r\n- Online Search\r\n- Remote commands\r\n\r\nOSM maps are created by community of volunteers at www.osm.org and are updated every month for FREE.\r\n\r\nNavigator Truck (TomTom maps) for large vehicles avoids restrictions like low bridges and narrow lanes.\r\n\r\nMapFactor also makes the popular NavigatorFREE GPS navigation software for PC, Pocket PC, WinCE and iOS.\r\n\r\nFor help/feedback to our GPS navigation email android@mapfactor.com.\r\n\r\n--  OpenStreetMaps: Available free maps: --\r\n= EUROPE:\r\nAlbania\r\nAndorra\r\nArmenia\r\nAzerbaijan\r\nAustria\r\nBelarus\r\nBelgium\r\nBosnia And Herzegovina\r\nBulgaria\r\nCroatia\r\nCyprus\r\nCzech Rep.\r\nDenmark\r\nEstonia\r\nFaroe Islands\r\nFinland\r\nFrance\r\nGeorgia\r\nGermany\r\nGibraltar\r\nGreece\r\nGuernsey\r\nHungary\r\nIceland\r\nIreland\r\nIsle Of Man\r\nItaly\r\nJan Mayen\r\nJersey\r\nKosovo\r\nLatvia\r\nLiechtenstein\r\nLithuania\r\nLuxembourg\r\nMacedonia\r\nMalta\r\nMoldova\r\nMonaco\r\nMontenegro\r\nNetherlands\r\nNorway\r\nPoland\r\nPortugal\r\nRomania\r\nRussian Federation\r\nSan Marino\r\nSerbia\r\nSlovakia\r\nSlovenia\r\nSpain\r\nSweden\r\nSwitzerland\r\nUkraine\r\nUnited Kingdom\r\nUnited Kingdom Postcode - Ordnance Survey\r\nVatican City\r\n\r\n= AMERICA:\r\nAntigua And Barbuda\r\nArgentina\r\nAruba\r\nBarbados\r\nBelize\r\nBolivia\r\nBrazil\r\nBritish Virgin Islands\r\nCanada\r\nCaribbean Netherlands\r\nChile\r\nColombia\r\nCosta Rica\r\nCrozet Islands\r\nCuba\r\nCuracao\r\nDominica\r\nDominican Rep.\r\nEcuador\r\nEl Salvador\r\nFrench Guiana\r\nGrenada\r\nGuadeloupe\r\nGuatemala\r\nGuyana\r\nHaiti\r\nHonduras\r\nJamaica\r\nMartinique\r\nMexico\r\nMontserrat\r\nNicaragua\r\nPanama\r\nParaguay\r\nPeru\r\nPuerto Rico\r\nSaint Kitts And Nevis\r\nSaint Lucia\r\nSaint Martin\r\nSaint Vincent And The Grenadines\r\nSt Pierre And Miquelon\r\nSuriname\r\nThe Bahamas\r\nTurks And Caicos Islands\r\nTrinidad And Tobago\r\nUruguay\r\nUSA\r\nVirgin Islands\r\nVenezuela\r\nWallis And Futuna\r\n\r\n= ASIA:\r\nAfghanistan\r\nBahrain\r\nBangladesh\r\nBhutan\r\nBrunei\r\nCambodia\r\nD.Rep. of Timor Leste\r\nGaza Strip\r\nChina\r\nIndia\r\nIndonesia\r\nIran\r\nIraq\r\nIsrael\r\nJapan\r\nJordan\r\nKazakhstan\r\nKuwait\r\nKyrgyzstan\r\nLaos\r\nLebanon\r\nMalaysia\r\nMaldives\r\nMongolia\r\nNepal\r\nNorth Korea\r\nOman\r\nPakistan\r\nPalestine\r\nQatar\r\nPhilippines\r\nSaudi Arabia\r\nSingapore\r\nSouth Korea\r\nSri Lanka\r\nSyria\r\nTaiwan\r\nTajikistan\r\nThailand\r\nTurkey\r\nTurkmenistan\r\nUnion Of Myanmar\r\nUnited Arab Emirates\r\nUzbekistan\r\nVietnam\r\nYemen\r\n\r\n= AUSTRALIA:\r\nAustralia\r\nFed. States Of Micronesia\r\nFiji\r\nGuam\r\nKiribati\r\nMarshall Islands\r\nNauru\r\nNew Caledonia\r\nNew Zealand\r\nNorthern Mariana Islands\r\nPalau\r\nPapua New Guinea\r\n\r\n= AFRICA:\r\nAlgeria\r\nAngola\r\nBenin\r\nBotswana\r\nBurkina Faso\r\nBurundi\r\nCameroon\r\nCape Verde\r\nCentral African Rep.\r\nChad\r\nComoros\r\nCongo\r\nD.Rep. of The Congo\r\nDjibouti\r\nEgypt\r\nEquatorial Guinea\r\nEritrea\r\nEthiopia\r\nGabon\r\nGambia\r\nGhana\r\nGuinea Bissau\r\nGuinea\r\nIvory Coast\r\nKenya\r\nLesotho\r\nLiberia\r\nLibya\r\nMadagascar\r\nMalawi\r\nMali\r\nMauritania\r\nMauritius\r\nMorocco\r\nMozambique\r\nNamibia\r\nNiger\r\nNigeria\r\nRwanda\r\nSao Tome And Principe\r\nSenegal\r\nSeychelles\r\nSierra Leone\r\nSomalia\r\nSouth Africa\r\nSudan\r\nSwaziland\r\nTogo\r\nTunisia\r\nUganda\r\nTanzania\r\nWestern Sahara\r\nZambia\r\nZimbabwe",
    "summary": "GPS Navigation - offline maps from OSM & TomTom. Android Auto, Live Traffic.",
    "installs": "10,000,000+",
    "score": 4.2460537,
    "ratings": 995579,
    "price": 0,
    "currency": "EUR",
    "developer": "MapFactor",
    "developerEmail": "android@mapfactor.com",
    "developerWebsite": "https://navigatorfree.mapfactor.com/?utm_source=google_play_navFREE&utm_medium=referral&utm_campaign=NavigatorFREE",
    "developerAddress": "Stefanikova 24\nPraha 5, 150 00\nCzech Republic",
    "privacyPolicy": "https://www.mapfactor.com/privacy-policy/",
    "genre": "Maps & Navigation",
    "contentRating": "PEGI 3",
    "released": "Apr 13, 2012",
    "lastUpdatedOn": "Mar 27, 2025",
    "appId": "com.mapfactor.navigator",
    "permisions": {
        "Location": [
            "approximate location (network-based)",
            "precise location (GPS and network-based)"
        ],
        "Phone": [
            "read phone status and identity"
        ],
        "Photos/Media/Files": [
            "modify or delete the contents of your USB storage",
            "read the contents of your USB storage"
        ],
        "Storage": [
            "modify or delete the contents of your USB storage",
            "read the contents of your USB storage"
        ],
        "Wi-Fi connection information": [
            "view Wi-Fi connections"
        ],
        "Device ID & call information": [
            "read phone status and identity"
        ],
        "Other": [
            "change your audio settings",
            "full network access",
            "pair with Bluetooth devices",
            "prevent device from sleeping",
            "run at startup",
            "send sticky broadcast",
            "view network connections"
        ]
    }
}