{
    "title": "Sastaticket.pk Flights, Bus",
    "description": "<h1><b>📱 Best App To Book Cheap Flight Tickets ✈️ </b></h1>\r\n\r\nGet an unmatched travel experience with Sastaticket.pk. Easy, secure & always available for you!\r\n\r\nBook cheap domestic and international flights on Pakistan’s favorite online travel booking website, Sastaticket.pk.\r\n\r\n<b>Trivia</b>: Last year alone, customers saved more than Rs.40 million with Sastaticket.pk and booked flights to 63 countries!\r\n\r\n<b>Features</b>:\r\n✔️ Enhanced user experience\r\n✔️ Multiple payment options\r\n✔️ 24/7 Customer Support\r\n✔️ Easy cancellation and refund process\r\n\r\nBeing a pioneer in Pakistan’s online travel industry, Sastaticket.pk ensures the best online flight ticket booking experience with minimum cost and the best deal.\r\n\r\n<h2><b>Book Online Air Tickets from 100+ Airlines</b></h2>\r\nBook domestic & international airline tickets instantly at lowest airfares\r\n\r\nAccess 100+ airlines from all over the world. All domestic airlines like PIA, Air Sial, Airblue and Serene Air are available for instant online ticket booking\r\n\r\nGet cheap flight ticket booking for all international airlines including Emirates, Etihad, Fly Dubai, Turkish Airlines, Qatar Airways, Saudi Arabian Airlines, Thai Airways, Air Arabia, Gulf Air, British Airways, Srilankan Airlines and so many more. Get flight discount offers with sasta ticket’s online ticket booking\r\n\r\n<b>How to Book a Flight on Sastaticket.pk</b>:\r\n·         Select departure city, arrival destination, travel date & one way or round trip\r\n·         Choose your preferred flight\r\n·         Enter passenger details\r\n·         Pay using multiple payment options\r\n·         Receive your e-ticket via email\r\n\r\n<b>Why Sastaticket.pk?</b>\r\n📱Amount Saved :\r\n -This feature allows users to see potential cost savings by booking flights through the app, which may include discounts, deals, or rewards.\r\n📱Layover time : \r\n- This feature displays the duration of layovers for connecting flights, helping users make informed decisions about their travel itinerary.\r\n📱No withholding taxes and no international charges : \r\n- This aspect ensures transparency in pricing, letting users know that there are no hidden withholding taxes or international charges when booking through the app.\r\n\r\n\r\n<b>Flight Tickets Booking in Sastaticket.pk App</b>:\r\n✔️Sort by cheapest and fastest:\r\n- Users can conveniently sort and filter flight options based on their preferences, such as finding the cheapest or fastest flights available.\r\n✔️Meal plan: \r\n- This feature provides users with information about meal options available on the selected flight, allowing them to choose and pre-order meals if desired.\r\n✔️Baggage: \r\n- Users can view details about baggage policies for different airlines and select their preferred baggage options, such as carry-on or checked bags.\r\n✔️Non-stop: \r\n- Users can easily identify and choose non-stop flights for a more direct and efficient travel experience.\r\n✔️Price Range: \r\n- Users can set their budget preferences and search for flights within a specified price range to find options that meet their financial criteria.\r\n✔️Airlines: \r\n- This feature allows users to filter and select specific airlines they prefer to fly with, providing them with more control over their flight choices.\r\n✔️Departure time: \r\n- Users can search for flights based on their preferred departure times, making it convenient for those with specific scheduling needs.\r\n✔️Arrival time: \r\n- Similar to departure time, this feature enables users to find flights that align with their preferred arrival times at their destination.\r\n\r\n<h2><b>Popular Domestic Flight Routes in Pakistan</b></h2>\r\nKarachi - Islamabad - Karachi\r\nLahore- Karachi- Lahore\r\nLahore- Skardu- Lahore\r\nIslamabad- Gilgit- Islamabad\r\nPeshawar- Karachi- Peshawar\r\n\r\n<b>Popular International Flight Routes in Pakistan</b> \r\nKarachi- Dubai- Karachi\r\nLahore- Istanbul- Lahore\r\nLahore- Toronto- Lahore\r\nIslamabad- Abu Dhabi- Islamabad\r\nPeshawar- Sharjah\r\n\r\n\r\nFor any queries/suggestions, call us at: +92 21 111 172 782 (Sasta) or email support@sastaticket.pk\r\n\r\nHappy Traveling!",
    "summary": "📱 Best App to Book Cheap Flight Tickets, Bus Tickets & Visas ✈️🚌",
    "installs": "1,000,000+",
    "score": 4.8,
    "ratings": 12124,
    "price": 0,
    "currency": "EUR",
    "developer": "Sastaticket.pk",
    "developerEmail": "support.app@sastaticket.pk",
    "developerWebsite": "https://www.sastaticket.pk/app-ads.txt",
    "developerAddress": null,
    "privacyPolicy": "https://www.sastaticket.pk/pages/privacy-policy",
    "genre": "Travel & Local",
    "contentRating": "PEGI 3",
    "released": "Dec 21, 2020",
    "lastUpdatedOn": "Apr 27, 2025",
    "appId": "com.pk.sastaticket",
    "permisions": {
        "Photos/Media/Files": [
            "read the contents of your USB storage"
        ],
        "Storage": [
            "read the contents of your USB storage"
        ],
        "Other": [
            "control vibration",
            "full network access",
            "prevent device from sleeping",
            "read Google service configuration",
            "run at startup",
            "view network connections"
        ],
        "Uncategorized": [
            "receive data from Internet"
        ]
    }
}