{
    "title": "ConfirmTkt: Train Booking App",
    "description": "<big><b>Fastest Train Ticket Booking App</b></big>\r\n IRCTC Authorised Partner\r\nHighest Rated Train App in India 🇮🇳\r\n\r\n<b>Confirmed train tickets</b>\r\nIncrease your chance of getting Confirm train ticket with the ConfirmTkt Alternates and Prediction feature.\r\n\r\n<b>Get a Full Refund on train ticket cancellation</b>\r\nWith the ConfirmTkt Free Cancellation feature, get an instant and full refund.\r\n\r\nOther Services\r\n<b>PNR Status | Live Train Running Status | Train Schedule</b>\r\n\r\nYou can easily use your existing IRCTC login credentials for train ticket booking on ConfirmTkt Train App.\r\n\r\nWhy ConfirmTkt is the <b>Best App for IRCTC Train Ticket Booking</b>?\r\n\r\n💺<b>IRCTC Bookings with Easy IRCTC Login</b>\r\n\r\n● Get Confirmed Train Tickets powered by waitlist Prediction and the Same Train Alternates feature.\r\n●  Full refund on IRCTC ticket cancellation.\r\n●  Dedicated 24x7 customer support; for any IRCTC train booking & enquiry related queries, call 08068243910\r\n● Alternates feature that combines train and train, bus and train to give you a confirmed ticket to travel\r\n● Recover forgotten IRCTC or register a new IRCTC userid easily. Reset the IRCTC password in the app.\r\n● Supports General Quota, Ladies, Tatkal, Lower Berth/Sr. Citizen quotas\r\n● Easily get Confirm Train Ticket after final chart preparation through Current Availability.\r\n● IRCTC Vikalp Option available to help you get Confirm Train Ticket.\r\n\r\n\r\n📈 <b>PNR Status & Wait-list Predictions of Train Tickets</b>\r\n\r\nYou can quickly check the PNR Status of your IRCTC train ticket on the ConfirmTkt App. In addition, you can get instant updates through the notification of any change in PNR Status and your train timings or route. \r\nIf your ticket is on the waitlist, you can also see the prediction of getting your train ticket confirmed. Also, you can check for any hidden confirm tickets through ConfirmTkt same train alternates.  \r\n\r\n<b>Train Booking Recommendation</b>: We highly recommend you prepare for alternatives if the ConfirmTkt prediction of your train ticket is a low chance and you cannot find any confirmed ticket through ConfirmTkt's same train alternate feature.\r\n\r\n📍<b>IRCTC Live Train Running Status</b>\r\n\r\nAfter booking IRCTC train tickets on ConfirmTkt App, you can quickly check your train running status and get live updates of your train. So you can plan a hassle-free train journey with the ConfirmTkt train App.\r\n\r\n\r\n🙋<b>Some of the frequently asked queries that we get from our train ticket booking users</b>\r\n\r\n1. How ConfirmTkt increases your chance of getting Confirm Train Ticket?\r\n\r\nSame Train Alternates and Train Waitlist Prediction of ConfirmTkt is the best in the industry.\r\nWith ConfirmTkt same train alternates, you can find hidden confirm train tickets by changing your boarding/dropping point. With ConfirmTkt's accurate prediction, even if the ticket is on the waitlist, your ticket will get confirmed if the ConfirmTkt forecast is green, so go ahead and book your train ticket with assurance.\r\n\r\n2. Does ConfirmTkt Guarantees Confirm Train Ticket?\r\nNo ConfirmTkt does not guarantee you a confirmed train ticket. But instead, it increases your chance of getting a confirm train ticket powered by the same train alternates and prediction.\r\n\r\n3. How many days in advance train ticket can be booked for any route?\r\nTrain tickets can be booked 120 days in advance on ConfirmTkt App.\r\n\r\n\r\n🏅<b> Awards</b>\r\n●\tConfirmTkt is the winner of awards like the mBillionth Travel & Culture award in 2017 Manthan award in 2016. Also selected as the most innovative startup by Nasscom 10k startups at NPC 2016.\r\n\r\nBecome Train Ticket Tiger with ConfirmTkt Train App\r\n\r\nWe are a principal service provider for IRCTC, and IRCTC has its app as IRCTC Rail Connect.\r\n\r\nNote: IRCTC is often misspelt as irtc\r\n<b>IRCTC</b> : Indian Railway Catering and Tourism Corporation\r\n\r\n📧 For queries/feedback on IRCTC train ticket booking\r\ntrainticketenquiry@confirmtkt.com",
    "summary": "IRCTC Authorised Train Ticket: ✓Fast ✓Easy IRCTC Login ✓Full Refund ✓PNR Status",
    "installs": "50,000,000+",
    "score": 4.4727273,
    "ratings": 913775,
    "price": 0,
    "currency": "EUR",
    "developer": "ConfirmTkt - IRCTC Authorised Partner",
    "developerEmail": "trainticketenquiry@confirmtkt.com",
    "developerWebsite": "https://www.confirmtkt.com",
    "developerAddress": "2nd floor, Indiqube Hexa, Sector 6, HSR Layout, Bengaluru, Karnataka 560102",
    "privacyPolicy": "https://www.iubenda.com/privacy-policy/15218362",
    "genre": "Travel & Local",
    "contentRating": "PEGI 3",
    "released": "Aug 1, 2014",
    "lastUpdatedOn": "Apr 14, 2025",
    "appId": "com.confirmtkt.lite",
    "permisions": {
        "Identity": [
            "add or remove accounts",
            "find accounts on the device",
            "read your own contact card"
        ],
        "Contacts": [
            "find accounts on the device",
            "read your contacts"
        ],
        "Location": [
            "approximate location (network-based)",
            "precise location (GPS and network-based)"
        ],
        "SMS": [
            "read your text messages (SMS or MMS)",
            "receive text messages (SMS)"
        ],
        "Phone": [
            "read phone status and identity"
        ],
        "Photos/Media/Files": [
            "modify or delete the contents of your USB storage",
            "read the contents of your USB storage"
        ],
        "Storage": [
            "modify or delete the contents of your USB storage",
            "read the contents of your USB storage"
        ],
        "Camera": [
            "take pictures and videos"
        ],
        "Microphone": [
            "record audio"
        ],
        "Device ID & call information": [
            "read phone status and identity"
        ],
        "Other": [
            "Google Play license check",
            "change network connectivity",
            "change your audio settings",
            "create accounts and set passwords",
            "draw over other apps",
            "full network access",
            "prevent device from sleeping",
            "read Google service configuration",
            "read sync settings",
            "run at startup",
            "toggle sync on and off",
            "view network connections"
        ],
        "Uncategorized": [
            "receive data from Internet"
        ]
    }
}