{
    "title": "Dubai Metro Schedule & Routes",
    "description": "The Dubai Metro App: Your one-stop shop for all things Dubai Metro. Unleash the full potential of the Dubai Metro with our all-encompassing app. Your complete guide to navigating the Dubai Metro, all in one mobile app.\r\n\r\nMAIN FEATURES:\r\n\r\nFind a route between stations:\r\n- Plan your journey effortlessly with our route finder.\r\n- Discover the fastest way to reach your destination.\r\n- Navigate the metro network with ease.\r\n\r\nRoute Map:\r\n- Get a bird's eye view of the entire Dubai Metro network.\r\n- Explore the metro system at your own pace.\r\n- Plan your trip with confidence.\r\n\r\nRed Line and Green Line:\r\n- Travel between these popular routes with our dedicated info.\r\n- Check timings and fares for these routes.\r\n\r\nTime Schedule:\r\n- Never miss a train again with our real-time schedule.\r\n- Plan your day with precision.\r\n- Make the most of your travel time.\r\n\r\nCurrent Location:\r\n- Find the closest metro station instantly.\r\n- Get seamless navigation with Google Maps integration.\r\n- Never be lost in the city again.\r\n\r\nNearest metro station:\r\n- Discover nearby metro stations in a flash.\r\n- Navigate the city with convenience.\r\n- Find your way to the metro, no matter where you are.\r\n\r\nLive Cricket Scores:\r\n- Live scores and ball-by-ball highlights for each match.\r\n- Up-to-date information on matches, team rankings, player statistics, and more.\r\n- Interactive content features, such as games, quizzes, and trending news.\r\n- Integration with social media platforms for easy sharing.\r\n\r\nNOTE: Please note that the map provided in this app is for informational purposes only. We cannot be held liable for any inaccuracies it may contain.",
    "summary": "Your comprehensive guide to Dubai Metro Rail.",
    "installs": "10,000+",
    "score": 0,
    "ratings": 0,
    "price": 0,
    "currency": "EUR",
    "developer": "AppAspect Technologies Pvt. Ltd.",
    "developerEmail": "info@appaspecttechnologies.com",
    "developerWebsite": "https://www.appaspect.com",
    "developerAddress": "A/8 Shakti Vijay Society,\nNear Vijay Park BRTS, N.H. 8,\nKrishnanagar,\nAhmedabad-382345,\nGujarat, India",
    "privacyPolicy": "https://www.appaspect.com/apps/dubaimetro/privacy.html",
    "genre": "Travel & Local",
    "contentRating": "PEGI 3",
    "released": "Jun 20, 2024",
    "lastUpdatedOn": "Apr 7, 2025",
    "appId": "com.dubaimetro.travel.train",
    "permisions": {
        "Location": [
            "approximate location (network-based)",
            "precise location (GPS and network-based)"
        ],
        "Wi-Fi connection information": [
            "view Wi-Fi connections"
        ],
        "Other": [
            "full network access",
            "prevent device from sleeping",
            "view network connections"
        ],
        "Uncategorized": [
            "receive data from Internet"
        ]
    }
}