{
    "title": "Google Maps Go",
    "description": "Google Maps Go is the lightweight Progressive Web App variation of the original Google Maps app.\r\n\r\nThis version requires Chrome (if you do not wish to install Chrome, please use www.google.com/maps in your browser instead).\r\n\r\nTaking up 100 times less space on your device than the full Google Maps app, Google Maps Go is designed to run smoothly on devices with limited memory and on unreliable networks without compromising speed to provide your location, real-time traffic updates, directions, and train, bus, and city transit information. You can even search and find information about millions of places, such as phone numbers and addresses.\r\n• Find the fastest route combining two-wheelers, metro, buses, taxi, walking and ferries\r\n• Ride the metro, bus or train with live city public transport schedules\r\n• Step-by-step directions with route preview, helping you plan your trips ahead of time\r\n• Get there faster with real-time traffic information and traffic maps\r\n\r\n• Discover and explore new places\r\n• Search and find local restaurants, businesses, and other nearby places\r\n• Decide on the best places to go by reading customer reviews, and viewing pictures of food\r\n• Find the phone number and address to a place\r\n• Save places you want to or visit often, and quickly find them later from your mobile\r\n\r\n• Available in 70+ languages\r\n• Comprehensive, accurate maps (including satellite and terrain) in 200 countries and territories\r\n• Public transport information for over 20,000 cities\r\n• Detailed business information for over 100 million places\r\n\r\n____\r\nBecome a beta tester: https://goo.gl/pvdYqQ",
    "summary": "Get real-time traffic, directions, search and find places",
    "installs": "1,000,000,000+",
    "score": 4.2229104,
    "ratings": 329698,
    "price": 0,
    "currency": "EUR",
    "developer": "Google LLC",
    "developerEmail": "apps-help@google.com",
    "developerWebsite": "https://maps.google.com/about/",
    "developerAddress": "1600 Amphitheatre Parkway, Mountain View 94043",
    "privacyPolicy": "http://www.google.com/policies/privacy",
    "genre": "Travel & Local",
    "contentRating": "PEGI 3",
    "released": "Feb 6, 2018",
    "lastUpdatedOn": "Oct 24, 2023",
    "appId": "com.google.android.apps.mapslite",
    "permisions": {
        "Location": [
            "approximate location (network-based)",
            "precise location (GPS and network-based)"
        ]
    }
}