{
    "title": "Sydney Transport • live train ",
    "description": "Need to know when buses and trains are coming, and where they're going? This is the app for you.\r\n\r\n🚍 Countdown boards for buses and trains\r\n\r\n🗺️ Watch your bus or train on a live map as it gets near\r\n\r\n🔔 Get step-by-step public transit directions with live guidance from A-to-B\r\n\r\n⚠️ Service alerts to let you know what's going on in your area\r\n\r\n🕑 Seven-day schedules\r\n\r\n⭐ Save your favourite stops and stations\r\n\r\n🚄 See every nearby route and where they go\r\n\r\n📱 Simple and clean, showing you only the information you need",
    "summary": "Real-time tracking for all public transport in Sydney",
    "installs": "50,000+",
    "score": 0,
    "ratings": 0,
    "price": 0,
    "currency": "EUR",
    "developer": "Travelwhiz ltd",
    "developerEmail": "talk@travelwhiz.app",
    "developerWebsite": "https://travelwhiz.app",
    "developerAddress": "5 Adamton Road North\nPrestwick KA9 2LJ",
    "privacyPolicy": "https://travelwhiz.app/privacy.html",
    "genre": "Maps & Navigation",
    "contentRating": "PEGI 3",
    "released": "Nov 3, 2017",
    "lastUpdatedOn": "Jun 17, 2024",
    "appId": "com.totaltransitapp.pacific.sydney",
    "permisions": {
        "Location": [
            "access extra location provider commands",
            "approximate location (network-based)",
            "precise location (GPS and network-based)"
        ],
        "Photos/Media/Files": [
            "modify or delete the contents of your USB storage",
            "read the contents of your USB storage"
        ],
        "Storage": [
            "modify or delete the contents of your USB storage",
            "read the contents of your USB storage"
        ],
        "Other": [
            "full network access",
            "prevent device from sleeping",
            "read Google service configuration",
            "run at startup",
            "view network connections"
        ]
    }
}