{
    "title": "NETGO!",
    "description": "Buy tram tickets in Nottingham safer, quicker & easier with the free NETGO! App\r\n\r\nNETGO! Is the free ticketing app for Nottingham’s tram network, providing an easy way for you to purchase your tram tickets and keep informed of service updates. \r\n\r\n\r\nMy Profile - Create an account personalised to you with no need to login each time.\r\n\r\nBuy Tickets - Securely purchase a range of tickets including single, day, week, group and seasons with easy payment options. No need to queue up at the ticket machines!\r\n\r\nMy Tickets and Purchase History - Easy to access list of all your active tickets along with previous purchases.\r\n\r\nNetwork Map - Browse our full network map and plan your journey in advance.\r\n\r\nService Status - Keep up to date with the status of the network, enabling you to plan should there be any changes or disruption to service. Includes information on alternative travel options. \r\n\r\n\r\nFor more info, visit www.thetram.net/netgo \r\n\r\nFollow NET on social:\r\n\r\nFacebook: www.facebook.com/thetram.net \r\nTwitter: www.twitter.com/NETtram \r\nInstagram: @NETtram",
    "summary": "Buy tram tickets in Nottingham safer, quicker & easier with the free NETGO! App",
    "installs": "100,000+",
    "score": 0,
    "ratings": 0,
    "price": 0,
    "currency": "EUR",
    "developer": "Nottingham Express Transit (NET)",
    "developerEmail": "enquiries@tramlinknottingham.co.uk",
    "developerWebsite": "https://thetram.net",
    "developerAddress": "4th Floor, Loxley House\nStation Street\nNottingham\nNG2 3NG",
    "privacyPolicy": "https://www.thetram.net/privacy-policy",
    "genre": "Travel & Local",
    "contentRating": "PEGI 3",
    "released": "Nov 27, 2019",
    "lastUpdatedOn": "Nov 12, 2024",
    "appId": "com.tramlinknottingham.netgo",
    "permisions": {
        "Wi-Fi connection information": [
            "view Wi-Fi connections"
        ],
        "Other": [
            "full network access",
            "prevent device from sleeping",
            "read Google service configuration",
            "run at startup",
            "view network connections"
        ],
        "Uncategorized": [
            "receive data from Internet"
        ]
    }
}