{
    "title": "Kia Charge",
    "description": "Kia Charge is your source to find the right charging stations, charge your electric vehicle and to get price transparency with one price for all. All summed up in your Kia Charge account.\r\n\r\nThe Kia Charge App: Find and charge. Anywhere. Anytime.\r\n\r\nFind your charge point.\r\n- closest to your location\r\n- where you plan to go\r\n- charge point availability ensured by dynamic data\r\n- compatible to your car and needs by various filters (Plug Type, Indoor/Outdoor, Free of Charge)\r\n- receive detailed information (e.g. restricted access)\r\n\r\nCharge your vehicle.\r\n- authenticate with integrated QR Code Scanner\r\n- use your Kia Charge Account\r\n\r\nKnow your records.\r\n- view your past charging events on your phone\r\n- recap charging locations, consumed energy, and costs\r\n\r\nNot a Kia Charge customer yet? Get your account at www.kiacharge.com",
    "summary": "Charging your electric vehicle - now easier than ever with Kia Charge",
    "installs": "100,000+",
    "score": 4.03,
    "ratings": 3326,
    "price": 0,
    "currency": "EUR",
    "developer": "Digital Charging Solutions GmbH",
    "developerEmail": "de@kiacharge.com",
    "developerWebsite": "http://www.kiacharge.com",
    "developerAddress": null,
    "privacyPolicy": "https://www.kiacharge.com/web/kia-global/privacy-policy",
    "genre": "Maps & Navigation",
    "contentRating": "PEGI 3",
    "released": "Jan 31, 2021",
    "lastUpdatedOn": "Apr 7, 2025",
    "appId": "com.digitalchargingsolutions.kia",
    "permisions": {
        "Location": [
            "approximate location (network-based)",
            "precise location (GPS and network-based)"
        ],
        "Camera": [
            "take pictures and videos"
        ],
        "Wi-Fi connection information": [
            "view Wi-Fi connections"
        ],
        "Other": [
            "control flashlight",
            "control vibration",
            "full network access",
            "prevent device from sleeping",
            "view network connections"
        ],
        "Uncategorized": [
            "receive data from Internet"
        ]
    }
}