{
    "title": "IONITY",
    "description": "Say hi to your co-driver.\r\n\r\nYou’re searching for a top-notch EV charging experience? Here you are: Download the IONITY App to access Europe’s leading High-Power Charging (HPC) network available across 24 countries – open to EVs from all manufacturers. Our network delivers maximum charging speeds of up to 400 kW, enabling you to charge 300 kilometres of range in 15 minutes. Faster charging sessions — more time for you. \r\n\r\nDiscover the highlights of the IONITY App\r\n\r\nNavigation\r\n•\tSearch and find the nearest or a specific IONITY Station — the availability of all charging points is displayed in real-time.\r\n•\tUse the IONITY Route Planner to plan your journey ahead and import your daily or upcoming routes to your favourite navigation app with ease. \r\n\r\nCharging\r\n•\tConveniently start and end your charging session directly within the IONITY App.\r\n•\tTrack your charging progress in real-time and receive a push notification when you’re at 80% to go back on the road.\r\n•\tOptional: Use our app to scan the QR code on the charger to start the session. \r\n\r\nPayment\r\n•\tSafely store your account and payment details within the app to conveniently pay for your charging sessions.\r\n•\tReceive monthly invoices for your personal or professional use to keep an eye on your spendings.\r\n•\tHave a closer look at your past IONITY charging sessions and explore useful information like session duration, kWh charged and charging curves.\r\n\r\nFind the right IONITY Subscription for you\r\nDiscover our subscriptions within the app: Choose the one that matches your lifestyle, driving habits, and charging needs by opting for IONITY Power or Motion. Sign up now and charge your electric vehicle at very attractive price per kWh. Prices vary by country. \r\n\r\nIONITY Power\r\nPower your EV and charge for less: Our IONITY Power subscription is the right choice for most EV drivers. You save money after only two charging sessions per month: Benefit from the cheapest charging prices per kWh and continue your journey fast.\r\n\r\nIONITY Motion\r\nKeep yourself in motion: IONITY Motion is the ideal subscription for drivers that only occasionally use their electric vehicle and want to benefit from a cheaper charging price per kWh by using the IONITY App.\r\n\r\nYour benefits with IONITY Power and IONITY Motion:\r\n•\tA significantly lower charging price per kWh\r\n•\tNo seasonal or peak changes of kWh prices\r\n•\tSwitch your current subscription anytime \r\n•\tCancel subscription anytime to next billing date\r\n•\tSubscribe and pay via the IONITY App\r\n\r\nCharging for registered users without IONITY Power or Motion subscription:\r\n\r\nIONITY Go\r\nReady. Set. Go! Sign up within the IONITY App and automatically benefit from a slightly lower charging price per kWh. No subscription and no monthly fees. This is IONITY Go. Upgrade to our subscriptions to save even more.\r\n\r\nAbout IONITY \r\nIONITY builds and operates Europe’s largest ultra-fast charging network. With a High-Power Charging (HPC) capacity of up to 400 kW, it enables maximum charging speeds. IONITY exclusively uses renewable energy, ensuring emission-free and carbon-neutral driving. Currently, the IONITY network includes over 700 charging stations and more than 4,800 HPC charging points across 24 European countries.\r\n\r\nIONITY was founded in 2017 and is a joint venture between the car manufacturers BMW Group, Ford Motor Company, Hyundai Motor Group, Kia, Mercedes-Benz AG and Volkswagen Group with Audi and Porsche as well as BlackRock's Climate Infrastructure Platform as a financial investor. The company is headquartered in Munich, Germany, and has additional offices in Dortmund, Germany, the French metropolis Paris, and outside the Norwegian capital Oslo. Further information at www.ionity.eu.",
    "summary": "Fast charge your electric vehicle at IONITY — across Europe.",
    "installs": "500,000+",
    "score": 4.185185,
    "ratings": 7028,
    "price": 0,
    "currency": "EUR",
    "developer": "IONITY GmbH",
    "developerEmail": "support@ionity.eu",
    "developerWebsite": "https://ionity.eu/",
    "developerAddress": null,
    "privacyPolicy": "https://www.ionity.eu/policies/data-protection-information-for-the-ionity-app-and-charging-processes",
    "genre": "Maps & Navigation",
    "contentRating": "PEGI 3",
    "released": "Jun 2, 2021",
    "lastUpdatedOn": "Apr 17, 2025",
    "appId": "com.cleevio.ionity.android.app",
    "permisions": {
        "Location": [
            "approximate location (network-based)",
            "precise location (GPS and network-based)"
        ],
        "Photos/Media/Files": [
            "modify or delete the contents of your USB storage",
            "read the contents of your USB storage"
        ],
        "Storage": [
            "modify or delete the contents of your USB storage",
            "read the contents of your USB storage"
        ],
        "Camera": [
            "take pictures and videos"
        ],
        "Wi-Fi connection information": [
            "view Wi-Fi connections"
        ],
        "Other": [
            "full network access",
            "prevent device from sleeping",
            "run at startup",
            "view network connections"
        ],
        "Uncategorized": [
            "receive data from Internet"
        ]
    }
}