{
    "title": "Cyclers: Bike Navigation & Map",
    "description": "Looking for a cycling app to make route planning and navigating easier? Our cycle route planner offers personalised routes based on your bike type and cycling preferences. Discover safe and enjoyable cycle routes intuitively plotted on our detailed cycling maps. Enjoy turn-by-turn voice navigation designed specifically for cyclists and record your rides to keep a log of all your favourite days on the bike!\r\n\r\n<b>Your Personalised Bike Route Planner</b>\r\n\r\n ▪ Our intuitively mapped routes cater specifically to your wants or needs from a ride, making us the go-to bike route planner for personalised cycle routes.\r\n ▪ Instantly discover quiet and safe routes whether you ride a road bike, e-bike, mountain bike, city bike or hybrid.\r\n ▪ Specify your preferences and find routes that avoid hills, traffic, main roads or poor road surfaces.\r\n ▪ Our bike ride planner helps you find inspiration for A to B cycle routes to your required destination or circular routes to explore the area.\r\n\r\n<b>Multiple Route Options</b>\r\n\r\n ▪ With no limiting libraries, our cycle planner offers unlimited journey options and intuitively maps new routes for you instantly with each search. \r\n ▪ Find 3-5 new inspired route options per search to choose from for maximum enjoyment on your bike with minimal effort to plan.\r\n ▪ Simply swipe through the suggested routes to easily compare journeys on our high-quality cycle map.\r\n ▪ Review detailed information on traffic stress, safety, elevation, and surface of your selected route.\r\n ▪ Choose your preferred cycle route from the fastest to the safest, or compromise between the two.\r\n ▪ Map a circular route to ride without having to provide any waypoints or having prior knowledge of the area - we’re the only cycle journey planner  that intuitively plans this type of a route for you from scratch.\r\n\r\n<b>Find your Match</b>\r\n\r\n ▪ Discover the route that best fits your requirements with Match - a clear rating showing the percentage to which each route meets your preferences.\r\n ▪ Pick from the closest matched, fastest, or on a balanced alternative route. \r\n ▪ The Match score can be easily viewed and compared to help you choose your preferred route for that day.\r\n ▪ Find information on time, elevation profile, road surface, traffic stress and energy taken to easily compare the routes and help you choose your favourite.\r\n\r\n<b>Turn-by-Turn Cycling Navigation</b>\r\n\r\n ▪ Cyclers’ reliable cycling navigation offers minimal interference with your ride: keep your eyes on the road, take in the views and ensure you never miss a turn. \r\n ▪ Save battery life with dark mode: your screen will automatically go dark when there’s no upcoming change in direction or navigation.\r\n ▪ Avoid wrong turns and be alerted to hazards for a smoother ride.\r\n ▪ Our bike navigation acts always keeps you on the right path. \r\n\r\n<b>And much more….</b>\r\n\r\n ▪ Find every detail you’ll need on one high-quality map.\r\n ▪ Ride tracking and statistics to record and track your rides.\r\n ▪ Enjoy completing challenges, collecting badges or strive to top our leaderboards.\r\n ▪ Play around with our route suggestions or map your own route by simply drawing a route or editing with your fingertip.\r\n ▪ View Cyclers’ Safety Score showing how bike-friendly a route is.\r\n ▪ Change the focus of your route map according to road type, surface type, traffic or climbs and know what’s coming from your ride.\r\n\r\nTry the best cycle route planner app on the market for intuitive, personalised route planning and navigation. Spend less time planning and more time enjoying your bike rides.\r\n\r\nGot any questions or feedback? Email us at info@urbancyclers.com and we’ll keep improving. We’d love to hear what you think.",
    "summary": "Discover safe, bike-friendly routes with the world's smartest bike navigation",
    "installs": "1,000,000+",
    "score": 4.5214286,
    "ratings": 13153,
    "price": 0,
    "currency": "EUR",
    "developer": "Umotional s.r.o.",
    "developerEmail": "hi@cyclers.app",
    "developerWebsite": "https://cyclers.app",
    "developerAddress": "Bělehradská 858/23\nPraha 2\n12000\nCzech Republic",
    "privacyPolicy": "http://urbancyclers.com/privacyPolicy.php",
    "genre": "Maps & Navigation",
    "contentRating": "PEGI 3",
    "released": "Apr 18, 2016",
    "lastUpdatedOn": "May 5, 2025",
    "appId": "com.umotional.bikeapp",
    "permisions": {
        "Location": [
            "approximate location (network-based)",
            "precise location (GPS and network-based)"
        ],
        "Photos/Media/Files": [
            "modify or delete the contents of your USB storage",
            "read the contents of your USB storage"
        ],
        "Storage": [
            "modify or delete the contents of your USB storage",
            "read the contents of your USB storage"
        ],
        "Wi-Fi connection information": [
            "view Wi-Fi connections"
        ],
        "Other": [
            "Google Play license check",
            "control vibration",
            "full network access",
            "prevent device from sleeping",
            "read Google service configuration",
            "run at startup",
            "view network connections"
        ],
        "Uncategorized": [
            "receive data from Internet"
        ]
    }
}