{
    "title": "Travel Life | Trip Planner",
    "description": "Looking to plan your next trip? Need help preparing and organizing all your travel related activities? This is the app for you! With our itinerary builder, you can customize and personalize each day of your trip. When your trip comes along, your personalized itinerary will be with you every step of the way online or offline. We also have a packing list, expense tracker and to-do list at your disposal to ensure you are well packed, on budget and ready for your trip. You can also share your trip with others so that you can all collaborate on your plan together.\r\n\r\nWe have also recently introduced a new feature where you can attach documents to your trip and have them in one place to be accessed easily. You are also able to share these documents with others on your trip if you choose to do so.\r\n\r\nPlease send all feedback to developerpira@gmail.com. All feedback will be appreciated! Thanks!",
    "summary": "Travel made easier with a plan. Plan, organize and prepare for your next trip.",
    "installs": "10,000+",
    "score": 0,
    "ratings": 0,
    "price": 0,
    "currency": "EUR",
    "developer": "Pira Studios",
    "developerEmail": "developerpira@gmail.com",
    "developerWebsite": "https://pirastudios.com",
    "developerAddress": null,
    "privacyPolicy": "https://pirastudios.com/travel-life-privacy-policy",
    "genre": "Travel & Local",
    "contentRating": "PEGI 3",
    "released": "Nov 20, 2021",
    "lastUpdatedOn": "Oct 25, 2024",
    "appId": "com.pirastudios.travelapp",
    "permisions": {
        "Contacts": [
            "modify your contacts",
            "read your contacts"
        ],
        "Photos/Media/Files": [
            "modify or delete the contents of your USB storage",
            "read the contents of your USB storage"
        ],
        "Storage": [
            "modify or delete the contents of your USB storage",
            "read the contents of your USB storage"
        ],
        "Other": [
            "full network access",
            "prevent device from sleeping",
            "view network connections"
        ]
    }
}