{
    "title": "NAVER Map, Navigation",
    "description": "South Korea's GPS navigation Get started right away\r\n\r\n* Experience the completely new NAVER Map.\r\n※ Are you traveling Korea? \r\nDon't miss the smart tips to use NAVER Map: https://naver.me/GfCSj5Ut\r\n\r\n[Key features]\r\n- Menu tab for Map home\r\nQuickly access and use Nearby, Bookmark, Transit, Navigation and the MY tab from the home screen.\r\n\r\n- Simplified search\r\nSearch locations, buses, subway, and more in a comprehensive search bar.\r\n\r\n- Nearby (SmartAround)\r\nCheck restaurants and places to visit in your surroundings provided by NAVER's user data.\r\n\r\n- Navigation\r\nFast and accurate navigation with real-time traffic info and optimized usability for any driving condition.\r\n\r\n- Vector map\r\n360 degrees rotation-enabled vector map with 3D view of key landmarks via tilting.\r\n\r\n- Transit\r\nYou can easily reach your destination by using transit directions for various modes of transportation, real-time departure and arrival times, and notifications for when to get on/off.\r\n\r\n- Street view\r\nSeamless street and aerial views provided for location search and route planning.\r\n\r\n- Bookmark\r\nEasily save your best restaurants and must-visit tourist spots on NAVER Map and share them with others.\r\n\r\n- MY\r\nView all your maps, reviews, and bookings in one place and write reviews with ease.\r\n\r\n- Instant search\r\nView useful info about your query, such as opening/closing times for supermarkets while you search.\r\n\r\n- Language\r\nKorean/English/Japanese/Chinese maps and English navigation provided.\r\n\r\n*Requires Android OS 7.0 or later\r\n*Find out more tips on how to use NAVER Map\r\n- NAVER Map customer service: http://naver.me/GYywEiT4\r\n- NAVER Map blog: https://blog.naver.com/naver_map\r\n\r\n----\r\n\r\n*User confirmation for NAVER Map\r\nEnabling the below privacy settings is recommended:\r\n(Some features to make calls and send messages while navigating is supported only in Korea)\r\n- Microphone: Used to provide voice search or voice comman.(KR only)\r\n- Location: Used to find users' location when users find direction or use navigation.\r\n- Phone: Used to make calls while navigating.(KR only)\r\n- Call history: Used to access receipts of phone calls/messages while navigating.(KR only)\r\n- SMS: Used to send messages while navigating.(KR only)\r\n- File and Media (Photos and Videos): Allows users to attach or edit media files (photos and videos) stored in their devices when writing reviews.\r\n- Contacts: Used to make calls and send messages while navigating.(KR only)\r\n- Camera: Used in Feedback and NAVER’s MY - Receipt Confirmation to take photos of receipts.\r\n- Notifications: Used to receive important notices, events, and promotional notifications (supported on devices running Android 13.0 or later).\r\n\r\n----\r\n\r\n*Contact: 1588-3820\r\n*Address: 95, Jeongjail-ro, Bundang-gu, Seongnam-si, Gyeonggi-do, Republic of Korea",
    "summary": "South Korea's GPS navigation Get started right away",
    "installs": "50,000,000+",
    "score": 3.5555556,
    "ratings": 188664,
    "price": 0,
    "currency": "EUR",
    "developer": "NAVER Corp.",
    "developerEmail": "naver_market@naver.com",
    "developerWebsite": "http://www.navercorp.com",
    "developerAddress": "1588-3820\n\n경기도 성남시 분당구 정자일로 95, NAVER 1784, 13561",
    "privacyPolicy": "https://policy.naver.com/policy-mobile/privacy.html",
    "genre": "Maps & Navigation",
    "contentRating": "PEGI 3",
    "released": "Mar 24, 2010",
    "lastUpdatedOn": "Apr 30, 2025",
    "appId": "com.nhn.android.nmap",
    "permisions": {
        "Identity": [
            "add or remove accounts",
            "find accounts on the device"
        ],
        "Contacts": [
            "find accounts on the device",
            "read your contacts"
        ],
        "Location": [
            "approximate location (network-based)",
            "precise location (GPS and network-based)"
        ],
        "SMS": [
            "send SMS messages"
        ],
        "Phone": [
            "directly call phone numbers",
            "read call log",
            "read phone status and identity"
        ],
        "Photos/Media/Files": [
            "modify or delete the contents of your USB storage",
            "read the contents of your USB storage"
        ],
        "Storage": [
            "modify or delete the contents of your USB storage",
            "read the contents of your USB storage"
        ],
        "Camera": [
            "take pictures and videos"
        ],
        "Microphone": [
            "record audio"
        ],
        "Wi-Fi connection information": [
            "view Wi-Fi connections"
        ],
        "Device ID & call information": [
            "read phone status and identity"
        ],
        "Other": [
            "change network connectivity",
            "connect and disconnect from Wi-Fi",
            "control flashlight",
            "control vibration",
            "create accounts and set passwords",
            "draw over other apps",
            "full network access",
            "install shortcuts",
            "pair with Bluetooth devices",
            "prevent device from sleeping",
            "run at startup",
            "use accounts on the device",
            "view network connections"
        ],
        "Uncategorized": [
            "receive data from Internet"
        ]
    }
}