{
    "title": "Uber - Request a ride",
    "description": "Join the millions of riders who trust Uber for their everyday travel needs. Whether you’re running an errand across town or exploring a city far from home, getting there should be easy.\r\n\r\nFIND THE RIDE YOU WANT\r\nFind the perfect ride right at your fingertips! Uber is here to make your journey stress-free and enjoyable.\r\n\r\nPick from a wide range of products that the Uber app has to offer including: \r\n- UberX: Affordable rides, all to yourself\r\n- Uber Green: Eco-Friendly\r\n- UberX Priority: Priority pickup\r\n- UberXL: Rides for groups up to 6\r\n- Comfort: Newer cars with extra legroom\r\n- Comfort Electric: Premium zero-emission cars\r\n- Uber Pet: Rides for you and your pet\r\n- Black: Luxury rides with professional drivers\r\n- Taxi: You now have the option to request a cab or a taxi in select cities\r\n- 2-wheels: Find a scooter to start riding today \r\n- Premier: Luxury rides with highly-rated drivers\r\n\r\nUPFRONT PRICING\r\nWith Uber, you no longer need to worry about hidden costs or unexpected surprises. As you enter your destination in the app, you get upfront pricing and the estimated time of arrival.\r\n\r\nSAFETY TOGETHER\r\nSafety is a top priority at Uber. We have established comprehensive safety features to help ensure every rider and driver feels secure and comfortable.\r\n\r\nPRICING\r\nWe’re doing all we can to make our pricing as transparent as possible.\r\n- UberX Share: UberX Share connects you to other riders headed in the same direction. \r\n- Group Rides: Share the journey with friends.\r\n- Split Fare: Split the cost evenly while you’re still on the ride. \r\n\r\nJOIN UBER ONE FOR EXCLUSIVE PERKS\r\nBenefit from $0 Delivery Fee and up to 10% off eligible delivery and pickup orders and 6% Uber Cash back on eligible rides. Other fees & terms apply. For more details see uber.com/uberone.\r\n\r\nRESERVE RIDES IN ADVANCE\r\nNeed a ride at a specific time? No problem! Uber allows you to reserve rides in advance, so you can plan your day with confidence. \r\n\r\nGO GREEN\r\nUber is committed to building a sustainable future for our cities. With a growing fleet of electric and hybrid vehicles, you can choose eco-friendly rides to help reduce your carbon footprint.\r\n\r\nCARSHARE\r\nDrive yourself with Uber Carshare. Borrow a car by the hour, day, week or longer – you only pay for the time you’ve booked. Currently available in select cities.\r\n\r\nRENT CARS AND HAVE THEM DELIVERED TO YOU\r\nWhether you need a car today or later, the online booking experience will help you find the right vehicle for a family vacation, a weekend getaway, airport travel, and more. You can have a rental car delivered to your door at the time and location of your choice with Valet, currently available in select cities.\r\n\r\nMORE FEATURES\r\nDelivery: Order food from your favorite restaurants through Uber Eats. Stock up on groceries, shop pharmacy, convenience and pet supplies and get them all delivered. \r\nUber Connect: an easy, same-day, no-contact delivery solution that allows people to send items whether it’s a care package or an item you sold online.\r\nTransit: Say goodbye to complicated time schedules, hectic transfers, and unexpected waits while reducing your trip’s emissions.\r\nUber Charter: Book high-capacity group rides in vehicles seating 14-55 passengers, such as limo buses and coach buses.\r\nUber for Business: Manage and track business travel, meal programs, and more on one dashboard.\r\nUber Hourly: Keep a car and driver with you for hours. \r\nUber Car Seat: Uber Car Seat provides one forward-facing car seat for a child who is at least 2 years old, 22 pounds, and 31 inches tall.\r\nUber is available in the following cities: Boston, DC, LA, New York, San Francisco, Vegas, Orlando, Chicago and more. Check if Uber is available in your city at https://www.uber.com/cities. Stay updated on the latest news, promotions, and offers by following us on Twitter at https://twitter.com/uber and liking us on Facebook at https://www.facebook.com/uber. Uber content/messages may be human or machine translated per device settings—accuracy not guaranteed.",
    "summary": "Get a ride with the Uber app - request and ride with a driver.",
    "installs": "500,000,000+",
    "score": 4.5812097,
    "ratings": 15065211,
    "price": 0,
    "currency": "EUR",
    "developer": "Uber Technologies, Inc.",
    "developerEmail": "Support@uber.com",
    "developerWebsite": "http://www.uber.com",
    "developerAddress": null,
    "privacyPolicy": "https://www.uber.com/privacy",
    "genre": "Maps & Navigation",
    "contentRating": "PEGI 3",
    "released": "Oct 28, 2010",
    "lastUpdatedOn": "May 5, 2025",
    "appId": "com.ubercab",
    "permisions": {
        "Identity": [
            "add or remove accounts",
            "find accounts on the device"
        ],
        "Contacts": [
            "find accounts on the device",
            "read your contacts"
        ],
        "Location": [
            "approximate location (network-based)",
            "precise location (GPS and network-based)"
        ],
        "Phone": [
            "directly call phone numbers",
            "read phone status and identity"
        ],
        "Photos/Media/Files": [
            "modify or delete the contents of your USB storage",
            "read the contents of your USB storage"
        ],
        "Storage": [
            "modify or delete the contents of your USB storage",
            "read the contents of your USB storage"
        ],
        "Camera": [
            "take pictures and videos"
        ],
        "Microphone": [
            "record audio"
        ],
        "Wi-Fi connection information": [
            "view Wi-Fi connections"
        ],
        "Device ID & call information": [
            "read phone status and identity"
        ],
        "Other": [
            "access Bluetooth settings",
            "change network connectivity",
            "change your audio settings",
            "control vibration",
            "draw over other apps",
            "full network access",
            "pair with Bluetooth devices",
            "prevent device from sleeping",
            "read Google service configuration",
            "run at startup",
            "use accounts on the device",
            "view network connections"
        ],
        "Uncategorized": [
            "receive data from Internet"
        ]
    }
}