{
    "title": "E-TWOW Connect",
    "description": "This is the official application of the E-TWOW community. Use this app to configure and control your E-TWOW Electric Scooter*, but also to keep up with the latest developments in the world of electric mobility. The application allows you to connect your smartphone to the electric scooter using Bluetooth Low-Energy capabilities.\r\n\r\n\r\nWith our application you can:\r\n\r\n-search nearby devices and connect with your scooter;\r\n\r\n-choose between the metric and the imperial measuring system;\r\n\r\n-view the battery level and the scooter's speed;\r\n\r\n-view the total distance traveled;\r\n\r\n-control the LED light;\r\n\r\n-set the maximum speed limit;\r\n\r\n-toggle zero start function;\r\n\r\n-lock the scooter(anti-theft function).\r\n\r\n-view the scooter’s speed in real time\r\n\r\n-keep up with the latest news regarding E-TWOW scooters as well as the most relevant news in the world of electric mobility.\r\n\r\n-browse the latest E-TWOW vehicles and compare their specifications.\r\n\r\n-receive relevant notifications that will improve your riding experience.\r\n\r\n\r\n*The application is only compatible with the E-TWOW GT 2020 SE electric scooter with Bluetooth module.",
    "summary": "Configure your E-TWOW Electric Scooter* and see news of electric mobility.",
    "installs": "10,000+",
    "score": 1.7647059,
    "ratings": 163,
    "price": 0,
    "currency": "EUR",
    "developer": "Zhejiang E-TWOW Electric Vehicle Co., Ltd.",
    "developerEmail": "etwowdeveloper@gmail.com",
    "developerWebsite": "https://e-twow.com/",
    "developerAddress": null,
    "privacyPolicy": "https://e-twow.com/",
    "genre": "Auto & Vehicles",
    "contentRating": "PEGI 3",
    "released": "Jul 18, 2020",
    "lastUpdatedOn": "Nov 6, 2024",
    "appId": "com.etwowconnect",
    "permisions": {
        "Location": [
            "approximate location (network-based)",
            "precise location (GPS and network-based)"
        ],
        "Photos/Media/Files": [
            "modify or delete the contents of your USB storage",
            "read the contents of your USB storage"
        ],
        "Storage": [
            "modify or delete the contents of your USB storage",
            "read the contents of your USB storage"
        ],
        "Camera": [
            "take pictures and videos"
        ],
        "Microphone": [
            "record audio"
        ],
        "Wi-Fi connection information": [
            "view Wi-Fi connections"
        ],
        "Other": [
            "access Bluetooth settings",
            "control vibration",
            "full network access",
            "pair with Bluetooth devices",
            "prevent device from sleeping",
            "run at startup",
            "view network connections"
        ],
        "Uncategorized": [
            "receive data from Internet"
        ]
    }
}