{
    "title": "Priceless Car Rental",
    "description": "Renting a car can be confusing, especially if you are a first-time renter or don't understand the terminology involved. Priceless Car Rental app provides easiest and fastest possible way to book a rental vehicle. Going to an airport or travelling across the town? Priceless is here to serve all day around.\r\n\r\nWhat Priceless car rental app offers you:\r\n- Easiest way to book a rental car, choose your location and get a variety of car options across the locations.\r\n- Get prepaid or pay at the counter reservation options.\r\n- View your future reservations.\r\n- Get to know more about Priceless at different locations.\r\n\r\nPriceless Car Rental was created in response to consumer demand - and good, common sense. Our unparalleled customer service, premium fleet and competitive rates allow us to maintain our status as one of the best values in the car rental industry.\r\nPriceless Car rental was founded in 1998 to be a vehicle rental company that specializes in reasonably priced, quality rental vehicles from locally owned and operated branches across the United States.\r\n\r\nOur vehicle rental locations carry everything from small economy rental cars to luxury sedans, as well as minivans, fifteen passenger vans, SUV's and crossovers to rent by the hour, day, week or month.\r\n\r\nSelection and Performance...That's Priceless!",
    "summary": "App to accept rental bookings for pricelesscarrental.com",
    "installs": "5,000+",
    "score": null,
    "ratings": null,
    "price": 0,
    "currency": "EUR",
    "developer": "All Car Leasing Inc.",
    "developerEmail": "jmanelli@interfransystems.com",
    "developerWebsite": "https://www.pricelesscarrental.com",
    "developerAddress": "13900 Laurel Lakes Ave\n100\nLaurel, MD 20707",
    "privacyPolicy": "https://www.pricelesscarrental.com/privacy.htm",
    "genre": "Travel & Local",
    "contentRating": "PEGI 3",
    "released": "Sep 10, 2018",
    "lastUpdatedOn": "Jan 3, 2025",
    "appId": "com.pricelesscarrental.app",
    "permisions": {
        "Location": [
            "approximate location (network-based)",
            "precise location (GPS and network-based)"
        ],
        "Phone": [
            "directly call phone numbers"
        ],
        "Photos/Media/Files": [
            "modify or delete the contents of your USB storage",
            "read the contents of your USB storage"
        ],
        "Storage": [
            "modify or delete the contents of your USB storage",
            "read the contents of your USB storage"
        ],
        "Camera": [
            "take pictures and videos"
        ],
        "Wi-Fi connection information": [
            "view Wi-Fi connections"
        ],
        "Other": [
            "access Bluetooth settings",
            "control vibration",
            "full network access",
            "pair with Bluetooth devices",
            "prevent device from sleeping",
            "run at startup",
            "view network connections"
        ],
        "Uncategorized": [
            "receive data from Internet"
        ]
    }
}