{
    "title": "Carasti Car Subscription",
    "description": "The easiest way to your next car, sign up for an account and get AED 100 Credit to use towards your subscription.\r\n\r\nWANT TO SUBSCRIBE TO A CAR?\r\n\r\nCarasti is the go-to car subscription app in the UAE and Saudi Arabia. With an all-inclusive monthly price, all you need to do is choose your car, wait for delivery, add fuel and drive.\r\n\r\nHOW CARASTI WORKS:\r\n\r\n1. Choose your rental car from a huge range of different car brands and models\r\n2. Sign up to a monthly car subscription (1-month, 6-month, 12-month, 24 month)\r\n3. Scan your ID, Driver’s license, and Credit Card in app\r\n4. Select a delivery time slot & location\r\n\r\nDelivery can happen in as little as 4 hours from your original booking if you book before 2pm.\r\n\r\nCAR SUBSCRIPTION:\r\n\r\nThe modern alternative to buying or leasing a car. Access a huge range of rental cars for a fixed monthly price. Unlike car rental, with car subscriptions, you’re never locked into using just one car.\r\nInstead, Carasti drivers enjoy the freedom and flexibility of a car subscription that allows them to swap or return their rental car as their needs change.\r\n\r\nMONTH TO MONTH CAR SUBSCRIPTION\r\n\r\nEnjoy the flexibility of a monthly rolling subscription on the rental car of your choice. With the Carasti car rental app the minimum subscription period is 1 month, this all-inclusive monthly cost can be cancelled anytime and includes unlimited monthly car swaps, so you can rent a car your way.\r\n\r\n‘Mini Lease’ CAR SUBSCRIPTION\r\n\r\nWorried about the large down payments, bank loans, insurance, maintenance & depreciation when buying a car?\r\nWorry no more!\r\nOur Mini Lease Subscription service is the easiest way to your next new 0km car.\r\n1. Wide selection of Brand New 0km cars to choose from.\r\n2. Flexible subscription - 12 or 24-month plans.\r\n3. One all-inclusive fee covering Insurance, Maintenance, Roadside Assistance & Fuel*\r\n\r\nCAR SWITCHING\r\n\r\nWant to try a new rental car? Swap your car in for a new one easily at the end of your subscription term.\r\nRent a car for 1 month & select your next rental car 3 weeks into your subscription for delivery at the end of your current plan.\r\nRent a car for 6 months & select which rental car to switch to 5 months and 3 weeks into your subscription.\r\nRent a car for 12 months & select which rental car to switch to 11 months and 3 weeks into your subscription.\r\n\r\nCAR RANGE\r\n\r\nHonda or Bentley? Rent a different car each month of the year with Carasti. Choose from our range of car brands and models. Rent a car with Carasti confidence - our vehicles are new or nearly new and safe to drive.\r\n\r\nWHAT’S INCLUDED?\r\n\r\nAll Carasti subscriptions include a rental car, comprehensive insurance, warranty, maintenance and 24-hour roadside assistance.\r\n\r\nDELIVERY & PICK-UP\r\n\r\nCarasti’s car delivery is included across most of the UAE excluding Ras Al Khaimah, Al Ain, Umm Al Quwain & Fujairah where there will be a flat 300 AED rate applicable.\r\n\r\nWHY SUBSCRIBE TO CAR RENTAL?\r\n\r\nWhether you’re a car enthusiast or you simply want to avoid paying the hefty upfront costs of a new vehicle, a car subscription service could be the answer to your dreams – and it’s about to become a lot more common.\r\nToday, we live in a society where access and convenience is more important than ever. Gone are the days of the outdated car-ownership model, and here to stay is an exciting new service that allows drivers to pay for a new car on a monthly basis – without the hassle and expensive costs of buying one outright.\r\n\r\nPERKS\r\n\r\nSubscribe to the Carasti car rental service and get the Carasti lifestyle with discounts on restaurants, gyms, hairdressers and more!",
    "summary": "All-Inclusive Monthly Rental",
    "installs": "100,000+",
    "score": 0,
    "ratings": 0,
    "price": 0,
    "currency": "EUR",
    "developer": "CARASTI - FZCO",
    "developerEmail": "info@carasti.com",
    "developerWebsite": "https://carasti.com/",
    "developerAddress": "38th Floor, Media One Tower, Dubai Media City, Dubai.",
    "privacyPolicy": "https://carasti.com/privacy-policy/",
    "genre": "Travel & Local",
    "contentRating": "PEGI 3",
    "released": "Nov 17, 2019",
    "lastUpdatedOn": "Apr 25, 2025",
    "appId": "com.carasti.carastiapplication",
    "permisions": {
        "Contacts": [
            "read your contacts"
        ],
        "Location": [
            "approximate location (network-based)",
            "precise location (GPS and network-based)"
        ],
        "Photos/Media/Files": [
            "modify or delete the contents of your USB storage",
            "read the contents of your USB storage"
        ],
        "Storage": [
            "modify or delete the contents of your USB storage",
            "read the contents of your USB storage"
        ],
        "Camera": [
            "take pictures and videos"
        ],
        "Microphone": [
            "record audio"
        ],
        "Other": [
            "control vibration",
            "full network access",
            "prevent device from sleeping",
            "read Google service configuration",
            "run at startup",
            "view network connections"
        ],
        "Uncategorized": [
            "receive data from Internet"
        ]
    }
}