{
    "title": "TIER - Unlock Your City",
    "description": "TIER is now Dott!\r\n\r\nTIER and Dott have joined forces to offer you smoother rides, in more locations, and with even better passes.\r\n\r\nFrom now on, all TIER vehicles are ready to ride on the Dott app instead. Download the Dott app today to get riding!",
    "summary": "Electric Scooter & Bike Share",
    "installs": "10,000,000+",
    "score": 3.1172414,
    "ratings": 82948,
    "price": 0,
    "currency": "EUR",
    "developer": "Dott",
    "developerEmail": "info@tier.app",
    "developerWebsite": "https://www.tier.app/",
    "developerAddress": null,
    "privacyPolicy": "https://tier.app/privacy-notice/",
    "genre": "Travel & Local",
    "contentRating": "PEGI 3",
    "released": "Oct 12, 2018",
    "lastUpdatedOn": "Apr 9, 2025",
    "appId": "com.tier.app",
    "permisions": {
        "Location": [
            "approximate location (network-based)",
            "precise location (GPS and network-based)"
        ],
        "Photos/Media/Files": [
            "read the contents of your USB storage"
        ],
        "Storage": [
            "read the contents of your USB storage"
        ],
        "Camera": [
            "take pictures and videos"
        ],
        "Wi-Fi connection information": [
            "view Wi-Fi connections"
        ],
        "Other": [
            "access Bluetooth settings",
            "control Near Field Communication",
            "control flashlight",
            "control vibration",
            "draw over other apps",
            "full network access",
            "pair with Bluetooth devices",
            "prevent device from sleeping",
            "read Google service configuration",
            "run at startup",
            "view network connections"
        ],
        "Uncategorized": [
            "receive data from Internet"
        ]
    }
}