{
    "title": "Montreal Metro & Subway Map",
    "description": "The Montreal Metro & Subway Maps 2024, as well as public transit/transport maps – all available \r\noffline. Zoom in, zoom out, scroll around. Quick, easy, and there when you need it! This app is excellent for visitors to Montreal and longtime residents alike.\r\n\r\nIncludes a complete set of maps for the Montreal, bus, metro, rail,  rail, tram – basically all transit types – from the official sources.\r\n\r\nMontreal metro map, no bells, whistles, or other complications. You can zoom the subway map in, zoom it out, and that's all. Very simple and easy to use! Opens to the Montreal map immediately so you can quickly decide if you need to hop on the train in front of you or wait for the next one. The app size is minimal for a quick download regardless of network speed.\r\n\r\nThis app is excellent for Montreal visitors and longtime residents alike.\r\n\r\nNo internet connection required.\r\n\r\nSpecifically, the maps included in the app are:\r\n- Montreal Metro Offline Map\r\n- Montreal night lines Offline Map\r\n- Montreal AMT commuter trains\r\n- Montreal RTL Offline Map\r\n- Montreal Downtown Montreal\r\n- Montreal Downtown & Underground City\r\n\r\nThanks for your support! :)\r\n\r\nAs always, if you have any problems, please PLEASE email us at the address below!\r\n\r\nMontreal Metro & Subway Maps 2024",
    "summary": "Montreal Public Transportation - Montreal Offline Maps (PDF)",
    "installs": "5,000+",
    "score": null,
    "ratings": null,
    "price": 0,
    "currency": "EUR",
    "developer": "msto",
    "developerEmail": "dsad2608@gmail.com",
    "developerWebsite": "https://16161.appads-txt.com",
    "developerAddress": null,
    "privacyPolicy": "https://224330.hostmypolicy.com/",
    "genre": "Maps & Navigation",
    "contentRating": "PEGI 3",
    "released": "Mar 26, 2023",
    "lastUpdatedOn": "Jul 14, 2024",
    "appId": "com.montrealmetro.anas",
    "permisions": {
        "Photos/Media/Files": [
            "modify or delete the contents of your USB storage",
            "read the contents of your USB storage"
        ],
        "Storage": [
            "modify or delete the contents of your USB storage",
            "read the contents of your USB storage"
        ],
        "Camera": [
            "take pictures and videos"
        ],
        "Wi-Fi connection information": [
            "view Wi-Fi connections"
        ],
        "Other": [
            "control vibration",
            "full network access",
            "modify system settings",
            "pair with Bluetooth devices",
            "prevent device from sleeping",
            "run at startup",
            "view network connections"
        ],
        "Uncategorized": [
            "receive data from Internet"
        ]
    }
}