{
    "title": "Donkey Republic Bike share",
    "description": "Join the Republic and get access to hundreds of Donkey bikes and e-bikes in more than 60 cities across Europe. Whether you need a quick ride, a bike for the entire day, or get a monthly membership, you will find the most flexible and affordable solutions with Donkey.\r\n\r\nFind the right way to ride for your needs:\r\n\r\n• Pay as you go\r\n• Day deals\r\n• Wallet\r\n• Monthly Plans (Memberships) \r\n\r\n\r\n<b>EASY TO USE</b> ✅\r\n\r\nWe believe that every ride counts!\r\n\r\nSo we offer the most convenient and flexible bike-share service for visiting new cities and for everyday needs.\r\n\r\n• Simply download the app and create an account for free!\r\n• Find a Donkey at a virtual pick-up/drop-off point for maximum flexibility and convenience.\r\n• Enjoy your ride! \r\n• When you’re done, find a drop-off location on the map.\r\n• Bring the Donkey there, lock the bike and end your ride in the app.\r\n• App works in all cities we are present in.\r\n\r\n\r\n<b>WHEN SHOULD I USE DONKEY REPUBLIC?</b> 🚲\r\n\r\nIs that even a question? Always!\r\n\r\nBut in more practical terms:\r\n• To be part of a community trying to be more sustainable through less owning products and more sharing.\r\n• When you realize the cost associated with owning your own bike or leasing from a regular bike-lease company.\r\n• When you have a flat tire or broken lights. Don’t wait for repairs, hop on to a nearby Donkey bike with our app.\r\n• When you’re visiting other towns, simply open the app and see if we are there.\r\n• When guests visit you, share your love for biking with them.\r\n\r\n\r\n<b>FAQs</b> 📄\r\n\r\n<b>Can I rent more than one bike at once?</b>\r\nYes, you can rent up to 5 bikes at once! Just make sure to select the correct number of vehicles right at the beginning of your booking process.\r\n\r\n<b>Can I leave the bike anywhere?</b>\r\nNo. We work hard with the cities to keep the streets clean and accessible for everyone. Please return your Donkeys to specific drop-off locations when you are done for the day.\r\n\r\n<b>What if I have issues?</b>\r\nOur support team is always happy to help and understands that life happens.\r\n\r\n\r\n<b>HOW PRICING WORKS</b> 💰\r\n\r\n<b>Just Ride (Pay as you go)</b>\r\nWith no strings attached. Just Ride is ideal for trips from 15 mins to a few hours. You can also top up your Donkey Wallet with money and we will give you bonus credit that you can use for Just Riding.\r\n\r\n<b>Day Deals</b>\r\nIn some cities, we have rolled out day deals which are great for when you just need a bike for the 1,2,3, or up to 7 days. Visiting for a weekend or inspired to explore like a local when you're on vacation? This is the perfect solution for you or a guest visiting you. \r\n\r\n<b>Monthly memberships</b>\r\nWith a Donkey membership, you pay a fixed monthly fee and get a certain amount of free time per day. If you exceed the included daily free time, your rental is extended for a low fixed cost. Ideal for the daily commute and for a busy city life with multiple errands throughout the day. Valid in all Donkey cities.\r\n\r\n\r\n<b>CYCLING IS OUR PASSION</b> 🧡🚴‍♂️\r\n\r\nWe are a team of 40(ish) firm believers in cycling as the most efficient mode of transportation and the only one our cities need. We work by the rule that any decision we make will have to bring us closer to being a sustainable, affordable, and reliable mobility provider. We wish to show the world that cycling can make cities more liveable and bike-sharing will help in that transformation.\r\n\r\n<b>Donkey Republic - Every ride counts</b>\r\n\r\nSprottenFlotte - The bike share system in the KielRegion. Powered by Donkey Republic.",
    "summary": "Donkey Republic - The most convenient and flexible bike share there is.",
    "installs": "1,000,000+",
    "score": 4.78,
    "ratings": 6883,
    "price": 0,
    "currency": "EUR",
    "developer": "Donkey Republic",
    "developerEmail": "support@donkeyrepublic.com",
    "developerWebsite": "https://www.donkey.bike",
    "developerAddress": null,
    "privacyPolicy": "https://www.donkey.bike/privacy-policy/",
    "genre": "Travel & Local",
    "contentRating": "PEGI 3",
    "released": "Feb 18, 2015",
    "lastUpdatedOn": "Apr 24, 2025",
    "appId": "com.donkeyrepublic.bike.android",
    "permisions": {
        "Device & app history": [
            "read sensitive log data"
        ],
        "Location": [
            "approximate location (network-based)",
            "precise location (GPS and network-based)"
        ],
        "Photos/Media/Files": [
            "modify or delete the contents of your USB storage",
            "read the contents of your USB storage"
        ],
        "Storage": [
            "modify or delete the contents of your USB storage",
            "read the contents of your USB storage"
        ],
        "Camera": [
            "take pictures and videos"
        ],
        "Wi-Fi connection information": [
            "view Wi-Fi connections"
        ],
        "Other": [
            "access Bluetooth settings",
            "control vibration",
            "full network access",
            "pair with Bluetooth devices",
            "prevent device from sleeping",
            "read Google service configuration",
            "reorder running apps",
            "run at startup",
            "view network connections"
        ],
        "Uncategorized": [
            "receive data from Internet"
        ]
    }
}