{
    "title": "Wanda Coach",
    "description": "Wanda Coach App\r\no\tBook A Trip\r\nGet the best deal on bus tickets: New York, NY – Charlotte, NC ; New York, NY– Albany, NY…\r\no\tBus Tracker\r\nTrack your bus on map in real time and know the Estimated Time of Arrival (ETA)\r\no\tMy Bookings\r\nCheck your tickets and add your trips to calendar\r\no\tMy Account\r\nManage your account and earn reward points",
    "summary": "Wanda Coach is an App to get the best deal on Wanda  Coach bus tickets.",
    "installs": "10,000+",
    "score": null,
    "ratings": null,
    "price": 0,
    "currency": "EUR",
    "developer": "United Bus Technology Inc.",
    "developerEmail": "info@unitedbustech.com",
    "developerWebsite": "http://www.unitedbustech.com/",
    "developerAddress": null,
    "privacyPolicy": "https://www.wandacoach.com/privacy-policy",
    "genre": "Travel & Local",
    "contentRating": "PEGI 3",
    "released": "Sep 22, 2017",
    "lastUpdatedOn": "Apr 29, 2025",
    "appId": "com.wanda.customer",
    "permisions": {
        "Device & app history": [
            "retrieve running apps"
        ],
        "Identity": [
            "find accounts on the device",
            "read your own contact card"
        ],
        "Calendar": [
            "add or modify calendar events and send email to guests without owners' knowledge",
            "read calendar events plus confidential information"
        ],
        "Contacts": [
            "find accounts on the device"
        ],
        "Location": [
            "approximate location (network-based)",
            "precise location (GPS and network-based)"
        ],
        "Phone": [
            "read phone status and identity"
        ],
        "Photos/Media/Files": [
            "modify or delete the contents of your USB storage",
            "read the contents of your USB storage"
        ],
        "Storage": [
            "modify or delete the contents of your USB storage",
            "read the contents of your USB storage"
        ],
        "Camera": [
            "take pictures and videos"
        ],
        "Wi-Fi connection information": [
            "view Wi-Fi connections"
        ],
        "Device ID & call information": [
            "read phone status and identity"
        ],
        "Other": [
            "control flashlight",
            "control vibration",
            "create accounts and set passwords",
            "full network access",
            "prevent device from sleeping",
            "view network connections"
        ],
        "Uncategorized": [
            "receive data from Internet"
        ]
    }
}