{
    "title": "Polarsteps: Plan & Track Trips",
    "description": "Over 10M+ travelers have chosen Polarsteps to create and capture their adventures. This all-in-one travel app shows you the world’s most enticing travel destinations, gives you insider tips and plots your route, locations and photos when the journey is underway. The result? A beautiful digital world map that is unique to you! As well as the chance to turn it all into a hardback Travel Book when you’re done. And it doesn’t stop there...\r\n\r\nRecord your route automatically, keeping your phone in your pocket and eyes on the world. Doesn’t drain your battery, works offline and you have full privacy control.\r\n\r\nPLAN\r\n\r\n■ <b>Polarsteps Guides,</b> created by our travel-loving editors and other explorers like you, show you the best of the world (as well as giving you top tips for once you get there).\r\n■ <b>Itinerary Planner</b> to build your dream (editable) itinerary.\r\n■ <b>Transport Planner</b> helping you get from A to B with clear transport options between destinations.\r\n\r\nTRACK\r\n\r\n■ <b>Automatically track</b> and plot your path on a digital world map (that grows fuller as your passport does).\r\n■ <b>Add photos, video, and thoughts</b> to your steps along the way making your memories all the more vivid.\r\n■ <b>Save spots that you love</b> so that you can always find your way back.\r\n\r\nSHARE\r\n\r\n■ <b>Leave tips</b> for the traveling community on where to go and what to see.\r\n■ <b>Share your journey</b> with friends and family if you want to. Or keep it to yourself. You have full privacy controls.\r\n■ <b>Follow others</b> and share in their adventures.\r\n\r\nRELIVE\r\n\r\n■ <b>Retrace your steps</b> – scrolling through places, photos, and your travel stats.\r\n■ <b>Create a unique Travel Book</b> filled with your pictures and stories with the touch of a button.\r\n\r\nWHAT THE PRESS ARE SAYING ABOUT POLARSTEPS\r\n\r\n<i>\"The Polarsteps app replaces your travel journal, making it easier and more beautiful.\"</i> - National Geographic\r\n\r\n<i>\"Polarsteps helps you track and share your journeys in an easy and visually appealing way.\"</i> - The Next Web\r\n\r\n<i>\"Polarsteps' resulting travel log is impressive, and is the source of a severe case of itchy feet in your correspondent.\"</i> - TechCrunch\r\n\r\nFEEDBACK\r\n\r\nQuestions, thoughts, or feedback? We'd love to hear what you think about Polarsteps. Get in touch via support@polarsteps.com.",
    "summary": "Vacation & road trip planner, travel tracker for states & countries visited",
    "installs": "5,000,000+",
    "score": 4.8258724,
    "ratings": 121330,
    "price": 0,
    "currency": "EUR",
    "developer": "Polarsteps Travel",
    "developerEmail": "support@polarsteps.com",
    "developerWebsite": "https://www.polarsteps.com",
    "developerAddress": null,
    "privacyPolicy": "https://www.polarsteps.com/privacy",
    "genre": "Travel & Local",
    "contentRating": "Parental guidance",
    "released": "Sep 28, 2016",
    "lastUpdatedOn": "Apr 28, 2025",
    "appId": "com.polarsteps",
    "permisions": {
        "Identity": [
            "find accounts on the device"
        ],
        "Contacts": [
            "find accounts on the device",
            "read your contacts"
        ],
        "Location": [
            "approximate location (network-based)",
            "precise location (GPS and network-based)"
        ],
        "Photos/Media/Files": [
            "modify or delete the contents of your USB storage",
            "read the contents of your USB storage"
        ],
        "Storage": [
            "modify or delete the contents of your USB storage",
            "read the contents of your USB storage"
        ],
        "Wi-Fi connection information": [
            "view Wi-Fi connections"
        ],
        "Other": [
            "control vibration",
            "create accounts and set passwords",
            "full network access",
            "prevent device from sleeping",
            "run at startup",
            "view network connections"
        ],
        "Uncategorized": [
            "receive data from Internet"
        ]
    }
}