{
    "title": "Bus, Flights Booking - Bookme",
    "description": "Pakistan’s first and largest online mobile ticketing app with exciting promos, deals and discounts! With the new gamification feature You can Play & Win exciting new offers and discounts along with booking tickets through your mobile app!\r\n\r\n\r\nGet the best deals on tickets booking Now!!!\r\n\r\n<b> Buy Bus tickets with real time seat plan!\r\nBook flights for air travel from hundreds of local and international airlines!\r\nOn the go train tickets booking!\r\nCar rental online booking!\r\nBuy Movie tickets to watch favorite movie in cinemas!\r\nBuy tickets for new fun events happening around you!\r\nSearch and book your favorite hotels!\r\nBook PCB, PSL Cricket tickets!\r\n24/7 </b>\r\n\r\n\r\nBookme has largest number of bus services as its partner. 30+ leading names of transport namely Bilal Travels, ITC Cruzer, Road Master, Power International, Crystal Lines, Mian Coaches, Manthar Non Ac, Daewoo Express, Skyways, Skybus, Rajput Travels, Hindukush Express, QConnect, Niazi Express, Bashir Sons, NSTN (Pak China Bus), Kohistan, Swat Coach, Awan Coach, PAKLINES, Al Masoom, Geo Swat Express, Mehran Shahid & Nosheen co, Pakiza Travel, Diamond Coach, New Subhan, Indus Daewoo, Nadir Coach, Islamabad Express, Bahawalpur Express are working with Bookme.pk with real time seat plan and several more bus transport companies are to join in this successful venture to provide easy ticket service.\r\n\r\n\r\nBookme has 270+ airlines live including PIA, Serene Air, AirSial, Air Blue, Fly Jinnah, Fly Dubai, Etihad, Emirates, Gulf Air, Oman Air, Kuwait, Saudi and Turkish Airlines etc. Bookme is now expanding into new verticals like affordable & convenient hotel bookings as well.\r\n\r\n\r\nWith Bookme.pk you can get your desired airline, cinema, bus and event tickets with ease. We Believe That Suspense Should Only Be In Movies And Not When Buying Tickets. Bookme.pk, Tickets On The Go. Travel across the globe with super travel deals on domestic and international flights. Priceline helps you find flight deals for your next trip in just a few simple steps, straight from your phone. Get this this online booking app where you will get easy online/ e-ticket service.\r\n\r\n\r\n<b> Features </b>\r\n\r\n\r\n•\tSearch cheap flights, bus tickets, train tickets, car rental, cinemas tickets and event ticket!\r\n•\tPlay & Win points and discounts with the new gamification feature!\r\n•\tCountless interesting deals, discounts and promos!!\r\n•\tReal time Seat Selection within free booking app!\r\n•\tUser filters to find the perfect match!\r\n•\tWin Badges, collect Coins, unlock Achievements & Achieve Milestones!\r\n•\tWin your way up the leaderboards!\r\n•\tThrough mobile ticket app get easy ticket service!\r\n•\t24/7 customer service!",
    "summary": "Bus, Flight, Train, Car Rental, Tour, Hotel & Events tickets online booking app.",
    "installs": "1,000,000+",
    "score": 4.55,
    "ratings": 32991,
    "price": 0,
    "currency": "EUR",
    "developer": "Bookme Tickets Private Limited",
    "developerEmail": "contact@bookme.pk",
    "developerWebsite": "https://www.bookme.pk",
    "developerAddress": "12K, Gulberg Main Boulevard, Lahore, Pakistan.",
    "privacyPolicy": "https://bookme.pk/privacyPolicy",
    "genre": "Travel & Local",
    "contentRating": "PEGI 3",
    "released": "Feb 7, 2014",
    "lastUpdatedOn": "Mar 11, 2025",
    "appId": "com.macropaks.bookme",
    "permisions": {
        "Identity": [
            "read your own contact card"
        ],
        "Contacts": [
            "read your contacts"
        ],
        "Location": [
            "approximate location (network-based)",
            "precise location (GPS and network-based)"
        ],
        "Photos/Media/Files": [
            "modify or delete the contents of your USB storage",
            "read the contents of your USB storage"
        ],
        "Storage": [
            "modify or delete the contents of your USB storage",
            "read the contents of your USB storage"
        ],
        "Camera": [
            "take pictures and videos"
        ],
        "Microphone": [
            "record audio"
        ],
        "Wi-Fi connection information": [
            "view Wi-Fi connections"
        ],
        "Other": [
            "Google Play license check",
            "control vibration",
            "draw over other apps",
            "full network access",
            "prevent device from sleeping",
            "run at startup",
            "view network connections"
        ],
        "Uncategorized": [
            "download files without notification",
            "receive data from Internet"
        ]
    }
}