{
    "title": "Turo — Car rental marketplace",
    "description": "Turo is the world’s largest car sharing marketplace, where you can rent the perfect car for wherever you’re going from a vibrant international community of trusted hosts across the US, UK, Canada, Australia, and France.\r\n\r\nWhether you’re flying in from afar or looking for a car down the street, you can skip the rental car counter, choose from an extraordinary selection of vehicles shared by local hosts, and rent the best car for your trip, then you can pick it up at a convenient location near you or your destination.\r\n\r\nEntrepreneurs can take the wheel of their futures by becoming hosts and building car sharing businesses on Turo, leveraging an established platform to scale their businesses and meet their goals.\r\n\r\nWith Turo, everyone has the power to get in the driver’s seat.\r\n\r\nNeed a car for a trip? Rent it on Turo.\r\n• Enjoy a convenient car rental experience — Rent the perfect car  right from your phone.\r\n• View deals on all kinds of car rentals, from everyday to extraordinary — Find SUVs, vans, budget cars, supercars, EVs, vintage cars, and more types of vehicles.\r\n• Pick a car up at thousands of locations across multiple countries, or get a car delivered — Many hosts deliver cars to airports and popular destinations in thousands of cities.*\r\n• Rent reliable cars from reliable hosts — Every host who lists a car is trained by Turo, and their cars are subject to safety inspections. Plus, reviews from previous guests are public, so you can view past reviews and pick your preferred host with a car that’s right for you.\r\n• Cancel for free up to 24 hours before your trip — Get a refund and rent another car at a time that’s good for you.\r\n• 24/7 roadside assistance and customer service — Turo Customer Support can help you make car reservations, provide pricing details, and navigate any roadblocks that may arise.\r\n• Save when you book long trips — Lots of hosts offer discounts when you make a reservation for 3+, 7+, or 30+ days.\r\n• Get an early bird discount — Many hosts offer discounts when you reserve a car 7 or more days in advance.\r\n\r\nReady to start a business? Share cars on Turo.\r\n• Any car owner can start exercising their entrepreneurial muscles and start a car rental business on Turo.\r\n• Choose how many rental cars to share and easily scale your business up or down.\r\n• Earn at home or on the go, on your schedule, and divest whenever you want.\r\n• Rest easy with liability insurance from Travelers Excess and Surplus Lines Company backing each trip, helping protect you in the event of an accident.\r\n\r\nTuro — Find your drive\r\n\r\n*Not all car rentals on Turo are eligible for delivery, and Turo hosts can’t deliver cars to certain airports.",
    "summary": "Rent the perfect car for wherever you’re going",
    "installs": "10,000,000+",
    "score": 4.809322,
    "ratings": 457611,
    "price": 0,
    "currency": "EUR",
    "developer": "Turo Inc.",
    "developerEmail": "support@turo.com",
    "developerWebsite": "https://turo.com",
    "developerAddress": "111 Sutter St, FL 12\nSan Francisco, CA 94104",
    "privacyPolicy": "https://turo.com/policies/privacy-policy",
    "genre": "Travel & Local",
    "contentRating": "PEGI 3",
    "released": "Sep 14, 2014",
    "lastUpdatedOn": "May 5, 2025",
    "appId": "com.relayrides.android.relayrides",
    "permisions": {
        "Identity": [
            "add or remove accounts",
            "find accounts on the device"
        ],
        "Contacts": [
            "find accounts on the device"
        ],
        "Location": [
            "approximate location (network-based)",
            "precise location (GPS and network-based)"
        ],
        "Photos/Media/Files": [
            "read the contents of your USB storage"
        ],
        "Storage": [
            "read the contents of your USB storage"
        ],
        "Camera": [
            "take pictures and videos"
        ],
        "Microphone": [
            "record audio"
        ],
        "Wi-Fi connection information": [
            "view Wi-Fi connections"
        ],
        "Other": [
            "control vibration",
            "create accounts and set passwords",
            "full network access",
            "prevent device from sleeping",
            "read Google service configuration",
            "run at startup",
            "use accounts on the device",
            "view network connections"
        ],
        "Uncategorized": [
            "receive data from Internet"
        ]
    }
}