{
    "title": "AutoUncle: Search used cars",
    "description": "AutoUncle - Your independent price-check for used cars \r\n\r\nAutoUncle gathers, compares and evaluates more than 11 million used cars from more than 1.900 websites in Europe - including the largest used car portals and dealer websites. We create transparency and overview in the used car jungle and help you through the car search and car buying process. \r\n\r\nAutoUncle - Search for cars and find the best deal with AutoUncle’s price evaluation. \r\n\r\n\r\n+++ Price evaluation on all used cars on AutoUncle +++\r\nEvery single car on AutoUncle gets a price evaluation, which helps you to quickly and easily find the best used car offer on the market. \r\n\r\nAutoUncle’s price evaluation has 5 categories: Super price, Good price, Fair price, A bit Pricey, and Expensive. \r\n\r\nCars with “Fair price” rating are for sale at the current market price. “Super price” and “Good price” are cars where you can save money. “A bit pricey” and “expensive” rated cars are offers above market price and are offered too expensive in market comparisons. \r\n\r\nThe price evaluation considers more than a 100 parameters and compares offers in the market to evaluate every car. The algorithm, behind the price evaluation, is so accurate the Danish Ministry of Taxation (SKAT) is using it to determine the market value of imported cars.       \r\n\r\n\r\n+++ The AutoUncle App +++ \r\nAll used cars from the biggest marketplaces gathered in one app \r\nFree price evaluation on all cars: “Super price” to “Expensive”\r\nCalculate your trade in price \r\nSee price development on a specific car \r\nCreate personal search agents: Receive offers for your search and be informed about price reductions \r\nUseful searchfilter functions: price evaluations, price, listing age, mileage, year, fuel sufficiency and horsepower       \r\nSave and compare favourite cars \r\nShare used cars by SMS, WhatsApp, Facebook or e-mail\r\nDirect forwarding to the original ad: See all the details, contact the seller \r\nCar search in 13 countries: DE, AT, DK, IT, ES, PL, PT, SE, FI, RO, UK, NL, CH\r\n\r\nDo you have questions or comments, please do not hesitate to contact us. Please write to support@autouncle.com\r\n\r\nFollow us on Facebook: [facebook link] \r\n\r\nGood luck with your car search!\r\nAutoUncle - Your independent price-check for used cars.",
    "summary": "Search for used cars, compare prices across many websites, prices are checked",
    "installs": "1,000,000+",
    "score": 4.41,
    "ratings": 35063,
    "price": 0,
    "currency": "EUR",
    "developer": "AutoUncle",
    "developerEmail": "catalin.david@autouncle.com",
    "developerWebsite": "https://www.autouncle.com",
    "developerAddress": null,
    "privacyPolicy": "https://www.autouncle.de/en/privacy",
    "genre": "Lifestyle",
    "contentRating": "PEGI 3",
    "released": "Sep 2, 2013",
    "lastUpdatedOn": "Mar 4, 2025",
    "appId": "com.autouncle.autouncle",
    "permisions": {
        "Location": [
            "precise location (GPS and network-based)"
        ],
        "Phone": [
            "read phone status and identity"
        ],
        "Photos/Media/Files": [
            "modify or delete the contents of your USB storage",
            "read the contents of your USB storage"
        ],
        "Storage": [
            "modify or delete the contents of your USB storage",
            "read the contents of your USB storage"
        ],
        "Device ID & call information": [
            "read phone status and identity"
        ],
        "Other": [
            "full network access",
            "prevent device from sleeping",
            "view network connections"
        ],
        "Uncategorized": [
            "receive data from Internet"
        ]
    }
}