{
    "title": "Île-de-France Mobilités",
    "description": "Île-de-France Mobilités is there to help you on a daily basis: train, RER, metro, tramway, bus, bicycle, Vélib', carpooling, carsharing... Find the tools and information you need to organize your travel in Île-de-France. Together, let's make traveling easier.\r\n\r\nAvoid waiting in line at stations: buy your tickets from your phone!\r\nYou can buy the following tickets\r\n- Metro-Train tickets or Bus-Tram Ticket\r\n- One Way from/to Airports (you cannot purchase this ticket if you already have a Metro-Train Ticket charged on your device)\r\n- Navigo day (this fare doesn’t permit you to go to airports, week or month passes\r\n- Special tickets (anti-pollution package, Paris-Visit Passes...)\r\n- Daily Vélib' tickets\r\n\r\nPurchased titles can then be recharged on a pass, stored in your phone* or on your compatible connected watch** (giving you the option of validating directly with one of the two).\r\nYou can also save your dematerialised tracks from one Android phone and transfer them to another Android phone.\r\n*Service available on all NFC-enabled smartphones from version Android 8 EXCEPT on the Google Pixel, Pixel 2, Pixel 2XL, Pixel 3, Pixel 3XL, Pixel 3a, Pixel 3a xl, Pixel 4, Pixel 4a, Pixel C, Pixel Slate, Nexus 5X, Nexus 6P and Nocturne. For more information, visit https://www.iledefrance-mobilites.fr/titres-et-tarifs/supports/smartphone\r\n** Service available on Samsung Galaxy Watch Series 4 and above (Wear OS 4).\r\n\r\nThe application also allows you to prepare and plan your trips:\r\n- Find bus stops, train stations and subway stations near you\r\n- Search in real time for your public transport, carpooling and bicycle routes\r\n- Consult the next passages of your lines in real time and all the timetables\r\n- Save your upcoming trips on your phone's calendar\r\n- View public transportation network maps (accessible even offline)\r\n- Follow the pedestrian route for walking sections\r\n\r\nBe the first to know and anticipate disruptions:\r\n- Check the Twitter feed of your lines for real-time traffic information\r\n- Be alerted in case of disruptions on your favorite lines and routes\r\n- Stay informed about the state of the elevators in the stations you use\r\n- Check and report on the number of passengers on your route\r\n\r\nPersonalize your trips:\r\n- Save your destinations (work, home, gym...), stations and train stations as favorites\r\n- Personalize your profile (fast walker, with difficulties, reduced mobility...)\r\n- Select lines or stations to avoid\r\n\r\nFavour soft or alternative modes of transport:\r\n- Prefer the proposed bike routes for all your trips\r\n- Book your carpooling and/or carsharing trips, in partnership with the main French players\r\n- Rent a car or a utility for a short period of time by choosing a Communauto car-sharing vehicle from a large choice of stations around you and reserve it without delay for the duration of your choice.\r\n\r\n--You already use the Île-de-France Mobilités application and appreciate its services? Let us know with 5 stars!\r\nDo you have any bugs or comments to share with us? Help us improve by sending us your suggestions using the contact form available via the menu.",
    "summary": "Buy your tickets, search for itineraries and follow the traffic information",
    "installs": "5,000,000+",
    "score": 4.0386987,
    "ratings": 83282,
    "price": 0,
    "currency": "EUR",
    "developer": "Île-de-France Mobilités",
    "developerEmail": "mobile-vianavigo@iledefrance-mobilites.fr",
    "developerWebsite": "https://www.vianavigo.com/",
    "developerAddress": "39 bis-41 rue de Châteaudun\n75009 Paris",
    "privacyPolicy": "https://www.iledefrance-mobilites.fr/conditions-generales-application-vianavigo-regles-confidentialite",
    "genre": "Maps & Navigation",
    "contentRating": "PEGI 3",
    "released": "Feb 3, 2012",
    "lastUpdatedOn": "Apr 18, 2025",
    "appId": "com.applidium.vianavigo",
    "permisions": {
        "Location": [
            "approximate location (network-based)",
            "precise location (GPS and network-based)"
        ],
        "Phone": [
            "directly call phone numbers",
            "read phone status and identity"
        ],
        "Photos/Media/Files": [
            "modify or delete the contents of your USB storage",
            "read the contents of your USB storage"
        ],
        "Storage": [
            "modify or delete the contents of your USB storage",
            "read the contents of your USB storage"
        ],
        "Camera": [
            "take pictures and videos"
        ],
        "Device ID & call information": [
            "read phone status and identity"
        ],
        "Other": [
            "change network connectivity",
            "control Near Field Communication",
            "control vibration",
            "draw over other apps",
            "full network access",
            "prevent device from sleeping",
            "read Google service configuration",
            "run at startup",
            "view network connections"
        ],
        "Uncategorized": [
            "receive data from Internet"
        ]
    }
}