{
    "title": "move",
    "description": "Welcome to move,\r\n\r\nIsrael's fitness and wellness app.\r\nThe freedom to enter all the training and treatment sports complexes, wherever, whenever and as much as you want.\r\nEndless fitness, sports and wellness activities nationwide and all in one subscription. From now on you choose the activities that suit you best, at a time that is convenient for you, and at a location that is convenient for you! With one subscription to the application, you can enter more than 1,800 complexes in the application that include a large variety of activities: large and attractive fitness clubs, pampering country clubs, a Pilates and yoga studio for flexibility and strength, a tough functional training or a game of tennis, and another large variety of fitness activities alongside dozens of alternative treatments that include Other: acupuncture, tissue massage, pressure chambers, hot stones, Tuina and more nationwide.\r\n\r\nSo, how does it work?\r\n\r\nYou join the application, choose the appropriate credit track for the amount of activities you want, and start diversifying easily and flexibly where, when and as much as you like. Each month you will receive an amount of credits according to the route you chose. If you didn't use all the credits in a certain month, no problem! You will keep the credits for the next month. It is possible to accumulate 2 times the height of your route.\r\nWhere can you enter with move?\r\n\r\nWhether you feel like indulging in a massage or tissue treatment, practicing yoga, or you are more into HIIT and tough functional training, at move you will find a huge variety of activities suitable for everyone.\r\nFrom now on you will be able to choose to go to train in a new place every time, or go to new classes and gyms that you have never visited without signing up for a subscription in just one place.\r\nThe move app allows you to try a variety of different sports classes and wellness activities, even if you already have an existing subscription at a gym, club or country club. If you feel like going swimming or playing tennis only occasionally and in the current place where you are subscribed the possibility does not exist, with move you can enjoy all the worlds!\r\n\r\nHow do the credits work?\r\n\r\nYou choose the credit route that suits you, and each month you will receive an additional amount of credits according to the route you chose. Each activity in the application has a different value of credits determined according to the place, the type of training and its time (practicing meditation, for example, is not equivalent to training in the gym, and a yoga class in the morning is not equivalent to entering the pool or the country on Shabbat).\r\n\r\nHow will I know which credit track is right for me?\r\n\r\nIt's very simple. Enter the activities that suit you and see how many credits they are worth. Illustrative examples of what can be done with the credits in each route can be seen in our stories in the application. Of course, the type of track can be changed at any stage!\r\n\r\nConfused about which credit track to choose? Start with the smallest route of 20 credits per month, and you can always upgrade according to your need, or cancel the route at any time without questions and without talking to a representative - by pressing a button directly from the app.\r\n\r\nAnd if I haven't used all my credits?\r\n\r\nThe credit system allows you to do whatever you want with your subscription! You will no longer have to ask to freeze the subscription before traveling abroad or because you are under pressure at work, and if you have not used all of your subscription credits this month, the credits will automatically be transferred to the next month so that they will accumulate in the account up to 2 times the amount of credits of the route. If you purchased a subscription of 100 credits, you can accumulate up to 200 unused credits in previous months. As long as the subscription is active and valid, the credits you have accumulated will be kept for you forever.\r\n\r\nno obligation -\r\n\r\nYou can cancel the subscription at any moment and get a refund for the proportional part that was not used until the time of cancellation. The calculation will be made according to the percentage of days remaining until the end of the subscription month or the amount of credits used up to that date, whichever is lower.\r\n\r\nRoute change -\r\n\r\nYou can easily change the course of credits you have chosen at any time: upgrading the course will take effect immediately, so that you can enter now wherever you want and you will be charged at this time only for the added credits. The lower the route - will take effect in your next billing cycle.\r\n\r\nI saw that there are also LIVE and VOD classes, how much will it cost me?\r\n\r\nOur online classes are completely free! You ask why? Because we know you are busy, and we are here to help you adopt a healthy lifestyle easily. Sometimes on a rainy day, we also really don't have the energy to leave the house for a yoga class (but don't tell). All our VOD videos are waiting for you in the app.\r\n\r\nSo what are you waiting for? Download the app, and start diversifying - where, when and as much as you like!",
    "summary": "Thousands of fitness and wellness activities in one app",
    "installs": "100,000+",
    "score": 0,
    "ratings": 0,
    "price": 0,
    "currency": "EUR",
    "developer": "Movement Wellness Ltd.",
    "developerEmail": "info@movement-group.com",
    "developerWebsite": "https://www.move-club.co.il/",
    "developerAddress": null,
    "privacyPolicy": "https://freefit.co.il/Pages/Policy/",
    "genre": "Health & Fitness",
    "contentRating": "PEGI 3",
    "released": "May 26, 2022",
    "lastUpdatedOn": "Feb 11, 2025",
    "appId": "co.il.move_club.move",
    "permisions": {
        "Calendar": [
            "add or modify calendar events and send email to guests without owners' knowledge",
            "read calendar events plus confidential information"
        ],
        "Contacts": [
            "read your contacts"
        ],
        "Location": [
            "precise location (GPS and network-based)"
        ],
        "Photos/Media/Files": [
            "modify or delete the contents of your USB storage",
            "read the contents of your USB storage"
        ],
        "Storage": [
            "modify or delete the contents of your USB storage",
            "read the contents of your USB storage"
        ],
        "Other": [
            "control vibration",
            "draw over other apps",
            "full network access",
            "prevent device from sleeping",
            "run at startup",
            "view network connections"
        ],
        "Uncategorized": [
            "receive data from Internet"
        ]
    }
}