{
    "title": "Avis Car Hire",
    "description": "Discover a better rental car experience with the new Avis app. With 5,000+ locations in 165 countries, we are one of the world's best-known car rental companies. Whether travelling for business, family holiday, or weekend getaway, we know you want to get on the road as quickly as possible. The Avis app makes renting a car simple, speedy and hassle-free, with control of your journey from start to finish in the palm of your hands.\r\n\r\nKey Features:\r\n\r\n- Seamless Reservations: Find and reserve a car in a few simple steps. \r\nManage Your Booking: Easily view, modify or cancel your reservations directly from the app. Keep track of your rental details and upcoming trips all in one place.\r\n- Contactless Rentals: Skip the queue and go straight to your car with Avis Preferred*. Enjoy a seamless experience with our contactless rental options.\r\n- Avis Preferred Member Benefits: Choose your car, bypass the counter and get an always-on 10% discount across Europe and South Africa.\r\n- 24/7 Dedicated Support: Get assistance whenever you need it with our dedicated customer service team. We’re here to help you every step of the way.\r\n- Location Finder: Find the nearest Avis location with ease. Use the app to get directions, phone numbers, hours of operation and available vehicle options. \r\n- Thousands of Locations: Select your car rental from one of our airport, railway station or city locations across the globe.\r\n\r\n* Available at select locations; identity verification required on first Avis Preferred rental.",
    "summary": "Discover a simple and speedy rental car experience with the new Avis app today.",
    "installs": "1,000,000+",
    "score": 3.4017093,
    "ratings": 7842,
    "price": 0,
    "currency": "EUR",
    "developer": "Avis Budget EMEA Ltd",
    "developerEmail": "android.development@avis-europe.com",
    "developerWebsite": "https://www.avis.co.uk/",
    "developerAddress": null,
    "privacyPolicy": "https://www.avis.co.uk/about-avis/privacy-policy-mobile",
    "genre": "Travel & Local",
    "contentRating": "PEGI 3",
    "released": "May 4, 2016",
    "lastUpdatedOn": "Apr 2, 2025",
    "appId": "com.avis.mobile",
    "permisions": {
        "Calendar": [
            "add or modify calendar events and send email to guests without owners' knowledge",
            "read calendar events plus confidential information"
        ],
        "Location": [
            "approximate location (network-based)",
            "precise location (GPS and network-based)"
        ],
        "Phone": [
            "read phone status and identity"
        ],
        "Photos/Media/Files": [
            "modify or delete the contents of your USB storage",
            "read the contents of your USB storage"
        ],
        "Storage": [
            "modify or delete the contents of your USB storage",
            "read the contents of your USB storage"
        ],
        "Camera": [
            "take pictures and videos"
        ],
        "Microphone": [
            "record audio"
        ],
        "Wi-Fi connection information": [
            "view Wi-Fi connections"
        ],
        "Device ID & call information": [
            "read phone status and identity"
        ],
        "Other": [
            "change your audio settings",
            "control Near Field Communication",
            "control flashlight",
            "control vibration",
            "full network access",
            "prevent device from sleeping",
            "run at startup",
            "view network connections"
        ],
        "Uncategorized": [
            "download files without notification",
            "receive data from Internet"
        ]
    }
}