{
    "title": "Share - Israel Car Sharing",
    "description": "Welcome to Share - Israel Car Sharing! \r\nSign up to a brilliant and innovative service available 24/7.\r\n\r\n\r\nWhat is car-sharing?\r\nCar-sharing allows you to travel without the need to own a vehicle. \r\nShare cars are parked near your home, ready for immediate travel, with no need for advance booking, queues, or paperwork.\r\n\r\nWhere are the cars?\r\nAll over the country! \r\nFrom north to south, Share cars are waiting to provide you with a simple, easy travel solution. \r\nDownload the app now and pick a car near you. \r\n\r\nWhat does the service include?\r\n-\t150km travel per 24 hours\r\n-\tReserved parking for collection and return\r\n-\tSimple and clear pricing \r\n-\tNo subscription fee\r\n-\tNo additional fee for new drivers\r\n*Customer pays for fuel\r\n\r\nWho is the service for?\r\nEveryone - including new and young drivers with a minimum of one year’s license.\r\nNeed to go out of the city?\r\nIs your car in the garage?\r\nHave one family car but sometimes need access to an additional vehicle?\r\nShare is perfect for every need and every journey.\r\n\r\nWhat makes the service special?\r\nUsing innovative technology, Share vehicle doors are opened directly from your phone, with no need for smart cards or smart keys. \r\nPlus, Share is the only car sharing service that does not require a subscription fee.\r\n\r\nWhat about security?\r\nThe Share app adheres to the most stringent data security standards. \r\n\r\nA final word:\r\nEnjoy! And don’t forget to refuel at the end of your journey - the next driver will appreciate it!\r\n\r\nWant more info? Visit our website:\r\nhttps://www.shlomo.co.il/israel/share/",
    "summary": "Israel's leading car sharing",
    "installs": "100,000+",
    "score": 0,
    "ratings": 0,
    "price": 0,
    "currency": "EUR",
    "developer": "Shlomo Group",
    "developerEmail": "share@shlomo.co.il",
    "developerWebsite": "https://www.shlomo.co.il/share",
    "developerAddress": null,
    "privacyPolicy": "https://en.shlomo.co.il/home/privacy-policy",
    "genre": "Travel & Local",
    "contentRating": "PEGI 3",
    "released": "Jun 4, 2019",
    "lastUpdatedOn": "Mar 25, 2025",
    "appId": "com.positive_apps.buzz_car.prod",
    "permisions": {
        "Contacts": [
            "read your contacts"
        ],
        "Location": [
            "approximate location (network-based)",
            "precise location (GPS and network-based)"
        ],
        "Phone": [
            "directly call phone numbers"
        ],
        "Photos/Media/Files": [
            "modify or delete the contents of your USB storage",
            "read the contents of your USB storage"
        ],
        "Storage": [
            "modify or delete the contents of your USB storage",
            "read the contents of your USB storage"
        ],
        "Camera": [
            "take pictures and videos"
        ],
        "Microphone": [
            "record audio"
        ],
        "Wi-Fi connection information": [
            "view Wi-Fi connections"
        ],
        "Other": [
            "access Bluetooth settings",
            "control vibration",
            "full network access",
            "pair with Bluetooth devices",
            "prevent device from sleeping",
            "run at startup",
            "view network connections"
        ],
        "Uncategorized": [
            "receive data from Internet"
        ]
    }
}