{
    "title": "DiscoverCars: Cheap Car Rental",
    "description": "<p>Car rental made easy! Wether it is a quick getaway, long rental or running some errands in the city, DiscoverCars has all the options to suit your needs! In Europe, US and Globally, rent a car wherever you need! </p>\r\n \r\n<h3>Manage Your Bookings on the Go! </h3>\r\n<p>In the My Booking section of the app, you can manage everything related to your booking — changing the dates, adding another driver, or upgrading your car. You can also see all of the details of your booking and our flexible cancellation policy anytime and anywhere you need. </p>\r\n \r\n<h3>All the Information You Need</h3>\r\n<p>Find all the information about each rental car conveniently in one place — from the fuel and mileage policy to what coverage is included. Don’t forget to check the Rental Conditions before booking to avoid any surprises later on! </p>\r\n \r\n<h3>Assistance Anytime — Day or Night</h3>\r\n<p>Our Customer Support agents are waiting to help you with anything related to your rental anytime that they may come up — from helping you find the perfect rental car for you to solving issues with the rental company after you drop off the car. They speak most of the languages our customers do, too. </p>\r\n \r\n<h3>Find What You Need Quickly</h3>\r\n<p>Looking specifically for a 4x4 vehicle? Use our 4x4 filter to only see 4wd vehicles. Want to make sure you’re safe? Find rental cars that are guaranteed to be disinfected. Want to make sure the rental desk is located at the airport so that you can hit the road as quickly as possible? Use our In Terminal filter to save time. We’ve built a way to find the car you need, in the place you need it, as quickly and effortlessly as possible. </p>\r\n \r\n<h3>Free Cancelation</h3>\r\n<p>Don’t fret if something comes up that causes your plans to change. We offer free cancellation up to 48 hours before your scheduled pick-up time. And you can cancel with the click of a button in the app. You can also see exactly when you must cancel by to receive a refund in the My Booking page — transparency you can trust. </p>\r\n \r\n<h3>Reliable Rental Company Ratings</h3>\r\n<p>Don’t want to spend time looking up each rental company to find out what customers have to say about their experiences? We feel the same. That’s why we’ve asked all of our customers to rate their rental company so that we can give you unbiased ratings right in the search results to make your choice quick and simple. </p>\r\n \r\n<h3>Excellent Service Award</h3>\r\n<p>We’ve gone even further to make sure you have the best experience possible. Look for companies that have provided our customers with service warranting our Excellent Service Award. With these companies, you can be assured that your experience at the rental desk will be second to none. </p>\r\n \r\n<h3>Trustworthy</h3>\r\n<p>Want to know whether you can trust our app? We’ve been in the business for over seven years and have thousands of reviews from our customers. Our Trustpilot rating is 4.5/5 ☆ — amongst the top ten in the Car Rental Agency category. (Link: https://www.trustpilot.com/review/discovercars.com) </p>\r\n \r\n<p><strong>Our contacts</strong></p>\r\n<p>https://www.discovercars.com/</p>\r\n<p>Phone: +44 15 1317 2610</p>\r\n<p>Email: support@discovercars.com</p>\r\n \r\n<p>So, install Discover Сars right now and rent your car without any hassle in one of the best apps in the car rental app local cars category. Take advantage of numerous car rent options and trustworthy services from reputed lease car companies. </p>",
    "summary": "Reliable and affordable rental car booking app. Best customer support!",
    "installs": "500,000+",
    "score": 4.6310678,
    "ratings": 11488,
    "price": 0,
    "currency": "EUR",
    "developer": "DiscoverCars.com",
    "developerEmail": "a.buraks@discovercars.com",
    "developerWebsite": "https://www.discovercars.com/",
    "developerAddress": null,
    "privacyPolicy": "https://www.discovercars.com/privacy",
    "genre": "Travel & Local",
    "contentRating": "PEGI 3",
    "released": "Jun 6, 2020",
    "lastUpdatedOn": "May 4, 2025",
    "appId": "com.ni.discovercars",
    "permisions": {
        "Location": [
            "approximate location (network-based)",
            "precise location (GPS and network-based)"
        ],
        "Photos/Media/Files": [
            "modify or delete the contents of your USB storage",
            "read the contents of your USB storage"
        ],
        "Storage": [
            "modify or delete the contents of your USB storage",
            "read the contents of your USB storage"
        ],
        "Wi-Fi connection information": [
            "view Wi-Fi connections"
        ],
        "Other": [
            "control vibration",
            "full network access",
            "prevent device from sleeping",
            "read Google service configuration",
            "run at startup",
            "view network connections"
        ],
        "Uncategorized": [
            "receive data from Internet"
        ]
    }
}