{
    "title": "bike-energy Ladestation-Finder",
    "description": "This app was developed to make it easier for e-bikers to find a bike-energy charging station near you.\r\n\r\nThe network of e-bike charging stations from bike-energy continues to grow. It enables e-bikers to charge the pedelec or e-bike up to 2 times faster in any weather.\r\n\r\nThis enables you to go on longer e-bike tours and quickly charge your e-bike in between for the next stage.\r\n\r\nThe use of bike-energy e-bike charging stations is usually free of charge for you.\r\nYou only need the right charging cable (the mostly heavy and bulky home charger can stay at home).\r\n\r\nIf you do not have a bike-energy charging cable, you can often rent one at the charging station, or you can buy one in our online store.\r\n\r\nFunctionality:\r\nThe charging station finder can display the nearest charging stations for you based on your position. You can enter your position yourself or with location activation on your cell phone.\r\nThe search results can be filtered based on distance and categories.\r\nAll entries have a link that will take you to the Google Maps app, where you can use the navigation function.\r\n\r\nThe operators of the charging stations all have their own page in the app, where they can introduce themselves. Many will have an interesting or culinary offer for e-bikers.\r\n\r\nHints:\r\nThis app uses functions from Google Maps. In order for it to work optimally, the user must have the Google Maps app installed on their device (standard installed on most Adroid devices. For iOS devices, Google Maps may still have to be installed.) This is the only way the navigation forwarding can work.\r\n\r\nThis also means that switching off external cookies, whether on your mobile phone or only in this app, affects the functionality.",
    "summary": "Find the closest bike-energy charging station",
    "installs": "10,000+",
    "score": 0,
    "ratings": 0,
    "price": 0,
    "currency": "EUR",
    "developer": "bike-energy",
    "developerEmail": "app@bike-energy.com",
    "developerWebsite": "https://bike-energy.com",
    "developerAddress": null,
    "privacyPolicy": "https://bike-energy.com/datenschutzerklaerung/",
    "genre": "Maps & Navigation",
    "contentRating": "PEGI 3",
    "released": "Apr 9, 2020",
    "lastUpdatedOn": "Sep 20, 2023",
    "appId": "appappbikeenergycom.wpapp",
    "permisions": {
        "Location": [
            "precise location (GPS and network-based)"
        ],
        "Photos/Media/Files": [
            "modify or delete the contents of your USB storage",
            "read the contents of your USB storage"
        ],
        "Storage": [
            "modify or delete the contents of your USB storage",
            "read the contents of your USB storage"
        ],
        "Camera": [
            "take pictures and videos"
        ],
        "Microphone": [
            "record audio"
        ],
        "Other": [
            "change your audio settings",
            "control vibration",
            "full network access",
            "prevent device from sleeping",
            "view network connections"
        ],
        "Uncategorized": [
            "receive data from Internet"
        ]
    }
}