{
    "title": "My Car - Car Management",
    "description": "Track all your vehicle expenses and maintenance in one powerful app! My Car helps you monitor fuel efficiency, service history, and costs with beautiful charts and detailed statistics.\r\n\r\n<b>Complete Vehicle Management Solution</b>\r\n• Track fuel consumption, fill-ups, and calculate real fuel efficiency\r\n• Record all maintenance, repairs, and other vehicle expenses\r\n• Attach photos of receipts and documents to any event\r\n• View comprehensive statistics and charts for every aspect of your vehicle\r\n• Manage up to 3 vehicles (free version) with support for cars, motorcycles, trucks, and EVs\r\n\r\n<b>Save Money & Make Better Decisions</b>\r\n• Identify expensive maintenance patterns and reduce costs\r\n• Find optimal service intervals based on your actual driving\r\n• Compare fuel prices and efficiency across different stations\r\n• Analyze monthly expenses with detailed cost breakdowns\r\n• Make data-driven decisions about when to upgrade your vehicle\r\n\r\n<b>Powerful Features, Intuitive Interface</b>\r\n• Modern, clean design that's incredibly easy to use\r\n• Multiple fuel types including gasoline, diesel, CNG, LPG, and electricity\r\n• Flexible unit options (km/miles, liters/gallons, mpg/L/100km)\r\n• Full support for bi-fuel vehicles\r\n• Import data from other apps including Fuelio, Fuelly, and Drivvo\r\n• Easy data backup and export options\r\n\r\n<b>Premium Features (Available as In-App Purchase)</b>\r\n• Cloud sync across all your devices (mobile and desktop)\r\n• Web app for convenient desktop access\r\n• Export custom PDF reports for expenses, trips, and more\r\n• Manage up to 6 vehicles (or 100 with Premium Business)\r\n• Multiple driver management with customizable access rights\r\n• Service reminders with customizable notifications\r\n• Trip logging with business/personal classification\r\n• Income tracking for professional drivers\r\n• Ad-free experience\r\n\r\nMy Car is perfect for both personal vehicle owners and professional drivers (taxis, ride-sharing, delivery services). Take control of your vehicle expenses today and discover how much you can save!\r\n\r\nMore: https://mycar-app.com",
    "summary": "Track fuel, expenses & maintenance with analytics for all your vehicles.",
    "installs": "100,000+",
    "score": 4.29,
    "ratings": 4705,
    "price": 0,
    "currency": "EUR",
    "developer": "KineApps Ltd",
    "developerEmail": "mycar@kineapps.com",
    "developerWebsite": "https://mycar-app.com",
    "developerAddress": "Veneenveistäjänranta 15\n90800 OULU",
    "privacyPolicy": "https://www.iubenda.com/privacy-policy/8175735",
    "genre": "Auto & Vehicles",
    "contentRating": "PEGI 3",
    "released": "Sep 23, 2019",
    "lastUpdatedOn": "Apr 27, 2025",
    "appId": "com.kineapps.mycar",
    "permisions": {
        "Other": [
            "control vibration",
            "full network access",
            "prevent device from sleeping",
            "read Google service configuration",
            "run at startup",
            "view network connections"
        ],
        "Uncategorized": [
            "receive data from Internet"
        ]
    }
}