{
    "title": "Gojek - Food & Transportation",
    "description": "Save more with Gojek, enjoy affordable and reliable services for all your daily needs.\r\n\r\nGojek is a super-app that’s here to help you navigate your daily life easily and affordably. From going places to having your favorite meals delivered to you, you can get it all done with Gojek! \r\n\r\nHere’s all the uber cool services you can find~\r\n\r\nNeed to go somewhere quickly? Try GoRide to take you there, or GoCar for extra comfort on the way.\r\n\r\nCraving something tasty to share with loved ones? No worries, just explore unlimited options on GoFood with affordable prices.\r\n\r\nTrust GoSend for all your deliveries, and have your items delivered ASAP with on-time guarantee plus insurance for your peace of mind.\r\n\r\nSay goodbye to the hassle of grocery shopping, let GoMart help you shop and have it delivered to your doorstep in just 30 minutes or less.\r\n\r\nWait – it gets better! You can also subscribe to Gojek PLUS to get up to 12k discount on every transaction for all Gojek services!\r\n\r\nNeed to communicate smoothly with the driver during your ongoing transaction? Easy, just use our full-screen free call feature on the app.\r\n\r\nSo, what are you waiting for? Download now and get ready to enjoy affordability and reliability for all your daily needs with Gojek!\r\n\r\n(Terms and Conditions apply)",
    "summary": "Go places, buy meals, shop and deliver items more affordably with Gojek",
    "installs": "100,000,000+",
    "score": 4.2,
    "ratings": 6319627,
    "price": 0,
    "currency": "EUR",
    "developer": "PT. GoTo Gojek Tokopedia Tbk",
    "developerEmail": "info@gojek.com",
    "developerWebsite": "https://www.gojek.com",
    "developerAddress": "Pasaraya Blok M Gedung B Lt. 6, Jalan Iskandarsyah II No.7, RW. 2, Melawai, Kebayoran Baru, RT.3/RW.1, Kota Jakarta Selatan, 12160, Indonesia",
    "privacyPolicy": "http://www.gojek.com/privacy-policy/",
    "genre": "Travel & Local",
    "contentRating": "PEGI 3",
    "released": "Jun 20, 2015",
    "lastUpdatedOn": "Apr 23, 2025",
    "appId": "com.gojek.app",
    "permisions": {
        "Identity": [
            "find accounts on the device"
        ],
        "Contacts": [
            "find accounts on the device",
            "modify your contacts",
            "read your contacts"
        ],
        "Location": [
            "approximate location (network-based)",
            "precise location (GPS and network-based)"
        ],
        "Phone": [
            "directly call phone numbers",
            "read phone status and identity"
        ],
        "Photos/Media/Files": [
            "modify or delete the contents of your USB storage",
            "read the contents of your USB storage"
        ],
        "Storage": [
            "modify or delete the contents of your USB storage",
            "read the contents of your USB storage"
        ],
        "Camera": [
            "take pictures and videos"
        ],
        "Microphone": [
            "record audio"
        ],
        "Wi-Fi connection information": [
            "view Wi-Fi connections"
        ],
        "Device ID & call information": [
            "read phone status and identity"
        ],
        "Other": [
            "change network connectivity",
            "change your audio settings",
            "connect and disconnect from Wi-Fi",
            "control Near Field Communication",
            "control flashlight",
            "control vibration",
            "full network access",
            "install shortcuts",
            "pair with Bluetooth devices",
            "prevent device from sleeping",
            "read Google service configuration",
            "run at startup",
            "view network connections"
        ],
        "Uncategorized": [
            "receive data from Internet"
        ]
    }
}