{
    "title": "Paris Metro Map 2024",
    "description": "The Paris Tube Map 2024, as well as public transportation and transportation maps. Zoom in, out, and move around. Quick, simple, and always available! This software is great for both visitors to Paris and long-term residents.\r\n\r\nIncludes a comprehensive collection of official maps for Paris, bus, metro, train, rail, tram - practically all modes of transportation.\r\n\r\nThere are no bells, whistles, or additional complications on this Paris metro map. The subway map only allows you to zoom in and out. Very simple and straightforward! Opens the Paris map immediately, allowing you to rapidly decide whether to take the train in front of you or wait for the next one. The program is small enough to download quickly regardless of network speed.\r\n\r\nThis software is ideal for both visitors and long-term inhabitants of Paris.\r\n\r\n\r\nThank you for your help! :)\r\n\r\nAs always, if you have any issues, please email us at the address shown below!\r\n\r\n2024 Paris Tube Maps",
    "summary": "Paris Metro Offline Maps - Paris Metro Transportation PDF",
    "installs": "500+",
    "score": null,
    "ratings": null,
    "price": 0,
    "currency": "EUR",
    "developer": "R.M A.R",
    "developerEmail": "dsad2608@gmail.com",
    "developerWebsite": "https://79459.appads-txt.com/app-ads.txt",
    "developerAddress": null,
    "privacyPolicy": "https://322898.hostmypolicy.com/",
    "genre": "Maps & Navigation",
    "contentRating": "PEGI 3",
    "released": "Oct 30, 2024",
    "lastUpdatedOn": "Oct 30, 2024",
    "appId": "com.franceparismetro.ratp8",
    "permisions": {
        "Photos/Media/Files": [
            "read the contents of your USB storage"
        ],
        "Storage": [
            "read the contents of your USB storage"
        ],
        "Other": [
            "full network access",
            "prevent device from sleeping",
            "view network connections"
        ]
    }
}