{
    "title": "Naolib tram & bus",
    "description": "Naolib tram & bus app, the official app of the public transport agency of Nantes, assist you in all your travels:\r\n\r\n- See your stop next arrivals in real time.\r\n\r\n- Find the best way with our journey planner including tram, bus, bike, train !\r\n\r\n- Save your favorite stops, lines, and places to save time and stay up to date thanks to the push notifications.\r\n\r\n- Buy and validate your Naolib and Aléop 44 tickets straight from your mobile.  \r\n\r\n-... and even more!\r\n\r\nFound a bug to report? Some ideas for improvement? Contact us on Twitter @Naolib_Direct and on Facebook Messenger https://m.me/naolibmobilites",
    "summary": "The necessary web mobile application to move well on the urban Nantes area.",
    "installs": "500,000+",
    "score": 4.1906357,
    "ratings": 7482,
    "price": 0,
    "currency": "EUR",
    "developer": "Semitan",
    "developerEmail": "contact@naolib.fr",
    "developerWebsite": "https://naolib.fr",
    "developerAddress": "Semitan\n3 rue Bellier - BP 64 605\n44 046 Nantes Cedex 1",
    "privacyPolicy": "https://naolib.fr/fr/charte-des-donnees-personnelles",
    "genre": "Maps & Navigation",
    "contentRating": "PEGI 3",
    "released": "Mar 12, 2012",
    "lastUpdatedOn": "Jan 8, 2025",
    "appId": "com.semitan.tan",
    "permisions": {
        "Location": [
            "approximate location (network-based)",
            "precise location (GPS and network-based)"
        ],
        "Photos/Media/Files": [
            "modify or delete the contents of your USB storage",
            "read the contents of your USB storage"
        ],
        "Storage": [
            "modify or delete the contents of your USB storage",
            "read the contents of your USB storage"
        ],
        "Wi-Fi connection information": [
            "view Wi-Fi connections"
        ],
        "Other": [
            "full network access",
            "modify system settings",
            "prevent device from sleeping",
            "run at startup",
            "view network connections"
        ],
        "Uncategorized": [
            "receive data from Internet"
        ]
    }
}