{
    "title": "WalkFi: Walking App for Money",
    "description": "WalkFi: Cash Walk is an app that tracks users' physical activity (step tracking) and rewards users for achieving specific fitness goals.\r\n\r\nWalkFi – Earn Rewards for Every Step You Take!\r\nTrack Your Steps, Stay Active, and Get Paid for Walking!\r\n\r\nWalkFi is your companion on the path to a healthier lifestyle, combining physical activity tracking with a unique rewards system. Our pedometer accurately tracks your steps, helping you stay active while offering cash rewards for meeting step count goals. Whether you're aiming for fitness or a little extra cash, WalkFi turns your daily steps into something meaningful.\r\n\r\nKey Features:\r\n\r\nAccurate Step Tracking: Our advanced pedometer technology monitors your daily steps with precision. Whether you're walking, jogging, or just moving about, WalkFi keeps track of every step.\r\n\r\nEarn Rewards for Walking: WalkFi motivates you to stay active by converting your steps into real cash rewards. Walk towards a healthier lifestyle while earning money for each step you take.\r\n\r\nFitness Motivation: Get detailed insights into your activity levels. Stay on top of your fitness goals with step count statistics, daily activity monitoring, and progress tracking.\r\n\r\nHealth and Wellness Benefits: WalkFi encourages you to stay fit by making walking a rewarding experience. Track your physical activity levels and receive incentives to maintain a healthier lifestyle.\r\n\r\nSimple and Fun: Join the walking revolution and enjoy a simple, user-friendly interface that tracks your steps and provides real-time data on your physical activity. Make every step count toward both your fitness and financial goals.\r\n\r\nWhy Choose WalkFi?\r\n\r\nImprove Your Health: WalkFi helps you stay active and motivated by providing detailed statistics on your steps and activity levels.\r\nEarn Cash: Unlike many other apps, WalkFi lets you turn your daily activity into cash rewards.\r\nTrack Your Progress: View your daily, weekly, and monthly stats to stay motivated on your fitness journey.\r\nDisclaimer: WalkFi is an independent app and is not affiliated with Sweatcoin, Macadam, WeWard, Cashwalk, FreeCash, StepBet, WinWalk, or any gift card brands.\r\n\r\nGet Started Today:\r\nDownload WalkFi now and start turning your steps into rewards! Stay active, earn money, and track your journey toward a healthier, more rewarding life.",
    "summary": "Get paid to Cash walk & pedometer: Track steps, sweat coin, and earn rewards.",
    "installs": "50,000+",
    "score": 4.553398,
    "ratings": 3294,
    "price": 0,
    "currency": "EUR",
    "developer": "Ghamza Studios",
    "developerEmail": "ghamzastudios@gmail.com",
    "developerWebsite": "https://walkfi.app/",
    "developerAddress": null,
    "privacyPolicy": "https://www.walkfi.app/privacy-policy",
    "genre": "Health & Fitness",
    "contentRating": "PEGI 3",
    "released": "Aug 1, 2024",
    "lastUpdatedOn": "Apr 26, 2025",
    "appId": "com.ghamzastudios.walkfi",
    "permisions": {
        "Phone": [
            "read phone status and identity"
        ],
        "Photos/Media/Files": [
            "modify or delete the contents of your USB storage",
            "read the contents of your USB storage"
        ],
        "Storage": [
            "modify or delete the contents of your USB storage",
            "read the contents of your USB storage"
        ],
        "Camera": [
            "take pictures and videos"
        ],
        "Microphone": [
            "record audio"
        ],
        "Wi-Fi connection information": [
            "view Wi-Fi connections"
        ],
        "Device ID & call information": [
            "read phone status and identity"
        ],
        "Other": [
            "control vibration",
            "draw over other apps",
            "full network access",
            "prevent device from sleeping",
            "run at startup",
            "view network connections"
        ],
        "Uncategorized": [
            "receive data from Internet",
            "update component usage statistics"
        ]
    }
}