{
    "title": "Rapido: Bike-Taxi, Auto & Cabs",
    "description": "Tired of the endless traffic and always running late? Say goodbye to your commute woes in just 5 minutes with Rapido (रैपिडो)—India’s first and largest Commute Service! \r\n\r\nWhether you need to zip through traffic on a Bike-Taxi, hop into a comfortable auto, or relax in a cab, Rapido has got you covered. We’re here to help you save time, save money, and get to your destination quickly and comfortably, every single time.\r\n\r\nWith a presence in over 500 cities across India, a community of 75+ million satisfied customers, and having done a billion rides, Rapido has revolutionized how India travels. Our fleet of over 1 million Captains (Bike-Taxi, Auto and Cab) are ready to take you where you need to go, ensuring you reach your destination on time, even during the busiest hours. Rapido is a game changer for intra-city travel and first-mile, last-mile connectivity, offering you the most affordable rides in just 5 minutes. \r\n\r\nWhy Choose Rapido?\r\nImagine stepping out the door and getting a ride within 5 minutes – no more waiting in long queues or stuck in traffic jams. Whether you’re heading for work or a weekend outing, Rapido offers a variety of quick and affordable ride options:\r\n\r\nBike-Taxi: Beat the traffic and reach your destination faster. Perfect for solo travelers who need a quick, affordable ride.\r\n\r\nAuto Rides: Ride comfortably and affordably with Rapido Auto! With our Flexi Fare option, you get to choose the price that fits your budget.\r\n\r\nCabs: If you’re traveling with family or friends, our cabs offer a relaxed ride at low prices. \r\n\r\nRapido isn’t just quick, it’s also wallet-friendly. We provide affordable rides with exciting offers to help you save even more. Whether it's a busy weekday or a casual weekend trip, you'll always find a quick, affordable, and reliable ride on Rapido. No more relying on expensive taxis or overcrowded buses. Whether you're commuting to or from the metro, ride hassle-free with Rapido's Auto or Bike-Taxi – quick, comfortable, and easy on your pocket!\r\n\r\nDownload the Rapido App now and Join the Rapido Revolution!\r\nGet a ride in 5 minutes at unbeatable prices.\r\n\r\nYour Safety, Our Priority!\r\n\r\nAt Rapido, your safety is non-negotiable. All our rides—Bike-Taxi, Auto, and Cab—are insured by Acko Insurance at no extra cost. Our captains are trained to follow all safety protocols, ensuring a secure ride. For Bike-Taxi passengers, we provide helmets for added protection. No matter the ride, Rapido ensures your safety and peace of mind.\r\n\r\nEasy-to-Use App\r\n\r\nBooking a Rapido Auto, Bike-Taxi, or Cab is now easier than ever! No more juggling OTPs. Just use your unique PIN for every ride and enjoy a seamless, hassle-free experience.\r\n\r\nRapido additionally offers services such as Bike Lite, Bike Metro, Parcel, Auto share, Auto Pet, and Auto Parcel under one umbrella. \r\n\r\nRapido introduced Metro ticket booking through the app to cater to the millions who commute through the metro everyday. Moreover, Rapido improved the first-mile, last-mile connectivity by launching Bike Metro to & from Delhi Metro, Chennai metro, Hyderabad metro & Kochi Metro.  \r\n\r\nFavourites – Save frequently visited locations for easier access.\r\nLive tracking – Follow the real-time location of the ride.\r\n\r\nRapido App is available on both Android and iOS platforms.\r\nGot more queries? Get them all answered! Follow us on our social media platforms and stay updated.\r\nFacebook: https://www.facebook.com/rapido4bike/\r\nInstagram: https://www.instagram.com/rapidoapp/\r\nTwitter: https://twitter.com/rapidobikeapp\r\nLinkedIn: https://in.linkedin.com/company/rapido-bike\r\nYouTube: https://www.youtube.com/channel/UCDrFiyq8m0rLr8SgXiXLqgw",
    "summary": "Bike-Taxi, Auto, Car Never too Far!. Get in 5 mins at  unbeatable  prices.",
    "installs": "100,000,000+",
    "score": 4.5148516,
    "ratings": 2963386,
    "price": 0,
    "currency": "EUR",
    "developer": "Rapido Bike Taxi",
    "developerEmail": "shoutout@rapido.bike",
    "developerWebsite": "https://www.rapido.bike",
    "developerAddress": null,
    "privacyPolicy": "https://rapido.bike/privacy.html",
    "genre": "Maps & Navigation",
    "contentRating": "PEGI 3",
    "released": "Sep 30, 2015",
    "lastUpdatedOn": "Apr 29, 2025",
    "appId": "com.rapido.passenger",
    "permisions": {
        "Contacts": [
            "read your contacts"
        ],
        "Location": [
            "approximate location (network-based)",
            "precise location (GPS and network-based)"
        ],
        "Phone": [
            "directly call phone numbers",
            "read phone status and identity"
        ],
        "Microphone": [
            "record audio"
        ],
        "Wi-Fi connection information": [
            "view Wi-Fi connections"
        ],
        "Device ID & call information": [
            "read phone status and identity"
        ],
        "Other": [
            "change your audio settings",
            "control vibration",
            "draw over other apps",
            "full network access",
            "pair with Bluetooth devices",
            "prevent device from sleeping",
            "read Google service configuration",
            "run at startup",
            "view network connections"
        ],
        "Uncategorized": [
            "receive data from Internet"
        ]
    }
}