{
    "title": "Where is my train -Live Status",
    "description": "You can easy to Check Live Train Status, Check Train Time Tables, Get Live Station Status, Check Train Schedule Get Seat / Berth Map. spot my train is a feature that helps to spot your train with the help of railway pnr status or just directly type the station name or you can also type train number to see live running status.\r\nBest App for track Live Train Status, Indian Railway & IRCTC Info app is the best app for your Indian Railway and IRCTC inquiry needs with fast IRCTC PNR Status. You can check train tickets and get live Train Information.\r\nThe live train status app provides accurate indian railways pnr details for you. So with the help of you can easy to track my train and see the live train status.\r\nNow You can easy to check the train pnr status and irctc pnr status by using our advance train status app.\r\nNow you can check your live train running status of Indian Railways anytime, anywhere. You can share your current train location with your friends & family via the share feature. You can check train status to track your accurate live train status. Our app help to spot your train and gives you the accurate live train running status so your train will never miss or left.\r\nYou can check any train schedule with advanced search features that auto-correct names and numbers so you never have to remember the station name or train name or number. Where is my Train App is a unique Train App that displays live train status and up-to-date schedules.\r\n✤ Features :\r\n☛ Train running status live map\r\n☛ Track your train easily\r\n☛ irctc train running status\r\n☛ Train enquiry live\r\n☛ Train ticket status\r\n☛ indian train enquiry\r\n☛ current status of train\r\n➠ Live running train status\r\n➠ Indian Rail Train Information\r\n☛ Live Train Status\r\n☛ Live Train Running Status\r\n☛ Train Route / Schedule\r\n☛ Train Between Stations\r\n☛ Fare Calculator\r\n☛ Route Map of Running Train\r\n☛ Live Trains Status at Station\r\n☛ pnr status check for railway ticket\r\n☛ Indian railway pnr status\r\n☛ Train ticket availability\r\n☛ train running status\r\n☛ pnr status live check on mobile\r\n☛ pnr status with name\r\n☛ find my train\r\n☛ irctc train status\r\n☛ indian railway train status\r\n☛ check train status\r\n☛ live train times help to spoturtrain\r\nThis app is important for those who travel on trains to check their PNR Status, Seat Availability, Live information on trains and train status.\r\nDownload the My Train App today and feel more connected to your city!",
    "summary": "Get your Live Train Status info about where is my train location Indian railway.",
    "installs": "500,000+",
    "score": 0,
    "ratings": 0,
    "price": 0,
    "currency": "EUR",
    "developer": "Epic- Apps Studio",
    "developerEmail": "priyankagoswami0396@gmail.com",
    "developerWebsite": "https://i6d65ffdc.app-ads-txt.com/",
    "developerAddress": null,
    "privacyPolicy": "https://sites.google.com/view/epic-apps-studio/home",
    "genre": "Travel & Local",
    "contentRating": "PEGI 3",
    "released": "May 10, 2021",
    "lastUpdatedOn": "Aug 10, 2024",
    "appId": "com.statusaver.whats.gbnewpro",
    "permisions": {
        "Location": [
            "approximate location (network-based)",
            "precise location (GPS and network-based)"
        ],
        "Other": [
            "full network access",
            "prevent device from sleeping",
            "view network connections"
        ]
    }
}