{
    "title": "Wanderu: Bus & Train Tickets",
    "description": "Wanderu is the simplest way to book bus and train travel. \r\n\r\nWanderu helps travelers find the best deals on bus and train tickets across the United States, Canada and Europe. With just a quick search on the Wanderu app, you can compare bus and train schedules and prices from hundreds of travel companies in one convenient place to find the bus or train that works best for you. \r\n\r\nWanderu’s checkout process makes it easy to book your bus and train tickets on the go hassle-free. Our mission is simple — we offer you the lowest prices, directly from the carrier. \r\n\r\nPrefer to drive? Rent a car!\r\nOn Wanderu, you will also find hundreds of rental cars with free cancellations on most bookings. Just search for trips like you normally would and select the car rental card in the search results to see all available rental car options for your route.\r\n\r\nWHY USE WANDERU?\r\nNo matter the purpose of your trip, you can always count on Wanderu to compare all your options and find the cheapest bus tickets and train tickets available.\r\n\r\n• Lowest Prices\r\nWe find the cheapest bus & train tickets, so you can wander for less.\r\n\r\n• Best Travel Options\r\nWe partner with 500+ carriers to bring you the most bus & train options.\r\n\r\n• Quick & Easy Booking\r\nBook trips quickly with a simple, hassle-free checkout – online & on our app.\r\n\r\n• Fast Customer Support\r\nWe don’t monkey around. We respond within minutes to help you out.\r\n\r\nWANDERU FEATURES\r\n• Search tickets – Quickly search for buses and trains in the United States, Canada and Europe.\r\n• Compare deals – Sort, filter and compare bus and train trips from hundreds of carriers in one place.\r\n• Book tickets on the go – Save your personal details, so you can book your bus trips and train trips quickly and hassle-free.\r\n• Trip details – Access your itinerary and get directions to and from the bus and train stations.\r\n• Mobile boarding – Access your tickets and board the bus or train using the app with participating carriers.\r\n• Offline tickets – Get access to your tickets even when you’re not connected to the internet.\r\n• Travel history – Keep track of every bus and train trip you have taken.\r\n• Earn points for free travel – Refer a friend and you will both earn points that you can exchange for free bus and train tickets.\r\n• Rental cars – Search and compare hundreds of car rentals from rent-a-car dealers in your area.\r\n\r\nWANDERU’S OFFICIAL PARTNERS\r\nBy working directly with the biggest names in the ground travel industry, Wanderu is the most efficient way to compare your travel options and buy bus tickets and train tickets online for over two million routes.\r\n\r\nWanderu is the official partner of hundreds of carriers that offer bus and train service throughout North America and Europe, including:\r\n\r\n• Buses: Greyhound, Peter Pan Bus Lines, NY Trailways, BoltBus, Flixbus, BlaBlaCar Bus (aka BlaBlaBus), Tufesa, Go Buses, Red Arrow, El Expreso, BestBus, RedCoach, Vamoose, Concord Coach, Dartmouth Coach, Turimex, Ourbus, Rider Express, Tornado, CoachRun, Sprinter Bus, Megabus, Wanda Coach, Badger Bus, Panda Bus, Transportes del Norte (TDN), and many others.\r\n\r\n• Trains: Amtrak, Acela (and Acela Express), VIA Rail, Deutsche Bahn (DB), SNCF, and many others.\r\n\r\nGET IN TOUCH\r\nNeed a hand booking a ticket or have a question about a trip? We are here to help!\r\n• Chat: Visit help.wanderu.com to chat with our team.\r\n• Email: contact@wanderu.com\r\n• Website: www.wanderu.com\r\n\r\nCOME WANDER WITH US\r\n• Facebook: facebook.com/GoWanderu\r\n• Twitter: @GoWanderu\r\n• Instagram: @Wanderu \r\n• Pinterest: @Wanderu",
    "summary": "Find and book cheap bus and train tickets across the U.S., Canada & Europe.",
    "installs": "100,000+",
    "score": 4.15,
    "ratings": 4901,
    "price": 0,
    "currency": "EUR",
    "developer": "Wanderu, Inc.",
    "developerEmail": "mobile@wanderu.com",
    "developerWebsite": "https://www.wanderu.com",
    "developerAddress": "6 Liberty Sq #2410\nBoston MA 02109",
    "privacyPolicy": "https://www.wanderu.com/privacy-policy",
    "genre": "Travel & Local",
    "contentRating": "PEGI 3",
    "released": "May 1, 2015",
    "lastUpdatedOn": "Oct 25, 2024",
    "appId": "com.wanderu.wanderu",
    "permisions": {
        "Location": [
            "approximate location (network-based)",
            "precise location (GPS and network-based)"
        ],
        "Photos/Media/Files": [
            "modify or delete the contents of your USB storage",
            "read the contents of your USB storage"
        ],
        "Storage": [
            "modify or delete the contents of your USB storage",
            "read the contents of your USB storage"
        ],
        "Camera": [
            "take pictures and videos"
        ],
        "Wi-Fi connection information": [
            "view Wi-Fi connections"
        ],
        "Other": [
            "control vibration",
            "full network access",
            "prevent device from sleeping",
            "run at startup",
            "view network connections"
        ],
        "Uncategorized": [
            "receive data from Internet"
        ]
    }
}