{
    "title": "Train tickets, travel & times",
    "description": "Use the Great Western Railway app to plan your next journey and book train tickets with ease. \r\n\r\nKey features:\r\n\r\nBook train tickets\r\n• Purchase train tickets across all networks to anywhere in Britain\r\n• Save up to 50% with an Advance train ticket; compared to standard Anytime fares\r\n• No booking or card fees\r\n• Store mobile train tickets in-app to use straight-away\r\n• Convenient home screen widget for ease of access to your tickets for travel today\r\n\r\nCheck live train times\r\n• View departure and arrival times for all National Rail services\r\n• Check live train timetables and platform numbers \r\n• View facilities and how busy it is onboard with live loading data  \r\n• Save your frequent journeys for ease of checking again later\r\n• Keep updated with live GWR network information provided on the home screen\r\n\r\nDownload now and plan your next train journey.\r\n--\r\nInformation to note:\r\nYou’ll need to create an online GWR account or sign-in before you can purchase your train tickets.\r\n\r\nGot a question? Here’s our FAQs:\r\nhttps://www.gwr.com/help-and-support/faqs\r\n\r\nNeed to get in touch? Find the best way to here: https://www.gwr.com/help-and-support/contact-us\r\n\r\nFollow us on Twitter: @GWRHelp\r\n\r\nLearn more about us at https://www.gwr.com/",
    "summary": "Get live train times, plan your travel, buy tickets, check departures & arrivals",
    "installs": "1,000,000+",
    "score": 3.6410255,
    "ratings": 19576,
    "price": 0,
    "currency": "EUR",
    "developer": "Great Western Railway",
    "developerEmail": "GWR.WebSupport@GWR.com",
    "developerWebsite": "http://www.gwr.com",
    "developerAddress": null,
    "privacyPolicy": "https://www.gwr.com/privacy-policy",
    "genre": "Maps & Navigation",
    "contentRating": "PEGI 3",
    "released": "Jul 5, 2018",
    "lastUpdatedOn": "Apr 18, 2025",
    "appId": "com.firstgreatwestern",
    "permisions": {
        "Location": [
            "approximate location (network-based)",
            "precise location (GPS and network-based)"
        ],
        "Photos/Media/Files": [
            "modify or delete the contents of your USB storage",
            "read the contents of your USB storage"
        ],
        "Storage": [
            "modify or delete the contents of your USB storage",
            "read the contents of your USB storage"
        ],
        "Camera": [
            "take pictures and videos"
        ],
        "Wi-Fi connection information": [
            "view Wi-Fi connections"
        ],
        "Other": [
            "control Near Field Communication",
            "full network access",
            "prevent device from sleeping",
            "view network connections"
        ],
        "Uncategorized": [
            "receive data from Internet"
        ]
    }
}