{
    "title": "Athens Metro Bus Travel Guide",
    "description": "Key features:\r\n1. Offline maps from official sources.\r\n2. Usable even without internet connection and Wi-Fi\r\n3. Can zoom in, zoom out and scroll vertical and horizontal.\r\n4. Easy to use. Quick to find your place.\r\n5. Without charge.\r\n6. Bookmark and customize maps and web pages by yourself.\r\n7. Local guide and local foods guide.\r\n8. Paperless and environmental sustainability\r\n9. LGBT friendly travel guide\r\n\r\nThis app includes:\r\n1. Athens Metro Tram Bus Map\r\n2. Athens Transport Time Table\r\n3. Athens Travel Guide Book\r\n4. Athens Practical Info\r\n5. Athens Gay Travel Guide\r\n6. Athens Cultural Guide",
    "summary": "An offline map and travel guide of Athens",
    "installs": "1,000+",
    "score": null,
    "ratings": null,
    "price": 0,
    "currency": "EUR",
    "developer": "AppPlay Software",
    "developerEmail": "usehttps@gmail.com",
    "developerWebsite": "https://mytripnavi.com",
    "developerAddress": "Japan",
    "privacyPolicy": "https://sites.google.com/view/privacypolicycheck",
    "genre": "Maps & Navigation",
    "contentRating": "PEGI 3",
    "released": "Aug 10, 2020",
    "lastUpdatedOn": "May 31, 2024",
    "appId": "com.blogspot.shantiom2108ykk.athensmetromap",
    "permisions": {
        "Photos/Media/Files": [
            "modify or delete the contents of your USB storage",
            "read the contents of your USB storage"
        ],
        "Storage": [
            "modify or delete the contents of your USB storage",
            "read the contents of your USB storage"
        ],
        "Other": [
            "full network access",
            "prevent device from sleeping",
            "view network connections"
        ]
    }
}