{
    "title": "Tesla",
    "description": "The Tesla app puts owners in direct communication with their vehicles and Powerwalls anytime, anywhere. With this app, you can:\r\n\r\n- Check charging progress in real time and start or stop charging\r\n- Heat or cool your car before driving – even if it's in a garage\r\n- Lock or unlock from afar\r\n- Locate your vehicle with directions or track its movement\r\n- Send an address from your favorite apps to start navigation in your car\r\n- Allow your passengers to quickly control media\r\n- Flash lights or honk the horn to find your vehicle when parked\r\n- Vent or close the panoramic roof\r\n- Summon your vehicle out of your garage or a tight parking space (for vehicles with Autopilot)\r\n- Update your vehicle software from wherever you are\r\n- Engage with Powerwall: monitor how much energy is stored from solar, used by your home, or exported to the grid\r\n- Download your solar production and battery usage data\r\n\r\nNote: Powerwall features in this app require Powerwall 2\r\n\r\nFor more information about Tesla, visit www.tesla.com",
    "summary": "Communicate with your vehicles and Powerwalls anytime, anywhere",
    "installs": "5,000,000+",
    "score": 4.1485147,
    "ratings": 42855,
    "price": 0,
    "currency": "EUR",
    "developer": "Tesla, Inc.",
    "developerEmail": "customersupport@tesla.com",
    "developerWebsite": "https://www.tesla.com",
    "developerAddress": "3500 Deer Creek Road\nPalo Alto CA 94304\nUnited States of America",
    "privacyPolicy": "https://www.tesla.com/legal/privacy",
    "genre": "Lifestyle",
    "contentRating": "PEGI 3",
    "released": "Jan 31, 2013",
    "lastUpdatedOn": "May 6, 2025",
    "appId": "com.teslamotors.tesla",
    "permisions": {
        "Calendar": [
            "add or modify calendar events and send email to guests without owners' knowledge",
            "read calendar events plus confidential information"
        ],
        "Contacts": [
            "read your contacts"
        ],
        "Location": [
            "approximate location (network-based)",
            "precise location (GPS and network-based)"
        ],
        "Phone": [
            "directly call phone numbers"
        ],
        "Photos/Media/Files": [
            "modify or delete the contents of your USB storage",
            "read the contents of your USB storage"
        ],
        "Storage": [
            "modify or delete the contents of your USB storage",
            "read the contents of your USB storage"
        ],
        "Camera": [
            "take pictures and videos"
        ],
        "Microphone": [
            "record audio"
        ],
        "Wi-Fi connection information": [
            "view Wi-Fi connections"
        ],
        "Other": [
            "access Bluetooth settings",
            "allow Wi-Fi Multicast reception",
            "change network connectivity",
            "connect and disconnect from Wi-Fi",
            "control Near Field Communication",
            "control vibration",
            "full network access",
            "modify system settings",
            "pair with Bluetooth devices",
            "prevent device from sleeping",
            "read Google service configuration",
            "run at startup",
            "view network connections"
        ],
        "Uncategorized": [
            "download files without notification",
            "receive data from Internet"
        ]
    }
}