{
    "title": "ETM Permis Code Moto - A A1 A2",
    "description": "Questions updated in accordance with the new ETM (Motorcycle Theoretical Examination) test for the motorcycle license.\r\n \r\nThe Plateau Moto A A1 A2 License Exam application will allow you to prepare at any time for the ETM, plateau and circulation tests for the 2025 motorcycle license.\r\nThe application contains the questions of the ETM code (Motorcycle Theoretical Examination) implemented on March 1, 2020.\r\n \r\nA revision mode allows you to learn the theory and prepare for the ETM test, by reviewing your mistakes.\r\n \r\nAn exam mode that comes as close as possible to the real conditions of the ETM exam.\r\n\r\nSummary sheets of the progress of the plateau tests outside circulation and in circulation.\r\n\r\n Summary sheets of ETM themes.\r\n\r\nRegular updates are made to adapt to changes in the state program.\r\n \r\nNB: The application does not provide training from a professional.\r\n \r\n* ETM questions\r\n* Revision sheets on the themes covered at the ETM.\r\n* A simulated exam to ensure you are ready for the ETM code test (Motorcycle Theoretical Examination).\r\n* Functional offline.¹\r\n* Questions in accordance with the state motorcycle license exam program.\r\n* Regular updates following developments in the examination and legislation.\r\n\r\n¹ The videos of the test progress sheets require an internet connection.",
    "summary": "The essential for the examination of the motorcycle code and the tests plate and circulation.",
    "installs": "100,000+",
    "score": 4.6337385,
    "ratings": 6875,
    "price": 0,
    "currency": "EUR",
    "developer": "CodeCoDoc",
    "developerEmail": "contact@codecodoc.com",
    "developerWebsite": "http://www.codecodoc.com",
    "developerAddress": "29460 Logonna-Daoulas\nFRANCE",
    "privacyPolicy": "https://codecodoc.com/tos/index.html",
    "genre": "Auto & Vehicles",
    "contentRating": "PEGI 3",
    "released": "Jun 25, 2017",
    "lastUpdatedOn": "Nov 12, 2024",
    "appId": "com.codecodoc.moto",
    "permisions": {
        "Other": [
            "full network access",
            "view network connections"
        ]
    }
}