{
    "title": "HelloRide",
    "description": "HelloRide is your ideal choice for a carbon-free journey. You can unlock our bike nearby with only one step by clicking on 'Scan The Ride'. Our service has helped riders in 460 cities worldwide travel 24 billion kilometres. As a leading mobility platform, we are always on the way to providing better service.",
    "summary": "Cycling well for every journey",
    "installs": "100,000+",
    "score": 4.535714,
    "ratings": 10944,
    "price": 0,
    "currency": "EUR",
    "developer": "HelloRide",
    "developerEmail": "helloride@hellobike.com",
    "developerWebsite": "https://global-inc.hellobike.com/",
    "developerAddress": null,
    "privacyPolicy": "https://m.hellobike.com/mf/spa/u_wfpfbk/latest/MA2202222873206127581986816.html?activityCode=MA2202222873206127581986816",
    "genre": "Auto & Vehicles",
    "contentRating": "PEGI 3",
    "released": "Mar 17, 2022",
    "lastUpdatedOn": "Feb 23, 2025",
    "appId": "com.hellobike.anole",
    "permisions": {
        "Location": [
            "approximate location (network-based)",
            "precise location (GPS and network-based)"
        ],
        "Phone": [
            "read phone status and identity"
        ],
        "Photos/Media/Files": [
            "modify or delete the contents of your USB storage",
            "read the contents of your USB storage"
        ],
        "Storage": [
            "modify or delete the contents of your USB storage",
            "read the contents of your USB storage"
        ],
        "Camera": [
            "take pictures and videos"
        ],
        "Wi-Fi connection information": [
            "view Wi-Fi connections"
        ],
        "Device ID & call information": [
            "read phone status and identity"
        ],
        "Other": [
            "access Bluetooth settings",
            "full network access",
            "pair with Bluetooth devices",
            "prevent device from sleeping",
            "view network connections"
        ],
        "Uncategorized": [
            "receive data from Internet"
        ]
    }
}