{
    "title": "Singapore Metro - MRT & LRT",
    "description": "Singapore Metro – MRT and LRT train is the most updated and offline application that makes your travelling easier and simple to travel across Singapore using MRT (mass rapid transit) and LRT (Light Rail Transit) subway rail systems. It helps everyday commute to identify shortest routes to save your time and money. If you are new to Singapore you must have this application to make your transport easy and hassle-free commute.\r\nSingapore Metro MRT and LRT is an absolutely FREE application. Anytime anywhere now you can plan your journey; find metro routes between any source and destination as well as the approximate destination time to reach.\r\n\r\nApplication Features: - \r\n- Line-specific route information \r\n- Plan Journey \r\n- Find nearest stations from your location \r\n- Fare calculator – gives you approximate fare based on the distance between stations may not be accurate.\r\n- High-Resolution Singapore MRT & LRT map with zoom-in and zoom-out features. \r\n- No internet connection required for trip planning or Singapore MRT and LRT route search\r\n- Simple, Easy and user-friendly.\r\n- Updated 2021 map with ALL lines like a Downtown 3 and more.\r\n\r\nWe would appreciate your feedback on the Singapore Metro application. You can share your feedback via email to improve application experience. \r\nIf you find any route or station is not available in this application, please feel free to send us an email by using application feedback functionality without changing the subject line. Apart from that, you can also share your suggestions to improve application experience. Moreover, the application contains decent advertising banners on the screen.\r\nNote:\r\nThis application is not an official application of SMRT (Singapore Mass Rapid Transit) or LTA (Land Transport Authority).",
    "summary": "Singapore Metro application allow plan journey simple and easier across city",
    "installs": "100,000+",
    "score": null,
    "ratings": null,
    "price": 0,
    "currency": "EUR",
    "developer": "Wm Dev Technology",
    "developerEmail": "WmDevWork@outlook.com",
    "developerWebsite": null,
    "developerAddress": null,
    "privacyPolicy": "http://wmdevtech.blogspot.com/p/blog-page.html",
    "genre": "Maps & Navigation",
    "contentRating": "PEGI 3",
    "released": "Sep 16, 2018",
    "lastUpdatedOn": "Jul 18, 2024",
    "appId": "com.metrotrain.wmdev.singaporemetro",
    "permisions": {
        "Location": [
            "approximate location (network-based)",
            "precise location (GPS and network-based)"
        ],
        "Photos/Media/Files": [
            "modify or delete the contents of your USB storage",
            "read the contents of your USB storage"
        ],
        "Storage": [
            "modify or delete the contents of your USB storage",
            "read the contents of your USB storage"
        ],
        "Other": [
            "full network access",
            "prevent device from sleeping",
            "view network connections"
        ]
    }
}