{
    "title": "Segway Mobility",
    "description": "The Segway Mobility App 6.0 version is here! With a brand-new interactive process and page design, and over a hundred new features, it will give you a different user experience. Open version 6.0 to start your intelligent journey.",
    "summary": "Formerly Segway-Ninebot",
    "installs": "1,000,000+",
    "score": 3.23,
    "ratings": 9383,
    "price": 0,
    "currency": "EUR",
    "developer": "Ninebot(Beijing) Tech Co., Ltd.",
    "developerEmail": "biao.zhang@ninebot.com",
    "developerWebsite": "http://www.ninebot.cn/index.html",
    "developerAddress": null,
    "privacyPolicy": "https://api5-fra.ninebot.com/h5/privacy_agreement/privacy_new",
    "genre": "Travel & Local",
    "contentRating": "PEGI 3",
    "released": "Jan 20, 2020",
    "lastUpdatedOn": "Apr 6, 2025",
    "appId": "com.ninebot.segway",
    "permisions": {
        "Contacts": [
            "read your contacts"
        ],
        "Location": [
            "access extra location provider commands",
            "approximate location (network-based)",
            "precise location (GPS and network-based)"
        ],
        "Phone": [
            "read phone status and identity"
        ],
        "Photos/Media/Files": [
            "modify or delete the contents of your USB storage",
            "read the contents of your USB storage"
        ],
        "Storage": [
            "modify or delete the contents of your USB storage",
            "read the contents of your USB storage"
        ],
        "Camera": [
            "take pictures and videos"
        ],
        "Microphone": [
            "record audio"
        ],
        "Wi-Fi connection information": [
            "view Wi-Fi connections"
        ],
        "Device ID & call information": [
            "read phone status and identity"
        ],
        "Other": [
            "access Bluetooth settings",
            "change network connectivity",
            "connect and disconnect from Wi-Fi",
            "control vibration",
            "draw over other apps",
            "full network access",
            "pair with Bluetooth devices",
            "prevent device from sleeping",
            "run at startup",
            "view network connections"
        ],
        "Uncategorized": [
            "receive data from Internet"
        ]
    }
}