{
    "title": "Train App: Book Tickets, Food",
    "description": "RailYatri: Your Ultimate Travel Companion 🚂 \r\n● IRCTC Authorized Partner\r\n● Fastest Train Ticket Booking App\r\n● IRCTC E-catering Authorised Food on Train Delivery \r\n● Trusted by over 75M Users \r\n● India’s No.1 Train Ticket Booking App\r\n● 24x7 Customer Support\r\n\r\nGet ready to experience a hassle-free and delightful train journey with RailYatri, the highest-rated Railway booking app in India, brought to you by an IRCTC-authorized partner. Discover an array of features including train ticket booking, Where is my train status, PNR status, Train seat availability, and delicious food on-train service, all designed to make your journey smooth and enjoyable.\r\n\r\n🏅 Know why RailYatri is the best IRCTC Train Ticket Booking App!\r\n\r\nFeatures That Set Us Apart\r\n\r\n1. Effortless Train Ticket Booking\r\n● Confirmed Tickets: Increase your chances of securing a confirmed train ticket with our advanced prediction feature.\r\n\r\n● Full Refund: Enjoy worry-free bookings with our free cancellation feature that offers a full refund on train ticket cancellation.\r\n\r\n● User-Friendly Interface: Use your current IRCTC login details effortlessly for a seamless booking experience.\r\n\r\n2. Comprehensive Train Travel Tools\r\n● IRCTC Authorized Train Ticket Booking App: Complete train app for Indian railway bookings - Tickets, live status, Train schedule, Train seat availability, PNR Status, Train food service, Platform number & coach position to board.\r\n\r\n● Live Train Status: Best Indian railway app for where is my train Live Train Running Status information. The In-app GPS feature helps you to know the estimated time of train arrival (ETA) at upcoming stations. \r\n\r\n● Offline Train Schedules: Download the RailYatri train app for Indian Railways updated time-table (even in offline mode). \r\n\r\n● PNR Status & Prediction: Check PNR Status and confirmation probability to know the chances of confirmation of your waitlisted tickets for a seamless travel experience.\r\n\r\n● Food on Train: Elevate your journey with the joy of dining on the move, ordering delicious and healthy food on train with IRCTC eCatering partner straight to your seat. You don't have to carry food or eat out - enjoy home-like hygienic food with Railway food delivery service in train during the trip. \r\n\r\n● Train Fare Enquiry: Fastest online train ticket booking app. View booking fares for irctc trains between stations & all coach types for Rajdhani, Duronto, Shatabdi, Jan Shatabdi, Garib Rath, Vande Bharat, Tejas etc. Enjoy the extra benefit of hassle-free journey planning along with faster train ticket booking.  Get an easy refund amount on ticket booking cancellations.\r\n\r\n● Book IntrCity SmartBus Tickets: IntrCity smart buses are brought to you by the RailYatri app on all popular bus routes.\r\n\r\n3. Innovative Features\r\n● Coach Layout and Platform Numbers: Be prepared with detailed coach layouts and platform numbers, helping you to navigate stations with ease.\r\n\r\n● Battery and Data Efficiency: Our app is optimized to be gentle on your phone's battery and data usage, offering vital features that work offline.\r\n\r\n● Offline Mode: Offer an offline mode that allows users to access essential features of the app without an internet connection.\r\n\r\n● Real-Time Train Tracking: Provide a real-time train tracking feature that allows users to track the exact location of their trains.\r\n\r\n● Multi-Language Support: Offer a multilingual interface to cater to a diverse user base, improving accessibility for users from different linguistic backgrounds.\r\n\r\n<b>Laurels & Recognitions</b>\r\nAwarded the best mobile app in SE Asia http://www.mbillionth.in/mobile-based-solution-in-travel-tourism/\r\n\r\n<b>Follow RailYatri on Twitter & Instagram</b>\r\nhttps://twitter.com/RailYatri\r\nhttps://www.instagram.com/railyatri.in/\r\n\r\nCommon mis-spellings:  irtc, itctc, railyati, irtct, tren, railyatra, rictc, isrtc\r\n\r\nDisclaimer- RailYatri is the IRCTC Authorized Partner for train ticket booking. This app is not affiliated with CRIS, NTES.",
    "summary": "IRCTC Auth Ticket Booking, Where is My Train Status, Food on Train, PNR Status",
    "installs": "50,000,000+",
    "score": 4.58,
    "ratings": 1838417,
    "price": 0,
    "currency": "EUR",
    "developer": "RailYatri - IRCTC Authorized Partner, IntrCity Bus",
    "developerEmail": "feedback@railyatri.in",
    "developerWebsite": "https://www.railyatri.in",
    "developerAddress": null,
    "privacyPolicy": "https://www.railyatri.in/privacy-policy",
    "genre": "Travel & Local",
    "contentRating": "PEGI 3",
    "released": "Dec 4, 2013",
    "lastUpdatedOn": "Apr 7, 2025",
    "appId": "com.railyatri.in.mobile",
    "permisions": {
        "Identity": [
            "find accounts on the device"
        ],
        "Contacts": [
            "find accounts on the device"
        ],
        "Location": [
            "precise location (GPS and network-based)"
        ],
        "Phone": [
            "make/receive SIP calls",
            "read phone status and identity"
        ],
        "Photos/Media/Files": [
            "modify or delete the contents of your USB storage",
            "read the contents of your USB storage"
        ],
        "Storage": [
            "modify or delete the contents of your USB storage",
            "read the contents of your USB storage"
        ],
        "Wi-Fi connection information": [
            "view Wi-Fi connections"
        ],
        "Device ID & call information": [
            "read phone status and identity"
        ],
        "Other": [
            "connect and disconnect from Wi-Fi",
            "control Near Field Communication",
            "control vibration",
            "draw over other apps",
            "full network access",
            "install shortcuts",
            "prevent device from sleeping",
            "read Google service configuration",
            "run at startup",
            "set an alarm",
            "uninstall shortcuts",
            "use accounts on the device",
            "view network connections"
        ],
        "Uncategorized": [
            "receive data from Internet",
            "send package removed broadcast"
        ]
    }
}