{
    "title": "InstaVolt",
    "description": "The Instavolt App runs alongside our contactless payment option and provides another simple way to access our award winning DC Rapid Electric Vehicle charging network. In addition to the functional benefits the App provides (i.e. location mapping, navigation and VAT receipts), customers using our EV charging App are given exclusive access to the following rewards programs, which are not available to those using our contactless payment option.",
    "summary": "Rapid EV Charging Network",
    "installs": "100,000+",
    "score": null,
    "ratings": null,
    "price": 0,
    "currency": "EUR",
    "developer": "Instavolt",
    "developerEmail": "app.support@instavolt.co.uk",
    "developerWebsite": "https://instavolt.co.uk",
    "developerAddress": "6 Cedarwood, Crockford Lane, Chineham Park, Hampshire RG24 8WD",
    "privacyPolicy": "https://instavolt.co.uk/privacy/",
    "genre": "Auto & Vehicles",
    "contentRating": "PEGI 3",
    "released": "Oct 8, 2024",
    "lastUpdatedOn": "Nov 26, 2024",
    "appId": "com.app.instavolt",
    "permisions": {
        "Location": [
            "approximate location (network-based)",
            "precise location (GPS and network-based)"
        ],
        "Camera": [
            "take pictures and videos"
        ],
        "Wi-Fi connection information": [
            "view Wi-Fi connections"
        ],
        "Other": [
            "control vibration",
            "full network access",
            "prevent device from sleeping",
            "view network connections"
        ],
        "Uncategorized": [
            "receive data from Internet"
        ]
    }
}