{
    "title": "Rent a Car・Rent80",
    "description": "Need to rent a car on the go? Rent a Car - Rent80 app helps you to search, compare & get the best rent a car deals from 100+ car hire companies around the world. Get rent cars deals from all top rental car companies like Driiveme, Virtuo voiture location, Goldcar, Alamo rent a car, Ada location, Enterprise car rental, Hertz rent a car, Rentalcars com, Ubeeqo, Toosla, Ouicar, Europcar, Getaround, Sixt location de voiture, and many more. We offer the fastest and easiest way to book low cost car rentals at anytime.\r\n\r\nOur Rent a Car app will allow you to compare & hire a car according to your needs. Compare from more than 1,500 car hire companies and hire a car for your next trip at one of our 7,800+ worldwide locations. You just need to select the date & time and enter location in our budget rent a car app. You'll get the best cheap car rental deals in the location. \r\n\r\nYou can select rent cars from the vast collection. We have all kinds of car categories like mini, economy, standard, convertible, SUV, minivan, van, 4x4, luxury rental car, 7 & 9-seater, etc. Get exclusive monthly car rental offers & weekly car rental deals with our rent a car app. Our great fleet of vehicles, from economy to luxury car rental, makes us one of the budget-friendly car rental apps. Use Car rental near me option to find the best rental cars nearby your location.\r\n \r\nWhy Use Rent a Car App to book a car?\r\n   ➤  Compare prices and make sure you get the best cheap car rental deals out there.\r\n   ➤ We provide cars from all the top providers like Virtuo location voiture, Economybookings, Budget car rental, Turo, Enterprise rent a car, National car rental, Oui car, etc.\r\n   ➤ Advanced filter option to select the perfect rent a car. Use Car rental near me option to locate rent cars near you.\r\n   ➤ Easy booking for monthly and weekly car rentals.\r\n   ➤ Maximum discounts when renting a car for long term.\r\n   ➤ The car hire near me option helps you find the nearest car rental offers.\r\n\r\nSo why wait for booking car? Get Cheap rental cars easily now. Download the app and book a car now!",
    "summary": "Get budget car rental from Rent a car app. Never miss a cheap car rentals offer.",
    "installs": "500,000+",
    "score": 4.4054055,
    "ratings": 4007,
    "price": 0,
    "currency": "EUR",
    "developer": "Booking70 - Flights, Hotels, Rental Cars",
    "developerEmail": "jaseelshibil@gmail.com",
    "developerWebsite": null,
    "developerAddress": null,
    "privacyPolicy": "https://www.rent80.com/app-privacy-policy",
    "genre": "Travel & Local",
    "contentRating": "PEGI 3",
    "released": "Oct 10, 2022",
    "lastUpdatedOn": "Apr 15, 2025",
    "appId": "com.rent80.rentalcars",
    "permisions": {
        "Location": [
            "approximate location (network-based)",
            "precise location (GPS and network-based)"
        ],
        "Wi-Fi connection information": [
            "view Wi-Fi connections"
        ],
        "Other": [
            "change network connectivity",
            "control vibration",
            "full network access",
            "prevent device from sleeping",
            "run at startup",
            "view network connections"
        ],
        "Uncategorized": [
            "receive data from Internet"
        ]
    }
}