{
    "title": "Cooltra Motosharing Scooter",
    "description": "<b>Cooltra Motosharing, the leading app to rent shared e-mopeds and bikes by minutes in your city</b>. \r\n\r\n  \r\n\r\n<h2>🛵 Advantages of Cooltra electric scooters</h2> \r\n\r\nThe largest rental motorcycle fleet in Europe \r\n\r\n  \r\n\r\n✔️ <b>More than 16,000 e-mopeds:</b> Rent for minutes in Madrid, Barcelona, Valencia, Sevilla, París, Milán, Roma, Turín and  Lisboa. \r\n\r\n✔️ <b>Customized rental:</b> Pay for the rental of your electric moped only for the time you need. \r\n\r\n✔️ <b>Drive safe:</b> Enjoy insurance included in all your journeys. \r\n\r\n  \r\n\r\n<h2>📱 How does scooter rental work?</h2> \r\n\r\nEasy, fast and intuitive. Rent your motorcycle right now. \r\n\r\n  \r\n\r\n1) Locate the nearest rental moped on the map of the app and press the \"Reserve\" button. \r\n\r\n2) Once in front of the bike you can now \"Slide to start\" the trip. All our motorcycles are provided with two approved and safe helmets, sizes M and L. \r\n\r\n3) Time to start: press the START button and drive. Do not forget to respect all security measures and the rest of the people and vehicles with whom you share the public road. \r\n\r\n4) Once you arrive at your destination, park correctly, always following the city regulations. \r\n\r\n5) Save the helmet and in the app \"Slide to finish\". At this time we will ask you to take a photo of the motorcycle correctly parked. \r\n\r\n  \r\n\r\n<h2>⚙️ What mobility services will you find?</h2> \r\n\r\nYour moped rental app wherever you travel \r\n\r\n  \r\n\r\n1. Rental of electric mopeds by minutes in Madrid, Barcelona, Valencia, Sevilla, París, Milán, Roma, Turín y Lisboa. \r\n\r\n2. Rental of shared electric bikes in Barcelona and Turin. \r\n\r\n3. Now as a Cooltra user, you can use the felyx electric moped service in Amsterdam, Antwerp, Brussels, Breda, Den Bosch, Den Haag, Enschede, Groningen, Haarlem, Hilversum, Nijmegen, Rotterdam, Tilburg y Zwolle. \r\n\r\n4. Motorcycle and bikes rental by days and months in more than 50 rental points throughout Europe: Barcelona, Formentera, Gran Canaria, Granada, Ibiza, Madrid, Malaga, Majorca, Menorca, Seville, Tenerife, Valencia, Paris, Milan, Rome, Lisbon, Porto and more. \r\n\r\n \r\n\r\n<h2>👍 Prices for all budgets</h2> \r\n\r\nChoose the type of rental that best suits your needs \r\n\r\n  \r\n\r\n● <b>Registration is free</b> and, if you bring your friends, there will be promotions and we will give you credit. \r\n\r\n● <b>Packs and bonuses</b>: an advance payment method with which we will add extra free credits. The more you pre-pay, the more we give you in the offer. The ideal way to reduce the price per kilometer to the maximum. \r\n\r\n● We have created the <b>PAS mode</b>: you pay to use any Cooltra rental motorcycle or bicycle for a continuous period of time. In a 24h or 48h PASS you can change motorcycle and bike as many times as you want. This scooter rental for days is ideal for business trips, with those endless days of orders, when your private motorcycle stays in the workshop or for sightseeing in any of the Cooltra cities. \r\n\r\n  \r\n\r\n<h2>📢  Enjoy our promotions</h2> \r\n\r\n● Through our social networks we constantly publish <b>offers and promotions</b>. Follow us on our Instagram account @cooltra_es and turn on notifications to find out before anyone else about motorcycle rental promotions in your city. \r\n\r\n  \r\n\r\n<h2>🌍​ Let's protect the environment</h2> \r\n\r\nWith Cooltra there are already more than 8,000 tons of CO2 saved. Let's work for sustainable mobility. \r\n\r\n  \r\n\r\nAfter 18 years offering motorcycle and bicycle rental services, we know best how important it is for you to move around the city easily and safely. Download our app to start enjoying our electric motorcycles. \r\n\r\n  \r\n\r\nIf you have any questions or comments about the app, send an email to hola@cooltra.com. \r\n\r\n* Registration on the app requires proof of a valid driving license via photo. \r\n\r\n** Vehicle rental  is subject to the conditions of use and the offer available at the time of the ride.\"",
    "summary": "Electric shared moped rides by the minute in your European city.",
    "installs": "1,000,000+",
    "score": 4.19,
    "ratings": 15704,
    "price": 0,
    "currency": "EUR",
    "developer": "Cooltra Motosharing SLU",
    "developerEmail": "hello@cooltra.com",
    "developerWebsite": "https://www.cooltra.com",
    "developerAddress": null,
    "privacyPolicy": "https://cooltra.com/en/privacy-policy/",
    "genre": "Travel & Local",
    "contentRating": "PEGI 3",
    "released": "Feb 15, 2016",
    "lastUpdatedOn": "Jan 29, 2025",
    "appId": "com.mobime.ecooltra",
    "permisions": {
        "Location": [
            "approximate location (network-based)",
            "precise location (GPS and network-based)"
        ],
        "Phone": [
            "directly call phone numbers",
            "read phone status and identity"
        ],
        "Photos/Media/Files": [
            "modify or delete the contents of your USB storage",
            "read the contents of your USB storage"
        ],
        "Storage": [
            "modify or delete the contents of your USB storage",
            "read the contents of your USB storage"
        ],
        "Camera": [
            "take pictures and videos"
        ],
        "Microphone": [
            "record audio"
        ],
        "Wi-Fi connection information": [
            "view Wi-Fi connections"
        ],
        "Device ID & call information": [
            "read phone status and identity"
        ],
        "Other": [
            "control vibration",
            "full network access",
            "prevent device from sleeping",
            "reorder running apps",
            "run at startup",
            "view network connections"
        ],
        "Uncategorized": [
            "receive data from Internet"
        ]
    }
}