{
    "title": "Roadie: road trip planner & rv",
    "description": "<b>Plan epic road trips with Roadie.</b> It's a clean and simple route planner for roadtrippers and campers like you - no matter if you map out your annual cross-country road trip or you live the #vanlife dream and explore the world in your campervan. Nothing beats the freedom of the open road.\r\n\r\n<b>Plan your trip itinerary on an interactive map and pin as many locations on the map as you need.</b> Search locations of attractions, trails, or national parks and save points of interest in a list. You can now add your personal notes to every stop.\r\n\r\nSee distances connecting the road trip waypoints and know the driving times between multiple stops. Easily plan your time on the road and your gas and fuel consumption.\r\n\r\nChange the order of places to visit with an easy to use drag-and-drop. Use the app offline while you drive on the highway and never miss out on attractions and sights along your route. Start the navigation with one click in your preferred navigation app and get driving directions in Google Maps or Waze.\r\n\r\n<b>👩🏽‍🤝‍👩🏻 Share your trip (like Google My Maps)</b>\r\n\r\nShare your trip and collaborate with friends on finding the most interesting sights and the best places to stay the night.\r\n\r\n<b>🔎 Find interesting places along the route  (like Roadtrippers)</b>\r\nUse search shortcuts to quickly find good restaurants, interesting sights or good value campsites. Type \"pizza\" or \"beach\" in the search to display these places on the map. Or just click on any place or POI in the map and add it to your list of stops or starred places.\r\n\r\n<b>💚 Mark your favorite places</b>\r\nStar places to visit and save them for later on the interactive map. You can add a note to be reminded of why you want to visit this place. Once you are on the highway or you map out your next road trip it is easy for you to see if one of your saved places is nearby and you can add it to your route.\r\n\r\n<b>💾 Export and import your route</b>\r\n\r\nMake backups and share your route with other Roadie users. Export and import your route data to and from GPX files.\r\n\r\nWe're constantly updating and improving the app and its functionality. If you think something is missing or if you have any other feedback please share your idea with us. Just write an email to support@getroadie.app.",
    "summary": "Plan a road trip route, map out your trip itinerary, save points of interest.",
    "installs": "100,000+",
    "score": 4.3333335,
    "ratings": 1769,
    "price": 0,
    "currency": "EUR",
    "developer": "Ori App Studio",
    "developerEmail": "support@getroadie.app",
    "developerWebsite": "https://roadietripplanner.com",
    "developerAddress": "Eschersheimer Str. 27\n12099 Berlin",
    "privacyPolicy": "https://roadietripplanner.com/privacy",
    "genre": "Travel & Local",
    "contentRating": "PEGI 3",
    "released": "Nov 10, 2020",
    "lastUpdatedOn": "Apr 28, 2025",
    "appId": "app.getroadie.android",
    "permisions": {
        "Location": [
            "approximate location (network-based)",
            "precise location (GPS and network-based)"
        ],
        "Photos/Media/Files": [
            "modify or delete the contents of your USB storage",
            "read the contents of your USB storage"
        ],
        "Storage": [
            "modify or delete the contents of your USB storage",
            "read the contents of your USB storage"
        ],
        "Wi-Fi connection information": [
            "view Wi-Fi connections"
        ],
        "Other": [
            "Google Play license check",
            "full network access",
            "prevent device from sleeping",
            "read Google service configuration",
            "run at startup",
            "view network connections"
        ],
        "Uncategorized": [
            "receive data from Internet"
        ]
    }
}