{
    "title": "eScoot | e-scooters near you",
    "description": "eScoot gathers all electric scooters from different mobility operators in one simple app! Find the closest electric scooter near you from Lime, Bird, Spin, Link, Helbiz, Tier, Ryde, Ginger and many more ;-)\r\n\r\nGreat news! In various cities in 🇩🇰 Denmark, 🇸🇪 Sweden, 🇩🇪 Germany, 🇪🇸 Spain and 🇮🇹 Italy you can now directly unlock and pay for scooter and bike rides in eScoot.\r\n\r\nGet started in just three simple steps:\r\n1. Open eScoot and search for the rides marked with a star\r\n2. Find the closest e-scooter or bike\r\n3. Start and pay for your ride directly in eScoot.\r\n\r\nIn other cities, and for cars and mopeds, eScoot redirects you to the operator to start and pay for your ride.\r\n\r\nWith eScoot, you don't waste your time anymore in searching for an electric scooter, bike, car or moped around you, let us find it for you!\r\nJust enjoy the pleasure of riding electric scooters, bikes, cars and mopeds to your destination!\r\n\r\nNo more traffic jams, more fun and effortless than taking scheduled transport options, good for the planet: many reasons to choose electric scooters and other shared electric vehicles as your favorite transport option.\r\n\r\nYou can download eScoot now, it's free and easy!\r\n\r\nWe gather e-scooters, e-bikes, e-cars and e-mopeds from 300+ mobility operators around the world, for example:\r\n\r\n- Lime electric scooters\r\n- Bird electric scooters\r\n- Jump electric scooters\r\n- Link electric scooters\r\n- Spin electric scooters\r\n- Ufo electric scooters\r\n- Hive electric scooters\r\n- Bolt electric scooters\r\n- Wind electric scooters\r\n- Tier electric scooters\r\n- Helbiz electric scooters\r\n- Circ electric scooters\r\n- Ryde electric scooters\r\n- Ginger electric scooters\r\n- Zwings electric scooters\r\n- CoGo electric bikes\r\n- Bolt electric bikes\r\n- Lime electric bikes\r\n- Zipcar electric cars\r\n- Revel electric mopeds\r\n- Cabify electric mopeds\r\n- Emmy electric mopeds\r\n\r\nIf you want more features, have any questions, suggestions for improvement, don't hesitate to send us a mail at: hello@escoot.io\r\n\r\nPartnership inquiries: hello@escoot.io\r\n\r\nThanks for using eScoot, the all in one electric shared mobility app.",
    "summary": "Find electric scooters near you from Lime, Bird, Spin and others in one app",
    "installs": "100,000+",
    "score": 3.82,
    "ratings": 660,
    "price": 0,
    "currency": "EUR",
    "developer": "Mayten Technologies",
    "developerEmail": "hello@escoot.io",
    "developerWebsite": "https://cogoapp.io",
    "developerAddress": null,
    "privacyPolicy": "https://www.cogoapp.io/escoot-privacy-policy",
    "genre": "Maps & Navigation",
    "contentRating": "PEGI 3",
    "released": "Mar 7, 2019",
    "lastUpdatedOn": "Apr 26, 2025",
    "appId": "com.santoyamo.nomorecars",
    "permisions": {
        "Location": [
            "approximate location (network-based)",
            "precise location (GPS and network-based)"
        ],
        "Photos/Media/Files": [
            "modify or delete the contents of your USB storage",
            "read the contents of your USB storage"
        ],
        "Storage": [
            "modify or delete the contents of your USB storage",
            "read the contents of your USB storage"
        ],
        "Camera": [
            "take pictures and videos"
        ],
        "Wi-Fi connection information": [
            "view Wi-Fi connections"
        ],
        "Other": [
            "control vibration",
            "full network access",
            "prevent device from sleeping",
            "read Google service configuration",
            "view network connections"
        ],
        "Uncategorized": [
            "receive data from Internet"
        ]
    }
}