{
    "title": "IRCTC Air: Book Air Tickets",
    "description": "Book flights in seconds with our simple and intuitive booking process.\r\nChoose from a wide range of domestic and international airlines.\r\nGet the best deals on air tickets with our special offers and discounts.\r\nCheck flight status, track flights, and view flight schedules in real-time.\r\nCancel flights and get refunds with ease.\r\nWeb check-in and mobile check-in are available for all flights.\r\nManage your passenger accounts and travel bookings with ease.\r\n\r\nBenefits:\r\n\r\nBook air tickets at the best prices from the comfort of your home.\r\nSave time and hassle with our easy-to-use booking process.\r\nGet the best deals on air tickets with our special offers and discounts.\r\nStay updated on your flight status and track flights in real-time.\r\nCancel flights and get refunds with ease.\r\nManage your travel bookings with ease.\r\nDownload the IRCTC Air app today and make your flight booking experience hassle-free!\r\n\r\nAdditional information:\r\n\r\nThe IRCTC Air app is available for download on the Google Play Store and the Apple App Store. The app is free to download and use.\r\n\r\nTo use the IRCTC Air app, you will need to create an IRCTC Air account. You can do this by providing your basic personal information, such as your name, email address, and phone number.\r\n\r\nOnce you have created an account, you can start booking flights. To book a flight, simply enter your travel dates, origin and destination airports, and the number of passengers. The app will then show you a list of available flights. You can select the flight that best meets your needs and book it with ease.\r\n\r\nThe IRCTC Air app also offers a variety of other features, such as the ability to check flight status, track flights, and view flight schedules. You can also cancel flights and get refunds with ease using the app.\r\n\r\nIf you are looking for a convenient and easy way to book air tickets, then the IRCTC Air app is the perfect solution for you. Download the app today and start planning your next trip!",
    "summary": "IRCTC Air: Get the best deals on air tickets with our special offers.",
    "installs": "10,000,000+",
    "score": 4,
    "ratings": 80457,
    "price": 0,
    "currency": "EUR",
    "developer": "IRCTC Official",
    "developerEmail": "flights@irctc.co.in",
    "developerWebsite": "http://www.air.irctc.co.in",
    "developerAddress": null,
    "privacyPolicy": "https://air.irctc.co.in/agreement/privacy-policy",
    "genre": "Travel & Local",
    "contentRating": "PEGI 3",
    "released": "May 31, 2016",
    "lastUpdatedOn": "Mar 24, 2025",
    "appId": "com.irctc.air",
    "permisions": {
        "Wi-Fi connection information": [
            "view Wi-Fi connections"
        ],
        "Other": [
            "control vibration",
            "full network access",
            "prevent device from sleeping",
            "run at startup",
            "view network connections"
        ],
        "Uncategorized": [
            "receive data from Internet"
        ]
    }
}