{
    "title": "Amazon Alexa",
    "description": "Use the Amazon Alexa App to set up your Alexa-enabled devices, listen to music, create shopping lists, get news updates, and much more. The more you use Alexa, the more she adapts to your voice, vocabulary, and personal preferences.\r\n\r\nDISCOVER MORE\r\n• Get more out of your Echo device through personalized feature recommendations from Alexa\r\n• Discover and enable recommended Alexa skills\r\n• Pick up where you left off directly from the home feed with lists, shopping, or recently played Music and Books\r\n\r\nMANAGE YOUR DEVICES\r\n• Set up your Alexa-enabled devices, control or check status of your compatible smart lights, locks and thermostats at home or on the go\r\n• Create routines to automate your smart home devices\r\n\r\nMUSIC & BOOKS\r\n• Connect to music services like Amazon Music, Pandora, Spotify, TuneIn, and iHeartRadio. Choose a song or playlist and listen on your Alexa-enabled devices\r\n• Create speaker groups to play music across your compatible Echo devices for multi-room music\r\n\r\nORGANIZE YOUR DAY\r\n• View and edit shopping and to-do lists on the go, get weather and news updates, manage timers and alarms, and more\r\n\r\nSTAY CONNECTED\r\n• Use Drop In from your app to connect instantly with your compatible Echo devices, like a two-way intercom \r\n• Call or message supported Alexa-enabled devices, at no additional cost",
    "summary": "ALWAYS READY, CONNECTED, AND FAST. Just ask.",
    "installs": "100,000,000+",
    "score": 4.26071,
    "ratings": 4825618,
    "price": 0,
    "currency": "EUR",
    "developer": "Amazon Mobile LLC",
    "developerEmail": "echo-support@amazon.com",
    "developerWebsite": "http://www.amazon.com/",
    "developerAddress": "AMZN Mobile LLC\n410 Terry Ave N\nSeattle, WA 98109",
    "privacyPolicy": "https://www.amazon.com/gp/help/customer/display.html?nodeId=201909010",
    "genre": "Lifestyle",
    "contentRating": "PEGI 3",
    "released": "Jun 7, 2018",
    "lastUpdatedOn": "May 1, 2025",
    "appId": "com.amazon.dee.app",
    "permisions": {
        "Identity": [
            "add or remove accounts",
            "find accounts on the device"
        ],
        "Contacts": [
            "find accounts on the device",
            "read your contacts"
        ],
        "Location": [
            "approximate location (network-based)",
            "precise location (GPS and network-based)"
        ],
        "SMS": [
            "read your text messages (SMS or MMS)",
            "receive text messages (MMS)",
            "receive text messages (SMS)",
            "send SMS messages"
        ],
        "Phone": [
            "directly call phone numbers",
            "read phone status and identity"
        ],
        "Photos/Media/Files": [
            "modify or delete the contents of your USB storage",
            "read the contents of your USB storage"
        ],
        "Storage": [
            "modify or delete the contents of your USB storage",
            "read the contents of your USB storage"
        ],
        "Camera": [
            "take pictures and videos"
        ],
        "Microphone": [
            "record audio"
        ],
        "Wi-Fi connection information": [
            "view Wi-Fi connections"
        ],
        "Device ID & call information": [
            "read phone status and identity"
        ],
        "Other": [
            "access Bluetooth settings",
            "allow Wi-Fi Multicast reception",
            "change network connectivity",
            "change your audio settings",
            "connect and disconnect from Wi-Fi",
            "control vibration",
            "create accounts and set passwords",
            "full network access",
            "pair with Bluetooth devices",
            "prevent device from sleeping",
            "run at startup",
            "use accounts on the device",
            "view network connections"
        ],
        "Uncategorized": [
            "receive data from Internet"
        ]
    }
}