{
    "title": "Find my Car - Car Locator",
    "description": "<b>Find my Car - Car locator - It is an easy way to locate your parked car!</b>\r\n\r\nAll of us have asked ourselves these questions after parking our cars:\r\n<b>Where is my car? Where did I park it? How can I find it?</b>\r\n\r\nQuestions. Are you tired of searching for your car? Do you keep forgetting where you parked\r\nit? Would you like to have an easy solution?\r\n\r\nAnswer. With this simple car locator app, you will never have to search for your car again!\r\n\r\nYou surely know the following situation. Finally, you have found a parking space in a foreign or\r\nfamiliar place. Later, after shopping, visiting or sightseeing, you forget exactly where you have\r\nparked and have to search for your vehicle. It is annoying, right?\r\n\r\nWith this app, you do not have to worry again because this will not happen!\r\nYou will find the way back to your car with only “One Click.”\r\n\r\n<b>One click parking – Save your parking location with one click!\r\nOne click finding – Find your way back to your car with one click!</b>\r\n\r\nHow does the car locator work?\r\nAfter you have parked your car, press the “<b>Park Button</b>” to save your location.\r\nWhen you want to return to your car, open the app and click “<b>Find Car</b>.”\r\n<b>The app will show the parking place, on the map, and lead you back to your vehicle!</b> Sweet!\r\n\r\nAdditional functions:\r\n- Parking meter\r\n- Photo of the parking space\r\n- Step-by-step navigation\r\n- Parking history\r\n- Favorites\r\n\r\nEverything is included in the “<b>One Button Interface</b>”, for easy handling because it\r\nshows your current location and your car location on the map!\r\n\r\nIt is very simple to use with the following steps…\r\n\r\nSave the parking place with a single tap on your phone.\r\n- Find your car with a single tap.\r\n- Set an alarm for metered parking!\r\n- Step-by-step walkthrough navigation.\r\n- Take a photo for details of the parking location!\r\n- Parking history of your previous parking places.\r\n- Favorites – Mark your favorite places to find them again!\r\n\r\n\r\nExplanation and Requirements:\r\n- GPS is, of course, mandatory for this app.\r\n- Access for the SD card is only needed to store the pictures you record in this app.\r\n(We do not transfer anything else! We do not collect any personal data!)",
    "summary": "Find your parked car - Personal Carfinder. Car Locator",
    "installs": "100,000+",
    "score": 3.5,
    "ratings": 358,
    "price": 0,
    "currency": "EUR",
    "developer": "Visunia GmbH",
    "developerEmail": "info@visunia.com",
    "developerWebsite": "http://apps.visunia.com",
    "developerAddress": "Visunia GmbH\nim Blatt E5\n6345 Neuheim\nSwitzerland",
    "privacyPolicy": "http://apps.visunia.com/privacy_policy.htm",
    "genre": "Maps & Navigation",
    "contentRating": "PEGI 3",
    "released": "Nov 18, 2020",
    "lastUpdatedOn": "Aug 2, 2024",
    "appId": "com.visunia.car.finder",
    "permisions": {
        "Location": [
            "approximate location (network-based)",
            "precise location (GPS and network-based)"
        ],
        "Other": [
            "full network access",
            "prevent device from sleeping",
            "view network connections"
        ]
    }
}