{
    "title": "GeoRide - The Motorcycle App.",
    "description": "GeoRide is an application that connects to your motorcycle to make it smart.\r\n\r\nIf someone tries to steal it, you automatically receive an alert on your phone.\r\nWith the GeoRide app, you can review all your rides to share them on social networks.\r\nIn case of a fall, emergency services are triggered within 2 minutes, and you can see where your motorcycle is 24/7.\r\n\r\nInstall the app now!",
    "summary": "Protect Your Bike Now",
    "installs": "50,000+",
    "score": 4.063063,
    "ratings": 1264,
    "price": 0,
    "currency": "EUR",
    "developer": "GeoRide",
    "developerEmail": "support@georide.fr",
    "developerWebsite": "https://georide.fr",
    "developerAddress": null,
    "privacyPolicy": "https://georide.fr/politique-de-confidentialite/",
    "genre": "Auto & Vehicles",
    "contentRating": "PEGI 3",
    "released": "Jul 17, 2018",
    "lastUpdatedOn": "May 6, 2025",
    "appId": "com.georide",
    "permisions": {
        "Contacts": [
            "modify your contacts",
            "read your contacts"
        ],
        "Location": [
            "approximate location (network-based)",
            "precise location (GPS and network-based)"
        ],
        "Photos/Media/Files": [
            "modify or delete the contents of your USB storage",
            "read the contents of your USB storage"
        ],
        "Storage": [
            "modify or delete the contents of your USB storage",
            "read the contents of your USB storage"
        ],
        "Camera": [
            "take pictures and videos"
        ],
        "Microphone": [
            "record audio"
        ],
        "Wi-Fi connection information": [
            "view Wi-Fi connections"
        ],
        "Other": [
            "access Bluetooth settings",
            "control vibration",
            "full network access",
            "pair with Bluetooth devices",
            "prevent device from sleeping",
            "run at startup",
            "view network connections"
        ],
        "Uncategorized": [
            "download files without notification",
            "receive data from Internet"
        ]
    }
}