{
    "title": "Route4Me Route Planner",
    "description": "USE OUR ANDROID ROUTE PLANNER TO PLAN ALMOST UNLIMITED ROUTES AND UNLIMITED ADDRESSES PER ROUTE.\r\n\r\nIT'S THE MOST DOWNLOADED, Multi Stop Route Planner Software On The Planet.\r\n\r\nRoute4Me is used by Thousands of Businesses & Drivers - in Hundreds of Different Industries, for service & Last Mile delivery planning (grocery delivery, package delivery + other deliveries)\r\n\r\nAND it's already being used by many UPS, FedEx, and professional delivery drivers as THE most elite routes navigation app. This app is for professional drivers & couriers... not recreational roadtrippers.\r\n\r\nIt's a better routeplanner than Apple Maps or Waze because it's more than just routing navigation. The app is a total replacement of the Mapquest route planner and even Google Maps, as it has built in route optimization & built-in GPS navigation.\r\n\r\nRoute4Me works whether you're a delivery driver, trucker, straight up road warrior, or just want to know how to totally obliterate competitors. Save yourself countless hours with the powerful trucker tools we offer for deliveries & services.\r\n\r\nYou Benefit Greatly By Using The ORIGINAL & Undisputed Route Planning Innovator\r\n\r\n–\r\n\r\nDo you like driving to one part of town, only to drive back where you came from 20 minutes later?\r\n\r\nIt doesn't matter if you're self-employed, work for a small business, or delivery driver at a big company with fleets, the time you're wasting is YOURS.\r\n\r\nGeocoding, smart route planning & route optimization are TOUGH. Unlike OTHER GPS routing apps or navigation system driving directions, we INSTANTLY re-sequence your ENTIRE routes in the correct order, so that you don't zig-zag driving across town.\r\n\r\nThis is THE route planner for pro roadwarriors, sales, service, marketing, deliveries, or any other multi-destination trips. Speak or type addresses, cities, states, or POI's. Route4Me Route Planner will optimize the routes for you in seconds!\r\n\r\nPlus you can do batch geocoding, territory mapping, and territory routing too.\r\n\r\nAnd even IF your employer reimburses drivers for gas or per stop visited, use the time you save driving around for a longer lunch, get off work early, or spend time with your family.\r\n\r\nOur route planner app makes planning and driving your multi-destination trips quick & easy. Unlike most delivery driver or GPS navigation apps, Route4Me Route Planner gives you the most optimal routes driving directions when visiting more than one stop navigation. Save driver time by optimizing your routes. \r\n\r\nFind better-optimized routes when delivering your customer's home services such as landscaping, pool cleaning & more! Customers expect items delivered to their door much faster. Plan routes for deliveries such as ice delivery or even cannabis delivery!\r\n\r\nRoute4Me Route Planner presents your driver routes in multiple formats with a map interface. Unlike Circuit Route Planner or Straightaway Route Planner, Route4Me is a USA based company that offers drivers numerous technical & contractual benefits to domestic businesses, including 24/7 support.\r\n\r\n+\r\nReviews from Experts\r\n+\r\n* YAHOO! *\r\nRoute4Me is an online service that tells you the most efficient route to complete all your errands; just put in the addresses and let it work its magic\r\n\r\n* WALL STREET JOURNAL *\r\nRoute4Me optimizes your route when traveling to multiple destinations, allowing you to enter up to 200 addresses per route. Route4Me claims that routes are usually 25-35% shorter after being optimized\r\n\r\n* USA TODAY *\r\nThe app could be particularly helpful for small business owners who regularly make multiple deliveries in a single trip\r\n\r\n* CHRISTIAN SCIENCE MONITOR *\r\nRoute4Me.com won't run your errands for you but it simplifies the task. Type in all the addresses you need to go to (up to 10), and the site will calculate the shortest route and provide directions\r\n\r\n* BNET *\r\nNeed to visit our vendor and a few clients this afternoon? You could eyeball the map to pick the best route, or you could do it the scientific way\r\n\r\nGet our driving route optimization app today!",
    "summary": "Routing Chaos Finally Solved, With The World's Most Used Route Planner",
    "installs": "500,000+",
    "score": 4.02,
    "ratings": 14784,
    "price": 0,
    "currency": "EUR",
    "developer": "Route4Me, Inc",
    "developerEmail": "support@route4me.com",
    "developerWebsite": "https://www.route4me.com/?utm_source=google-play",
    "developerAddress": "1010 N. Florida Ave\nTampa, FL 33602",
    "privacyPolicy": "https://route4me.com/terms-of-service",
    "genre": "Maps & Navigation",
    "contentRating": "PEGI 3",
    "released": "Jun 20, 2012",
    "lastUpdatedOn": "Apr 19, 2025",
    "appId": "com.route4me.routeoptimizer",
    "permisions": {
        "Device & app history": [
            "read sensitive log data"
        ],
        "Identity": [
            "find accounts on the device"
        ],
        "Calendar": [
            "add or modify calendar events and send email to guests without owners' knowledge",
            "read calendar events plus confidential information"
        ],
        "Contacts": [
            "find accounts on the device",
            "read your contacts"
        ],
        "Location": [
            "access extra location provider commands",
            "approximate location (network-based)",
            "precise location (GPS and network-based)"
        ],
        "Phone": [
            "directly call phone numbers",
            "read phone status and identity"
        ],
        "Photos/Media/Files": [
            "modify or delete the contents of your USB storage",
            "read the contents of your USB storage"
        ],
        "Storage": [
            "modify or delete the contents of your USB storage",
            "read the contents of your USB storage"
        ],
        "Camera": [
            "take pictures and videos"
        ],
        "Microphone": [
            "record audio"
        ],
        "Wi-Fi connection information": [
            "view Wi-Fi connections"
        ],
        "Device ID & call information": [
            "read phone status and identity"
        ],
        "Other": [
            "Google Play license check",
            "access Bluetooth settings",
            "change network connectivity",
            "connect and disconnect from Wi-Fi",
            "control flashlight",
            "control vibration",
            "disable your screen lock",
            "full network access",
            "modify system settings",
            "pair with Bluetooth devices",
            "prevent device from sleeping",
            "read Google service configuration",
            "run at startup",
            "view network connections"
        ],
        "Uncategorized": [
            "receive data from Internet"
        ]
    }
}