{
    "title": "Liberty Rider - App moto",
    "description": "Our mission #1: Save lives\r\nOur mission #2: Provide the tools necessary for bikers to enjoy their passion.\r\n\r\nWith more than 1.5 million users, we are proud to have intervened in more than 26,000 accidents, in addition to having helped to avoid them thanks to “dangerous turns” alerts.\r\n\r\nIn summary: \r\n\r\n> Protect yourself and reassure your loved ones\r\n\r\nThe app detects when you move and activates accident detection. In the event of a fall, a procedure will allow you to cancel the alert. If you do not react, our teams will then call emergency services to your location.\r\n\r\nAnd as we know that loved ones are always worried, an SMS is prepared at the start and end of the journey to keep them informed of the progress of your walks.\r\n\r\n\r\n> Motorcycle pleasure\r\n\r\nWe see Liberty Rider as the mobile extension of your motorcycle. \r\nThe app provides you with everything that revolves around your passion: \r\n- A special motorcycle GPS with more or less winding mode\r\n- 10,000+ Roadbooks in France, to launch directly into the GPS\r\n- A route creator to build your own walks\r\n- Recording of all your journeys made\r\n- Reductions on equipment for each km traveled\r\n- A maintenance logbook for your motorcycle and timely reminders \r\n\r\nWe've told you enough here, more in the app! \r\n\r\nNB: Your safety is our only priority. We never record your speed. We do not share any data without your consent.\r\n\r\nFeature List:\r\n- automatic detection of journeys and start of accident protection\r\n- real-time journey sharing with the contacts of your choice\r\n- accident detection \r\n- assistance and rescue in the event of an accident (24/7)\r\n- detection and alert of dangerous turns \r\n- automatic start of accident protection\r\n- Motorcycle GPS navigation\r\n- roadbooks: planning and guidance\r\n- management of Motorcycle maintenance\r\n- journey history\r\n- shop and discounts with our partners",
    "summary": "The app for 1.5 Million bikers - Accident detection, GPS, rides and more!",
    "installs": "500,000+",
    "score": 4.7563024,
    "ratings": 12609,
    "price": 0,
    "currency": "EUR",
    "developer": "Liberty Rider",
    "developerEmail": "hello@liberty-rider.com",
    "developerWebsite": "https://liberty-rider.com",
    "developerAddress": "Liberty Rider\n26 rue Marie Magné\n31300 Toulouse",
    "privacyPolicy": "https://liberty-rider.com/politique-de-confidentialite/",
    "genre": "Maps & Navigation",
    "contentRating": "PEGI 3",
    "released": "Feb 27, 2016",
    "lastUpdatedOn": "May 6, 2025",
    "appId": "com.libertyrider.angel",
    "permisions": {
        "Contacts": [
            "read your contacts"
        ],
        "Location": [
            "approximate location (network-based)",
            "precise location (GPS and network-based)"
        ],
        "Phone": [
            "read phone status and identity"
        ],
        "Photos/Media/Files": [
            "modify or delete the contents of your USB storage",
            "read the contents of your USB storage"
        ],
        "Storage": [
            "modify or delete the contents of your USB storage",
            "read the contents of your USB storage"
        ],
        "Wi-Fi connection information": [
            "view Wi-Fi connections"
        ],
        "Device ID & call information": [
            "read phone status and identity"
        ],
        "Other": [
            "access Bluetooth settings",
            "change network connectivity",
            "control vibration",
            "draw over other apps",
            "full network access",
            "pair with Bluetooth devices",
            "prevent device from sleeping",
            "read Google service configuration",
            "reorder running apps",
            "run at startup",
            "view network connections"
        ],
        "Uncategorized": [
            "receive data from Internet"
        ]
    }
}