{
    "title": "Priceline: Hotel, Flight & Car",
    "description": "Save on your next trip with exclusive deals on hotels, flights & rental cars in the Priceline app. From cheap flights to amazing hotel room offers, you’re guaranteed to find deals you won’t want to miss.\r\n\r\nVacation vibes or business trip? 5-star hotel or budget hostel? No matter what your travel plans are, you can save on your hotel room, flights and car rental when you book with Priceline. And thanks to our handy app, you can compare travel deals, book, and save, wherever you are.\r\n\r\nHotels, cheap flights & car rental - 5 reasons you need to download before your next trip. Seriously:\r\n\r\n1. Hotel room offers, exclusive to our app users. You won’t find them anywhere else! Plus, save even more as a Priceline VIP. \r\n2. Accommodation for you - get deals on hotels that matter to you with our personalized, relevant hotel recommendations.\r\n3. Travel ready - Have everything you need for your trip or vacation in one place - hotel deals, rental cars and cheap flights.\r\n4. Hotel booking - Book your next hotel room in a matter of seconds.\r\n5. Hostel or 5-star hotel? We’ve got the right accommodation and hotel deals for any trip and any budget.\r\n\r\nLove to travel? Join millions of happy travelers who book great travel deals with us every day - download now! Our exclusive offers and cheap flights can help you save some serious money.\r\n\r\nHOTEL DEALS - EXCLUSIVE OFFERS FOR APP USERS\r\nYou’ll save up to 60% off with Express Deals®.  Seriously. Plus, you’ll earn access to exclusive deals on great hotels when you’re a Priceline VIP. \r\n\r\nFLIGHT DEALS - COMPARE & SAVE\r\nTravel across the globe with super travel deals on thousands of domestic and international flights. Priceline helps you find flight deals for your next trip in just a few simple steps, straight from your phone. Pace yourself.\r\n\r\nRENTAL CARS - FAST & EASY BOOKING\r\nHit the road with deals on rental cars - choose from 290 car rental brands in 28,000+ locations. We also offer free cancellation on most bookings and no credit card fees. That's how we roll.\r\n\r\nCOMPARE, BOOK & SAVE\r\nFinding the perfect accommodation and travel deals is easy as pie. Search by city, address or point of interest to book the most conveniently located hotels and rental cars. As you search more, we uncover even more deals just for you.\r\n\r\nHOTEL BOOKING - FROM HOSTEL TO HOTEL\r\nIn a rush? Our app features super-quick travel and hotel booking, especially when you’re signed in! Whether it’s a hostel for the night or a vacation next month - we do fast well.\r\n\r\nTRAVEL BUDDY\r\nEasily access and make changes to your trip wherever you are with our My Trips feature. Need to check your hotel booking or car rental details on the go? Get all of your reservation and travel info right on your phone, even if you booked on your computer, are offline or don’t have service. Like magic.\r\n\r\nOur app is rated as Best App for Travelers by Travel + Leisure! Whether you want to book flights or your hotel room at the touch of a button, find new and exciting accommodation or simply want to explore vacation destinations out there, the priceline.com app is the best place to start.\r\n\r\nPriceline is part of Booking Holdings, which includes leading online travel brands such as Booking.com, Agoda, Kayak & OpenTable.",
    "summary": "Book now to save with exclusive travel deals on hotels, flights, cars & packages",
    "installs": "10,000,000+",
    "score": 4.38,
    "ratings": 505200,
    "price": 0,
    "currency": "EUR",
    "developer": "priceline.com",
    "developerEmail": "mobile@priceline.com",
    "developerWebsite": "http://www.priceline.com",
    "developerAddress": null,
    "privacyPolicy": "https://www.priceline.com/static-pages/privacy-policy.html",
    "genre": "Travel & Local",
    "contentRating": "PEGI 3",
    "released": "Nov 10, 2010",
    "lastUpdatedOn": "May 5, 2025",
    "appId": "com.priceline.android.negotiator",
    "permisions": {
        "Location": [
            "approximate location (network-based)",
            "precise location (GPS and network-based)"
        ],
        "Microphone": [
            "record audio"
        ],
        "Wi-Fi connection information": [
            "view Wi-Fi connections"
        ],
        "Other": [
            "connect and disconnect from Wi-Fi",
            "full network access",
            "prevent device from sleeping",
            "read Google service configuration",
            "run at startup",
            "use accounts on the device",
            "view network connections"
        ],
        "Uncategorized": [
            "receive data from Internet"
        ]
    }
}