{
    "title": "maxim — order a taxi & food",
    "description": "The best way to appreciate the convenience of our app is to download it and start using it to order a taxi and other transport. Rates vary. Ride to the railway station, airport, or another city. Pay by cash or card. Enjoy discounts and promo codes.\r\nSince 2003, we’ve been developing innovative taxi ordering technologies, making our service more modern, affordable, and safe. Our service is helping millions of people save money as they commute and travel.\r\n\r\nPrice\r\nIf you need a cheap taxi every day, choose our Economy rate. If you value comfort, opt for the Comfort rate. We also have minivans, buses, and trucks. You can order a delivery of food, household cleaning products and other goods or medicine from shops and drugstores.\r\nYou can see your ride price before tapping the Order button, which is useful for planning your budget. Don’t worry about traffic – you only pay extra for additional services that were not specified in the order.\r\nEnjoy the convenience of paying for rides with cash and a credit card. You can use a personal account that you refill whenever necessary for corporate or family rides.\r\nIt’s easy to get discounted rides if you use a promo code or you are one of our regular clients.\r\n\r\nOrder\r\nYou can order a ride by filling in the From and To address fields or using a city map. You can also use your smartphone’s or tablet’s location services.\r\nA scheduled order helps you plan your rides for a convenient time.\r\nYou can provide special requests for your ride to arrange any necessary additional services: specify information about children, pets, or luggage; or add another phone number to order a taxi for someone else from your phone.\r\nA driver can buy goods, medicine or groceries, and deliver them to your place.\r\nLaunch our app on Wear OS smart watch to track your ride status.\r\nView a map to see available cars and your driver’s movement as he or she approaches your location.\r\nYou can share your location while you are en route. This is an important feature for parents who want to know their children are safe.\r\nLeaving a ride rating affects the driver’s rating and helps us improve our service.\r\n\r\n\r\n\r\n<strong>🏅We work since 2003\r\n🏅One of the first ride-hailing app in the world\r\n🏅You can order maxim taxi in 22 countries<strong></strong></strong>",
    "summary": "Get cab, food and groceries. Your delivery service online.",
    "installs": "50,000,000+",
    "score": 4.6769233,
    "ratings": 6401791,
    "price": 0,
    "currency": "EUR",
    "developer": "PT. SITO",
    "developerEmail": "support@taximaxim.com",
    "developerWebsite": "https://taximaxim.com/country/",
    "developerAddress": null,
    "privacyPolicy": "https://legal.taximaxim.com/client-privacy/",
    "genre": "Auto & Vehicles",
    "contentRating": "PEGI 3",
    "released": "Jun 9, 2012",
    "lastUpdatedOn": "Mar 28, 2025",
    "appId": "com.taxsee.taxsee",
    "permisions": {
        "Device & app history": [
            "retrieve running apps"
        ],
        "Location": [
            "approximate location (network-based)",
            "precise location (GPS and network-based)"
        ],
        "Phone": [
            "read phone status and identity"
        ],
        "Microphone": [
            "record audio"
        ],
        "Wi-Fi connection information": [
            "view Wi-Fi connections"
        ],
        "Device ID & call information": [
            "read phone status and identity"
        ],
        "Other": [
            "change your audio settings",
            "connect and disconnect from Wi-Fi",
            "control vibration",
            "full network access",
            "install shortcuts",
            "pair with Bluetooth devices",
            "prevent device from sleeping",
            "read Google service configuration",
            "run at startup",
            "view network connections"
        ],
        "Uncategorized": [
            "receive data from Internet"
        ]
    }
}