{
    "title": "South Western Railway",
    "description": "Download the official SWR App to check train times and buy cheap train tickets on any train line in the UK* - and we don’t charge booking fees.\r\n\r\nWhy choose the SWR app?  \r\n•\tBuy train tickets to and from anywhere across the UK*\r\n•\tSave up to 50% with Advance train tickets\r\n•\tNo booking fees every time \r\n•\tGet rewarded every time you buy direct with SWR. With over 100 rewards to choose from including days out, cheap theatre tickets, shopping discounts and much more! \r\n•\tGet the cheapest SWR tickets. With our price promise if you see a cheaper price for the same train ticket travelling with SWR, we'll refund the difference\r\n•\tContactless travel with eTickets \r\n•\tStore your tickets in your phone’s wallet\r\n•\tEasy Delay Repay, and when you sign up, you can get automated Delay Repay on season tickets and Tap2Go when using a SWR Touch Smartcard and Advanced Purchase tickets bought directly\r\n\r\nLive information\r\n•\tCheck Live Train Times Across the UK*\r\n•\tView departure and arrival times for all National Rail services\r\n•\tCheck live train times, locations and where to be with platform details\r\n•\tSave your frequent journeys for ease of checking again later\r\n•\tCheck onboard facilities and see how busy your SWR train is\r\n•\tLive car parking information – check how many spaces are free at our stations**\r\n\r\nChange of plan, or need a refund?\r\n•\tPlans changed? You can now change your date and time if you have an eTicket.\r\n•\tRefund your ticket in the app***\r\n\r\nInformation to note:\r\nYou’ll need to create an online SWR account or sign-in before you can purchase your train tickets.\r\n\r\n* Excludes Northern Ireland\r\n** This is available for 79 of our key stations.\r\n*** This includes eTickets.\r\n\r\nGot a question? Here’s our FAQs:\r\nhttps://www.southwesternrailway.com/contact-and-help/faqs \r\n\r\nNeed to get in touch? Find the best way to here: https://www.southwesternrailway.com/contact-and-help\r\n\r\nFollow us:\r\n•\tMessage/ “tweet” us at: https://twitter.com/SW_Help\r\n•\tInstagram\r\n•\tFacebook \r\n•\tX\r\n•\tYouTube\r\n•\tGoogle News",
    "summary": "The easy way to plan your train journey, book tickets, check live times & info",
    "installs": "500,000+",
    "score": 4,
    "ratings": 14780,
    "price": 0,
    "currency": "EUR",
    "developer": "South Western Railway",
    "developerEmail": "customerrelations@swrailway.com",
    "developerWebsite": "https://www.southwesternrailway.com",
    "developerAddress": null,
    "privacyPolicy": "https://www.southwesternrailway.com/privacy-policy",
    "genre": "Maps & Navigation",
    "contentRating": "PEGI 16",
    "released": "Aug 3, 2016",
    "lastUpdatedOn": "Apr 18, 2025",
    "appId": "com.southwesttrains.journeyplanner",
    "permisions": {
        "Location": [
            "approximate location (network-based)",
            "precise location (GPS and network-based)"
        ],
        "Photos/Media/Files": [
            "modify or delete the contents of your USB storage",
            "read the contents of your USB storage"
        ],
        "Storage": [
            "modify or delete the contents of your USB storage",
            "read the contents of your USB storage"
        ],
        "Camera": [
            "take pictures and videos"
        ],
        "Wi-Fi connection information": [
            "view Wi-Fi connections"
        ],
        "Other": [
            "control Near Field Communication",
            "full network access",
            "prevent device from sleeping",
            "view network connections"
        ],
        "Uncategorized": [
            "receive data from Internet"
        ]
    }
}