{
    "title": "easyJet: Travel App",
    "description": "Wherever you’re going, take us with you.\r\n\r\nSearch, book and manage your flights anytime, anywhere.\r\n\r\nSEARCH & BOOK FLIGHTS – Search and book a trip to your favourite European location.\r\n\r\nMANAGE FLIGHT BOOKINGS - Keep track of your easyJet flight bookings all in one place.\r\n\r\nMOBILE BOARDING PASSES – Use your mobile boarding pass to travel through the airport quickly, speed up boarding and reduce paper waste. You can store up to eight boarding passes per flight, which will be available offline, so you'll not need a data connection. For even more convenience, you can also save your boarding passes to Google Wallet.\r\n\r\nFLIGHT TRACKER – Track your plane's location in real-time. Plus, check the latest arrival and departure information. You also see your plane’s journey, live in the air, with the addition of the FlightRadar24 map.",
    "summary": "Search, book and manage your flights all from the palm of your hand.",
    "installs": "10,000,000+",
    "score": 4.4265914,
    "ratings": 312327,
    "price": 0,
    "currency": "EUR",
    "developer": "easyJet Airline Company Limited",
    "developerEmail": "app.feedback.android@easyJet.com",
    "developerWebsite": "http://support.easyjet.com/",
    "developerAddress": "Hangar 89\nLondon Luton Airport\nLuton\nBedfordshire\nLU2 9PF",
    "privacyPolicy": "http://www.easyjet.com/en/book/privacypolicy",
    "genre": "Travel & Local",
    "contentRating": "PEGI 3",
    "released": "Dec 8, 2011",
    "lastUpdatedOn": "Apr 29, 2025",
    "appId": "com.mttnow.droid.easyjet",
    "permisions": {
        "Location": [
            "approximate location (network-based)",
            "precise location (GPS and network-based)"
        ],
        "Other": [
            "control vibration",
            "full network access",
            "prevent device from sleeping",
            "reorder running apps",
            "run at startup",
            "view network connections"
        ],
        "Uncategorized": [
            "receive data from Internet"
        ]
    }
}