{
    "title": "Eurowag Navigation - Truck GPS",
    "description": "<b>Eurowag Navigation - Truck GPS</b> is a free online navigation app with maps of more than 40 countries in Europe. This satellite navigation is designed to choose the best route for your truck, van or another type of large vehicle. Based on road preferences, it selects completely designed routes for your lorry. HGV navigation also covers <b>live traffic information from roads</b>, such as incidents, as well as informs truck drivers about police controls, speed cameras and much more. <b>Find suitable gas stations or truck parking</b> along the route. <b>Save places and routes</b> as your favorites.\r\nNow, you don’t need to look for plenty of apps. With <b>Eurowag Navigation - Truck GPS</b>, you have everything you need for your HGV on the road in just one single sat nav app!\r\n\r\n<b>DESIGNED FOR TRUCKs AND VANs:</b>\r\n\r\n◦ Enter <b>height / weight / length / axle</b> and other information, <b>set up to 2 truck profiles, get HGV routing for different vehicles and avoid roads not suitable for your truck and cargo</b>\r\n◦ See specific information <b>just for trucks like ADR tuner codes, environmental zones, hazardous materials (Hazmat) and other restrictions</b>\r\n\r\n◦ <b>This sat nav also provides Live Traffic information, police patrols, speed limit & speed camera warnings, dynamic lane assistant</b> and many more\r\n◦ Add <b>waypoints</b> and set <b>multiple places</b> for loading and unloading your cargo\r\n◦ Choose your best route by <b>avoiding toll roads, excluding specific countries</b> etc\r\n◦ Nearest <b>truck parking places</b>. See specific parking features like electricity, water supplies, AdBlue and more\r\n◦ Navigating with <b>Advanced Lane Guidance</b> saves time and hassle in complicated traffic situations\r\n<b>MAPS AND TRAFFIC:</b>\r\n◦ Enjoy <b>Free Forever</b> plan and get route planning, search, real-time alerts and traffic information where an internet connection is available. \r\n\r\n<b>TRUCK COMMUNITY AND PERSONALIZATION:</b>\r\n\r\n◦ <b>Add new places</b> like companies, parking or gas stations on the map & make them your favorites\r\n◦ <b>Report, comment</b> and join our drivers’ community\r\n\r\n\r\nEnjoy the app for free when you are driving ONLINE. <b>Become a part of our truckers’ family and join us on the roads.</b>",
    "summary": "Save time with professional truck navigation & real time traffic",
    "installs": "1,000,000+",
    "score": 4.222412,
    "ratings": 149575,
    "price": 0,
    "currency": "EUR",
    "developer": "W.A.G. payment solutions, a.s.",
    "developerEmail": "help@roadlords.com",
    "developerWebsite": "http://roadlords.com",
    "developerAddress": null,
    "privacyPolicy": "https://roadlords.com/en/privacy-policy",
    "genre": "Maps & Navigation",
    "contentRating": "PEGI 3",
    "released": "Oct 21, 2020",
    "lastUpdatedOn": "Apr 29, 2025",
    "appId": "com.roadlords.android",
    "permisions": {
        "Location": [
            "approximate location (network-based)",
            "precise location (GPS and network-based)"
        ],
        "Wi-Fi connection information": [
            "view Wi-Fi connections"
        ],
        "Other": [
            "change your audio settings",
            "control vibration",
            "full network access",
            "pair with Bluetooth devices",
            "prevent device from sleeping",
            "run at startup",
            "view network connections"
        ],
        "Uncategorized": [
            "receive data from Internet"
        ]
    }
}