{
    "title": "Tokyo Metro Map (Offline)",
    "description": "Offline line maps for Tokyo. It includes a complete set of offline maps for Tokyo public transport: subway, tram, and bus from the official sources Tokyo Metro and Toei Transportation.\r\n\r\nNo internet connection required.\r\n\r\nYou can zoom in, zoom out, scroll around. Very simple and easy to use!\r\n\r\nThis app is excellent for visitors to Tokyo and longtime residents alike.\r\n\r\nLine maps included in the app:\r\n- Subway Route map\r\n- Toei Main Route map\r\n- Nippori-toneri Liner map\r\n- Toden Arakawa Line map\r\n- Toei Bus Route map\r\n- Metro, Subway, and Underground maps\r\n\r\nSupport indie developers! If you have any problems or feedback, please send an email. Thank you!",
    "summary": "Offline subway map for Tokyo. Line maps for subway, tram, and bus.",
    "installs": "50,000+",
    "score": 4.25,
    "ratings": 281,
    "price": 0,
    "currency": "EUR",
    "developer": "Apptastic Software",
    "developerEmail": "apptastic.software@gmail.com",
    "developerWebsite": "https://apptastic-software.github.io",
    "developerAddress": null,
    "privacyPolicy": "https://apptastic-software.github.io/app/tokyo-metro-map/privacy_policy.html",
    "genre": "Maps & Navigation",
    "contentRating": "PEGI 3",
    "released": "Aug 15, 2019",
    "lastUpdatedOn": "Dec 29, 2023",
    "appId": "com.apptastic.tokyometromap",
    "permisions": {
        "Other": [
            "full network access",
            "prevent device from sleeping",
            "view network connections"
        ]
    }
}