{
    "title": "Map My Run GPS Running Tracker",
    "description": "Map My Run: Your Ultimate Running Tracker App, Built for All Runners\r\nTake your running to the next level with the most complete Running Tracker app. Whether you're a beginner starting your first jog or an experienced athlete preparing for a marathon, this Running Tracker gives you the tools to hit your goals.\r\nLog every run, get customizable Training Plans, and real-time stats across outdoor runs, treadmill workouts, and everything in between. With personalized coaching tips and community motivation, this isn’t just another running app, it’s your all-in-one Running Tracker.\r\n\r\nNow with Form Coaching tips for Garmin users to improve your form and performance.\r\n\r\nTRUSTED BY 100M+ RUNNERS WORLDWIDE\r\n- Named Top 10 Apps for Runners – The Guardian\r\n- Featured in NY Times, TIME, Wired & TechCrunch\r\n- Voted Best Running App Readers' Choice on About.com\r\n\r\nTRACK, MAP & IMPROVE EVERY RUN\r\n- Use GPS to track running distance, pace, elevation, and calories\r\n- Works as a mile tracker, jogging tracker, and treadmill tracker\r\n- Track 600+ activities including walking, cycling, yoga, gym, and more\r\n- Accurate indoor stats with step-counting and treadmill tracking with cadence updates\r\n- Get audio feedback in real-time: distance, duration, pace, and heart rate\r\n- Save routes and discover new places to run nearby or while traveling\r\n\r\nWhether you're indoors or out, the Running Tracker app gives you full control of your stats.\r\n\r\nPERSONALIZED TRAINING PLANS FOR EVERY RUNNER\r\nTrain with purpose using expert-backed plans:\r\n- Adaptive coaching for 5K runners, 10K runners, half marathon training, and full marathon training\r\n- Set custom goals with your personal run trainer\r\n- Real-time feedback to help improve endurance and performance\r\n- Ideal for structured interval running and pace control\r\n- Whether it's weight loss, speed, or distance, this Run Tracker adapts to your goal\r\n\r\nLet your iPhone become your personal running coach and training partner.\r\n\r\nSEAMLESS DEVICE SYNC & WEARABLE SUPPORT\r\n- Sync your Running Tracker with Garmin, Google Fit, and other wearables\r\n- Connect Bluetooth devices and HR monitors\r\n- Monitor your progress across apps like Google Fit\r\n- Perfect for both outdoor training and indoor treadmill workouts\r\n\r\nThis Running Tracker works wherever and however you train.\r\n\r\nMOTIVATION THROUGH COMMUNITY & CHALLENGES\r\n- Find friends & join a global community of runners and share your progress\r\n- Compete in virtual challenges, earn achievements, and share workouts on your favorite social networks.\r\n- Use Live Tracking so friends can follow your run in real time and keep you safe.\r\n- Follow other runners, get inspired, and celebrate milestones\r\n\r\nWhether you’re a solo runner or part of a team, the Running Tracker community keeps you moving.\r\n\r\nRUN LIKE A PRO WITH MVP PREMIUM FEATURES\r\nUpgrade your Map My Run: Running Tracker to MVP and Unlock the best tools to turn your goals into achievable plans:\r\n- Use Live Tracking to give loved ones peace of mind -- Our safety feature can share your real-time run location with a secure list of family and friends.\r\n\r\n- Execute Run Training Plans and reach weight loss or distance goals with personalized plans that adapt dynamically to your fitness level as you improve.\r\n\r\n- Real-time Run Tracker that monitors and analyzes heart rate zones to adjust your training based on goals.\r\n\r\n- Set a goal for your run and stay on track with audio coach updates, including pace, cadence, distance, duration, calories, and more.\r\n\r\nNote: Continued GPS use in background may reduce battery life.\r\nDownload the most complete Running Tracker today — your personal runner app, jog partner, distance tracker, and running coach all in one. From treadmill tracking to outdoor run training, this is the only app you'll ever need.",
    "summary": "Map My Run: A running tracker app that uses GPS to track route, distance & pace.",
    "installs": "10,000,000+",
    "score": 4.6672444,
    "ratings": 443217,
    "price": 0,
    "currency": "EUR",
    "developer": "MapMyFitness, Inc.",
    "developerEmail": "support@mapmyfitness.com",
    "developerWebsite": "https://www.mapmyrun.com",
    "developerAddress": "211 Walter Seaholm Drive\nSuite 200\nAustin, TX 78701",
    "privacyPolicy": "https://www.outsideinc.com/privacy-policy/",
    "genre": "Health & Fitness",
    "contentRating": "PEGI 3",
    "released": "Sep 9, 2010",
    "lastUpdatedOn": "Apr 11, 2025",
    "appId": "com.mapmyrun.android2",
    "permisions": {
        "Identity": [
            "find accounts on the device"
        ],
        "Contacts": [
            "find accounts on the device"
        ],
        "Location": [
            "access extra location provider commands",
            "approximate location (network-based)",
            "precise location (GPS and network-based)"
        ],
        "Phone": [
            "read phone status and identity"
        ],
        "Photos/Media/Files": [
            "modify or delete the contents of your USB storage",
            "read the contents of your USB storage"
        ],
        "Storage": [
            "modify or delete the contents of your USB storage",
            "read the contents of your USB storage"
        ],
        "Camera": [
            "take pictures and videos"
        ],
        "Wi-Fi connection information": [
            "view Wi-Fi connections"
        ],
        "Device ID & call information": [
            "read phone status and identity"
        ],
        "Other": [
            "access Bluetooth settings",
            "control vibration",
            "full network access",
            "pair with Bluetooth devices",
            "prevent device from sleeping",
            "read Google service configuration",
            "run at startup",
            "view network connections"
        ],
        "Uncategorized": [
            "receive data from Internet"
        ]
    }
}