{
    "title": "Google Family Link",
    "description": "Google Family Link is a parental controls app that helps you keep your family safer online. Every family’s relationship with technology is unique, so we built tools for you to choose the right balance for your family, and help them create healthy digital habits. You can use the app to see how your child is spending time on their device, see their device location, manage privacy settings, and more.\r\n\r\n  With Family Link, you can:\r\n\r\n  <b>Establish digital ground rules</b>\r\n  • Set screen time limits — Find the screen time that works best for your child. Family Link lets you set daily time limits, with school time and downtime schedules for their devices, so you can help your child find a healthy balance.\r\n  • Manage your child’s apps — Give your child the flexibility they need when it comes to app usage. Set individual app time limits, and unlimited time for educational or regularly used apps. You can block apps, too.\r\n\r\n  <b>Manage content filters and security & privacy</b>\r\n  • Manage what they see online — Set up parental controls on Google services like Chrome, Play, YouTube, and Search. Family Link allows you to block inappropriate sites, require approval for new apps, manage permissions for apps and websites, and more.\r\n  • Secure their account — Family Link gives you access to manage your child’s account and data settings. As a parent, you can help change or reset your child’s password if they forget it, edit their personal information or even delete their account if you feel necessary.*\r\n\r\n  *Children over the applicable age can manage their own account.\r\n\r\n  <b>Stay connected on the go</b>\r\n  • See where they are — It’s helpful to be able to find your family when they’re on the go. With Family Link, you can locate your children on one map, as long as they’re carrying their device.\r\n  • Get notifications and alerts — Family Link delivers critical notifications including when your child arrives or leaves a certain location. You can also ring devices and view the device’s remaining battery life.\r\n\r\n\r\n  <b>Important Information</b>\r\n\r\n  • Family Link’s tools vary depending on your child’s device. See a list of compatible devices at https://families.google/familylink/device-compatibility/\r\n  • While Family Link helps you manage your child's purchases and downloads from Google Play, they will not need approval to install app updates (including updates that expand permissions), apps you have previously approved, or apps that have been shared in Family Library. In addition, purchase approvals will apply only when your child makes a purchase through Google Play’s billing system and will not apply to purchases made through alternate billing systems. Parents should regularly review their child’s installed apps and app permissions in Family Link.\r\n  • You should carefully review the apps on your child’s supervised device and disable those you don’t want them to use. Note that you may not be able to disable some pre-installed apps such as Play, Google, etc.\r\n  • To see the location of your child or teen’s device, the device must be powered on, recently active, and connected to the internet through data or wifi.\r\n  • Family Link parental controls are only available for supervised Google accounts. With supervised Google Accounts, children get access to Google products like Search, Chrome, and Gmail, and parents can set up basic digital ground rules to supervise them.\r\n  • While Family Link provides tools to manage your child’s online experience and keep them safer online, it does not make the internet safe. Family Link can not determine the content on the internet, but it can give parents the opportunity to make decisions about how their child spends time on their device, and determine what path to online safety looks best for your family.",
    "summary": "Guide kids with parental tools in Family Link.",
    "installs": "100,000,000+",
    "score": 4.3074803,
    "ratings": 4152194,
    "price": 0,
    "currency": "EUR",
    "developer": "Google LLC",
    "developerEmail": "familylink-support@google.com",
    "developerWebsite": "https://familylink.google.com/",
    "developerAddress": "1600 Amphitheatre Parkway, Mountain View 94043",
    "privacyPolicy": "https://www.google.com/policies/privacy",
    "genre": "Tools",
    "contentRating": "PEGI 3",
    "released": "May 21, 2018",
    "lastUpdatedOn": "Apr 30, 2025",
    "appId": "com.google.android.apps.kids.familylink",
    "permisions": {
        "Identity": [
            "add or remove accounts",
            "find accounts on the device"
        ],
        "Contacts": [
            "find accounts on the device",
            "read your contacts"
        ],
        "Photos/Media/Files": [
            "read the contents of your USB storage"
        ],
        "Storage": [
            "read the contents of your USB storage"
        ],
        "Other": [
            "full network access",
            "measure app storage space",
            "prevent device from sleeping",
            "read Google service configuration",
            "run at startup",
            "use accounts on the device",
            "view network connections"
        ],
        "Uncategorized": [
            "receive data from Internet"
        ]
    }
}