{
    "title": "Voice GPS & Driving Directions",
    "description": "<b> Voice GPS Driving Directions, GPS Navigation, GPS Maps </b> helps to get directions with voice navigation, turn by turn navigation and nearby places on GPS maps. Yes! It is free GPS App just like the other navigation apps. GPS maps voice navigation to get directions with navigation live traffic.\r\n\r\n<b> GPS Maps, Voice GPS & Driving directions </b> is the best rated and most world’s most downloaded directions app using navigation live traffic. Discover the street GPS and get directions to any location across the globe with the help of GPS navigation maps.\r\n\r\n<b> GPS Voice Navigation </b>\r\n\r\n<b> Voice GPS Driving Directions, GPS Navigation, GPS Maps </b> is free GPS app where you can see highly detailed road map with voice navigation of any region worldwide on your device. With GPS navigation maps, navigate to home or office and save your places as Favourites using navigation apps. Because without the right directions app and street GPS map you can be lost in the city. A free GPS app with GPS voice navigation app for all drivers. \r\n\r\nIf you're planning a road trip, make sure to download a GPS maps voice navigation app to help you to find directions with map navigator feature. \r\n\r\n<b> Maps & Navigation </b>\r\n\r\nHere is a free GPS and navigation app available on play store which helps users to easily find maps directions and drive confidently with car navigation mode. Navigate to your destination with driving-friendly navigation experience using our maps & navigation feature and notify you traffic alerts to any preferred location on GPS maps. A directions app offers different travelling modes on maps and directions.\r\n\r\nDownload  Free Maps, Voice GPS Driving Directions, GPS Navigation  and start travelling around the city with turn by turn navigation without any real difficulties unlike other GPS apps.\r\n\r\n<b> Navigation Maps </b>\r\n\r\nWhether you are driving a car, on bus or walking in the city, using our free GPS app will help you in finding the road map. Find your desire locations in search bar, select the most accurate maps directions and start journey by listening voice navigation. \r\n\r\n<b> Map Navigator </b>\r\n\r\nVoice GPS Driving Directions, GPS Navigation, free Maps navigation offers accurate, shortest route via ultimate route finder on maps and directions. Through our GPS Apps, never easy to get to the desired destination on time using feature of navigation maps. Trusted by many drivers for fast & easy in navigation apps.\r\n\r\n<b> Turn-by-Turn Navigation </b>\r\n<b> Voice GPS Driving Directions, GPS Navigation, GPS Maps </b> offers content-rich options such as voice navigation that allow you to explore new nearby places while driving with advance turn by turn navigation and instructions, on our maps and directions.\r\n\r\n<b> GPS Navigator </b>\r\nFind and navigate to any point on available road map and it can also rerouting automatically as traffic status on GPS apps. It ultimate solution, won’t find fancy navigation apps free. Navigate to your destination and reach on time with our Maps driving directions. Drive with real-time directions and route suggestion on Navigation maps with our GPS navigator. \r\n\r\nPlan your trips and execute them right on time with no hassle and anywhere in the world with Voice GPS Driving Directions. Navigate & explore with our GPS voice Navigation with free maps.",
    "summary": "Driving direction, GPS navigation & GPS voice navigation via GPS Apps",
    "installs": "5,000,000+",
    "score": 4.27,
    "ratings": 13903,
    "price": 0,
    "currency": "EUR",
    "developer": "Delta Raza Studio",
    "developerEmail": "deltarazaapps@gmail.com",
    "developerWebsite": "https://deltarazastudio.com",
    "developerAddress": null,
    "privacyPolicy": "https://s3-ap-southeast-1.amazonaws.com/deltarazaapps.com/DeltaRazaApps.html",
    "genre": "Maps & Navigation",
    "contentRating": "PEGI 3",
    "released": "Jan 30, 2019",
    "lastUpdatedOn": "Mar 6, 2025",
    "appId": "com.voice.gps.driving.directions.gps.navigation.maps.location",
    "permisions": {
        "Location": [
            "approximate location (network-based)",
            "precise location (GPS and network-based)"
        ],
        "Photos/Media/Files": [
            "modify or delete the contents of your USB storage",
            "read the contents of your USB storage"
        ],
        "Storage": [
            "modify or delete the contents of your USB storage",
            "read the contents of your USB storage"
        ],
        "Microphone": [
            "record audio"
        ],
        "Wi-Fi connection information": [
            "view Wi-Fi connections"
        ],
        "Other": [
            "full network access",
            "prevent device from sleeping",
            "read Google service configuration",
            "run at startup",
            "view network connections"
        ]
    }
}