{
    "title": "EVcharge",
    "description": "EVcharge is a cross-platform mobile application that allows the customer to manage charging points for electric vehicles.\r\n\r\nEVcharge shows the location, information and status of the different chargers, allows the customer to activate them and initiate a charge, graphically showing the process in real time.\r\n\r\n- User identification and/or registration.\r\n\r\n- Map: indicates the user's position and that of the chargers.\r\n\r\n- List of chargers: detailed information is displayed for each charger.\r\n\r\n- The user can select the plug of a charger where he/she will start charging, where the steps to follow to start charging are shown.\r\n\r\n- Charging process: Wh and time consumed during the charging process are displayed.\r\n\r\n- The user can end the charging process.\r\n\r\n- Detailed information of the user profile with the possibility to change the data and delete it.\r\n\r\n- List of charges performed by the user, along with their information.\r\n\r\n- Information about us.\r\n\r\nTranslated with DeepL.com (free version)",
    "summary": "Application for the management of electric vehicle chargers",
    "installs": "10,000+",
    "score": 0,
    "ratings": 0,
    "price": 0,
    "currency": "EUR",
    "developer": "Etecnic Energy & Mobility",
    "developerEmail": "etecnic@etecnic.net",
    "developerWebsite": "https://evcharge.net/",
    "developerAddress": null,
    "privacyPolicy": "https://etecnic.net/company/privacy_policy",
    "genre": "Auto & Vehicles",
    "contentRating": "PEGI 3",
    "released": "Jun 18, 2024",
    "lastUpdatedOn": "Apr 16, 2025",
    "appId": "com.etecnic.evchargenew",
    "permisions": {
        "Location": [
            "approximate location (network-based)",
            "precise location (GPS and network-based)"
        ],
        "Photos/Media/Files": [
            "modify or delete the contents of your USB storage",
            "read the contents of your USB storage"
        ],
        "Storage": [
            "modify or delete the contents of your USB storage",
            "read the contents of your USB storage"
        ],
        "Camera": [
            "take pictures and videos"
        ],
        "Other": [
            "control Near Field Communication",
            "control flashlight",
            "control vibration",
            "full network access",
            "prevent device from sleeping",
            "use accounts on the device",
            "view network connections"
        ],
        "Uncategorized": [
            "receive data from Internet"
        ]
    }
}