{
    "title": "Carpool Kids: Family Calendar",
    "description": "Carpool-Kids is the #1 way to organize carpools.\r\n\r\nLoved by thousands of families, friends, and groups across the world. \r\n\r\nHIGHLIGHTS\r\n\r\n• Organize carpools with any number of drivers and riders • Easy scheduling\r\n• Get reminders via push notifications and/or e-mail\r\n• Create family & friends profiles\r\n• Track driving stats (Pro)\r\n• Sync events to your calendar (Pro)\r\n\r\nHOW IT WORKS\r\n\r\nEasily create a carpool schedule in minutes. Carpool-Kids provides a simple way to manage your driving timetable.\r\nInvite your friends & family and set up your ride-sharing schedules. Every driver or parent can see who’s driving, pickups & drop-offs, and plan optimal driving routes. \r\n\r\nFAMILIES & GROUPS LOVE US\r\n\r\n“Easy to use, flexible, set-up and go, at-a-glance views of the week. Invaluable tool for busy families that just need to plan carpool, but can't spend hours learning an app!”  – Play Store review by Tanisha DuBransky\r\n\r\n“This app is AMAZING!!! We use it for our volleyball team and it's so easy and convenient knowing who's driving when and where. No more gazillion texts going back and forth (and lost)! True life-saver for busy parents. Thanks for building this incredible app!!” – Play Store review by Lisa Jones\r\n\r\n“Such a great app whether you have just 2 drivers or more!” – Play Store review by Melissa Kennedy\r\n\r\nMORE INFO\r\n\r\nTo view our Privacy Policy, go to: https://carpool-kids.com/privacy.html \r\n\r\nTo view our Terms of Use, go to: https://carpool-kids.com/terms.html",
    "summary": "The all-in-one app for carpooling. Shared family & friends driving schedule",
    "installs": "10,000+",
    "score": null,
    "ratings": null,
    "price": 0,
    "currency": "EUR",
    "developer": "New Wave Coding LLC",
    "developerEmail": "info@newwavecoding.com",
    "developerWebsite": "https://carpool-kids.com",
    "developerAddress": "1130 Bath Ln\nVentura, CA 93001",
    "privacyPolicy": "https://newwavecoding.com/carpool-kids/privacy.html",
    "genre": "Lifestyle",
    "contentRating": "PEGI 3",
    "released": "Nov 26, 2020",
    "lastUpdatedOn": "Jan 3, 2025",
    "appId": "com.newwavecoding.carpool_kids",
    "permisions": {
        "Location": [
            "approximate location (network-based)",
            "precise location (GPS and network-based)"
        ],
        "Camera": [
            "take pictures and videos"
        ],
        "Other": [
            "control vibration",
            "full network access",
            "prevent device from sleeping",
            "run at startup",
            "view network connections"
        ],
        "Uncategorized": [
            "receive data from Internet"
        ]
    }
}