{
    "title": "Beryl Bikes",
    "description": "With Beryl Bikes you can find and unlock a bike from one of the many distinctive green Beryl Bays in your city! We’ve designed our bike to be safe, fun and easy to use for an enjoyable ride.\r\n\r\nHow do I use a Beryl Bike?\r\n-------------------------------\r\n\r\n- Find and unlock a bike using the Beryl mobile app.\r\n- Go for a ride! Be sure to have fun and be safe.\r\n- You can park in a Beryl Bay or a find a considerate place.\r\n- Close the lock to end your ride.\r\n\r\nHow much does it cost?\r\n-------------------------------\r\n\r\nWhether you want to Pay As You Ride, unlimited rides for the day with a Day Pass, or to save money with minute bundles, we have a range of options to suit every type of rider.\r\n\r\nRides start from as little as $0.10 per minute with additional charges depending on your plan and whether you end your ride by locking the bike in or out of a bay.\r\n\r\nWhere can i find Beryl Bikes?\r\n-------------------------------\r\n\r\nYou can find Beryl Bikes across Staten Island, NY as well as over the pond in several cities in the UK.",
    "summary": "Bike sharing for greener cities",
    "installs": "100,000+",
    "score": 0,
    "ratings": 0,
    "price": 0,
    "currency": "EUR",
    "developer": "Beryl",
    "developerEmail": "support@beryl.cc",
    "developerWebsite": "https://beryl.cc/bikeshare",
    "developerAddress": "The Green House\n244-254 Cambridge Heath Road\nLondon\nE2 9DA",
    "privacyPolicy": "https://beryl.cc/privacy",
    "genre": "Travel & Local",
    "contentRating": "PEGI 3",
    "released": "Nov 14, 2018",
    "lastUpdatedOn": "Apr 29, 2025",
    "appId": "cc.beryl.basis",
    "permisions": {
        "Location": [
            "approximate location (network-based)",
            "precise location (GPS and network-based)"
        ],
        "Photos/Media/Files": [
            "read the contents of your USB storage"
        ],
        "Storage": [
            "read the contents of your USB storage"
        ],
        "Camera": [
            "take pictures and videos"
        ],
        "Microphone": [
            "record audio"
        ],
        "Wi-Fi connection information": [
            "view Wi-Fi connections"
        ],
        "Other": [
            "control Near Field Communication",
            "control vibration",
            "full network access",
            "prevent device from sleeping",
            "run at startup",
            "view network connections"
        ],
        "Uncategorized": [
            "receive data from Internet"
        ]
    }
}