{
    "title": "Rideet",
    "description": "Enter into the Rideet world and turn your bike into a smart vehicle!\r\n\r\nThe Rideet app has been redesigned from scratch, with an incredible new UI and many updates to make the Rideet world experience even more pleasant. \r\nRideet is the official app to manage Rideet One and Rideet TPMS, the smart assistant for every bike and the new tyre pressure monitoring system.\r\n\r\nRideet One is the first device in the world, entirely Made in Italy, that can upgrade any bike with smart vehicle features.\r\nAvoid messing with the bike ECU and just connect Rideet One to the 12V supply.\r\nInstall Rideet One on your bike and with this application you will have access to:\r\n\r\n- Performance analysis with high precision telemetry (lean angle, speed, acceleration, 0-100, etc.)\r\n- Bike security (satellite antitheft, position streaming, geofencing, etc.)\r\n- Rider assistance (accidents recognition, emergency contacts, medical info sharing, etc.)\r\n- Maintenance assistance (battery monitoring, specific service schedules for your bike model, deadlines alerts, etc.)\r\n- Trips management (automatic trips recognition, trips management, etc.)\r\n\r\nand much more! Rideet One gets constantly updated with new exciting features.\r\n\r\nInstall on your bike also Rideet TPMS, the new smart tyre pressure monitoring system.\r\nYou can mount them in few seconds replacing your valve caps e get pressure and temperature measures directly in the app.\r\nYou will also get alerts in case of sudden drop of pressure, both when the bike is parked or when you're riding it.\r\nAnd if you have also Rideet One on your bike, you don't need a smartphone: everything is automatically on the cloud!\r\nDiscover the first smart assistant for any bike and enter in the world of smart vehicles!\r\n\r\nRideet One and Rideet TPMS can be purchased in the app or on www.rideet.com.\r\n\r\n\r\n(Rideet One is always connected to the network and requires an active subscription.\r\n12 free months of subscription are included since the first activation of Rideet One.\r\nRideet TPMS doesn't require remote connectivity and therefore doesn't require any subscription.)",
    "summary": "Make your bike smarter with Rideet, the first smart assistant for motorcycles!",
    "installs": "1,000+",
    "score": null,
    "ratings": null,
    "price": 0,
    "currency": "EUR",
    "developer": "Rideet",
    "developerEmail": "support@rideet.com",
    "developerWebsite": "https://rideet.com",
    "developerAddress": "Via Ettore Petrolini 16/H",
    "privacyPolicy": "https://www.iubenda.com/privacy-policy/76935382",
    "genre": "Auto & Vehicles",
    "contentRating": "PEGI 3",
    "released": "Nov 26, 2019",
    "lastUpdatedOn": "Mar 31, 2025",
    "appId": "com.rideet.rideetapp",
    "permisions": {
        "Contacts": [
            "modify your contacts",
            "read your contacts"
        ],
        "Location": [
            "approximate location (network-based)",
            "precise location (GPS and network-based)"
        ],
        "Photos/Media/Files": [
            "modify or delete the contents of your USB storage",
            "read the contents of your USB storage"
        ],
        "Storage": [
            "modify or delete the contents of your USB storage",
            "read the contents of your USB storage"
        ],
        "Camera": [
            "take pictures and videos"
        ],
        "Microphone": [
            "record audio"
        ],
        "Wi-Fi connection information": [
            "view Wi-Fi connections"
        ],
        "Other": [
            "access Bluetooth settings",
            "control vibration",
            "full network access",
            "pair with Bluetooth devices",
            "prevent device from sleeping",
            "read Google service configuration",
            "run at startup",
            "view network connections"
        ],
        "Uncategorized": [
            "receive data from Internet"
        ]
    }
}