{
    "title": "Google Home",
    "description": "Create a more organized and personalized smart home with Google Home. Set up, manage, and control your Google Nest, Wifi, and Chromecast devices, plus thousands of compatible smart home products like lights, cameras, thermostats, and more – all from the Google Home app.\r\n\r\n Personalize your home view.\r\nPin your most-used devices, automations, and actions to the Favorites tab for easy access right when you open the app. View your Nest cameras and doorbell live feeds, and easily scan through event history. Set up and manage Routines in the Automations tab. And quickly edit any permissions in the consolidated Settings tab.\r\n\r\nUnderstand what’s going on at home with a glance.\r\nThe Google Home app is designed to show you the status of your home and keep you up to date with what you may have missed. Check in on your home anytime and see a recap of recent events.\r\n\r\nControl your home from anywhere.\r\nGoogle Home for Wear OS allows you to control compatible smart home devices from your watch. Turn on the lights, adjust the thermostat, or get an alert when there’s a person or package at your front door. Use the favorites tile or add a device to your watch face to make managing your home as easy as a tap on the wrist.\r\n\r\nA helpful home is a private home.\r\nProtecting your privacy starts with one of the world’s most advanced security infrastructures, which we build directly into Google products so they’re secure by default. And Google uses your compatible devices and data to make your home helpful, but only in the ways you allow. Visit the Google Nest Safety Center at safety.google/nest to learn more about how we protect your information and respect your privacy.\r\n\r\n* Some products and features may not be available in all regions. Compatible devices required.",
    "summary": "Set up and control your compatible Nest, Chromecast, and Google Home devices.",
    "installs": "1,000,000,000+",
    "score": 3.8298314,
    "ratings": 3158164,
    "price": 0,
    "currency": "EUR",
    "developer": "Google LLC",
    "developerEmail": "apps-help@google.com",
    "developerWebsite": "http://cast.google.com/chromecast/",
    "developerAddress": "1600 Amphitheatre Parkway, Mountain View 94043",
    "privacyPolicy": "https://policies.google.com/privacy",
    "genre": "Lifestyle",
    "contentRating": "PEGI 3",
    "released": "Jul 18, 2013",
    "lastUpdatedOn": "Apr 28, 2025",
    "appId": "com.google.android.apps.chromecast.app",
    "permisions": {
        "Identity": [
            "add or remove accounts",
            "find accounts on the device"
        ],
        "Contacts": [
            "find accounts on the device"
        ],
        "Location": [
            "approximate location (network-based)",
            "precise location (GPS and network-based)"
        ],
        "Phone": [
            "directly call phone numbers"
        ],
        "Photos/Media/Files": [
            "modify or delete the contents of your USB storage",
            "read the contents of your USB storage"
        ],
        "Storage": [
            "modify or delete the contents of your USB storage",
            "read the contents of your USB storage"
        ],
        "Camera": [
            "take pictures and videos"
        ],
        "Microphone": [
            "record audio"
        ],
        "Wi-Fi connection information": [
            "view Wi-Fi connections"
        ],
        "Other": [
            "access Bluetooth settings",
            "change network connectivity",
            "change your audio settings",
            "connect and disconnect from Wi-Fi",
            "control vibration",
            "full network access",
            "measure app storage space",
            "pair with Bluetooth devices",
            "prevent device from sleeping",
            "read Google service configuration",
            "run at startup",
            "view network connections"
        ],
        "Uncategorized": [
            "receive data from Internet"
        ]
    }
}