{
    "title": "Map transport of Paris",
    "description": "The application is free, available in several languages ​​for those who wish to visit Paris easily.\r\n\r\nMoving to Paris is not easy given the number of connections that must be made to arrive at the desired destination, for this application accompanies you in the heart of your trips to Paris to facilitate your correspondence and find the fastest way by metro without internet connection.\r\n\r\nThe application features the official RATP maps of the Paris metro with the ability to zoom in and out for easier viewing.\r\n\r\nTo use this application, simply choose the type of transport (RER, METRO, TRAM, BUS) and you will have the transport card of your choice.\r\n\r\nIMPORTANT: given the difficulty of getting the internet network in guys, no internet connection is required to use this application.\r\n\r\nSupported networks: the Metro, the RER, the Tramway, airport access.\r\n\r\nThe application is available in several languages, the language will be detected according to the language of the phone.\r\n\r\nIf you have suggestions or something that does not work, do not hesitate to contact us.",
    "summary": "Visit Paris: Map Complete map of the Paris network without the need for internet",
    "installs": "10,000+",
    "score": 3.9552238,
    "ratings": 82,
    "price": 0,
    "currency": "EUR",
    "developer": "FOXDEV",
    "developerEmail": "FOXDEV17@outlook.com",
    "developerWebsite": null,
    "developerAddress": null,
    "privacyPolicy": "https://sites.google.com/site/privacypolicyflashjed/home/metroparis",
    "genre": "Maps & Navigation",
    "contentRating": "PEGI 3",
    "released": "Oct 29, 2017",
    "lastUpdatedOn": "Aug 31, 2023",
    "appId": "com.JedDev.GUIDE_PARIS",
    "permisions": {
        "Other": [
            "full network access",
            "prevent device from sleeping",
            "view network connections"
        ]
    }
}