{
    "title": "The Body Coach: Fitness Plans",
    "description": "Improve your fitness, burn body fat and get leaner, healthier and happier with The Body Coach app.\r\n\r\nYou’ll get a personalised fitness and food plan that’s fun, simple and something you’ll want to stick to for good. It’s transformed the lives of millions of people, and has been awarded the ‘2022 App of the Year’ by Google and ‘Editors Choice’ by Apple. \r\n\r\nHOW IT WORKS:\r\nQuick workouts, tasty food, no expensive equipment, and a feel-good way to transform your mind and body!\r\n\r\nA STRUCTURED WORKOUT PROGRAMME:\r\n- Unlike other exercise apps, with The Body Coach you’ll get a structured, monthly workout plan based on your fitness level. \r\n- Our training programmes are expertly designed to improve fitness, build strength and burn body fat in as little as 25 mins.\r\n- With beginner, intermediate and advanced workouts, you can train in real-time with Joe and the other Body Coach trainers from the comfort of your own home, or anywhere you like. \r\n\r\nMEALS TAILORED TO YOUR BODY: \r\n- Choose from a range of tasty recipes tailored specifically to your body, movement and goals.\r\n- Mixed, pescatarian, vegetarian and vegan meal plans with big portions, simple, delicious dishes and a way of eating you’ll enjoy.\r\n- Try new recipes every 30 days and look out for special seasonal recipe drops.\r\n\r\n28 DAY CYCLES:\r\n- Unlock new workouts and recipes each month to keep you progressing, motivated and enjoying the journey, every step of the way.\r\n\r\nPLUS ADDITIONAL FEATURES TO HELP YOU SMASH YOUR GOALS:\r\n- Exclusive community access, challenges, live workouts, seasonal recipe drops, ‘create your own’ guides, a weekly planners, shopping tools and more!",
    "summary": "Get fit with Joe Wicks. Get a structured workout plan & tailored healthy recipes",
    "installs": "500,000+",
    "score": 4.7352943,
    "ratings": 7643,
    "price": 0,
    "currency": "EUR",
    "developer": "The Body Coach",
    "developerEmail": "customer.care@thebodycoach.com",
    "developerWebsite": "https://www.thebodycoach.com",
    "developerAddress": "The Body Coach Online Nutrition Ltd\nSovereign Gate\n18-20 Kew Road\nRichmond\nSurrey\nTW9 2NA",
    "privacyPolicy": "https://www.iubenda.com/privacy-policy/83525549",
    "genre": "Health & Fitness",
    "contentRating": "PEGI 3",
    "released": "Dec 8, 2021",
    "lastUpdatedOn": "Apr 25, 2025",
    "appId": "com.thebodycoach",
    "permisions": {
        "Photos/Media/Files": [
            "modify or delete the contents of your USB storage",
            "read the contents of your USB storage"
        ],
        "Storage": [
            "modify or delete the contents of your USB storage",
            "read the contents of your USB storage"
        ],
        "Other": [
            "full network access",
            "prevent device from sleeping",
            "run at startup",
            "view network connections"
        ],
        "Uncategorized": [
            "receive data from Internet"
        ]
    }
}