{
    "title": "SeLoger – Real Estate",
    "description": "🏠 <b>Welcome to SeLoger </b>– your first stop for renting, buying and advertising real estate in France! Whether you are looking for an apartment, house, flatshare, or garage – SeLoger is your reference for a wide selection of properties to rent or buy. Find the property of your dreams now with SeLoger.\r\n\r\n🌟 <b>Highlights of the SeLoger app:</b>\r\n\r\n• Discover a wide selection of properties – apartments, houses, garages and more\r\n• Use the map or list and personalise your property search with filters\r\n• Save your search and be the first to get notified\r\n• Collect all your favourites in one place with the memo\r\n• Evaluate real estate prices, manage listings and find estate agents\r\n\r\n🏘️ <b>Real estate for rent</b>\r\nOur powerful search engine helps you to quickly find your next flat, house, studio, or room to rent from the largest selection of properties in France. Receive real-time alerts for new properties matching your search criteria and save your favourite listings for quick and easy reference. Detailed descriptions and virtual tours give you a clear view of the properties you're interested in.\r\n\r\n🔎 <b>Property for sale</b>\r\nExplore the largest selection of homes for sale in France, including houses, flats, land, offices, shops and garages, with our advanced search engine. Whether you're looking for a family home or a modern flat, find your ideal property in just a few clicks. Save your favourite listings, create personalised alerts and make your property purchase easier. Use our home loan calculator to estimate your monthly payments and make well-informed decisions about your property investments.\r\n\r\n🏡 <b>Sell your property</b>\r\nList your property for sale in seconds and connect with potential buyers through the SeLoger app. Manage your listings effortlessly, communicate with buyers, and close the deal quickly using our dedicated tools.\r\n\r\n🏬 <b>Evaluate property prices</b>\r\nQuickly assess the value of your property and get advice on how to sell better with our free online valuation tool. You'll get an accurate estimate based on the location, size and features of your property. Compare recent sale prices for similar properties in your area to refine your estimate. Explore the improved My Owner space, where you can track, manage and receive advice on your project. Rent and sell your property for free on SeLoger now.\r\n\r\n📣 <b>Follow us on social media</b> for the latest updates and property news:\r\n\r\n• Facebook: @SeLoger\r\n• Twitter/X: @SeLoger\r\n• Instagram: @seloger\r\n\r\nPlease share your experience with us by leaving a review on the Play Store. Your feedback helps us improve the SeLoger app. If you have any further questions, please contact us at mobile@seloger.com.\r\n\r\nSeLoger, MySeLogerPro, Immowelt, Immonet, Immoweb, Meilleurs Agents, Belles Demeures, LogicImmo and Yad2 are part of the AVIV Group, one of the largest digital real estate technology companies in the world, with a strong presence in Europe.\r\n\r\nAt AVIV Group, we are committed to revolutionising the real estate industry with cutting-edge technologies and innovative solutions that make the process of buying, selling and renting more transparent, efficient and convenient for everyone involved.\r\n\r\nThank you for choosing SeLoger, a trusted member of the AVIV Group family.",
    "summary": "Buy, sell or rent property. Find a flat, house, garage and other real estate.",
    "installs": "5,000,000+",
    "score": 4.5605125,
    "ratings": 95106,
    "price": 0,
    "currency": "EUR",
    "developer": "SeLoger",
    "developerEmail": "android@seloger.com",
    "developerWebsite": "https://www.seloger.com",
    "developerAddress": "Service clients SeLoger\n2 Rue des Italiens\n75009 Paris",
    "privacyPolicy": "http://www.seloger.com/politique-de-confidentialite.html",
    "genre": "Tools",
    "contentRating": "PEGI 3",
    "released": null,
    "lastUpdatedOn": "Apr 15, 2025",
    "appId": "com.seloger.android",
    "permisions": {
        "Location": [
            "approximate location (network-based)",
            "precise location (GPS and network-based)"
        ],
        "Photos/Media/Files": [
            "modify or delete the contents of your USB storage",
            "read the contents of your USB storage"
        ],
        "Storage": [
            "modify or delete the contents of your USB storage",
            "read the contents of your USB storage"
        ],
        "Camera": [
            "take pictures and videos"
        ],
        "Other": [
            "control vibration",
            "full network access",
            "prevent device from sleeping",
            "view network connections"
        ],
        "Uncategorized": [
            "receive data from Internet"
        ]
    }
}