{
    "title": "Radarbot Speed Camera Detector",
    "description": "The only app that combines real-time alerts with the best offline radar detection alert system. With Radarbot, you will have the best radar alerts, real time traffic alerts and specific speed limit alerts for different vehicles (cars, motorbikes, trucks and commercial vehicles) in one powerful app. Drive while focusing on what really matters and enjoy your trip.\r\n\r\nWith Radarbot, drive more peacefully. Safer. Better.\r\n\r\nRADAR WARNINGS\r\nEnjoy driving without having to worry about jeopardizing your driver’s license or your safety. Avoid traffic fines and penalties by receiving clear warnings before reaching a radar:\r\n\r\n- Fixed radars.\r\n- Speed trap hotspots.\r\n- Tunnel radars.\r\n- Average speed cameras (the app shows your average speed).\r\n- Traffic light cameras.\r\n\r\nPlus:\r\n- Dangerous driving areas.\r\n- Seat belt or cell phone use cameras.\r\n- Restricted area access control cameras.\r\n- Potholes and speed bumps on the road.\r\n\r\n* FEATURES:\r\n- It works in any country.\r\n- It is compatible with other apps. You can use Radarbot simultaneously with other GPS navigators or your favorite music app. You will continue to receive alerts in the background or while the screen is turned off.\r\n- Alerts only in the direction you are driving. The app automatically ignores radars in the opposite direction or off route.\r\n- Voice alerts.\r\n- Sound alerts when approaching a radar or going over the speed limit.\r\n- Vibration mode for motorists.\r\n- Completely configurable warning distances and parameters.\r\n- Automatic Bluetooth connection and startup.\r\n- Compatible with Wear OS.\r\n\r\nREAL-TIME ALERTS\r\nReal-time alerts will warn you of any unexpected circumstances. Radarbot has a community of over 50 million drivers worldwide to share and receive alerts. Find out immediately what is happening on the road and avoid traffic jams, road hazards, accidents, mobile radars, police, helicopters, drones and much more.\r\n\r\nUPDATED RADARS\r\nRadarbot has the most powerful and updated radar database in the world. Our team of experts performs daily updates to ensure that the database is always up-to-date. Not a single radar can escape the prying eyes of Radarbot!\r\n\r\nRADARBOT WORLDWIDE\r\nTry our \"FREE\" version totally free of charge and with no time limits. If you want to enjoy the full experience, you can try \"Radarbot GOLD\" or \"Radarbot GOLD RoadPro\" with integrated GPS navigation, unique advantages and, of course, no advertising.\r\n\r\nGPS NAVIGATION AND SPEED LIMITS\r\nDiscover the power of Radarbot. The GOLD version provides you everything you need while on the road in a single app: GPS navigation, radars and speed limits. You will reach your destination safely, even if you don't have an Internet connection. Travel and receive radar alerts all over the world, without worrying about mobile network coverage.\r\n\r\nWhere would you like to go?\r\n\r\n* FEATURES:\r\n- Offline navigation and 3D maps.\r\n- Option to choose a route with fewer radars.\r\n- Road speed limits.\r\n- Alert for school areas and their radars.\r\n- Radarbot copilot. Put your seat belt on!\r\n\r\nARE YOU A PROFESSIONAL DRIVER?\r\n\"Radarbot GOLD RoadPro\" includes everything a professional driver could need:\r\n\r\n- Routes with special restrictions for trucks and commercial vehicles.\r\n- Speed limits and specific radars for trucks.\r\n- Distance alerts adapted to heavy vehicles.\r\n\r\nIf you have any doubts or questions, we would be more than happy to assist you at radarbot@iteration-mobile.com or from the customer support option within the app.\r\n\r\nDownload Radarbot now and become a member of the \"Enjoy driving!\" movement.",
    "summary": "Speedcam alerts and navigation. 100% Legal and Reliable. Never pay another fine!",
    "installs": "50,000,000+",
    "score": 4.3605084,
    "ratings": 575006,
    "price": 0,
    "currency": "EUR",
    "developer": "Radarbot Company",
    "developerEmail": "radarbot@iteration-mobile.com",
    "developerWebsite": "http://www.radarbot.com",
    "developerAddress": "Miguel Farady 18-20, Getafe, Madrid",
    "privacyPolicy": "https://www.radarbot.com/privacy",
    "genre": "Maps & Navigation",
    "contentRating": "PEGI 3",
    "released": "Mar 8, 2016",
    "lastUpdatedOn": "Apr 24, 2025",
    "appId": "com.vialsoft.radarbot_free",
    "permisions": {
        "Contacts": [
            "read your contacts"
        ],
        "Location": [
            "approximate location (network-based)",
            "precise location (GPS and network-based)"
        ],
        "Phone": [
            "read phone status and identity"
        ],
        "Photos/Media/Files": [
            "modify or delete the contents of your USB storage",
            "read the contents of your USB storage"
        ],
        "Storage": [
            "modify or delete the contents of your USB storage",
            "read the contents of your USB storage"
        ],
        "Microphone": [
            "record audio"
        ],
        "Wi-Fi connection information": [
            "view Wi-Fi connections"
        ],
        "Device ID & call information": [
            "read phone status and identity"
        ],
        "Other": [
            "Google Play license check",
            "access Bluetooth settings",
            "change system display settings",
            "change your audio settings",
            "connect and disconnect from Wi-Fi",
            "control vibration",
            "draw over other apps",
            "full network access",
            "pair with Bluetooth devices",
            "prevent device from sleeping",
            "read Google service configuration",
            "reorder running apps",
            "send sticky broadcast",
            "view network connections"
        ],
        "Uncategorized": [
            "receive data from Internet"
        ]
    }
}