{
    "title": "RoadWarrior Route Planner",
    "description": "Create reliable multi-destination routes RoadWarrior Route Planner. Designed for drivers, couriers and traveling professionals, RoadWarrior gives you a customized route based on real-time road traffic, client availability, and your own busy schedule. Last mile drivers and dispatchers can optimize hundreds of stops, customize routes and sync between web and mobile experiences.\r\n\r\nRoad-tested since 2013 and recently partnered with MapQuest to leverage tremendous capabilities in terms of maps, mapping, routing, fleet management, driving directions and logistics planning. Join thousands of drivers who save time, money and gas by relying on RoadWarrior Route Planner’s best-in-class optimization and driver-first design.\r\n\r\n<b>Who can save time with RoadWarrior trip planner?</b>\r\nProfessional couriers and delivery drivers: Drivers for Fedex, UPS, OnTrac, DPD, Amazon, logistics managers and many more!\r\n- Flower and gift delivery\r\n- Insurance agents\r\n- Fleet managers and dispatchers\r\n- Sales reps \r\n- Pharmaceutical sales\r\n- Landscapers\r\n- Realtors\r\n- Food delivery\r\n- Logistics workers\r\n- Motorcycle enthusiasts, motorcycle routes \r\n- Groups planning a roadtrip \r\n- Local running groups\r\n\r\nDownload RoadWarrior Delivery Route Planner router now to get started with fast, gas-saving routes. Fleet managers can pair this app with the RoadWarrior Flex web product to manage multiple drivers. \r\n\r\n<b>RoadWarrior trip planner Features</b>\r\n- Plan delivery routes with multiple destinations\r\n- Optimize your routes for fast, gas-saving routing\r\n- Navigate using your favorite navigation app such as  Waze, HERE Maps, and more to get driving directions\r\n- Upload addresses in bulk via RoadWarrior’s quick upload tool \r\n- Even faster address and manifest file upload for FedEx and OnTrac drivers\r\n- Drag and drop your stops to adjust your route in seconds\r\n- Add availability time windows in the route tracker to arrive at locations during open hours\r\n- Track your progress by checking into locations\r\n- Send ETAs to clients on your route with Glympse integration\r\n- Search for addresses from the web, your contacts or simply click on the map\r\n\r\n<b>Route Tracker For Pro Drivers</b>\r\nThe RoadWarrior Pro Route Planner upgrade unlocks premium features and increased capacity for optimization and smooth navigation. All the tools and reporting you need for logistics and last mile planning and reporting. \r\n\r\nRoadWarrior Pro is available as two auto-renewable subscriptions:\r\n1) $14.99 USD per month\r\n2) $100 USD per year\r\n\r\nPrice may vary by location. Subscriptions will be charged to your credit card through your Google account. Your subscription will automatically renew unless canceled at least 24 hours before the end of the current period. You can cancel your renewal at any time on this Google Play Store page.\r\n\r\n<b>We’ve Got Your Back</b>\r\nRoadWarrior requires Google Maps and Google Play to be installed and up to date.  Navigate using your favorite navigation app such as Waze, HERE Maps, and more to get driving directions. Learn more about RoadWarrior Route Planner at: https://support.roadwarrior.app\r\n \r\nIf you encounter any issues or questions, please reach our friendly RoadWarrior customer support team here: support@roadwarrior.app.\r\n\r\n<b>For the Geeks (TSP)</b>\r\nRoadWarrior solves one of the most complex challenges known to computer science, the Traveling Salesman Problem (TSP, TSPTW). RoadWarrior elegantly solves the TSP with a custom genetic algorithm for the professional driver/courier. Large transportation and courier companies (FedEx, UPS) have used this type of logistics productivity software for decades to optimize routes for high levels of efficiency. RoadWarrior makes this powerful TSP software available to Android drivers.\r\n \r\nPrivacy Policy and Terms of Use\r\n\r\nhttps://roadwarrior.app/terms-of-service/",
    "summary": "Superior Route Planning and Mapping for Pro Drivers, Couriers and Fleets",
    "installs": "1,000,000+",
    "score": 3.98,
    "ratings": 10000,
    "price": 0,
    "currency": "EUR",
    "developer": "MapQuest",
    "developerEmail": "support@roadwarrior.app",
    "developerWebsite": "https://roadwarrior.app/",
    "developerAddress": "4235 Redwood Ave.,\nMarina Del Rey, CA 90066",
    "privacyPolicy": "https://roadwarrior.app/privacy-policy",
    "genre": "Maps & Navigation",
    "contentRating": "PEGI 3",
    "released": "Aug 4, 2013",
    "lastUpdatedOn": "Jun 25, 2024",
    "appId": "com.roadwarrior.android",
    "permisions": {
        "Contacts": [
            "read your contacts"
        ],
        "Location": [
            "approximate location (network-based)",
            "precise location (GPS and network-based)"
        ],
        "Phone": [
            "read phone status and identity"
        ],
        "Photos/Media/Files": [
            "modify or delete the contents of your USB storage",
            "read the contents of your USB storage"
        ],
        "Storage": [
            "modify or delete the contents of your USB storage",
            "read the contents of your USB storage"
        ],
        "Camera": [
            "take pictures and videos"
        ],
        "Device ID & call information": [
            "read phone status and identity"
        ],
        "Other": [
            "full network access",
            "prevent device from sleeping",
            "read Google service configuration",
            "run at startup",
            "view network connections"
        ],
        "Uncategorized": [
            "receive data from Internet"
        ]
    }
}