{
    "title": "MoveHealth",
    "description": "MoveHealth is an advanced exercise prescription app offering personalised exercise programs, educational content, and surveys, all tailored to your health needs. The app tracks your exercise completion and survey results to present real-time progress in a user-friendly and engaging way. Additional features include reminder notifications and \"today's schedule\". With MoveHealth, you stay connected to your healthcare provider, ensuring that your rehabilitation journey is both effective and efficient. Available to patients receiving care plans from providers using MoveHealth.",
    "summary": "Physical health and rehabilitation exercise prescription, tracking and feedback.",
    "installs": "10,000+",
    "score": null,
    "ratings": null,
    "price": 0,
    "currency": "EUR",
    "developer": "VALD",
    "developerEmail": "support@vald.com",
    "developerWebsite": "https://valdhealth.com/",
    "developerAddress": null,
    "privacyPolicy": "https://valdhealth.com/policies/privacy-policy",
    "genre": "Health & Fitness",
    "contentRating": "PEGI 3",
    "released": "Oct 2, 2024",
    "lastUpdatedOn": "May 1, 2025",
    "appId": "com.vald.movehealth",
    "permisions": {
        "Camera": [
            "take pictures and videos"
        ],
        "Other": [
            "Google Play license check",
            "access Bluetooth settings",
            "close other apps",
            "full network access",
            "pair with Bluetooth devices",
            "prevent device from sleeping",
            "run at startup",
            "view network connections"
        ],
        "Uncategorized": [
            "receive data from Internet"
        ]
    }
}