{
    "title": "Recognise Foot",
    "description": "Using Recognise™ has been shown to reduce pain, improve performance and assist with rehabilitation in a range of complex pain, and injury states, when used as part of a Graded Motor Imagery programme.\r\n\r\n\r\nTEST AND TRAIN\r\n\r\n- TEST your ability to quickly and accurately recognise an image of a body area as either left or right (‘Left/Right Discrimination’)\r\n\r\n- TRAIN your brain and harness its neuroplasticity using a range of tools\r\n\r\n\r\nFEATURES\r\n\r\n-‘Memory’ and ‘Speed match’ tools to take your training to the next level\r\n\r\n-Graded difficulty levels and personal best challenges\r\n\r\n-Detailed onscreen results and graphs to map your progress\r\n\r\n-Powerful clinical integration tools - export and email your results directly to your clinician or therapist\r\n\r\n-Capture your own images on your Device and use them in your training\r\n\r\n-Comprehensive explanation of the science behind Left/Right Discrimination and Graded Motor Imagery",
    "summary": "Using Recognise™ has been shown to reduce pain and improve performance",
    "installs": "1,000+",
    "score": null,
    "ratings": null,
    "price": 5.99,
    "currency": "EUR",
    "developer": "Noigroup",
    "developerEmail": "tim@noigroup.com",
    "developerWebsite": null,
    "developerAddress": "19 North Street, Adelaide SA",
    "privacyPolicy": "http://www.noigroup.com/en/Privacy",
    "genre": "Health & Fitness",
    "contentRating": "PEGI 3",
    "released": "Oct 13, 2023",
    "lastUpdatedOn": "Sep 8, 2024",
    "appId": "com.recognise.paidappfoot",
    "permisions": {
        "Photos/Media/Files": [
            "modify or delete the contents of your USB storage",
            "read the contents of your USB storage"
        ],
        "Storage": [
            "modify or delete the contents of your USB storage",
            "read the contents of your USB storage"
        ],
        "Camera": [
            "take pictures and videos"
        ],
        "Other": [
            "full network access",
            "view network connections"
        ]
    }
}