{
    "title": "NX Bus mTicket",
    "description": "Start travelling straight away with discounted fares on the National Express Bus mTicket app. You can buy bus travel the way you want, wherever you are with tickets available including single journeys, all day, group, 1 week & 4 week travel. Your mobile becomes your bus ticket to show to the driver. It's secure, fast and simple to use. Adult and Student ticket ranges are available.\r\n\r\nAvailable for National Express West Midlands and National Express Coventry.",
    "summary": "Buy your bus tickets & passes anywhere, anytime - and travel straight away!",
    "installs": "500,000+",
    "score": 0,
    "ratings": 0,
    "price": 0,
    "currency": "EUR",
    "developer": "National Express",
    "developerEmail": "mticket@nationalexpress.com",
    "developerWebsite": "http://nxbus.co.uk/mTicket",
    "developerAddress": null,
    "privacyPolicy": "https://nxbus.co.uk/west-midlands/help-information/privacy-policy",
    "genre": "Travel & Local",
    "contentRating": "PEGI 3",
    "released": "Sep 7, 2016",
    "lastUpdatedOn": "Sep 11, 2024",
    "appId": "com.justride.nxwm",
    "permisions": {
        "Phone": [
            "directly call phone numbers"
        ],
        "Photos/Media/Files": [
            "modify or delete the contents of your USB storage",
            "read the contents of your USB storage"
        ],
        "Storage": [
            "modify or delete the contents of your USB storage",
            "read the contents of your USB storage"
        ],
        "Other": [
            "control Near Field Communication",
            "full network access",
            "install shortcuts",
            "prevent device from sleeping",
            "uninstall shortcuts",
            "view network connections"
        ],
        "Uncategorized": [
            "receive data from Internet"
        ]
    }
}