{
    "title": "Cheap Car Rental・Rent a Car",
    "description": "The Cheap Car Rental app helps to compare & hire a car easily. Search, compare & find your rental cars with us. We compare from all major rent cars companies like Ada location, Avis location voiture, Enterprise rent a car, Virtuo location voiture, National car rental, Europcar, Getaround, La centrale, Wecar, Turo, Rentalcars com, Alamo rent a car, Goldcar, Budget car rental, Hertz rent a car, Ouicar, Toosla, Sixt location de voiture, Driiveme, Drivy, Ubeeqo, Zity, Free2move, Share Now, and many more. We provide weekly or monthly car rental, book according to your needs. Get low cost car rentals easily at anytime.\r\n\r\nFeatures:\r\n➤ With our cheap car rental booking app, you can easily search, compare and access cheap rental cars prices from 100 locations worldwide.\r\n➤ Best rental cars offers on monthly & weekly car rentals.\r\n➤ Advanced filter option to get the perfect cheap rent a car. Online car rentals at low cost.\r\n➤ Book at any time, last minute car rentals, are available with us.\r\n➤ We compare deals from a lot of cheap car rental companies. So our users can easily get cheap rent a car.\r\n➤ We compared the major rental cars companies like Virtuo location de voiture, Get around, Sixt location voiture, Ada autopartage, Oui car, Ubeeqo, Zity, Enterprise rent a car, Avis car rental, Free2move, Share Mow, Goldcar, Toosla, etc.\r\n\r\nYou need to select your location, pick up date and drop off date. Our rental car booking app will provide you with the best hire a car for you. Our service includes airport car rentals also. Before online car rentals booking, get complete details of rent cars like car seats, baggage, air conditioning, etc.\r\nOur aim is to provide cheap car rental for users always. You can use the cheap car rental near me option to find the nearest rent cars in your location.\r\n\r\nCheap Car Rental booking app is the fastest way to rent a car without any hassle.",
    "summary": "Cheap rental car booking app. Search,compare & book low cost car rentals with us",
    "installs": "100,000+",
    "score": 4.8,
    "ratings": 1091,
    "price": 0,
    "currency": "EUR",
    "developer": "Flights, Rental Cars & Hotel Booking - TripMakers",
    "developerEmail": "adilvapps@gmail.com",
    "developerWebsite": null,
    "developerAddress": null,
    "privacyPolicy": "http://lnkiy.in/cheapcarrental",
    "genre": "Travel & Local",
    "contentRating": "PEGI 3",
    "released": "Jan 22, 2022",
    "lastUpdatedOn": "Apr 16, 2025",
    "appId": "com.rentalcarit.rentalcars",
    "permisions": {
        "Location": [
            "approximate location (network-based)",
            "precise location (GPS and network-based)"
        ],
        "Wi-Fi connection information": [
            "view Wi-Fi connections"
        ],
        "Other": [
            "change network connectivity",
            "control vibration",
            "full network access",
            "pair with Bluetooth devices",
            "prevent device from sleeping",
            "reorder running apps",
            "run at startup",
            "view network connections"
        ],
        "Uncategorized": [
            "receive data from Internet"
        ]
    }
}