{
    "title": "Car Rentals App",
    "description": "Car Rental App searches car rental in USA, UK & Europe.\r\n\r\nCheap Car Rental Features:\r\n\r\n• Cheap Car Rental search\r\n• Filter by vehicle type & fuel type.\r\n• Last-minute car available.\r\n• Get directions to your pick-up location.\r\n• Easy Airport Car Rental.\r\n• USA Car Rental & UK Car Hire.\r\n• Your car will always be from one of the leading suppliers.\r\n• We guarantee the lowest prices.\r\n• Over 6,000 locations worldwide.\r\n• Last-minute car rentals available.\r\n• You can amend or cancel your booking online quickly and easily.\r\n\r\nAre you planning a weekend Car Rental?\r\n\r\nUse Car Rentals App to book a car close to your home in just a few clicks. For Example if you are looking for Los Angeles Airport car rental or Chicago O'hare Airport car rental. type your desired airport or downtown location.\r\n You can amend or cancel your booking on the app quickly and easily.\r\n\r\nThe extra benefits of Car Rental App:\r\n\r\n- We guarantee the lowest prices.\r\n- Receive a confirmation email with Voucher.\r\n- Check all rates with major rental companies.\r\n- Add extras on your booking such as navigation system & baby seats.\r\n- Your car will always be from one of the leading suppliers.\r\n- 24/7 customer support after booking your rental car.\r\n- Send the car hire quote to your email address.\r\n- See the price in different currencies.\r\n\r\nLet’s stay in touch!\r\n\r\nIf you have any questions or need further support please don't hesitate to contact our 24/7 support help line in US, UK & Europe.\r\n\r\nFAQ:\r\nCAN I CHANGE MY BOOKING?\r\nYes, you can easily change your booking details. You just need to file an amendment request on our online portal. Please note that amendments can take up to 48 hours to be processed, depending on the nature of the amendment. In some cases we might need to get in touch with you regarding your request, so please indicate a valid email address or phone number in the form.\r\n\r\nWe do not charge an administration fee for changing or amending bookings, but, depending on the nature of the changes you want to make, additional cost might occur. For example, in cases where the date needs to be changed we cannot guarantee the same price as originally quoted. For further information, you can also contact us via phone.\r\n\r\nWHICH DOCUMENTS DO I NEED TO BRING TO THE RENTAL DESK?\r\nThe rental voucher we will send you as part of the booking confirmation contains all documents required at the time of pick-up. In most cases, in order to release the reserved vehicle, you need to bring:\r\n\r\n• Credit card in the name of the driver. Credit cards accepted for pick-up are MasterCard, Visa, and in some cases, American Express. Please consult your Booking Confirmation for list of accepted Credit Cards.\r\n\r\n• Driving licence. Please note that only a full licence held for minimum of 1 year with no major endorsements will be accepted. Read more about requirements for driving licence.\r\n• Booking voucher. This will be sent to you within 48 hours after booking and must be printed out.\r\n• Any other forms of identification requested by the car rental agent in their terms and conditions. Details can be found on your rental voucher.\r\n\r\nios App link: https://apps.apple.com/us/app/car-rentals-app/id1198995995",
    "summary": "Connecting you to the biggest Car Rental brands.",
    "installs": "10,000+",
    "score": null,
    "ratings": null,
    "price": 0,
    "currency": "EUR",
    "developer": "Car Rentals App",
    "developerEmail": "info@autohiremarket.com",
    "developerWebsite": null,
    "developerAddress": null,
    "privacyPolicy": "https://www.carrentalchoice.com/privacy-policy/",
    "genre": "Travel & Local",
    "contentRating": "PEGI 3",
    "released": "Jun 30, 2017",
    "lastUpdatedOn": "Sep 22, 2023",
    "appId": "com.carrentalsapp",
    "permisions": {
        "Wi-Fi connection information": [
            "view Wi-Fi connections"
        ],
        "Other": [
            "full network access",
            "view network connections"
        ]
    }
}