{
    "title": "E-WHEELS",
    "description": "E-WHEELS is a smart electric scooter APP developed for the exclusive use of the E-Wheels scooters series.\r\n\r\nThe detailed information of the vehicle can be viewed through the APP, vehicle parameters can be set, and functions such as firmware upgrade are also supported.\r\n\r\nEnjoy your scooter responsibly, follow your locals rules and wear protective gear.",
    "summary": "E-WHEELS is a smart electric scooter APP.",
    "installs": "100,000+",
    "score": 0,
    "ratings": 0,
    "price": 0,
    "currency": "EUR",
    "developer": "E-Wheels Group",
    "developerEmail": "app.ewheels@gmail.com",
    "developerWebsite": "http://www.E-Wheels.no",
    "developerAddress": null,
    "privacyPolicy": "http://www.lebitec.com/index.php/yinsi/",
    "genre": "Tools",
    "contentRating": "PEGI 3",
    "released": "Apr 7, 2021",
    "lastUpdatedOn": "Aug 15, 2024",
    "appId": "com.HB.EWHEELS",
    "permisions": {
        "Location": [
            "approximate location (network-based)",
            "precise location (GPS and network-based)"
        ],
        "Photos/Media/Files": [
            "read the contents of your USB storage"
        ],
        "Storage": [
            "read the contents of your USB storage"
        ],
        "Other": [
            "access Bluetooth settings",
            "control vibration",
            "full network access",
            "pair with Bluetooth devices",
            "view network connections"
        ]
    }
}