{
    "title": "Car Database",
    "description": "The Car Database app contains an overview of mainly vehicles that have been sold in the \r\nEuropean market in the last 60 years.\r\n\r\nIt contains information about more than 200 makes and 4000 models. Each model is represented by its image, years of production, available HP, kW, Cylinders, cc and valves per cylinder.\r\n\r\nSelection of models is based on either Make or part of the Model name.\r\n\r\nSupported languages are English, French, German, Spanish, Italian and Dutch.",
    "summary": "A car database of the European market",
    "installs": "5,000+",
    "score": 0,
    "ratings": 0,
    "price": 0,
    "currency": "EUR",
    "developer": "Gorwell Engineering BV",
    "developerEmail": "info@gorwell.com",
    "developerWebsite": "https://www.gorwell.com",
    "developerAddress": null,
    "privacyPolicy": "https://www.autocity.eu/privacy.do?language=en",
    "genre": "Auto & Vehicles",
    "contentRating": "PEGI 3",
    "released": "Oct 1, 2017",
    "lastUpdatedOn": "Nov 18, 2023",
    "appId": "com.gorwell.android.apx.cardb",
    "permisions": {
        "Other": [
            "full network access"
        ]
    }
}