{
    "title": "EasyTrain: Train Booking App",
    "description": "EasyTrain – Your Ultimate Indian Railway App for Train Ticket Booking & Live Train Tracking\r\n\r\nTired of searching for train tickets, checking seat availability, or tracking your train’s real-time status? \r\n\r\nEasyTrain is here to simplify your travel planning and make your train journeys smoother. Whether you're booking a ticket, tracking your train, or checking PNR status, EasyTrain brings everything you need in one convenient app.\r\n\r\nKey Features of EasyTrain:\r\n\r\nTrain Ticket Booking & PNR Status\r\n\r\nTrain Ticket Booking: \r\nFast, easy, and secure booking for both long-distance and local travel. Book Indian Railway tickets or even Tatkal tickets with just a few clicks.\r\n\r\nTatkal Booking: \r\nNeed a Tatkal ticket? Our app helps you book quickly, even during peak hours.\r\n\r\nPNR Status & Prediction: \r\nGet instant updates on your ticket’s status and use PNR prediction to assess the chances of booking confirmation.\r\n\r\nPNR Enquiry: \r\nCheck detailed ticket information effortlessly.\r\n\r\nLive Train Status & Tracking\r\n\r\nLive Train Running Status: \r\nStay up-to-date with real-time updates on your train’s status, including live tracking of train location, speed, and estimated arrival times.\r\n\r\nTrain Location & Speed: \r\nTrack your train’s current location and speed, helping you plan your journey better.\r\n\r\nTrain Arrival & Departure: \r\nView accurate arrival and departure times, including any delays or changes.\r\n\r\nSearch Trains & Train Info\r\n\r\nFind Trains Between Stations: \r\nEasily search for trains between stations and view schedules, seat availability, fare details, and live status.\r\n\r\nTrain Schedule: \r\nAccess up-to-date train timetables for any train. Download the offline timetable for access without an internet connection.\r\n\r\nSeat Availability & Seat Map: \r\nCheck seat availability for up to 6 days in advance and view seat maps to choose your preferred coach and seat.\r\n\r\nTicket Management & Cancellation\r\n\r\nTicket Cancellation: Change of plans? Cancel your train tickets directly through the app.\r\n\r\nCoach Position: Know your exact coach position in advance so you can easily board the train.\r\n\r\nLive Station Status\r\n\r\nLive Station Status: \r\nCheck live arrival and departure times of trains at your station for real-time information when you're at the station.\r\nEntertainment & Shopping\r\n\r\nFM Radio & Games: \r\nEnjoy online FM radio and 100+ games during your journey. Stay entertained without the need for downloads.\r\n\r\nAdditional Features for a Seamless Journey:\r\n\r\nTrain Speed Test: \r\nTrack your train's speed in real time.\r\n\r\nOffline Features: \r\nSave train timetables offline for easy access even without an internet connection.\r\n\r\nCancelled Trains Info: \r\nStay informed about train cancellations to avoid inconvenience.\r\n\r\nWhy Choose EasyTrain?\r\n\r\nComprehensive App: \r\nEasyTrain is your all-in-one solution for booking train tickets, tracking trains, and accessing real-time updates.\r\n\r\nReal-Time Updates: \r\nGet live train status, location, and speed to stay informed about your train's journey.\r\n\r\nFast Booking & Easy Travel: \r\nEnjoy fast ticket bookings and seamless travel planning with real-time tracking and PNR status updates.\r\n\r\nOffline Support: \r\nAccess essential features like offline timetables even when you’re not connected to the internet.\r\n\r\nPermissions:\r\n\r\nLocation Permission: We request location permission to provide accurate live train status based on your current location.\r\n\r\nDisclaimer: EasyTrain is not affiliated with IRCTC, NTES, or any government entity. All information is provided for convenience and personal use. Please verify details from official sources such as Indian Railways or IRCTC.\r\n\r\nContact us at support@easytrainapp.com for any query or removal.",
    "summary": "Train Ticket Booking, PNR Enquiry, Live Running Status & Location, Availability",
    "installs": "5,000,000+",
    "score": 0,
    "ratings": 0,
    "price": 0,
    "currency": "EUR",
    "developer": "PNR Status, Train Running Status, Availability App",
    "developerEmail": "support@easytrainapp.com",
    "developerWebsite": "https://easytrainapp.com",
    "developerAddress": null,
    "privacyPolicy": "https://www.neuception.com/privacy-easytrain.html",
    "genre": "Travel & Local",
    "contentRating": "PEGI 3",
    "released": "Jan 2, 2015",
    "lastUpdatedOn": "Apr 19, 2025",
    "appId": "com.mvision.easytrain",
    "permisions": {
        "Location": [
            "approximate location (network-based)",
            "precise location (GPS and network-based)"
        ],
        "Wi-Fi connection information": [
            "view Wi-Fi connections"
        ],
        "Other": [
            "Google Play license check",
            "control vibration",
            "full network access",
            "prevent device from sleeping",
            "run at startup",
            "view network connections"
        ],
        "Uncategorized": [
            "receive data from Internet"
        ]
    }
}