{
    "title": "MAPS.ME: Offline maps GPS Nav",
    "description": "Fast, detailed and entirely offline maps with turn-by-turn navigation – trusted by over <b>140 million</b> travelers worldwide.\r\n\r\n<b>OFFLINE MAPS</b>\r\nSave mobile data, no internet is required.\r\n\r\n<b>NAVIGATION</b>\r\nUse driving, walking and cycle navigation anywhere in the world.\r\n\r\n<b>TRAVEL GUIDES</b>\r\nSave you time planning the trip and never miss an interesting place with our ready-made travel guides. We've partnered with the best travel content creators to build travel guide catalog for hundreds of destinations around the world. Whether you prefer city travel, car trips or outdoor activities you will find a great choice of guides for a perfect journey.\r\n\r\n<b>INCREDIBLY DETAILED</b>\r\nDirections to points of interest (POI), hiking trails and places missing from other maps.\r\n\r\n<b>UP-TO-DATE</b>\r\nMaps are updated by millions of OpenStreetMap contributors daily. OSM is an open-source alternative to popular map services.\r\n\r\n<b>FAST AND RELIABLE</b>\r\nOffline search, GPS navigation along with optimized maps to effectively save memory space.\r\n\r\n<b>BOOKMARKS</b>\r\nSave locations you love and share them with your friends.\r\n\r\n<b>AVAILABLE WORLDWIDE</b>\r\nEssential for home and travel. Paris, France? Check. Amsterdam, Netherlands? Check. Barcelona, Spain? Check. New York, Chicago, Florida, Las Vegas, Nevada, Seattle, San Francisco, California, USA? Check! Rome, Italy? Check. London, UK? Check.\r\n\r\n<b>TRAFFIC DATA</b>\r\nNew online city traffic maps. Check out updates on traffic info and fastest driving routes in 36 countries!\r\n\r\n<b>AND MORE!</b>\r\n– Search through different categories e.g. restaurants, cafes, tourist attractions, hotels, ATMs and public transport (metro, bus…)\r\n– Make hotel bookings via Booking.com directly from the app\r\n– Share your location via text message or social media\r\n– When cycling or walking, the app shows whether the way is uphill or downhill\r\n \r\nContinued use of GPS running in the background can dramatically decrease battery life.\r\n \r\nIf you have any questions, visit our Help Center: support.maps.me.\r\nIf you are unable to find the answer to your question, contact us at: android@maps.me.\r\nFollow us on FB: http://www.facebook.com/mapswithme | Twitter: @MAPS_ME",
    "summary": "Worldwide offline navigation with maps and driving directions",
    "installs": "50,000,000+",
    "score": 3.5653071,
    "ratings": 1281011,
    "price": 0,
    "currency": "EUR",
    "developer": "Maps_Me",
    "developerEmail": "android@maps.me",
    "developerWebsite": "https://maps.me",
    "developerAddress": null,
    "privacyPolicy": "https://maps.me/policy/",
    "genre": "Travel & Local",
    "contentRating": "PEGI 3",
    "released": "Jul 31, 2012",
    "lastUpdatedOn": "Apr 16, 2025",
    "appId": "com.mapswithme.maps.pro",
    "permisions": {
        "Contacts": [
            "read your contacts"
        ],
        "Location": [
            "approximate location (network-based)",
            "precise location (GPS and network-based)"
        ],
        "Photos/Media/Files": [
            "modify or delete the contents of your USB storage",
            "read the contents of your USB storage"
        ],
        "Storage": [
            "modify or delete the contents of your USB storage",
            "read the contents of your USB storage"
        ],
        "Camera": [
            "take pictures and videos"
        ],
        "Wi-Fi connection information": [
            "view Wi-Fi connections"
        ],
        "Other": [
            "connect and disconnect from Wi-Fi",
            "full network access",
            "prevent device from sleeping",
            "read battery statistics",
            "run at startup",
            "view network connections"
        ],
        "Uncategorized": [
            "receive data from Internet"
        ]
    }
}