{
    "title": "Bird — Ride Electric",
    "description": "<b>HOW IT WORKS:</b>\r\n📲 Download the app\r\n✅ Sign up\r\n💳 Choose your payment method (PayPal, credit card, etc.)\r\n🔓 Select and unlock your vehicle\r\n🛴 Ride electric!\r\n\r\nThe fun way to get to your destination\r\nHead to work, run a few errands, or just go for a weekend ride. With the Bird app, get from point A to B safely and with style.\r\n\r\n<b>ECO-FRIENDLY MOBILITY</b>\r\nOur mission is to make cities more livable by reducing car usage and lowering carbon emissions.\r\nEvery ride with Bird makes you a part of that mission.\r\n \r\nDISCOVER SPECIAL FEATURES AND OFFERS\r\n\r\n–Get free rides\r\nShare your code with a friend and you both get a free ride.\r\n\r\n—Travel together\r\nRiding with friends? The \"\"group rides\"\" feature lets you sign up for multiple e-vehicles through just one phone.\r\n\r\n—More rides for less money\r\nFrom daily to monthly rates, Bird has Ride Pass pricing plans that make sense for every rider.\r\n\r\n—Safety\r\nDo your part to keep your community running smoothly. Wear a helmet, use bike lanes, and make sure to park neatly and keep sidewalks clear.\r\n\r\nDownload now and ride electric.",
    "summary": "Shared Electric Vehicles",
    "installs": "10,000,000+",
    "score": 4.4744525,
    "ratings": 260848,
    "price": 0,
    "currency": "EUR",
    "developer": "Bird Rides, Inc.",
    "developerEmail": "hello@bird.co",
    "developerWebsite": "http://www.bird.co",
    "developerAddress": null,
    "privacyPolicy": "http://www.bird.co/privacy",
    "genre": "Travel & Local",
    "contentRating": "PEGI 3",
    "released": "Nov 5, 2017",
    "lastUpdatedOn": "May 5, 2025",
    "appId": "co.bird.android",
    "permisions": {
        "Location": [
            "approximate location (network-based)",
            "precise location (GPS and network-based)"
        ],
        "Phone": [
            "read phone status and identity"
        ],
        "Photos/Media/Files": [
            "modify or delete the contents of your USB storage",
            "read the contents of your USB storage"
        ],
        "Storage": [
            "modify or delete the contents of your USB storage",
            "read the contents of your USB storage"
        ],
        "Camera": [
            "take pictures and videos"
        ],
        "Wi-Fi connection information": [
            "view Wi-Fi connections"
        ],
        "Device ID & call information": [
            "read phone status and identity"
        ],
        "Other": [
            "access Bluetooth settings",
            "control Near Field Communication",
            "control flashlight",
            "control vibration",
            "full network access",
            "pair with Bluetooth devices",
            "prevent device from sleeping",
            "reorder running apps",
            "run at startup",
            "view network connections"
        ],
        "Uncategorized": [
            "download files without notification",
            "receive data from Internet"
        ]
    }
}