{
    "title": "My SEAT App",
    "description": "Welcome to the future of driving with MY SEAT APP, the app that redefines the driving experience, transforming every journey and allowing you to control your SEAT from your smartphone, wherever you are. MY SEAT APP is your exclusive gateway to the future of personalized driving. Now, MY SEAT APP is available for all the SEAT models*. \r\n\r\nDownload MY SEAT APP and enjoy:\r\n\r\nRemote access to your vehicle:\r\n\r\n•\tKeep track of your SEAT's status and location.\r\n•\tCheck the status of doors, windows, and lights in your vehicle.\r\n•\tManage the time and mileage until your next workshop visit, all from your smartphone \r\n\r\nOnline route planning and destination import:\r\n\r\n•\tPlan your route from home with all your saved destinations and preferences and send it to your car's navigation system.\r\n\r\nInstant information and full control:\r\n\r\n•\tAccess detailed information about your SEAT, such as mileage.\r\n•\tReceive maintenance alerts and reports on the status of your vehicle to keep your SEAT in optimal condition.\r\n•\tOptimize each journey by accessing key data such as total driving time, distance traveled, or average speed.\r\n\r\nEverything under control:\r\n\r\n•\tEasily contact your Preferred Authorized Service and keep detailed track of your appointments.\r\n•\tReceive notifications about attempts to force doors or movements of the vehicle, whenever your car alarm is activated.\r\n\r\nDownload the app and discover these and other features. \r\n\r\n*The app is compatible with the following models:\r\n\r\n•\tSEAT Ibiza, Arona, Tarraco and Ateca produced from september 2020\r\n•\tSEAT Leon produced from February 2020\r\n•\tSEAT Mii electric",
    "summary": "Welcome to the future of driving with MY SEAT APP",
    "installs": "100,000+",
    "score": 4.407767,
    "ratings": 5209,
    "price": 0,
    "currency": "EUR",
    "developer": "SEAT S.A.",
    "developerEmail": "seatdigitalsupport@seat.es",
    "developerWebsite": "https://www.seat.com",
    "developerAddress": null,
    "privacyPolicy": "https://consent.vwgroup.io/consent/v1/texts/SEAT_App/ES/es/dataPrivacy/latest/html",
    "genre": "Auto & Vehicles",
    "contentRating": "PEGI 3",
    "released": "Feb 28, 2024",
    "lastUpdatedOn": "Apr 25, 2025",
    "appId": "com.seat.myseat.ola",
    "permisions": {
        "Location": [
            "approximate location (network-based)",
            "precise location (GPS and network-based)"
        ],
        "Phone": [
            "read phone status and identity"
        ],
        "Photos/Media/Files": [
            "modify or delete the contents of your USB storage",
            "read the contents of your USB storage"
        ],
        "Storage": [
            "modify or delete the contents of your USB storage",
            "read the contents of your USB storage"
        ],
        "Camera": [
            "take pictures and videos"
        ],
        "Wi-Fi connection information": [
            "view Wi-Fi connections"
        ],
        "Device ID & call information": [
            "read phone status and identity"
        ],
        "Other": [
            "access Bluetooth settings",
            "control vibration",
            "full network access",
            "pair with Bluetooth devices",
            "prevent device from sleeping",
            "reorder running apps",
            "run at startup",
            "view network connections"
        ],
        "Uncategorized": [
            "receive data from Internet"
        ]
    }
}