{
    "title": "Weight Loss Walking: WalkFit",
    "description": "A walking app for weight loss, WalkFit, is a simple step counter, pedometer, and personal walk fitness app.\r\n\r\nTry daily walking plans or indoor walking workouts to burn calories and achieve weight loss! Build a new walking habit and get fit with the walking app WalkFit.\r\n\r\nWalkFit is your go-to for walking for weight loss. Daily walking programs are designed to help you achieve the desired weight and improve your health. Walking for weight loss is easy!\r\n\r\nGet your personal walking plan calculated based on your BMI and activity level. Enjoy your daily walks and lose weight effortlessly!\r\n\r\nWalking Tracker: keep track of your walking progress with a user-friendly walk tracker. Monitor your steps, calories burned, and distance traveled to stay motivated on your weight loss journey with a walking tracker.\r\n\r\nWalking App for Weight Loss: use our walking tracker as a weight loss walking app to set and achieve your weight goals. Monitor your walking progress and see how it contributes to your weight loss progress.\r\n\r\nStep Counter & Step Tracker: count your steps, walking distance, and burned calories with a pedometer easily. The step counter & pedometer serve as a constant reminder to keep moving and motivate you to reach step goals.\r\n\r\nWalking Challenges: challenge yourself and get more weight loss motivation with a walking challenge app. Get achievements by completing daily and weekly step goals! Conquer new step milestones with a step counter and walk to lose weight with Walkfit!\r\n\r\nIndoor Walking Workouts: get a personal workout plan, follow video guides, and lose weight at home. Try various indoor walking workouts and choose your favorite! Dare to take on the \"28 day indoor walking challenge\" to burn fat and lose weight in a short time by combining exercises with walking.\r\n\r\nTreadmill Workout App: just switch to treadmill mode and follow the walking app recommendations. Alter walking at an easy, steady pace with intense bursts of walking and a fast pace for weight loss. The step tracker feature will count your steps while you're using the treadmill. This makes treadmill workouts a great option if you prefer to walk at home and still aim to lose weight.\r\n\r\nSync with Fitbit, Google Fit, and Wear OS devices \r\n\r\nWalkFit is compatible with Wear OS watches, which allows the tracking of activity data in passive and active modes. In a passive mode, the watch’s sensors are utilized to track your overall activity throughout the day. During active modes, such as workouts or free walks, your activity can be monitored in real-time in a walking app.\r\n\r\nBy syncing both devices, you can track progress toward your walking goals and monitor key metrics like step count, calorie burn, and walk distance. That's why it's so easy to use WalkFit as a pedometer and weight loss app!\r\n\r\nSUBSCRIPTION INFO:\r\nYou can download the walking app for free. Further use requires a subscription. At our discretion, we may decide to offer you a free trial per the terms displayed in the app.\r\n\r\nIn addition to the purchased subscription, we may offer you add-on items (e.g. fitness guides, VIP customer support service) for an additional fee, either one-off or recurrent. This purchase is optional: your subscription is not conditional on such a purchase. All such offers will be displayed in the app.\r\n\r\nDon't hesitate to send your feedback or suggestions to https://contact-us.welltech.com/walkfit.html\r\nPrivacy Policy: https://legal.walkfit.pro/page/privacy-policy\r\nTerms of Use: https://legal.walkfit.pro/page/terms-of-use\r\n\r\nWalkFit is a step counter, pedometer & walking app for weight loss. Get a walking plan adapted to your needs and personalize your daily goals for steps and distance!",
    "summary": "Walking app for weight loss: walk & step counter, pedometer, indoor walking app",
    "installs": "10,000,000+",
    "score": 4.552174,
    "ratings": 77141,
    "price": 0,
    "currency": "EUR",
    "developer": "WELLTECH APPS LIMITED",
    "developerEmail": "kate.support@walk-fit.io",
    "developerWebsite": "https://walkfit.welltech.com/",
    "developerAddress": "13, Karaiskaki, 3032, Limassol, Cyprus",
    "privacyPolicy": "http://walkfit.pro/android/privacy-policy-app.html",
    "genre": "Health & Fitness",
    "contentRating": "PEGI 3",
    "released": "Mar 2, 2020",
    "lastUpdatedOn": "May 2, 2025",
    "appId": "com.walkfit.weightloss.steptracker.pedometer",
    "permisions": {
        "Location": [
            "approximate location (network-based)",
            "precise location (GPS and network-based)"
        ],
        "Wi-Fi connection information": [
            "view Wi-Fi connections"
        ],
        "Wearable sensors/Activity data": [
            "body sensors (like heart rate monitors)"
        ],
        "Other": [
            "change system display settings",
            "control vibration",
            "full network access",
            "prevent device from sleeping",
            "run at startup",
            "view network connections"
        ],
        "Uncategorized": [
            "receive data from Internet"
        ]
    }
}