{
    "title": "Squad: Habit Accountability",
    "description": "Squad is a new group accountability based daily habits & goal tracker app.\r\n\r\nStop struggling alone on your daily habits, goals and routines—ignoring reminders from every habit tracker, reminder app, daily routine app, goal setting or to-do app out there.\r\n\r\nMake real daily progress toward your goals and healthy habits by joining 10 to 30 day challenges with small groups of self-improvers. \r\n\r\nBased on behavior science and neuroscience applied from—Atomic Habits by James Clear, Tiny Habits by BJ Fogg, WOOP by Gabriele Oettingen, Andrew Huberman and more.\r\n\r\nHere is how it works:\r\n1. Join from a range of group challenges that start every week (10 days, 21 days to 30 day challenges)\r\n\r\n2. Commit to a daily habit or goal—like \"I will do 100 push-ups daily before having my morning coffee\"\r\n\r\n3. Check-in daily with your accountability group on whether you did or didn't do it\r\n\r\n4. Stay on track with group visual progress reports, payback credits, group support and more\r\n\r\n5. Create & participate in accountability challenges together with your partner, friends or family\r\n\r\nCommon Squad challenges include:\r\n- Fitness + exercise challenges\r\n- Solopreneur & side-hustle\r\n- Meditation & mental health\r\n- Writing & side-project\r\n- ADHD daily task\r\n- Sleep & wake up early\r\n- Miracle morning & routine\r\n- Weight loss\r\n- Studying & learning\r\n- Career skills & hobbies\r\n- Healthy eating & diet\r\n- Daily affirmations",
    "summary": "Accountability tracker for atomic habits, daily goals & routines",
    "installs": "10,000+",
    "score": null,
    "ratings": null,
    "price": 0,
    "currency": "EUR",
    "developer": "Squad Habits",
    "developerEmail": "contact@joinsquad.co",
    "developerWebsite": "https://www.joinsquad.co",
    "developerAddress": null,
    "privacyPolicy": "https://www.joinsquad.co/squad-privacy",
    "genre": "Health & Fitness",
    "contentRating": "Parental guidance",
    "released": "Apr 13, 2023",
    "lastUpdatedOn": "Apr 28, 2025",
    "appId": "co.joinsquad.app",
    "permisions": {
        "Photos/Media/Files": [
            "modify or delete the contents of your USB storage",
            "read the contents of your USB storage"
        ],
        "Storage": [
            "modify or delete the contents of your USB storage",
            "read the contents of your USB storage"
        ],
        "Camera": [
            "take pictures and videos"
        ],
        "Microphone": [
            "record audio"
        ],
        "Wi-Fi connection information": [
            "view Wi-Fi connections"
        ],
        "Other": [
            "control vibration",
            "full network access",
            "prevent device from sleeping",
            "run at startup",
            "view network connections"
        ],
        "Uncategorized": [
            "receive data from Internet"
        ]
    }
}