{
    "title": "Decathlon Coach - fitness, run",
    "description": "The Decathlon Coach app can help you take care of your health and get back into shape, no matter what your objective or level is. It provides free, customised and varied training programs for running, cross-training, yoga, fitness, cardio workouts, Pilates, walking, strength training, and many other activities.\r\n\r\nMonitor your performance with over 80 sports tracked.\r\n\r\nWHY CHOOSE DECATHLON COACH?\r\nAre you looking for the best app to do sport for free wherever you are?\r\nDecathlon Coach adapts to your goals, motivating you to progress with your favourite sport and providing effective programmes to help you get back into shape.\r\n💪  Make progress thanks to varied and customised workouts that you can fit into your diary and suit your level (beginner, intermediate, advanced).\r\n📣. Let yourself be guided with voice coaching and exercise videos.\r\n📊. Monitor your performance with over 80 sports available in the app (running, trail, walking, pilates, yoga, fitness, strength training, cycling, boxing, badminton, etc.).\r\n📲. Decathlon coach will support you whether you train at home, outdoors and at the gym, offering over 350 coaching programmes and 500 sessions with or without equipment.\r\n👏. Achieve your goals, no matter what they are: weight loss, keeping healthy, burning off calories, preparing for a run, building up strength, or simply getting fit.\r\n🥗  Find the best advice from experts to get started, progress and eat healthily.\r\n🌟 Get access to the community's reviews and testimonials.\r\n\r\nCOMPLETE PROGRAMMES AND CUSTOMIZABLE SESSIONS\r\nDecathlon supports you with programmes that suit your level of ability and allows you to pick and choose sessions you want.\r\n- RUNNING: Gently get started or get back into running with training plans by level. You will also discover our goal-based programmes such as weight loss, improving your pace, preparing a race, a marathon or a trail run race.\r\n- WALKING: Are you more into power walking, Nordic walking, or race walking? Our programmes adapt to  what you want.\r\n- PILATES: Add Pilates to your regular sports activity or as the principal sport and progress at your pace to gently tone up your body and work on your core strength.\r\n- STRENGTH & WEIGHT TRAINING: Gently get started with our bodyweight programmes and add weights to increase the difficulty. Our programmes provide you with guidance at home or the gym.\r\n- YOGA: Make time for yourself with our yoga routines to relax, and make your body more supple and toned.\r\n\r\nGET COACHING ADVICE FROM EXPERTS TO GET THE BEST OUT OF YOUR SESSIONS\r\nOur coaches are here to help you get better started with your sports activity and progress at your own pace.\r\n- Get into good habits and stay on track thanks to our advice.\r\n- Discover efficient recovery techniques and well-being tips.\r\n- Follow our nutritional advice as a complement to your sports activity.\r\n\r\nSIGN UP AND KEEP TRACK OF YOUR PROGRESS\r\n\r\nGet your sessions’ history and measure your progress over time.\r\n- Find your sessions’ stats (time, route, calories burned, etc.).\r\n- Record how you feel at the end of each session.\r\n- Retrace the route you took on your run thanks to the GPS.\r\n- Discover your progress month after month and year after year, thanks to the tracking graphs.\r\n\r\nTo sum up, discover an all-around coach at your fingertips for free, guiding you to do your favourite sport, whatever your level of ability. Let yourself be guided by the coach and be proud of your progress!",
    "summary": "Your coach for running, fitness, yoga, strength training, Pilates, walking.",
    "installs": "5,000,000+",
    "score": 4.5516315,
    "ratings": 83017,
    "price": 0,
    "currency": "EUR",
    "developer": "Decathlon",
    "developerEmail": "support@decathloncoach.com",
    "developerWebsite": "https://www.decathloncoach.com",
    "developerAddress": "Decathlon SA\n4 boulevard de Mons\n59650 Villeneuve d'Ascq",
    "privacyPolicy": "https://legal.decathloncoach.com/dc-web/personal-data/fr/index.html",
    "genre": "Health & Fitness",
    "contentRating": "PEGI 3",
    "released": "Nov 6, 2014",
    "lastUpdatedOn": "Apr 22, 2025",
    "appId": "com.geonaute.geonaute",
    "permisions": {
        "Location": [
            "approximate location (network-based)",
            "precise location (GPS and network-based)"
        ],
        "Photos/Media/Files": [
            "modify or delete the contents of your USB storage",
            "read the contents of your USB storage"
        ],
        "Storage": [
            "modify or delete the contents of your USB storage",
            "read the contents of your USB storage"
        ],
        "Camera": [
            "take pictures and videos"
        ],
        "Wi-Fi connection information": [
            "view Wi-Fi connections"
        ],
        "Other": [
            "Google Play license check",
            "access Bluetooth settings",
            "change network connectivity",
            "connect and disconnect from Wi-Fi",
            "control vibration",
            "full network access",
            "pair with Bluetooth devices",
            "prevent device from sleeping",
            "run at startup",
            "view network connections"
        ],
        "Uncategorized": [
            "receive data from Internet"
        ]
    }
}