{
    "title": "Baloch Transport - Bus Booking",
    "description": "We are delighted to introduce Baloch Transport Services, a premier transportation company in Pakistan. Our fleet boasts state-of-the-art luxury buses, ensuring a top-notch experience for our valued passengers. With our highly skilled and experienced drivers, we offer comprehensive and satisfying transport services, all while maintaining affordability and reliability.\r\n\r\nKey Features of Our App:\r\n\r\n    Effortless Ticket Refunds\r\n    Seamless Ticket Changes\r\n    Lucrative Cashback Offers\r\n    Exciting Discount Opportunities\r\n    Convenient Baloch Wallet\r\n    Streamlined Ticket Purchases\r\n    Robust Data Encryption for User Security\r\n    Quick Access to Booking Details via 'My Tickets'\r\n    Secure and User-Friendly Payment Methods\r\n    Instant Confirmations via SMS and E-mail\r\n    Round-the-Clock, Expert Customer Support for All Travel Queries\r\n\r\nPayment Options:\r\n\r\n    PayFast\r\n    Credit/Debit Card\r\n    Jazzcash\r\n    EasyPaisa\r\n    Baloch Wallet\r\n\r\nYour journey with us is not just transportation; it's an experience built on quality, security, and convenience.",
    "summary": "Baloch Transport Online Bus Ticket Booking App",
    "installs": "100,000+",
    "score": null,
    "ratings": null,
    "price": 0,
    "currency": "EUR",
    "developer": "Baloch Transport Services",
    "developerEmail": "Support@balochtransport.com",
    "developerWebsite": "https://balochtransport.com",
    "developerAddress": null,
    "privacyPolicy": "https://balochtransport.com/privacy_policy",
    "genre": "Travel & Local",
    "contentRating": "PEGI 3",
    "released": "May 20, 2020",
    "lastUpdatedOn": "Mar 17, 2025",
    "appId": "com.brikmas.balochtransport",
    "permisions": {
        "Phone": [
            "directly call phone numbers"
        ],
        "Other": [
            "full network access",
            "prevent device from sleeping",
            "run at startup",
            "view network connections"
        ],
        "Uncategorized": [
            "receive data from Internet"
        ]
    }
}