{
    "title": "Find Parked Car",
    "description": "Introducing \"Find Parked Car\" - The Ultimate Solution for Locating Your Vehicle 📍\r\n\r\nAre you constantly struggling to remember where you parked your car? 🤔\r\n\r\nDo you find it challenging to locate your vehicle in crowded parking lots? 🏞️ Whether you frequently travel to new places or simply face difficulty in spotting your car amidst countless parked vehicles, \"Find Parked Car\" is the perfect app for you.\r\n\r\nWith our innovative features and user-friendly interface, finding your parked car has never been easier. Here's what you can expect:\r\n\r\n🅿️ Effortless Parking: Simply tap on the parking icon, and our app will automatically save your current location, ensuring that you never forget where you parked.\r\n\r\n🗺️ Clear Visuals: Once your car is parked, our app displays your car's location as well as your current location on an intuitive map, helping you navigate with ease.\r\n\r\n🔄 Seamless Navigation: Easily switch between your current location and your car's location using our smooth navigation feature, ensuring you can reach your vehicle swiftly.\r\n\r\n📚 Convenient History: Store multiple entries and access the history feature to effortlessly locate previously parked cars. Simply select the desired location from the history list, and it will guide you to that spot.\r\n\r\n⛽ Nearby Points of Interest: Our app goes beyond car location tracking. With the built-in \"Nearby\" functionality, you can effortlessly find nearby petrol pumps, hospitals, ATMs, banks, hotels, and railway stations, making your travels even more convenient.\r\n\r\n⚙️ Customizable Options: Personalize your parking experience with customizable settings. Adjust map preferences, set reminders for parking time, and customize notifications to suit your needs.\r\n\r\n📴 Offline Mode: No internet connection? No problem! Our app works seamlessly in offline mode, allowing you to find your parked car even in areas with limited or no connectivity.\r\n\r\n🔋 Battery Optimization: We understand the importance of preserving your device's battery life. Our app is designed to minimize battery usage, ensuring you have sufficient power throughout your day.\r\n\r\nUsing \"Find Parked Car\" is a breeze:\r\n\r\n1️⃣ Get Started: Open the installed app on your Android phone.\r\n\r\n2️⃣ Park Your Car: Tap the \"Park Car\" button when you leave your vehicle. You can either keep the app open or close it; either way, your car's location will be saved.\r\n\r\n3️⃣ Find Your Car: When you're ready to locate your parked car, simply tap the \"Show Route\" button. Our app will display the optimal route from your current location to your parked vehicle.\r\n\r\nSay goodbye to parking woes and the frustration of searching for your car. Download \"Find Parked Car\" now and enjoy a stress-free parking experience like never before! 🚀✨\r\n\r\nOverall this app is to Find Parked Car with lots of inbuilt features such as car location tracker, save my position, parking assistance, vehicle locator, car finder, navigate parking, remember where is my car, parking location, save car position, crowded parking, find vehicle, car tracking, parking lot, nearby points of interest, travel convenience, customizable options, offline mode, battery optimization. 🌟🔍",
    "summary": "Never lose your car again. Effortlessly Track and locate your parked vehicle",
    "installs": "10,000+",
    "score": 4,
    "ratings": 298,
    "price": 0,
    "currency": "EUR",
    "developer": "Softpulse Infotech",
    "developerEmail": "jaron.smith2006@gmail.com",
    "developerWebsite": "http://www.softpulseinfotech.com",
    "developerAddress": "Surat,  gujarat, india",
    "privacyPolicy": "http://softpulseinfotech.com/android/privacy_policy.php",
    "genre": "Maps & Navigation",
    "contentRating": "PEGI 3",
    "released": "May 5, 2018",
    "lastUpdatedOn": "Jan 5, 2025",
    "appId": "com.softpulse.find.parked.car.location",
    "permisions": {
        "Location": [
            "approximate location (network-based)",
            "precise location (GPS and network-based)"
        ],
        "Photos/Media/Files": [
            "modify or delete the contents of your USB storage",
            "read the contents of your USB storage"
        ],
        "Storage": [
            "modify or delete the contents of your USB storage",
            "read the contents of your USB storage"
        ],
        "Wi-Fi connection information": [
            "view Wi-Fi connections"
        ],
        "Other": [
            "full network access",
            "prevent device from sleeping",
            "read Google service configuration",
            "view network connections"
        ]
    }
}