{
    "title": "Royal Brothers - Bike Rentals",
    "description": "A mobility solutions provider started in 2015, Royal Brothers is the largest bike rental company in India. Our mission is to provide the most affordable and convenient solution to the new age riders and commuters. No more hassling with the cabs or autos, waiting in queue for a bus or metro, just book your personal ride on the Royal Brothers mobile app and you’ll never be late to a meeting, function or a date. \r\n\r\nNot just scooters or electric vehicles, we have something for everyone, ranging from a TVS XL to a BMW. Users can make a booking online, through our app and go to our locations spread across the city. Our latest model RBX allows you to subscribe to a vehicle for upto 36 months. A hassle free mode of transportation, now easily available through online monthly subscription mode. \r\n\r\nGuess what! We also provide a helmet for free on each booking. \r\n\r\nWhy Royal Brothers ?\r\n\r\nNo boundaries - You can take our bikes anywhere across the country. \r\nConvenient - You will always find a RB station near you\r\nCashless - We accept online payments only; which are safe and secured\r\nSubscribe - We also have RBX, on which you can subscribe for years at once.\r\n\r\nWhy just us ?\r\n\r\nDaily, weekly, monthly, and now even yearly rentals available \r\nSubscription model is better even than the EMI \r\nRSA, Insurance, Permits, PUC: We take care of them all. \r\n\r\nIf you need more reasons to book with us, then just try once.",
    "summary": "India's most trusted Bike Rental company",
    "installs": "1,000,000+",
    "score": 0,
    "ratings": 0,
    "price": 0,
    "currency": "EUR",
    "developer": "Royal Brothers Bike Rentals",
    "developerEmail": "support@royalbrothers.com",
    "developerWebsite": "https://www.royalbrothers.com",
    "developerAddress": null,
    "privacyPolicy": "https://www.royalbrothers.com/privacy-policy",
    "genre": "Travel & Local",
    "contentRating": "PEGI 3",
    "released": "Jul 3, 2018",
    "lastUpdatedOn": "Dec 22, 2024",
    "appId": "com.royalbrothers",
    "permisions": {
        "Location": [
            "approximate location (network-based)",
            "precise location (GPS and network-based)"
        ],
        "Photos/Media/Files": [
            "modify or delete the contents of your USB storage",
            "read the contents of your USB storage"
        ],
        "Storage": [
            "modify or delete the contents of your USB storage",
            "read the contents of your USB storage"
        ],
        "Camera": [
            "take pictures and videos"
        ],
        "Wi-Fi connection information": [
            "view Wi-Fi connections"
        ],
        "Other": [
            "Google Play license check",
            "control vibration",
            "full network access",
            "prevent device from sleeping",
            "run at startup",
            "view network connections"
        ],
        "Uncategorized": [
            "receive data from Internet"
        ]
    }
}