{
    "title": "Online Bus Ticket Booking",
    "description": "Online Bus Ticket Booking In India. There are several bus transport services. Bus Ticket Booking Online is a free android Application. This unique application offers you some of the major online bus ticket\r\nThe online ticket booking application is an all-in-one application for booking tickets online for buses, flights, trains, movies, cabs, and hotels. We ensure to add all popular services available in the market and with a single click users can choose their favorite online service partner without installing several applications. We are trying to launch the instant app for each application.\r\n\r\nCoupons and deals are the most highlighted part of our application which ensure to provide all popular stores with deals and coupons that help\r\nusers to get all the latest deals and coupons without browsing and save time.\r\n\r\nWe include services such as\r\n\r\n* Online Bus ticket booking\r\n* Online Train ticket booking\r\n* Online Flight ticket booking\r\n* Online Movie ticket booking\r\n* Online Hotel booking\r\n* Online Cab booking\r\n\r\nOnline Bus ticket booking helps to book your bus from all popular services such as\r\n\r\n* RedBus offers\r\n* Travelyaari\r\n* TicketGoose\r\n* Yatra\r\n* Paytm\r\n* Abhibus\r\n* Karnataka SRTC\r\n* Kerala SRTC\r\n* TNSRTC\r\n* BMTC\r\n* BusIndia.\r\n\r\nOnline Train ticket booking helps to book your trains from all popular services such as\r\n\r\n* IRCTC\r\n* RailYatri\r\n* ClearTrip\r\n* Live Train Status\r\n* Goibibo\r\n* Yatra\r\n* MakeMyTrip\r\n* Ixigo\r\n\r\nOnline Flight ticket booking helps to book your flights from all popular services such as\r\n\r\n* MakeMyTrip\r\n* ClearTrip\r\n* CheapFlights\r\n* Yatra\r\n* Whizz\r\n* Expedia\r\n* Ixigo\r\n* Goibibo\r\n* Via\r\n* AirIndia\r\n* Qatar Airways\r\n* AirAsia\r\n* Indigo\r\n* Etihad\r\n* SpiceJet\r\n* Jet Airways.\r\n\r\nOnline Hotel booking helps to book your hotel rooms from all popular services such as\r\n\r\n* Fab Hotels\r\n* Trivago\r\n* Agoda\r\n* ClearTrip\r\n* Booking\r\n* MakeMyTrip\r\n* RedBus\r\n* Expedia\r\n* Goibibo\r\n* Yatra\r\n* Oyo\r\n* Via\r\n* Ixigo\r\n* Treebo Hotels\r\n\r\nOnline Cab booking helps to book your cabs from all popular services such as\r\n\r\n* Uber\r\n* Ola\r\n* Meru Cabs\r\n* ZoomCars\r\n* Goibibo\r\n* EasyCabs\r\n* MyTaxiIndia\r\n\r\n\r\nYou can use this application only in India. The booking system in this application same like user book on specific bus service website. That’s why u have no need to user laptop, pc etc.\r\nOn one click user only can book and reserves their seats while setting at homes. Quickest and safest way to book bus tickets is through online bus booking app",
    "summary": "Online Bus Ticket Booking - Bus Ticket",
    "installs": "50,000+",
    "score": null,
    "ratings": null,
    "price": 0,
    "currency": "EUR",
    "developer": "Geet Infotech",
    "developerEmail": "amitgpl1985@gmail.com",
    "developerWebsite": "https://bustickerbooking.blogspot.com/",
    "developerAddress": null,
    "privacyPolicy": "https://bustickerbooking.blogspot.com/2024/06/online-bus-ticket-booking-privacy-policy.html",
    "genre": "Travel & Local",
    "contentRating": "PEGI 3",
    "released": "Jun 11, 2022",
    "lastUpdatedOn": "Nov 6, 2024",
    "appId": "com.bus.busseatbooking",
    "permisions": {
        "Wi-Fi connection information": [
            "view Wi-Fi connections"
        ],
        "Other": [
            "full network access",
            "prevent device from sleeping",
            "view network connections"
        ]
    }
}