{
    "title": "TRAM Barcelona",
    "description": "All information about TRAM on your mobile\r\n\r\nTRAM wants to make it easier for you to access information about our services. Therefore, we offer you TRAM, an application where you can check real time and planned timetables or contact us in a quick and easy way from your smartphone, as well as many other services.\r\n\r\nWith TRAM App you can:\r\n- Check planned schedules for any future date\r\n- View routes between stops, including schedules and transshipments\r\n- Find your nearest station on the map\r\n- Set your favorite stops\r\n- Consult the next Trams schedules in real time\r\n- Make our Widget to your favorite stops\r\n- View incidents provided (and will notify you when you affect)\r\n- Get information on tickets to travel\r\n- Contact TRAM for complaints, suggestions or lost items.\r\n- And check the points of interest that TRAM proposes you",
    "summary": "All information about TRAM on your mobile",
    "installs": "50,000+",
    "score": 0,
    "ratings": 0,
    "price": 0,
    "currency": "EUR",
    "developer": "TRAM",
    "developerEmail": "tramapps@trambcn.com",
    "developerWebsite": "http://www.tram.cat",
    "developerAddress": null,
    "privacyPolicy": "https://tram.cat/privacy",
    "genre": "Maps & Navigation",
    "contentRating": "PEGI 3",
    "released": "Nov 13, 2015",
    "lastUpdatedOn": "Nov 20, 2024",
    "appId": "com.itequia.apptram",
    "permisions": {
        "Device & app history": [
            "retrieve running apps"
        ],
        "Location": [
            "approximate location (network-based)",
            "precise location (GPS and network-based)"
        ],
        "Phone": [
            "directly call phone numbers",
            "read phone status and identity"
        ],
        "Photos/Media/Files": [
            "modify or delete the contents of your USB storage",
            "read the contents of your USB storage"
        ],
        "Storage": [
            "modify or delete the contents of your USB storage",
            "read the contents of your USB storage"
        ],
        "Camera": [
            "take pictures and videos"
        ],
        "Wi-Fi connection information": [
            "view Wi-Fi connections"
        ],
        "Device ID & call information": [
            "read phone status and identity"
        ],
        "Other": [
            "full network access",
            "prevent device from sleeping",
            "read Google service configuration",
            "view network connections"
        ],
        "Uncategorized": [
            "receive data from Internet"
        ]
    }
}