{
    "title": "Heetch - Ride-Hailing App 24/7",
    "description": "HEETCH, it's your ride-hailing app, that helps you to request and order a ride, whenever you want, 24/7.\r\nWhether it's to go back home, to go to work, to use when public transport lets you down, or simply to get around town, Heetch offers you a practical, affordable and user-friendly solution.\r\n\r\nHeetch breaks the strict codes of the market to adapt to you:\r\n- 💶 The cheapest prices. There are no unpleasant surprises because a price estimation is displayed as soon as you order.\r\n- 💳 The payment method of your choice: cash or card.\r\n- 📍 Real-time location sharing for even more security during your journeys.\r\n- 🏅 An advantageous loyalty program that rewards you.\r\n- 🤝 A sponsorship program that allows you to earn credits for your next rides.\r\n\r\nHeetch is also a human application that takes care of everyone. Our customer service is the most responsive on the market, attentive to your needs and always ready to provide you with dedicated assistance.\r\nWe also offer the lowest commission in order to value our drivers and pay them fairly.\r\n\r\nIn France, Heetch offers journeys at a competitve prices than taxis, other VTC or ride-hailing apps in Paris, Lyon, Marseille, Montpellier, Lille, Nice, Bordeaux, Toulouse, Nantes and Strasbourg.\r\n\r\nStrikes, delays, public transport... What to choose between the metro, RATP bus, Stib tram, CTM, RER, Noctilien or taxi... It's not easy to get around the urban jungle and find the right compromise! On Heetch, you choose your destination, you know the price, and you order your VTC/driver in a few seconds. Heetch tells you when your driver arrives, what the journey will be and the amount. Be informed of your driver's progress live by monitoring the map and once on the road you can share your location with your friends. At Heetch, our drivers are also trained and monitored on a daily basis to ensure you have the best experience.\r\n\r\nEach need has its own transport solution:\r\n🚗 Heetch: Economical and fast. For journeys accessible at any time, Heetch is there for you. No matter the time or the location, our drivers are available for your trips.\r\n🏎️ Heetch Express: Arrive faster. Need to get around in the blink of an eye? Take advantage of an ultra-fast VTC service. No more time to waste, your driver is there in an instant.\r\n🚘 Heetch Berline: High-end cars. Drive aboard elegant, spacious and comfortable cars. Whether for your business meetings, your outings or your trips, Heetch Berline provides a premium service.\r\n\r\nWe don't just connect drivers and passengers. We do it more responsibly by offering the best prices to our passengers and the best commissions to our partner drivers. Everyone benefits! We also encourage you to chat with your driver. Friendliness, budget and more human exchanges in professional mode!\r\n\r\nDiscover new cities with VTC, without blowing your budget!\r\nThe only ride-hailing app you need\r\n\r\n📰 Follow our news here: https://www.instagram.com/heetch_",
    "summary": "The best prices for the best rides. Enjoy fast and available transportation 24/7",
    "installs": "10,000,000+",
    "score": 4.6936064,
    "ratings": 261066,
    "price": 0,
    "currency": "EUR",
    "developer": "Heetch",
    "developerEmail": "support@heetch.com",
    "developerWebsite": "https://www.heetch.com",
    "developerAddress": null,
    "privacyPolicy": "https://www.heetch.com/privacy/",
    "genre": "Maps & Navigation",
    "contentRating": "PEGI 3",
    "released": "Jun 17, 2014",
    "lastUpdatedOn": "Apr 30, 2025",
    "appId": "com.heetch",
    "permisions": {
        "Contacts": [
            "read your contacts"
        ],
        "Location": [
            "approximate location (network-based)",
            "precise location (GPS and network-based)"
        ],
        "Phone": [
            "read phone status and identity"
        ],
        "Photos/Media/Files": [
            "modify or delete the contents of your USB storage",
            "read the contents of your USB storage"
        ],
        "Storage": [
            "modify or delete the contents of your USB storage",
            "read the contents of your USB storage"
        ],
        "Wi-Fi connection information": [
            "view Wi-Fi connections"
        ],
        "Device ID & call information": [
            "read phone status and identity"
        ],
        "Other": [
            "access Bluetooth settings",
            "control Near Field Communication",
            "control vibration",
            "draw over other apps",
            "full network access",
            "pair with Bluetooth devices",
            "prevent device from sleeping",
            "read Google service configuration",
            "run at startup",
            "view network connections"
        ],
        "Uncategorized": [
            "receive data from Internet"
        ]
    }
}