{
    "title": "Amtrak",
    "description": "Discover the convenience of traveling with Amtrak. With the Amtrak app you can get simple and intuitive access to all the travel information you need, whenever you need it.\r\n\r\n• Show your eTicket while onboard, including multi-ride and monthly passes - no need to print\r\n• Purchase one-way, roundtrip, multi-ride and monthly tickets with dollars or Amtrak Guest Rewards points\r\n• Check train status\r\n• Find station information\r\n• Edit and manage your account profile\r\n• Save credit cards for quick checkout\r\n• And so much more...\r\n\r\nWith the Amtrak app, you can do it all right from your smart device.",
    "summary": "Managing your travel should be easy.  With the Amtrak app, it is.",
    "installs": "5,000,000+",
    "score": 3.3888888,
    "ratings": 41941,
    "price": 0,
    "currency": "EUR",
    "developer": "Amtrak",
    "developerEmail": "MobileTeam@amtrak.com",
    "developerWebsite": "http://www.amtrak.com/",
    "developerAddress": "1 Massachusetts Ave NW,\nWashington, DC 20001\n\n",
    "privacyPolicy": "http://www.amtrak.com/privacy-policy",
    "genre": "Travel & Local",
    "contentRating": "PEGI 3",
    "released": "Apr 9, 2019",
    "lastUpdatedOn": "Mar 30, 2025",
    "appId": "com.amtrak.rider",
    "permisions": {
        "Calendar": [
            "add or modify calendar events and send email to guests without owners' knowledge",
            "read calendar events plus confidential information"
        ],
        "Location": [
            "approximate location (network-based)",
            "precise location (GPS and network-based)"
        ],
        "Phone": [
            "directly call phone numbers"
        ],
        "Photos/Media/Files": [
            "modify or delete the contents of your USB storage",
            "read the contents of your USB storage"
        ],
        "Storage": [
            "modify or delete the contents of your USB storage",
            "read the contents of your USB storage"
        ],
        "Camera": [
            "take pictures and videos"
        ],
        "Other": [
            "control flashlight",
            "control vibration",
            "full network access",
            "pair with Bluetooth devices",
            "prevent device from sleeping",
            "run at startup",
            "view network connections"
        ],
        "Uncategorized": [
            "receive data from Internet"
        ]
    }
}