{
    "title": "Lime - #RideGreen",
    "description": "You have places to be and people to see. Get there easily and on time with an emissions-free Lime e-bike or e-scooter! \r\n\r\nSTART YOUR RIDE IN 3 STEPS\r\nStep 1\r\nDownload the app, create an account and accept our terms and conditions https://www.li.me/user-agreement\r\nPrivacy Notice \r\nhttps://www.li.me/legal/privacy-policy/ \r\n\r\nStep 2 \r\nFind a nearby Lime vehicle on the map (vehicle availability depends on your city and supply)\r\n\r\nStep 3\r\nUnlock your vehicle by scanning the QR code, entering the plate number, or by tapping a button on the app.\r\nRIDE RESPONSIBLY\r\nA safe community starts with riding responsibly. It’s important to remember the rules of the road before every ride. You should always:\r\n\r\n- Ride in bike lanes, never on sidewalks\r\n- Wear a helmet when you ride\r\n- Park clear of walkways, driveways and access ramps\r\n- Visit https://safety.li.me/ to learn more\r\n\r\n#RIDEGREEN\r\nLime is on a mission to build a future where transportation is shared, affordable and carbon-free.\r\n\r\n\r\nYou can read more about Lime’s products and services, including how we calculate our prices in our terms and conditions https://www.li.me/user-agreement.",
    "summary": "Replace your car trips with the world’s largest shared electric vehicle company.",
    "installs": "10,000,000+",
    "score": 4.7175384,
    "ratings": 588254,
    "price": 0,
    "currency": "EUR",
    "developer": "Neutron Holdings, Inc.",
    "developerEmail": "support@li.me",
    "developerWebsite": "https://www.li.me/",
    "developerAddress": null,
    "privacyPolicy": "https://www.li.me/privacy/",
    "genre": "Travel & Local",
    "contentRating": "PEGI 3",
    "released": "Jul 28, 2017",
    "lastUpdatedOn": "May 5, 2025",
    "appId": "com.limebike",
    "permisions": {
        "Contacts": [
            "read your contacts"
        ],
        "Location": [
            "approximate location (network-based)",
            "precise location (GPS and network-based)"
        ],
        "Phone": [
            "read phone status and identity"
        ],
        "Photos/Media/Files": [
            "modify or delete the contents of your USB storage",
            "read the contents of your USB storage"
        ],
        "Storage": [
            "modify or delete the contents of your USB storage",
            "read the contents of your USB storage"
        ],
        "Camera": [
            "take pictures and videos"
        ],
        "Device ID & call information": [
            "read phone status and identity"
        ],
        "Other": [
            "access Bluetooth settings",
            "control Near Field Communication",
            "control flashlight",
            "control vibration",
            "full network access",
            "pair with Bluetooth devices",
            "prevent device from sleeping",
            "reorder running apps",
            "run at startup",
            "view network connections"
        ],
        "Uncategorized": [
            "receive data from Internet"
        ]
    }
}