{
    "title": "Xiaomi M365 Pro Scooter Advice",
    "description": "Welcome to the guide app for Xiaomi M365 Pro Scooter. Some information about Xiaomi M365 Pro Scooter will be explained in this application such as:\r\n- Specifications\r\n- Features\r\n- Product Overview\r\n- How to Assembly and Set-Up\r\n- How To Use\r\n\r\nDISCLAIMER:\r\n\r\nAll images in this app are available in public domains. This App is not app product official. The information we provide is from various reliable sources and is available on many websites.\r\nThis is just app that provide information about Xiaomi M365 Pro Scooter.",
    "summary": "Learn all about Xiaomi M365 Pro Scooter with this app",
    "installs": "10,000+",
    "score": 0,
    "ratings": 0,
    "price": 0,
    "currency": "EUR",
    "developer": "Rosamodza",
    "developerEmail": "rosamoddapp@gmail.com",
    "developerWebsite": "https://rosamodd.blogspot.com",
    "developerAddress": null,
    "privacyPolicy": "https://rosamodd.blogspot.com/2024/06/privacy-policy.html",
    "genre": "Tools",
    "contentRating": "PEGI 3",
    "released": "Jun 13, 2024",
    "lastUpdatedOn": "Jun 19, 2024",
    "appId": "com.rosamodza.xiaomim365proscooteradvice",
    "permisions": {
        "Other": [
            "full network access",
            "prevent device from sleeping",
            "read Google service configuration",
            "view network connections"
        ]
    }
}