{
    "title": "Multi-Stop Route Planner",
    "description": "Maximize Efficiency with Multi-Stop Route Planner: Your Ultimate Route Optimization Solution\r\n\r\nTired of wasting countless hours planning complex delivery routes? Introducing Multi-Stop Route Planner, the revolutionary app that automates the process and saves you precious time.\r\n\r\nWith our state-of-the-art route optimization algorithm, you can effortlessly create the quickest and most efficient routes for up to 500 stops. Our app seamlessly integrates with your existing workflow, allowing you to import addresses from Excel or CSV files for batch geocoding.\r\n\r\nKey Features:\r\n\r\n* Optimize Routes in Seconds: Plan optimal routes in a matter of seconds, saving you hours of manual work.\r\n* Up to 500 Stops: Handle even the most complex delivery schedules with our support for up to 500 stops.\r\n* Priority Management: Set priorities for stops to ensure urgent deliveries are handled first.\r\n* Time Window Support: Specify time windows for each stop to avoid delays and optimize your schedule.\r\n* Visit Time Control: Set visit times to ensure you arrive at each location at the optimal time.\r\n* Drag-and-Drop Functionality: Easily adjust your route by dragging and dropping markers on the map.\r\n* Unlimited Maps and Route Optimization: Plan unlimited routes and optimize them daily without any restrictions.\r\n* ETA Notifications: Send estimated arrival times to your clients, keeping them informed and satisfied.\r\n* Service Time Management: Set delivery time windows for each stop to ensure efficient delivery.\r\n* Visit Time Tracking: Easily check visit times to stay on schedule and avoid delays.\r\n* Route Finder with Driving Directions: Get detailed driving directions between multiple locations.\r\n* Free Plan for Up to 10 Stops: Try our app risk-free with our free plan for up to 10 stops.\r\n* GPS Location Tracking: Use GPS to pinpoint your exact location and optimize routes accordingly.\r\n* PDF Reports: Generate detailed PDF reports of your routes for easy record-keeping and sharing.\r\n* Realtime Traffic Updates: Stay informed about traffic conditions and adjust your routes accordingly.\r\n\r\nWhether you're a delivery driver, field technician, or anyone who needs to plan efficient multi-stop routes, Multi-Stop Route Planner is the perfect solution. Download now and revolutionize your route optimization process!",
    "summary": "Optimize routes, save time, maximize efficiency.",
    "installs": "500,000+",
    "score": 4.46,
    "ratings": 15061,
    "price": 0,
    "currency": "EUR",
    "developer": "MapoScope - Delivery Route Optimization Experts",
    "developerEmail": "support@maposcope.com",
    "developerWebsite": "https://maposcope.com/",
    "developerAddress": "44-230 Belk, Glowna 134, Poland",
    "privacyPolicy": "https://maposcope.com/privacy-policy/",
    "genre": "Maps & Navigation",
    "contentRating": "PEGI 3",
    "released": "Nov 21, 2013",
    "lastUpdatedOn": "Apr 25, 2025",
    "appId": "com.mapamai.maps.batchgeocode",
    "permisions": {
        "Location": [
            "approximate location (network-based)",
            "precise location (GPS and network-based)"
        ],
        "Photos/Media/Files": [
            "modify or delete the contents of your USB storage",
            "read the contents of your USB storage"
        ],
        "Storage": [
            "modify or delete the contents of your USB storage",
            "read the contents of your USB storage"
        ],
        "Camera": [
            "take pictures and videos"
        ],
        "Wi-Fi connection information": [
            "view Wi-Fi connections"
        ],
        "Other": [
            "Google Play license check",
            "draw over other apps",
            "full network access",
            "prevent device from sleeping",
            "read Google service configuration",
            "run at startup",
            "view network connections"
        ],
        "Uncategorized": [
            "receive data from Internet"
        ]
    }
}