{
    "title": "Car Hub",
    "description": "Car Hub is the all-in-one solution for car owners, enthusiasts, and buyers. Whether you’re looking for the nearest mechanic, spare parts supplier, car services, accessories, or up-to-date car prices, Car Hub has you covered. With a sleek, easy-to-use interface and customizable design, it’s never been easier to manage your car needs. Available in both English and Arabic, Car Hub provides localized content for a seamless experience, no matter where you are.\r\n\r\nKey Features:\r\n1. Find the Nearest Mechanics and Services\r\nEasily locate nearby mechanics, car service centers, and auto repair shops.\r\nGet directions and contact information to make your car servicing as convenient as possible.\r\n2. Discover Spare Parts and Car Accessories\r\nSearch for nearby suppliers offering a wide range of spare parts for your vehicle.\r\nFind car accessories and enhancements to personalize your ride and keep it in top shape.\r\n3. Explore Car Prices and Models\r\nStay updated with the latest car prices for various brands and models.\r\nAccess detailed information about car brands, from luxury cars like Lamborghini and Rolls Royce to everyday brands like Toyota, Ford, and Honda.\r\n4. Save Your Favorite Car Brands\r\nMark your favorite car brands for easy access.\r\nQuickly navigate to their services and keep track of the brands you love.\r\n5. Customizable Interface\r\nPersonalize the app by choosing your favorite colors for the app bar, background, navigation bar, and more.\r\nCreate a look that suits your style while keeping the functionality you need.\r\n6. Powerful Search Feature\r\nQuickly search for car brands, services, or spare parts with an intuitive search bar.\r\nThe app automatically adjusts its search results based on the language you're using, whether in English or Arabic.\r\n7. Favorites Management\r\nKeep a list of your favorite car brands and access them with a single tap.\r\nClear or manage your favorites anytime through the Favorites section.\r\n8. Localized for English and Arabic Speakers\r\nCar Hub is fully localized in both English and Arabic, making it easy to use for a wide range of users.\r\nCar brand names, service descriptions, and app functions are available in your preferred language.\r\n9. Convenient Navigation\r\nNavigate easily between the home screen, settings, and car brand services with a simple, user-friendly bottom navigation bar.\r\nCustomize the look and feel of the navigation bar to match your personal style.\r\nCar Hub هو الحل الشامل لمالكي السيارات وعشاق السيارات والمشترين. سواء كنت تبحث عن أقرب ميكانيكي، أو مورّد قطع غيار، أو خدمات صيانة السيارات، أو إكسسوارات، أو أحدث أسعار السيارات، فإن Car Hub يوفر لك كل ما تحتاجه. مع واجهة مستخدم أنيقة وسهلة الاستخدام وتصميم قابل للتخصيص، أصبحت إدارة احتياجات سيارتك أسهل من أي وقت مضى. يتوفر التطبيق باللغتين العربية والإنجليزية، مما يوفر لك محتوى محليًا لتجربة سلسة أينما كنت.\r\n\r\nالمزايا الرئيسية:\r\n1. ابحث عن أقرب ميكانيكي وخدمات السيارات\r\nابحث بسهولة عن أقرب الميكانيكيين، مراكز صيانة السيارات، وورشات التصليح.\r\nاحصل على الاتجاهات ومعلومات الاتصال لجعل صيانة سيارتك مريحة قدر الإمكان.\r\n2. اكتشف مورّدي قطع الغيار وإكسسوارات السيارات\r\nابحث عن مورّدي قطع الغيار القريبين الذين يقدمون مجموعة واسعة من قطع الغيار لسيارتك.\r\nاعثر على إكسسوارات السيارات لتحسين مظهر سيارتك والحفاظ عليها في أفضل حال.\r\n3. استكشاف أسعار السيارات والموديلات\r\nابقَ على اطلاع بأحدث أسعار السيارات لمختلف العلامات التجارية والموديلات.\r\nاحصل على معلومات تفصيلية حول العلامات التجارية للسيارات، من السيارات الفاخرة مثل لامبورغيني ورولز رويس إلى العلامات الشهيرة مثل تويوتا، فورد، وهوندا.\r\n4. احفظ العلامات التجارية المفضلة لديك\r\nقم بوضع علامة على العلامات التجارية المفضلة لديك للوصول السريع إليها.\r\nتنقل بسرعة إلى خدماتها وتابع العلامات التي تحبها.\r\n5. واجهة قابلة للتخصيص\r\nخصص التطبيق باختيار ألوانك المفضلة لشريط التطبيق، الخلفية، شريط التنقل، وأكثر.\r\nأنشئ مظهرًا يناسب أسلوبك الشخصي مع الحفاظ على الوظائف التي تحتاجها.",
    "summary": "find nearby mechanics, spare parts suppliers, car services, and accessories.",
    "installs": "50+",
    "score": null,
    "ratings": null,
    "price": 0,
    "currency": "EUR",
    "developer": "The Hub QA",
    "developerEmail": "carhub.qa@gmail.com",
    "developerWebsite": "https://o1de2223a.app-ads-txt.com",
    "developerAddress": null,
    "privacyPolicy": "https://carhub-qa.blogspot.com/2024/10/privacy-policy.html",
    "genre": "Auto & Vehicles",
    "contentRating": "PEGI 18",
    "released": "Jan 9, 2025",
    "lastUpdatedOn": "Jan 11, 2025",
    "appId": "com.curhub.car_hub1",
    "permisions": {
        "Location": [
            "approximate location (network-based)",
            "precise location (GPS and network-based)"
        ],
        "Phone": [
            "directly call phone numbers"
        ],
        "Other": [
            "control vibration",
            "full network access",
            "prevent device from sleeping",
            "view network connections"
        ]
    }
}