{
    "title": "GPS Navigator for Bus",
    "description": "-- NO INTERNET REQUIREMENT --\r\n\r\nNAVIGATION APP FOR BUSES NOW AVAILABLE FOR YOUR TABLET AND SMARTPHONE\r\n\r\nTry the application for free for 7 days\r\n\r\nNavionTruck Bus Navigation is a GPS navigation system for Tablet and Android Smartphone specially designed for Bus drivers. In it the measurements of the vehicle can be specified such as Height, Length, Weight, No. of Axles and No. of Trailers in order to avoid narrow lanes.\r\n\r\nThe GPS application enables storing maps in the device or when acquiring the license, the maps become available in the cloud so they can be downloaded the moment they are needed, in this way they won´t occupy space in your device.\r\n\r\nYou can carry out searches of places when creating a route or find the way amidst thousands of points of interest that are specific for campers or roulottes such as: camping sites, specific parking zones, beaches, restaurants… \r\n\r\nINFORMATION FOR BUSES\r\n\r\n· Measurement configuration.\r\n· Indicator signs for streets and roads with restrictions.\r\n· Alternative routes in route creation: Fast routes, short routes and these two combined.\r\n· Option for avoiding toll-gates and specific roads.\r\n· Lane assistant, 3D Map.\r\n· Search system that uses address, zip code, contact, signalling a point in the map, search of point of interest, coordinates.\r\n· Speed limit of the road with an option for personalised speed warning. \r\n· Live traffic conditions signalled on the road with traffic conditions (OPTIONAL). With this option the route can be created depending on traffic incidents: Accidents, Jams, Road works…\r\n· Points of interest for Buses including specific petrol stations, parking zones, cultural sites, beaches…\r\n· Location of speed radars with distance pre-warning of the spot where the radar is located.\r\n· Export and import of favourites, routes, from your PC.\r\n\r\nOTHER OPTIONS\r\n\r\n· Chat service between friends and work colleagues that have our APP.\r\n· Weather information in the area\r\n· Exchange rate for currencies.\r\n\r\nWORKS WITHOUT 3G/4G COVERAGE\r\n\r\nThe navigation app does not need mobile data in order to navigate, maps are stored in the telephone or tablet.\r\n\r\nSTORE YOUR FAVORITES\r\n\r\nThe navigation app enables you to save your favorites and be able to export them, in the same way if you have stored favorites already, you can upload them to the app easily.\r\n\r\nMAPS OF THE WORLD\r\n\r\nHigh quality OSM maps of 196 countries in all the Continents in 21 languages and voice guides in 26 languages.\r\n\r\nPERSONALIZED TECHNICAL SUPPORT\r\n\r\nNeed more information? Visit our web page web http://store.naviontruck.com.\r\n\r\nAccess your account in our web page http.//store.naviontruck.com, go to technical services and solve your questions.\r\n\r\nIf you have any doubts or comments, send them to us at support@naviontruck.com, we will be happy to help you.\r\n\r\nFREQUENT QUESTIONS\r\n\r\nAccess http://store.naviontruck.com and consult our FAQ about our GPS navigation system.\r\n\r\nWhen you acquire a map license, you will receive FREE UPDATES FOR LIFE and CUSTOMISED TECHNICAL SUPPORT.\r\n\r\nIMPORTANT NOTE\r\n\r\nWe use high quality maps by OSM, which are quite possibly the most precise offline maps.\r\n\r\nAt some points it is posible that the maps are not totally precise, for this reason we work on a daily basis in order to update all the roads and streets, unfortunately there can always be a chance that there is an error on the road, thus we recommend that you study the route prior to starting the trip.\r\n\r\nTry the application for free for 7 days",
    "summary": "Professional GPS Navigation Application specific for Bus",
    "installs": "10,000+",
    "score": 3.3333333,
    "ratings": 91,
    "price": 0,
    "currency": "EUR",
    "developer": "NavionTruck™",
    "developerEmail": "support@naviontruck.com",
    "developerWebsite": "http://store.naviontruck.com",
    "developerAddress": "Roquetas de mar\nAlmería, España",
    "privacyPolicy": "https://store.naviontruck.com/content/24-privacy-policy",
    "genre": "Maps & Navigation",
    "contentRating": "PEGI 3",
    "released": "Aug 13, 2019",
    "lastUpdatedOn": "Jul 12, 2022",
    "appId": "com.navion.navigator.bus",
    "permisions": {
        "Location": [
            "access extra location provider commands",
            "approximate location (network-based)",
            "precise location (GPS and network-based)"
        ],
        "Phone": [
            "read phone status and identity"
        ],
        "Photos/Media/Files": [
            "modify or delete the contents of your USB storage",
            "read the contents of your USB storage"
        ],
        "Storage": [
            "modify or delete the contents of your USB storage",
            "read the contents of your USB storage"
        ],
        "Wi-Fi connection information": [
            "view Wi-Fi connections"
        ],
        "Device ID & call information": [
            "read phone status and identity"
        ],
        "Other": [
            "change your audio settings",
            "full network access",
            "pair with Bluetooth devices",
            "prevent device from sleeping",
            "send sticky broadcast",
            "view network connections"
        ],
        "Uncategorized": [
            "receive data from Internet"
        ]
    }
}