{
    "title": "DOT Tickets",
    "description": "DOT Tickets app is developed and owned by Din Offentlige Transport (DOT). DOT is a partnership between the traffic companies DSB, Movia and Metroselskabet to help create a better and more cohesive public transport system on Zealand, Lolland, Falster and Møn.\r\nDOT Tickets app makes it easy to buy tickets and monthly passes for journeys on Zealand, Lolland, Falster and Møn. \r\nYou can purchase tickets by entering your place of departure and arrival, either in the form of a stop, address, or place. You can also pick the zones you wish to travel from and to on the map. The 2-8 zones fast purchase is relevant for you, if you know how many zones you need from where you are. You can use that feature, if you give the app your permission to localization (GPS) so that the app can determine your start zone. Giving your permission to localization, which is voluntary, can also help you determine your location on the map versus your ticket’s validity area.\r\nMonthly passes can be purchased by entering your place of departure and arrival. You can also pick the zones manually on the map if you travel between 2 and 8 zones.\r\nYou can purchase these tickets in DOT Tickets app:\r\n• Zone tickets for 2-8 zones\r\n• Tickets for 9+ zones between a departure and arrival zone\r\n• Commuter cards with Metro and DSB 1’ Regional Train as an optional add-on\r\n• Commute20 with Metro and DSB 1’ Regional Train as an optional add-on\r\n• Bicycle Metro\r\n• Supplementary Ticket for Commuter Card (1 zone)\r\n• DSB 1’ Regional Train supplementary ticket\r\n• City Pass Small for zones 1-4 (24, 48, 72, 96 or 120 hours)\r\n• City Pass Large for zones 1-99 (24, 48, 72, 96 or 120 hours)\r\n• City Pass X-Large for zones 1-299 (24 hours)\r\n• City Pass West for zones 101-199 (24 hours)\r\n• City Pass South for zones 201-299 (24 hours)\r\n• Event ticket Small for zones 1-4 (12 hours) and Event ticket Large for zones 1-99 (12 hours), available for limited periods in connection with events\r\n• 12-hour ticket East, West and South for free traveling on Saturdays and Sundays for a limited period (December 2023 – February 2024)\r\n\r\nThese monthly passes can be purchased in other sales channels, but are displayed in DOT Tickets app:\r\n\r\n• Youth Card\r\n• Employee Travel Pass\r\n• Company travel Pass\r\n\r\n\r\nPayment in DOT Tickets app\r\nYou can pay with MobilePay or payment cards in DOT Tickets app. You can save your payment card details and access them via Touch ID, Face ID or a PIN code of your choice. In that way, you do not have to enter all card details every time you make a purchase.\r\n\r\nYour payment card details are stored with Billwerk+.\r\n\r\nThe following payment cards are accepted:\r\n\r\n• Visa/Dankort\r\n• MasterCard\r\n• Visa\r\n• Visa Electron\r\n• Maestro\r\n\r\n\r\nNOTE:\r\nRemember to buy your ticket before you start your journey.\r\n\r\nDeparture boards\r\n\r\nYou can create personal departure boards for your preferred transportation for all stations and stops on Zealand, Lolland, Falster and Møn filtered by the lines you want to follow.\r\n\r\nOn your departure board, you can see if there are delays or cancellations\t.\r\n\r\nWhen you create a departure board, you can get notifications about planned changes and you can add the board as a widget on your smartphone’s home screen, so you always have it close at hand.\r\n\r\nIf you experience errors when using DOT Ticket app, please contact:\r\nDOT Customer Service\r\nTel. +45 70 15 70 00",
    "summary": "Purchase tickets for journeys by bus, train and metro on Zealand and islands.",
    "installs": "1,000,000+",
    "score": 3.2531645,
    "ratings": 7637,
    "price": 0,
    "currency": "EUR",
    "developer": "Din Offentlige Transport - DOT",
    "developerEmail": "DOTapp@dinoffentligetransport.dk",
    "developerWebsite": "https://dinoffentligetransport.dk/kontakt",
    "developerAddress": null,
    "privacyPolicy": "https://dinoffentligetransport.dk/en/privacy-policies/privacy-policy-for-dot-tickets-app",
    "genre": "Travel & Local",
    "contentRating": "PEGI 3",
    "released": "Feb 22, 2013",
    "lastUpdatedOn": "Apr 28, 2025",
    "appId": "com.cellpointmobile.mticket.travelcard.dsb",
    "permisions": {
        "Identity": [
            "find accounts on the device"
        ],
        "Contacts": [
            "find accounts on the device"
        ],
        "Location": [
            "approximate location (network-based)",
            "precise location (GPS and network-based)"
        ],
        "Photos/Media/Files": [
            "modify or delete the contents of your USB storage",
            "read the contents of your USB storage"
        ],
        "Storage": [
            "modify or delete the contents of your USB storage",
            "read the contents of your USB storage"
        ],
        "Other": [
            "control vibration",
            "full network access",
            "prevent device from sleeping",
            "run at startup",
            "view network connections"
        ],
        "Uncategorized": [
            "receive data from Internet"
        ]
    }
}