{
    "title": "Cabify",
    "description": "<b>Whether you want to move around the city in a cab, order private car rides or send your things from one area of the city to the other, Cabify is your transportation and mobility app. </b> And without giving up the most important thing: the safety and quality of your trips.\r\n\r\n<h2>Cabify, the safe transportation option for your trips. Reach your destination in a premium cab or private car.</h2>\r\n<b>How does it work?</b>\r\n\r\n1. Reserve or request your car or taxi ride. Indicate where you are located and select your destination, as well as the type of transportation you want to use: Cabify, cab or delivery.\r\n\r\n2. Confirm your request to order a trip and that's it! We will provide you with the details of the car or taxi and the driver, either for a trip or for a delivery.\r\n\r\n3. Get to know the estimated price before traveling. We will tell you how much you will pay for your car or cab ride. In addition, you can select the payment method that you prefer: debit card, credit card or cash.\r\n\r\n4. Share your journey. Send the details of your trip to family and friends so that they know where you are at all times and make you feel even safer.\r\n\r\nIn addition, you will always move with maximum safety measures. All users - drivers and passengers - must travel with face masks, the cars and cabs are cleaned and ventilated frequently and have a divider panel.\r\n\r\n<b>What are the advantages of traveling with Cabify?</b>\r\n\r\n🚘 The safety of your trips is our priority. All trips are geolocated and can be shared immediately with any family member or friend. They will be able to see which taxi or car you are in, which driver you are with, and even where you are in your trip.\r\n\r\n🚘 Easy to use. You will be faster than Usain Bolt ordering a cab ride or making a delivery.\r\n\r\n🚘 Delivery. We don't just move you, we move your stuff too. Our drivers will take what you want from one place to another in their cars or motorcycles.\r\n\r\n🚘 More options for you. Because we know you don't always travel the same way, we have free cars and cabs for every occasion. Cabify for your day-to-day trips, Taxi to get there as soon as possible, or Delivery to receive what you want.\r\n\r\n🚘 Carbon neutral trips. We offset all the CO2 emissions generated by your trips with Cabify. Choose a transportation option that thinks about the environment!\r\n\r\n🚘 The best drivers. At Cabify we have the most selective criteria accepting car or cab drivers.\r\n\r\n🚘 No surprises. We show the price before you request a trip. This way you can travel with the peace of mind of knowing how much you are going to pay.\r\n\r\n🚘 100% customization. You decide how to move. Choose from the payment method that best suits you to what beat you want to play on your radio.\r\n\r\n🚘 For everyone. Cabify's app is accessible for people with sight impairments, and we have accessibility settings for people with disability.\r\n\r\n<b>Where is Cabify available?</b>\r\n\r\nCabify is now available in 8 countries so you can get around by car or cab. Order your taxi driver in cities like Bogota, Lima, Madrid or Buenos Aires and start enjoying more transportation options with the leading taxi app: car rides, motorcycle deliveries, airport cabs, and more. Get to know all the services available in each city at cabify.com.\r\n\r\n<b>In Cabify we improve every day by integrating new apps and services like Easy Taxi & Easy Tappsi, so you can move wherever you want freely and safely</b>\r\n\r\n<b>Want to use Cabify for drivers and become a taxi driver?</b>\r\n\r\nIf you're passionate about helping others discover your city, download Cabify Driver.\r\n\r\n<b>Looking for corporate transportation for your company?</b>\r\n\r\nOffer the best transportation app to your employees. Open a corporate account to have a large fleet of cars and cabs available for your company's trips and deliveries. In addition, our management platform will allow you to have greater control of expenses.\r\n\r\n<b>Download Cabify, your car or taxi transportation app and move or send whatever you want around your city.</b>",
    "summary": "Ride with confidence using the leading transport app in safety",
    "installs": "10,000,000+",
    "score": 3.32,
    "ratings": 275657,
    "price": 0,
    "currency": "EUR",
    "developer": "Cabify Technology",
    "developerEmail": "info@cabify.com",
    "developerWebsite": "https://cabify.com",
    "developerAddress": null,
    "privacyPolicy": "https://cabify.com/es/privacy",
    "genre": "Maps & Navigation",
    "contentRating": "PEGI 3",
    "released": "Nov 14, 2011",
    "lastUpdatedOn": "May 6, 2025",
    "appId": "com.cabify.rider",
    "permisions": {
        "Contacts": [
            "read your contacts"
        ],
        "Location": [
            "approximate location (network-based)",
            "precise location (GPS and network-based)"
        ],
        "Photos/Media/Files": [
            "modify or delete the contents of your USB storage",
            "read the contents of your USB storage"
        ],
        "Storage": [
            "modify or delete the contents of your USB storage",
            "read the contents of your USB storage"
        ],
        "Camera": [
            "take pictures and videos"
        ],
        "Wi-Fi connection information": [
            "view Wi-Fi connections"
        ],
        "Other": [
            "change network connectivity",
            "connect and disconnect from Wi-Fi",
            "control vibration",
            "full network access",
            "prevent device from sleeping",
            "read Google service configuration",
            "run at startup",
            "view network connections"
        ],
        "Uncategorized": [
            "download files without notification",
            "receive data from Internet"
        ]
    }
}