{
    "title": "BikeInfo- RTO Vehicle Info App",
    "description": "Bikeinfo is your all-in-one app for all your <b>vehicle info</b>needs and <b>RTO vehicle information</b>. Now manage all your vehicles in one place. Bike/Car number trace with owner name. Find rto vehicle information app with address.\r\n \r\n⭐️ <b>Owner and RTO challan details</b>\r\n⭐️ <b>RTO e-challan Check</b>\r\n⭐️ <b>Car/Bike Insurance</b>expiry and renewals\r\n⭐️ <b>Vahan Registration Details</b>\r\n⭐️ Check the resale value and <h1><b>sell your vehicle</b>\r\n⭐️ Find new and used vehicles\r\n⭐️ Get best deals on car/bike service and repair\r\n⭐️ Digital document manager\r\n \r\n🔎 <b>Vehicle owner details, license and RTO challan details</b>\r\nFind complete RTO vehicle information or Indian vehicle details RTO app of any parked, accidental, or theft vehicle by just entering the vehicle registration number. You can get information on ownership, pending traffic e challans, rc , vehicle type, make, model, insurance, fitness, pollution, black list status, financier (hypothecation) details etc.\r\n \r\n☂️ <b>Insurance renewals</b>\r\nBuy insurance at the cheapest price and zero commission (powered by Acko)! Set reminders on the expiry for your bike insurance checking rto app so you never have to pay fines again drive without cover\r\n \r\n🧼 <b>Doorstep bike/car service</b>\r\nA well-maintained car not only gives you a continued comfort but also has a higher resale value. You can avail best offers from GoMechanic on car detailing and servicing delivered at the doorstep.\r\n \r\n💰 <b>Get the best price for your car or bike</b>\r\nFind the fair value of your used car or bike using our resale value calculator and schedule a free home inspection from Spinny, CarDekho or Cars24. Sell your vehicle with hassle-free paperwork and instant payment.\r\n \r\n🏎 <b>Find your next vehicle RTO details</b>\r\nUse the Bikeinfo & Carinfo app to get accurate and up-to-date on-road prices of new bikes and cars and bikes in your city. We also partner with various platforms like Cars24, Spinny, CarDekho etc to bring you attractive prices for buying used cars and bikes.\r\n \r\n🚧 <b>Buy FASTag and 24x7 roadside assistance</b>\r\nBuy FASTag and save 1% on every fuel recharge powered by IDFCFirst Bank.\r\n \r\n📑 <b>Upload and manage your vehicle documents</b>\r\nThe document manager is a protected digital archive of your personal documents including insurance, RC, pollution, service, traffic challan, and receipts. Take a photo of paper files or upload digital files, and always have them handy in Bikeinfo for maximum convenience.\r\n \r\n🗞 <b>News and stories</b>\r\nGet the latest stories around new vehicle launches, tips to maintain, RTO regulations, and more automobile industry news\r\n \r\n⚙️ <b>Other useful features</b>\r\n•       \tSet alerts for insurance and pollution expiry\r\n•       \tGet real-time fuel prices for 400+ cities across India\r\n•       \tCheck purchase history and vehicle transfer status\r\n•       \tQuick find nearby mechanics, fuel pumps, and charging stations\r\n \r\n<i>Common mis-spellings: car info, mh04, arto, gadi number, rto info<i>\r\n \r\n🔎 <b>Know your vehicle details | Get vahan information | Parivahan vehicle details | vahan registration details</b>\r\n \r\nVehicle owner info gives you helpful data about vehicles that could come in handy during road accidents and rash driving cases, before purchasing a second-hand vehicle. Vehicle details can also be important if you lost your documents related to the vehicle/vahan master. You can find the RTO vehicle details of any vehicle car/bike online using this portal. Vehicle registration details, Vahan owner information, Vahan rto information can be fetched for any state in India i.e. Maharashtra, Delhi, Karnataka, Rajasthan, Gujarat, etc.\r\n \r\nDisclaimer :\r\nThis App does not have any association with any state RTO. All vehicle details shown in the app are publicly available on the Parivahan website (https://parivahan.gov.in/parivahan/). We are only acting as an intermediary to make this information easily available to the users through the mobile app.</i></i></h1>",
    "summary": "Find vehicle owner details, rto challan , RC, RTO vehicle information and more",
    "installs": "1,000,000+",
    "score": null,
    "ratings": null,
    "price": 0,
    "currency": "EUR",
    "developer": "CarInfo - Challans| FASTag | Buy & Sell Cars",
    "developerEmail": "velocitypediaapps@gmail.com",
    "developerWebsite": "https://www.velocitypedia.com",
    "developerAddress": "New Delhi, India",
    "privacyPolicy": "https://www.carinfo.app/privacy-policy-bikeinfo/",
    "genre": "Auto & Vehicles",
    "contentRating": "PEGI 3",
    "released": "Jun 16, 2022",
    "lastUpdatedOn": "Apr 8, 2025",
    "appId": "com.cuvora.carinfo.rto.bikeinfo",
    "permisions": {
        "Location": [
            "approximate location (network-based)",
            "precise location (GPS and network-based)"
        ],
        "Phone": [
            "read phone status and identity"
        ],
        "Photos/Media/Files": [
            "modify or delete the contents of your USB storage",
            "read the contents of your USB storage"
        ],
        "Storage": [
            "modify or delete the contents of your USB storage",
            "read the contents of your USB storage"
        ],
        "Camera": [
            "take pictures and videos"
        ],
        "Microphone": [
            "record audio"
        ],
        "Wi-Fi connection information": [
            "view Wi-Fi connections"
        ],
        "Device ID & call information": [
            "read phone status and identity"
        ],
        "Other": [
            "access Bluetooth settings",
            "connect and disconnect from Wi-Fi",
            "control vibration",
            "full network access",
            "pair with Bluetooth devices",
            "prevent device from sleeping",
            "read Google service configuration",
            "run at startup",
            "view network connections"
        ],
        "Uncategorized": [
            "receive data from Internet"
        ]
    }
}