{
    "title": "Transit • Subway & Bus Times",
    "description": "Transit is your real-time urban travel companion. Open the app to instantly see accurate next departure times, track buses and trains near you on the map, and see upcoming transit schedules. Use the trip planner to quickly compare trips - including options like bus and bike, or metro and subway. Get alerted about service disruptions and delays for your favorite lines, and save frequently used locations for trip directions in a tap. \r\n\r\nHERE’S WHAT THEY’RE SAYING\r\n\"Gives you the best route to where you want to go\" - New York Times\r\n“You won't realize how much time you can save planning until you use this app” - LA Times\r\n“Killer app” - Wall Street Journal\r\n\"MBTA has a favorite transit app — and it's called Transit\" - Boston Globe\r\n“A one-stop-shop” - Washington Post\r\n\r\n 6 GREAT THINGS ABOUT TRANSIT:\r\n\r\n1) The best real-time data. \r\nThe app uses the best transit agency data sources like MTA Bus Time, MTA Train Time, NJ Transit MyBus, SF MUNI Next Bus, CTA Bus Tracker, WMATA Next Arrivals, SEPTA Real-Time and many more. We combine that data with our fancy ETA prediction engine so that you get the most accurate real-time info possible for all transit modes -  including buses, subways, trains, streetcars, metros, ferries, ridehail and more. Prefer to travel on two wheels? With GPS, you can see live bikeshare and scooter locations right on the map. \r\n\r\n2) Travel offline\r\nBus schedules, stop locations, subway maps and even our trip planner are available offline.\r\n\r\n3) Powerful trip planning\r\nSee fast and easy trips combining buses, subways and trains – the app even suggests routes that combine multiple options in one trip like bus + bike or scooter + metro. You’ll find great trip plans that you never even considered! Don’t like to walk a lot or use a certain mode or transit agency? Personalize your travel in the settings.  \r\n\r\n4) GO: our step-by-step navigator*\r\nReceive departure alarms to catch your bus or train, and get alerted when it’s time to get off or transfer. When using GO, you’ll also crowdsource more accurate info and real-time ETAs for other passengers– and rack up points and thank yous for being the most helpful rider on your line.  \r\n\r\n5) User Reports\r\nSee what other riders have to say! With millions of users contributing, you’ll get helpful info on crowding levels, on-time performance, the closest subway exits, and more.\r\n\r\n6) Easy Payments\r\nPay your transit fare and buy bikeshare passes directly in the app in over 75 cities. \r\n\r\n300+ CITIES INCLUDING:\r\n\r\nAtlanta, Austin, Baltimore, Boston, Buffalo, Charlotte, Chicago, Cincinnati, Cleveland, Columbus, Dallas, Denver, Detroit, Hartford, Honolulu, Houston, Kansas City, Las Vegas, Los Angeles, Louisville, Madison, Miami, Milwaukee, Minneapolis, Nashville, New Orleans, New York City, Orlando, Philadelphia, Phoenix, Pittsburgh, Providence, Portland, Sacramento, Salt Lake City, San Antonio, San Diego, San Francisco, St. Louis, Tampa, Washington D.C.\r\n\r\n1000+ PUBLIC TRANSIT AGENCIES INCLUDING:\r\n\r\nAC Transit, Atlanta Streetcar (MARTA), Bee-Line, Big Blue Bus, Caltrain, Cap Metro, CATS, CDTA, CTA, CT Transit, DART, DC Metro (WMATA), DDOT, GCRTA, HART, Houston Metro, KCATA, King County Metro Transit, LA DOT, LA Metro, LBT, LIRR, Lynx, MCTS, MDOT MTA, Metra, Metrolink, MetroNorth, Miami Dade Transit, MTA BUS, NCTD, New Jersey Transit (NJT), NFTA, NICE, NYC MTA Subway, OCTA, PACE, Pittsburgh Regional Transit (PRT), Ride-On, RTD, SEPTA, SF BART, SF Muni, Sound Transit, SORTA (Metro), St. Louis Metro, TANK, TheBus, Tri-Met, UTA, Valley Metro, VIA\r\n\r\nSEE ALL SUPPORTED CITIES & COUNTRIES: TRANSITAPP.COM/REGION\r\n\r\n--\r\nQuestions or feedback? Browse our help pages: help.transitapp.com, email us: info@transitapp.com, or find us on X: @transitapp",
    "summary": "Navigate MTA, NJ Transit, MBTA, SEPTA, BART, MARTA, CTA & 300+ cities",
    "installs": "10,000,000+",
    "score": 4.5548134,
    "ratings": 286459,
    "price": 0,
    "currency": "EUR",
    "developer": "Transit, Inc.",
    "developerEmail": "info@transitapp.com",
    "developerWebsite": "https://transitapp.com?utm_source=googleplay&utm_medium=store",
    "developerAddress": "5333 Casgrain, Suite 803\nMontreal, H2T 1X3\nQc, Canada",
    "privacyPolicy": "https://transit.app/privacy",
    "genre": "Maps & Navigation",
    "contentRating": "PEGI 3",
    "released": "Jul 29, 2013",
    "lastUpdatedOn": "May 2, 2025",
    "appId": "com.thetransitapp.droid",
    "permisions": {
        "Identity": [
            "find accounts on the device"
        ],
        "Calendar": [
            "read calendar events plus confidential information"
        ],
        "Contacts": [
            "find accounts on the device",
            "read your contacts"
        ],
        "Location": [
            "approximate location (network-based)",
            "precise location (GPS and network-based)"
        ],
        "Photos/Media/Files": [
            "modify or delete the contents of your USB storage",
            "read the contents of your USB storage"
        ],
        "Storage": [
            "modify or delete the contents of your USB storage",
            "read the contents of your USB storage"
        ],
        "Camera": [
            "take pictures and videos"
        ],
        "Microphone": [
            "record audio"
        ],
        "Other": [
            "change your audio settings",
            "control Near Field Communication",
            "control vibration",
            "draw over other apps",
            "full network access",
            "pair with Bluetooth devices",
            "prevent device from sleeping",
            "read Google service configuration",
            "run at startup",
            "use accounts on the device",
            "view network connections"
        ],
        "Uncategorized": [
            "receive data from Internet"
        ]
    }
}