{
    "title": "Airbnb",
    "description": "THE FASTEST, EASIEST WAY TO AIRBNB\r\nFind inspiration, plan a trip with your group, book it, and go. You’ll always have access to important trip information. And you’ll never miss a beat with instant notifications about your travel plans and messages from your host.\r\n \r\nFIND AN AIRBNB FOR EVERY KIND OF TRIP\r\nExplore more than 7 million vacation homes in 220+ countries and regions. Use 100+ filtering options to select the amenities you want most. Whether you’re looking for a pool, a kitchen, or accessibility features like step-free entry, you can review every home’s details at a glance—and see what other guests who’ve stayed there think about it, too.\r\n \r\n PLANNING A GROUP TRIP IS EASIER THAN EVER \r\n You can now share your wishlists with others, inviting them to add homes, write notes, and vote on places to stay. Once you book a getaway, you can send your crew beautifully illustrated digital trip invitations. Everyone joining the trip will get all the reservation details including the address, wifi password, and check-in instructions. \r\n \r\n All YOUR TRIP INFO IN ONE PLACE\r\n It’s easy to keep track of your trip details when they’re all on the app. Quickly find or share your travel info with others, whenever you want to. You can also chat with your host and receive up-to-the-minute booking updates—making it easier to get there, get inside, and get connected to wifi. \r\n \r\n CHECKING IN IS A BREEZE\r\n Check-in times, special instructions, entry codes—it’s all at hand, even when you’re offline. Have questions or just want some expert recommendations on local things to do or places to go? Everyone on the trip can message with the host in one chat thread. \r\n \r\n BECOME A HOST YOURSELF \r\n Traveling a lot? Have extra space? You have an Airbnb. List your space in a few steps and get matched with an experienced Superhost in your area who can answer your questions and help you get started with hosting.",
    "summary": "The Airbnb app helps you find the right home for any kind of trip.",
    "installs": "100,000,000+",
    "score": 4.378912,
    "ratings": 1700497,
    "price": 0,
    "currency": "EUR",
    "developer": "Airbnb",
    "developerEmail": "m.feedback.android@airbnb.com",
    "developerWebsite": "https://www.airbnb.com/mobile",
    "developerAddress": null,
    "privacyPolicy": "https://www.airbnb.com/help/article/2855/",
    "genre": "Travel & Local",
    "contentRating": "PEGI 3",
    "released": "Jan 17, 2012",
    "lastUpdatedOn": "Apr 30, 2025",
    "appId": "com.airbnb.android",
    "permisions": {
        "Identity": [
            "find accounts on the device"
        ],
        "Contacts": [
            "find accounts on the device",
            "read your contacts"
        ],
        "Location": [
            "approximate location (network-based)",
            "precise location (GPS and network-based)"
        ],
        "Phone": [
            "directly call phone numbers",
            "read phone status and identity"
        ],
        "Photos/Media/Files": [
            "modify or delete the contents of your USB storage",
            "read the contents of your USB storage"
        ],
        "Storage": [
            "modify or delete the contents of your USB storage",
            "read the contents of your USB storage"
        ],
        "Camera": [
            "take pictures and videos"
        ],
        "Microphone": [
            "record audio"
        ],
        "Wi-Fi connection information": [
            "view Wi-Fi connections"
        ],
        "Device ID & call information": [
            "read phone status and identity"
        ],
        "Other": [
            "Google Play license check",
            "access Bluetooth settings",
            "change network connectivity",
            "change your audio settings",
            "connect and disconnect from Wi-Fi",
            "control vibration",
            "full network access",
            "pair with Bluetooth devices",
            "prevent device from sleeping",
            "read Google service configuration",
            "run at startup",
            "use accounts on the device",
            "view network connections"
        ],
        "Uncategorized": [
            "receive data from Internet"
        ]
    }
}