{
    "title": "Move With Us",
    "description": "Welcome to Move With Us, the movement for everybody.\r\n\r\nMove With Us is a female health and fitness app that provides you with the most effective home and gym workouts and customised meal guides to help you achieve your fitness goals. Whether you’re looking to lose body fat, build muscle, sculpt and shape, take your pilates to the next level or maintain your current physique - we’ve got something for you.\r\nThe Move With Us App is designed to help every woman reach her potential.\r\n\r\nWorkouts:\r\n- Train anywhere, anytime with access to home and gym workout options.\r\n- Guided on-demand Pilates classes with options ranging from Sculpt and Sweat to those much-needed wind-down, Rest and Recovery classes.\r\n- The option to choose from a 4, 5 or 6-day Training Split.\r\n- A fully customisable Workout Planner where you can adjust your training protocol to suit your needs.\r\n- Access our exclusive Workout Library with hundreds of additional Warm Ups, Target Workouts, Sculpting Circuits, No Equipment Workouts, 30 Min HIIT Workouts, Cardio Options, Finishers, Burnout Challenges and Cool Downs.\r\n- Regression, progression, no equipment and exercise swap options for all exercises.\r\n- Video demonstrations, exercise descriptions, explainer videos to help with form, a playable workout feature and timer, exercise swap options and so much more. Plus, you can track your weights, reps, sets, and performance!\r\n\r\nNutrition:\r\n- Receive calories and macros to your individual measurements and goals.\r\n- Access customised Meal Guide options, created for your goals and \r\npreferences.\r\n- Interactive nutrition features including:\r\nRecipe Swap - find new meals with similar calories and macros.\r\nIngredient Swap - tweak your recipe by changing individual ingredients without changing the calories.\r\nRecipe Filter - browse our entire library of 1200+ recipes by calories, macros, dietary restrictions, and even meal categories!\r\nServing Size - cooking for more than one? Increase your servings with ease through our Serving Size feature available in each and every recipe.\r\n- Embracing diverse dietary needs, we cater to a broad range of preferences, including dairy-free, gluten-free, nut-free, red meat-free, seafood-free, vegetarian, and vegan options.\r\n- Gain access to our library of over 1200+ recipes that seamlessly integrate into your Meal Guide with a simple tap.\r\n- Our dashboard updates your daily calorie and macronutrient targets throughout the day for easy tracking.\r\n- Effortlessly manage your nutrition journey with our interactive Shopping List, which not only captures recommended Meal Guide essentials but also accommodates your personalised additions.\r\n\r\nProgress Tracking, Goal Setting, Support and Accountability:\r\n- Check-ins with our dietitians to update your calories based on your progress.\r\n- Tools to track your daily hydration, steps, sleep and nutrition compliance.\r\n- Log weekly measurements and progress photos.\r\n- Goal setting feature, an interactive to-do list and daily reflection.\r\n- Integration with the Health App to sync your daily steps.\r\n\r\nPlus, new customers can enjoy an exclusive FREE 7-Day Trial which includes access to a chosen workout program, customised meal guides, and other in-App exclusive content. After your program trial ends, there's no automatic conversion to a paid subscription. You decide what's next, with no surprises or hidden fees. Please note, our Platinum Membership and Eat with Us Membership do not include a free trial option at this time.\r\n\r\nOur mission is to educate women on fitness and nutrition to build strong minds, bodies and habits. We’d love to welcome you to our global community and help you achieve your fitness goals.\r\n\r\nMove With Us App is free to download and offers a Platinum and Eat With Us Membership.\r\n\r\nMove and Eat With Us all year round!",
    "summary": "#1 Female Transformation App",
    "installs": "50,000+",
    "score": 4.5333333,
    "ratings": 2458,
    "price": 0,
    "currency": "EUR",
    "developer": "Move With Us",
    "developerEmail": "support@bodiesbyrachel.com.au",
    "developerWebsite": "https://bodiesbyrachel.com/",
    "developerAddress": "5/18 Township Drive, West Burleigh, 4220, Gold Coast, Australia.",
    "privacyPolicy": "https://bodiesbyrachel.com.au/pages/privacy",
    "genre": "Health & Fitness",
    "contentRating": "PEGI 3",
    "released": "Aug 31, 2020",
    "lastUpdatedOn": "Apr 3, 2025",
    "appId": "com.appetiser.bbr.bodiesbyrachel",
    "permisions": {
        "Photos/Media/Files": [
            "modify or delete the contents of your USB storage",
            "read the contents of your USB storage"
        ],
        "Storage": [
            "modify or delete the contents of your USB storage",
            "read the contents of your USB storage"
        ],
        "Microphone": [
            "record audio"
        ],
        "Other": [
            "change network connectivity",
            "full network access",
            "prevent device from sleeping",
            "run at startup",
            "view network connections"
        ],
        "Uncategorized": [
            "receive data from Internet"
        ]
    }
}