{
    "title": "Sygic GPS Navigation & Maps",
    "description": "Sygic GPS Navigation & Maps is <b>innovative  GPS navigation app with monthly-updated offline maps and with precise live traffic & speed camera alerts, both updated in real time.</b>  It‘s trusted by more than 200 million drivers worldwide. Offline 3D maps are stored on your phone for GPS navigation without an internet connection. <b>We update the maps multiple times per year for free</b>, so that you can always rely on Sygic GPS Navigation.\r\n\r\n<b>NAVIGATE ANYWHERE, EVEN WITHOUT AN INTERNET CONNECTION</b>\r\n• 3D Offline maps of all countries in the world, from TomTom and other providers\r\n• Free map updates multiple times per year\r\n• Voice-guided GPS navigation with precise directions and spoken street names\r\n• Millions of interesting Places (POI) \r\n• Pedestrian GPS navigation with walking directions and tourist attractions (POI) \r\n• Satellite Maps - search for your target address, point of interest or favorites in the satellite view.*\r\n• Customize your navigation arrow. Try everyday car, van or even formula.\r\n\r\n<b>ESCAPE THE TRAFFIC</b>\r\n• Avoid traffic jams with the most accurate real time traffic information with data collected from more than 200 million users worldwide*\r\n\r\n<b>ANDROID AUTO CONNECTIVITY</b>\r\n• Just connect your phone to your car's screen and stay focused on the road\r\n• You can use your car's touchscreen, knobs, or buttons to control the app\r\n\r\n<b>STAY SAFE</b>\r\n• Advanced safety features make driving in unfamiliar territories easier\r\n• Speed limit warnings show you the current speed limit and the upcoming speed limit changes \r\n• Dynamic Lane Assistant guides you into the correct lane \r\n• Head-up Display (HUD) projects navigation onto the windshield of your car, making driving at night safer\r\n• Sign recognition detects speed limits from traffic signs as you drive\r\n• Dashcam records the road ahead and automatically saves video in case of an accident\r\n• Real View Navigation is an augmented reality feature for even better and safer driving experience\r\n• Cockpit shows you the real time performance of your car.\r\n• Real time route sharing lets you share your estimated time of arrival & current position on a map*\r\n• Wrong-way warning (in partnership with Bosch)**. If you are driving in the wrong way or someone is driving in the opposite direction, we will warn you.*\r\n\r\n<b>SAVE MONEY ALONG YOUR ROUTE</b>\r\n• Park easily with parking place suggestions and live info about prices and availability*\r\n• Set your fuel type and fill up for the best price with live information about fuel prices*\r\n• Avoid speeding tickets with Speed camera warnings*\r\n• Save money on roaming charges with offline maps\r\n\r\n<b>Do you want to find out how it feels to have Premium+?</b> Try our 7-day trial for free and discover all Premium+ features. After that, you can decide if you want to prolong your subscription or use basic features only.\r\n\r\nShould you have any questions, please visit sygic.com/support. We are here for you 7 days a week.\r\nIf you like our app, please leave a review or spread the word at sygic.com/love. Thank you for your support.\r\n\r\n*Please note that this feature requires an internet connection. \r\nNote: Sharing videos from Dashcam is forbidden by law in these countries: Austria, Belgium, Luxembourg, Switzerland, Slovakia, Spain.\r\n\r\nNote 2: Dashcam, Traffic Sign Recognition, and Real View are part of the new feature SmartCam. SmartCam merge all camera features into one. The SmartCam is a part of our Premium+ subscription.\r\n\r\n**Wrong-way driver feature is available in Sygic GPS Navigation for Android, version 22.2. or higher.\r\n\r\nMore information about features can be find in glossary: https://www.sygic.com/what-is\r\n\r\n\r\nBy installing, copying, or using all or any portion of this software you accept all the terms and conditions of this agreement: https://www.sygic.com/company/eula",
    "summary": "Sygic GPS Navigation with 3D offline maps is compatible with Android Auto.",
    "installs": "50,000,000+",
    "score": 4.198465,
    "ratings": 1894739,
    "price": 0,
    "currency": "EUR",
    "developer": "Sygic.",
    "developerEmail": "support@sygic.com",
    "developerWebsite": "https://www.sygic.com/gps-navigation",
    "developerAddress": "Mlynske Nivy 16\n82109 Bratislava\nSlovensko",
    "privacyPolicy": "https://www.sygic.com/company/privacy-policy",
    "genre": "Maps & Navigation",
    "contentRating": "PEGI 3",
    "released": "Nov 5, 2010",
    "lastUpdatedOn": "Apr 25, 2025",
    "appId": "com.sygic.aura",
    "permisions": {
        "Contacts": [
            "read your contacts"
        ],
        "Location": [
            "approximate location (network-based)",
            "precise location (GPS and network-based)"
        ],
        "Photos/Media/Files": [
            "modify or delete the contents of your USB storage",
            "read the contents of your USB storage"
        ],
        "Storage": [
            "modify or delete the contents of your USB storage",
            "read the contents of your USB storage"
        ],
        "Camera": [
            "take pictures and videos"
        ],
        "Microphone": [
            "record audio"
        ],
        "Wi-Fi connection information": [
            "view Wi-Fi connections"
        ],
        "Other": [
            "Google Play license check",
            "change your audio settings",
            "control vibration",
            "full network access",
            "install shortcuts",
            "pair with Bluetooth devices",
            "prevent device from sleeping",
            "view network connections"
        ],
        "Uncategorized": [
            "receive data from Internet"
        ]
    }
}