{
    "title": "GetRide",
    "description": "Welcome to GetRide app, your ultimate companion for hassle-free ridesharing experiences. Whether you're commuting to work, exploring a new city, or heading out for a night on the town, our rider app ensures you reach your destination safely and conveniently.\r\n\r\nWith GetRide app, you're in control from start to finish. Our intuitive interface allows you to effortlessly request a ride with just a few taps, eliminating the stress of navigating unfamiliar streets or waiting for public transportation. Simply input your destination, choose your preferred ride option, and let our network of skilled drivers handle the rest.\r\n\r\nSafety is our top priority. That's why every driver in our network undergoes a rigorous screening process and maintains a high level of professionalism. You can ride with peace of mind knowing that your journey is in capable hands. Plus, our app provides real-time tracking and trip updates, so you're always informed and can easily share your ETA with friends and family.\r\n\r\nBut convenience doesn't end with the ride itself. With GetRide, you have access to a range of features designed to enhance your overall experience. Need to split the fare with friends? Our built-in payment system makes it simple. Want to schedule a ride in advance? No problem. We offer flexible booking options to suit your needs.\r\n\r\nWe're also committed to sustainability. By choosing ridesharing over traditional transportation methods, you're helping reduce congestion and minimize environmental impact. It's a win-win for both you and the planet.\r\n\r\nAt GetRide, we're constantly innovating to make your ridesharing experience even better. Whether it's introducing new features, expanding our coverage area, or enhancing our driver training programs, we're always striving to exceed your expectations.\r\n\r\nSo why wait? Download GetRide today and discover the future of ridesharing. Whether you're traveling near or far, we're here to get you where you need to go—safely, efficiently, and with a smile.\r\n\r\nLimited Time Offer – Get $5!\r\nDownload the GetRide app and complete your first trip to receive a $5 bonus. Invite friends and earn even more when they ride!\r\nStart riding smarter with GetRide – cash & card rides, driver bidding, and local support.",
    "summary": "Effortless rides at your fingertips. Navigate seamlessly with our rider app",
    "installs": "10,000+",
    "score": null,
    "ratings": null,
    "price": 0,
    "currency": "EUR",
    "developer": "GetService.",
    "developerEmail": "support@getservice.ca",
    "developerWebsite": "https://www.getservice.ca",
    "developerAddress": null,
    "privacyPolicy": "https://www.getservice.ca/privacy-policy.html",
    "genre": "Travel & Local",
    "contentRating": "PEGI 3",
    "released": "Apr 11, 2024",
    "lastUpdatedOn": "Apr 14, 2025",
    "appId": "com.getride.driverapp",
    "permisions": {
        "Identity": [
            "find accounts on the device"
        ],
        "Contacts": [
            "find accounts on the device",
            "read your contacts"
        ],
        "Location": [
            "approximate location (network-based)",
            "precise location (GPS and network-based)"
        ],
        "Phone": [
            "read phone status and identity"
        ],
        "Photos/Media/Files": [
            "modify or delete the contents of your USB storage",
            "read the contents of your USB storage"
        ],
        "Storage": [
            "modify or delete the contents of your USB storage",
            "read the contents of your USB storage"
        ],
        "Camera": [
            "take pictures and videos"
        ],
        "Device ID & call information": [
            "read phone status and identity"
        ],
        "Other": [
            "change network connectivity",
            "control vibration",
            "create accounts and set passwords",
            "full network access",
            "prevent device from sleeping",
            "read Google service configuration",
            "run at startup",
            "use accounts on the device",
            "view network connections"
        ],
        "Uncategorized": [
            "receive data from Internet"
        ]
    }
}