{
    "title": "Mappy",
    "description": "<h1> DISCOVER MAPPY – The GPS application designed and produced in France </h1>\r\nMappy is the application designed and produced in France that accompanies you on all your daily journeys!\r\n\r\n<h2>RETHINKING GPS DIFFERENTLY</h2>\r\n• Select your route from our 13 modes of transport: Car 🚘, public transport 🚇, train 🚄, coach 🚌, carpooling 🚘, taxis 🚕, drivers (VTC) 🚙, motorcycle 🏍, self-service scooter 🛵, bicycle 🚴‍♂️ , self-service bicycle 🚲, self-service scooter 🛴, pedestrian 🏃‍♂️.\r\n• Our Car GPS, Pedestrian GPS, Bike GPS and Scooter GPS are free,\r\n• Take advantage of our alternative routes in case of heavy traffic,\r\n• Find the complete routes of your favorite routes,\r\n• Discover all the services available on your journey: gas station, hotel, parking, supermarkets.\r\n\r\n<h2>YOUR ROUTES FOR ALL MODES OF TRANSPORT</h2>\r\nAll your trips and trips anywhere in France: Car 🚘, public transport 🚇, train 🚄, coach 🚌, carpooling 🚘, taxis 🚕, drivers (VTC) 🚙, motorcycle 🏍, scooter 🛵, bicycle 🚴‍♂️, scooter 🛴, pedestrian 🏃‍♂️. Find your favorite routes, according to your mode of transport, and all the services to support your daily life.\r\n\r\n<h3>CREATE YOUR SINGLE ACCOUNT TO MANAGE ALL YOUR MOBILITY AND MANAGE YOUR FAVORITES</h3>\r\n- Preferred mode of travel,\r\n- Type of vehicle, fuel, Crit'Air sticker, GPS options,\r\n- Alerts in case of traffic jams\r\n- Favorite places (home, work, restaurants, etc.)\r\n\r\n<h3>YOUR PRIVATE DATA IS OUR PRIORITY</h3>\r\nMappy needs to collect your location data to activate our GPS, offer you the most suitable routes, enjoy smooth journeys and display your statistics linked to your daily activity even when the application is closed. 🐓\r\nThe collection and storage of this data complies with all relevant European laws and standards.\r\n\r\n<h3>ACCESS OFFICIAL ROUTES HELLO RATP AND ÎLE-DE-FRANCE MOBILITY</h3>\r\n- Metro,\r\n- RER,\r\n- Buses and Trams,\r\n- Noctilians,\r\n- Transiliens.\r\n\r\n<h3>ALL OUR PARTNERS</h3>\r\n- PagesJaunes, AccorHotels.com, B&B Hotels, Booking.com, TheFork…\r\n- Coach: Blablabus, Flixbus\r\n- Carpooling: Blablacar\r\n- Train: YESsncf\r\n- Taxi/drivers (VTC): marcel, Heetch\r\n- Self-service scooter: Cityscoot\r\n- LS bike: Velib', Dott\r\n- Scooter: Tier, Dott\r\n- Parking: Zenpark, OnePark, Parclick, TravelCar\r\n- Public transport networks: IDFM, RATP, SNCF, Le met', SIBRA, TBC, Transgironde, DIVIA, TAG, TCL, RTM, Soléa, STAN, TAN, Lignes d'Azur, TANGO, TAO, STAR, CTS, TISSEO, CITURA, STL, CTRL, Setram, LIA\r\n\r\n<h4>AND MORE</h4>\r\nEnjoy exclusive features and new privileges that we are currently working on. For more information on our services, do not hesitate to contact us by email at contact@mappy.com",
    "summary": "The car gps of your daily itinerary!",
    "installs": "5,000,000+",
    "score": 4.4291806,
    "ratings": 29371,
    "price": 0,
    "currency": "EUR",
    "developer": "Mappy S.A.",
    "developerEmail": "contact@mappy.com",
    "developerWebsite": "http://www.mappy.com",
    "developerAddress": "Maison de la RATP,\n54 Quai de la Rapée - 75012 Paris",
    "privacyPolicy": "https://blog.mappy.com/entreprise/conditions-dutilisations/vie-privee-sur-les-applications/",
    "genre": "Maps & Navigation",
    "contentRating": "PEGI 3",
    "released": "Nov 30, 2010",
    "lastUpdatedOn": "Apr 18, 2025",
    "appId": "com.mappy.app",
    "permisions": {
        "Device & app history": [
            "retrieve running apps"
        ],
        "Contacts": [
            "read your contacts"
        ],
        "Location": [
            "approximate location (network-based)",
            "precise location (GPS and network-based)"
        ],
        "Photos/Media/Files": [
            "modify or delete the contents of your USB storage",
            "read the contents of your USB storage"
        ],
        "Storage": [
            "modify or delete the contents of your USB storage",
            "read the contents of your USB storage"
        ],
        "Microphone": [
            "record audio"
        ],
        "Wi-Fi connection information": [
            "view Wi-Fi connections"
        ],
        "Other": [
            "Google Play license check",
            "access Bluetooth settings",
            "control vibration",
            "full network access",
            "pair with Bluetooth devices",
            "prevent device from sleeping",
            "read Google service configuration",
            "run at startup",
            "view network connections"
        ],
        "Uncategorized": [
            "receive data from Internet"
        ]
    }
}