{
    "title": "Metro Map Paris (Offline) 2024",
    "description": "The Metro Map Paris Map 2024, as well as public transit/transport maps – all available\r\noffline. Zoom in, zoom out, scroll around. Quick, easy, and there when you need it! This app is excellent for visitors to Paris and longtime residents alike.\r\n\r\nIncludes a complete set of maps for the Paris, bus, metro, rail, rail, tram – basically all transit types – from the official sources.\r\n\r\nParis metro map, no bells, whistles, or other complications. You can zoom the subway map in, zoom it out, and that's all. Very simple and easy to use! Opens to the Paris map immediately so you can quickly decide if you need to hop on the train in front of you or wait for the next one. The app size is minimal for a quick download regardless of network speed.\r\n\r\nThis app is excellent for Paris visitors and longtime residents alike.\r\n\r\nNo internet connection required.\r\n\r\nSpecifically, the maps included in the app are:\r\n- Paris Metro Map Offline Map\r\n- Paris Regional map Offline Map\r\n- Paris Night lines Offline Map\r\n- Paris Weelchair Travelers Offline Map\r\n- Paris Reduced Mobility Travelers Offline Map\r\n- Paris King County Metro Southeast\r\n\r\nThank you for your support! :)\r\n\r\nAs always, if you have any problems, please PLEASE email us at the address below!\r\n\r\nMetro Map Paris Maps 2024",
    "summary": "Paris Public Transportation - Paris Offline Maps (PDF)",
    "installs": "1,000+",
    "score": null,
    "ratings": null,
    "price": 0,
    "currency": "EUR",
    "developer": "msto",
    "developerEmail": "dsad2608@gmail.com",
    "developerWebsite": "https://16161.appads-txt.com",
    "developerAddress": null,
    "privacyPolicy": "https://227189.hostmypolicy.com/",
    "genre": "Maps & Navigation",
    "contentRating": "PEGI 3",
    "released": "Apr 4, 2023",
    "lastUpdatedOn": "Jul 14, 2024",
    "appId": "com.metropolitainparis.anas",
    "permisions": {
        "Photos/Media/Files": [
            "modify or delete the contents of your USB storage",
            "read the contents of your USB storage"
        ],
        "Storage": [
            "modify or delete the contents of your USB storage",
            "read the contents of your USB storage"
        ],
        "Camera": [
            "take pictures and videos"
        ],
        "Wi-Fi connection information": [
            "view Wi-Fi connections"
        ],
        "Other": [
            "control vibration",
            "full network access",
            "modify system settings",
            "pair with Bluetooth devices",
            "prevent device from sleeping",
            "run at startup",
            "view network connections"
        ],
        "Uncategorized": [
            "receive data from Internet"
        ]
    }
}