{
    "title": "Strava: Run, Bike, Hike",
    "description": "<b>Join over 125 million active people on Strava – the free app where building community meets fitness tracking.</b> \r\n\r\nWhether you're a world-class athlete or just starting out, Strava has your back the entire journey. Here's how: \r\n\r\n<b>Track your growth</b> \r\n\r\n• <b>Record It All:</b> Running, cycling, walking, hiking, yoga. You can record all those activities – plus over 40 other sport types. If it's not on Strava, it didn’t happen. \r\n• <b>Connect Your Favorite Apps and Devices:</b> Sync with thousands of devices like Apple Watch, Garmin, Fitbit and Peloton – you name it. The Strava Wear OS app includes a tile and a complication you can use to quickly launch activities.\r\n \r\n• <b>Understand Your Progress:</b> Get data insights to see how you're improving over time. \r\n• <b>Compete on Segments:</b> Show off your competitive streak. Race against others on segments to the top of the leaderboards and become the King or Queen of the Mountain. \r\n\r\n<b>Find and connect with your crew</b> \r\n\r\n• <b>Build a Support Network:</b> Take the Strava community offline and meet in real life. Use the Clubs feature to join local groups or create your own. \r\n• <b>Join and Create Challenges:</b> Participate in monthly challenges to chase new goals, collect digital badges and stay motivated while encouraging others. \r\n• <b>Stay Connected:</b> Your Strava feed is filled with real efforts from real people. Follow friends or your favorite athletes and send kudos to celebrate every win (big and small). \r\n\r\n<b>Move with confidence</b> \r\n\r\n• <b>Move Safer with Beacon:</b> Share your real-time location with loved ones for an extra layer of safety during your activities. \r\n• <b>Control your privacy:</b> Adjust who can see your activities and personal data. \r\n• <b>Edit Map Visibility:</b> Hide the beginning or end points of your activities. \r\n\r\n<b>Get even more with a Strava subscription</b>\r\n•  <b>Discover Routes Anywhere:</b> Get intelligent route recommendations with popular routes based on your preferences and location, or create your own bike routes and footpaths using our Routes tool. \r\n• <b>Live Segments:</b> Receive real-time updates on your performance during popular segments. \r\n• <b>Training Log & Best Efforts:</b> Dive deeper into your data to understand your progress and set new personal records. \r\n• <b>Group Challenges:</b> Create challenges with friends to stay motivated together. \r\n• <b>Athlete Intelligence (AI):</b> Access AI-driven insights that makes your workout data easy to understand. No confusion. No guesswork. \r\n• <b>Access Recover Athletics:</b> Prevent injury with custom exercises tailored to your activities.\r\n•  <b>Goals:</b> Set custom goals for distance, time or segments, and stay motivated as you work towards them. \r\n• <b>Deals:</b> Enjoy special offers and discounts from our partner brands.\r\n• <b>Training Log:</b> Dive deeper into your data with detailed training logs and track your progress over time. \r\n\r\nWhether you’re aiming for a personal best or just getting started, you belong here. Just record and go. \r\n\r\nStrava includes both a free version and a subscription version with premium features. \r\n\r\nTerms of Service: https://www.strava.com/legal/terms Privacy Policy: https://www.strava.com/legal/privacy NOTE ON GPS SUPPORT: Strava depends on GPS for recording activities. In some devices, the GPS does not work properly and Strava will not record effectively. If your Strava recordings show poor location estimation behavior, please try to update the operating system to the most recent version. There are some devices which have consistently poor performance with no known remedies. On these devices, we restrict installation of Strava, for example the Samsung Galaxy Ace 3 and the Galaxy Express 2. See our support site for more information: https://support.strava.com/hc/en-us/articles/216919047-Supported-Android-devices-and-Android-operating-systems",
    "summary": "Track your active life in one place and share the journey with friends.",
    "installs": "50,000,000+",
    "score": 4.3960795,
    "ratings": 940223,
    "price": 0,
    "currency": "EUR",
    "developer": "Strava Inc.",
    "developerEmail": "support@strava.zendesk.com",
    "developerWebsite": "https://www.strava.com/",
    "developerAddress": "Strava, Inc\n208 Utah Street\nSan Francisco, CA 94103",
    "privacyPolicy": "https://www.strava.com/privacy",
    "genre": "Health & Fitness",
    "contentRating": "Parental guidance",
    "released": "Jun 9, 2011",
    "lastUpdatedOn": "May 5, 2025",
    "appId": "com.strava",
    "permisions": {
        "Device & app history": [
            "retrieve running apps"
        ],
        "Identity": [
            "find accounts on the device"
        ],
        "Contacts": [
            "find accounts on the device",
            "read your contacts"
        ],
        "Location": [
            "approximate location (network-based)",
            "precise location (GPS and network-based)"
        ],
        "Photos/Media/Files": [
            "modify or delete the contents of your USB storage",
            "read the contents of your USB storage"
        ],
        "Storage": [
            "modify or delete the contents of your USB storage",
            "read the contents of your USB storage"
        ],
        "Microphone": [
            "record audio"
        ],
        "Wi-Fi connection information": [
            "view Wi-Fi connections"
        ],
        "Wearable sensors/Activity data": [
            "body sensors (like heart rate monitors)"
        ],
        "Other": [
            "access Bluetooth settings",
            "change network connectivity",
            "control vibration",
            "full network access",
            "pair with Bluetooth devices",
            "prevent device from sleeping",
            "read Google service configuration",
            "run at startup",
            "use accounts on the device",
            "view network connections"
        ],
        "Uncategorized": [
            "receive data from Internet"
        ]
    }
}