{
    "title": "carsales: Buy & Sell Cars",
    "description": "Discover the carsales app: take Australia's #1 for cars with you wherever you go \r\n\r\n\r\nBUY \r\n- Over 200,000 cars at your fingertips\r\n- Search and enquire on new, used, and demo cars, save your favourites as you go, and share listings directly from the app. \r\n\r\n\r\nSELL \r\n- Effortlessly sell your car on-the-go \r\n- Advertise your car and connect with genuine buyers to sell it for a great price. \r\n- Manage your ad and sales enquiries easily and from anywhere. \r\n\r\n  \r\n\r\nRESEARCH \r\n- Your comprehensive car research hub\r\n- Access expert reviews, auto comparisons, and valuable advice right from your pocket.  \r\n- Enjoy exclusive member features and and benefits  \r\n- Experience an intuitive interface designed to enhance your research experience \r\n\r\n  \r\n\r\nWhy users love our app: \r\n- \"Fantastic app for buying and selling cars - so easy to use!\" \r\n- \"Instant Offer™ was a game-changer. Sold my car in no time!\" \r\n- “Excellent for researching and comparing cars - auto reviews are incredibly useful!\" \r\n\r\n\r\nDownload the app and take Australia’s #1 for cars with you wherever you go!",
    "summary": "Take Australia’s #1 for cars with you wherever you go!",
    "installs": "1,000,000+",
    "score": 4.5,
    "ratings": 24406,
    "price": 0,
    "currency": "EUR",
    "developer": "carsales.com.au Pty Ltd",
    "developerEmail": "androidapp@carsales.com.au",
    "developerWebsite": "https://www.carsales.com.au",
    "developerAddress": null,
    "privacyPolicy": "https://www.carsales.com.au/info/privacy-policy",
    "genre": "Auto & Vehicles",
    "contentRating": "PEGI 3",
    "released": "Nov 15, 2024",
    "lastUpdatedOn": "Apr 3, 2025",
    "appId": "au.com.carsales",
    "permisions": {
        "Identity": [
            "find accounts on the device"
        ],
        "Contacts": [
            "find accounts on the device"
        ],
        "Location": [
            "approximate location (network-based)",
            "precise location (GPS and network-based)"
        ],
        "Photos/Media/Files": [
            "modify or delete the contents of your USB storage",
            "read the contents of your USB storage"
        ],
        "Storage": [
            "modify or delete the contents of your USB storage",
            "read the contents of your USB storage"
        ],
        "Camera": [
            "take pictures and videos"
        ],
        "Other": [
            "control vibration",
            "full network access",
            "prevent device from sleeping",
            "use accounts on the device",
            "view network connections"
        ],
        "Uncategorized": [
            "receive data from Internet"
        ]
    }
}