{
    "title": "Tripomatic Planner & Maps",
    "description": "Sygic Travel is now Tripomatic. Enjoy the same travel planning experience, now with new brand name and logo.\r\n\r\n\r\nDiscover things to do anywhere you go. Plan detailed trip itineraries. Get around with useful travel guides. An ultimate all-in-one app for every traveler.\r\n\r\n<b>ADVANCED TRIP PLANNER</b>\r\nBuild a complete day-to-day itinerary for your trip with an easy-to-use trip planner. See estimated travel times and walking distances and keep realistic plans. Invite your friends to collaborate on your trips.\r\n\r\n<b>WORLDWIDE OFFLINE MAPS</b>\r\nBuy Tripomatic Premium to use the app without any internet connection, including unlimited offline maps download.\r\n\r\n<b>50 MILLION PLACES</b>\r\nSights, museums, parks, cafés, restaurants, hotels, beaches, waterfalls, caves or even bird observatories. Whether you're a tourist up to sightseeing, out on a shopping trip or a romantic weekend getaway, we've got you covered.\r\n\r\n<b>PHOTOS, DESCRIPTIONS, WIKIPEDIA</b>\r\nPopular places come with descriptions, photos, opening hours, admission fees, links and additional data written by professional travel editors or sourced from Wikipedia and other databases.\r\n\r\n<b>360° VIDEOS</b>\r\nTake a look around top sights in exclusive 360° videos. Over 500 professional videos from Prague, Barcelona, Valencia, Madrid, Granada, Seville, Marrakech, Gran Canaria, Porto, Lisbon, Athens, Istanbul, Cairo, Tel Aviv, Jerusalem, Bethlehem and Vienna.\r\n\r\n<b>MAPS DESIGNED FOR TRAVELERS</b>\r\nDetailed maps based on OpenStreetMap.org data adjusted for walking and exploring your destination. Built-in search and GPS-based walking directions and tight integration with the Sygic GPS Navigation.\r\n\r\n<b>POWERFUL SEARCH AND FILTERS</b>\r\nFind any place by name or address. Use filters to show attractions, museums, shopping malls, restaurants, bars down to art galleries featuring Van Gogh paintings.\r\n\r\n<b>TOURS AND ACTIVITIES</b>\r\nFind the best sightseeing tours, cruises, or even local cuisine cooking classes. Buy skip-the-line tickets to top attractions straight from the app.\r\n\r\n<b>ACCOMMODATION</b>\r\nFind a hotel, hostel, apartment or b&b. Add it to your trip and see it in your daily itinerary including travel times. Book your accommodation with booking.com straight from the app.\r\n\r\n<b>USE ON ALL DEVICES</b>\r\nYour trips will sync automatically between all your devices and our web planner available at https://maps.tripomatic.com\r\n\r\n<b>GET IN TOUCH WITH US</b>\r\nLearn more at https://tripomatic.com\r\nCheck out our online travel maps at https://maps.tripomatic.com\r\nContact support at https://support.tripomatic.com",
    "summary": "Explore & plan trips with offline maps & travel guides on the go.",
    "installs": "1,000,000+",
    "score": 4.35,
    "ratings": 18081,
    "price": 0,
    "currency": "EUR",
    "developer": "Tripomatic s.r.o.",
    "developerEmail": "team@tripomatic.com",
    "developerWebsite": "https://travel.sygic.com",
    "developerAddress": "Tripomatic s.r.o.\nPurkyňova 127\n612 00 Brno\nCzech Republic",
    "privacyPolicy": "https://www.sygic.com/company/privacy-policy",
    "genre": "Travel & Local",
    "contentRating": "PEGI 3",
    "released": "Apr 16, 2013",
    "lastUpdatedOn": "Jan 25, 2025",
    "appId": "com.tripomatic",
    "permisions": {
        "Location": [
            "approximate location (network-based)",
            "precise location (GPS and network-based)"
        ],
        "Photos/Media/Files": [
            "modify or delete the contents of your USB storage",
            "read the contents of your USB storage"
        ],
        "Storage": [
            "modify or delete the contents of your USB storage",
            "read the contents of your USB storage"
        ],
        "Wi-Fi connection information": [
            "view Wi-Fi connections"
        ],
        "Other": [
            "control vibration",
            "full network access",
            "prevent device from sleeping",
            "run at startup",
            "view network connections"
        ],
        "Uncategorized": [
            "receive data from Internet"
        ]
    }
}