{
    "title": "Stippl: The Travel Planner",
    "description": "Transform Your Travel Experience with Stippl!\r\n\r\nWelcome to Stippl, your revolutionary travel companion! Say goodbye to the hassle of using multiple apps for planning trips. Stippl is the first-of-its-kind, all-in-one travel planner designed to streamline every aspect of your journey – from planning and budgeting to packing, tracking, and cherishing your travel memories.\r\n\r\n PLAN - Your Journey, Simplified\r\n* \tDrag 'n Drop Planner: Effortlessly organize your route. Switch destinations, adjust nights, and craft your perfect itinerary.\r\n* \tTransportation: Whether it's by plane, train, or by car, manage your transport in one place.\r\n* \tDestination management: Add stays, must-do activities and your personal notes to any destination. \r\n* \tCollaborative Planning: Plan with friends in one shared environment\r\n* \tBooking overview: See what’s booked and what’s next on your booking list.\r\n\r\n BUDGET - Smart Financial Control\r\n* \tExpense Estimator: Add your upfront costs and get a clear forecast of your travel budget.\r\n* \tOn-the-Go Expense Tracking: Record expenses and monitor paid and pending amounts.\r\n* \tGroup Expenses: Split and settle bills within your travel group.\r\n\r\n PACK - Hassle-Free Preparation\r\n* \tPre-Defined Packing Lists: Start with our carefully curated packing lists.\r\n* \tShared Packing Lists: Collaborate & assign travel members on items that need to be packed once.\r\n* \tHigh-five when you're all packed and ready to go!\r\n\r\n TRAVEL PROFILE - Your Travel Hub\r\n* \tFavourite Places: Save and share your favourite spots.\r\n* \tConnect: Follow friends and family, share recommendations, and track each other’s journeys.\r\n* \tTravel Memories: Keep all your travel experiences in one place.\r\n\r\n JOURNAL & REELS - Your Stories, Beautifully Told\r\n* \tPhoto and Story Journal: Document your journey as it unfolds.\r\n* \tAuto-Generated Travel Reels: Turn your photos into stunning reels, ready to share with the world.\r\n\r\n DISCOVER - Unlimited Inspiration\r\n* \tExplore Itineraries: Browse through itineraries created by the community and amazing travel influencers.\r\n* \tCopy-Paste Adventure: See a journey you love? Grab it, tweak it, and make it yours!\r\n\r\nEmbark on a Seamless Journey with Stippl!\r\nPrepare to turn every trip into an unforgettable story with Stippl.",
    "summary": "Itineraries, budgets & packing",
    "installs": "100,000+",
    "score": 4.49,
    "ratings": 1429,
    "price": 0,
    "currency": "EUR",
    "developer": "Stippl",
    "developerEmail": "support@stippl.io",
    "developerWebsite": "https://www.stippl.io/",
    "developerAddress": null,
    "privacyPolicy": "https://www.stippl.io/privacy",
    "genre": "Travel & Local",
    "contentRating": "Parental guidance",
    "released": "Dec 22, 2022",
    "lastUpdatedOn": "Apr 25, 2025",
    "appId": "com.stippl.stippl",
    "permisions": {
        "Location": [
            "approximate location (network-based)",
            "precise location (GPS and network-based)"
        ],
        "Photos/Media/Files": [
            "modify or delete the contents of your USB storage",
            "read the contents of your USB storage"
        ],
        "Storage": [
            "modify or delete the contents of your USB storage",
            "read the contents of your USB storage"
        ],
        "Camera": [
            "take pictures and videos"
        ],
        "Microphone": [
            "record audio"
        ],
        "Wi-Fi connection information": [
            "view Wi-Fi connections"
        ],
        "Other": [
            "Google Play license check",
            "control vibration",
            "draw over other apps",
            "full network access",
            "prevent device from sleeping",
            "read Google service configuration",
            "run at startup",
            "view network connections"
        ],
        "Uncategorized": [
            "download files without notification",
            "receive data from Internet"
        ]
    }
}