{
    "title": "Karta GPS Offline Maps Nav",
    "description": "The most customizable GPS Navigation app in the world! \r\nDownload any map in the world or individual US State, customize your GPS Navigation experience with a funny voice and navigate on screen using a sports car, a police vehicle or even a spaceship. \r\nEvery road map is free and allows you to navigate offline without an internet connection with detailed turn-by-turn driving instructions. \r\nOn this version you will also get speed and radar alerts with LIFETIME updates,  live traffic alerts and a comprehensible on-screen speedometer.\r\n \r\n🆓\r\n<b><u>No costs no worries.</u></b> Go anywhere without depending on an internet connection. Download any map, they’re all free. \r\n 🚥\r\n<b><u>Beat the traffic.</u></b> Our live traffic service finds faster routes and avoids traffic jams.\r\n🚔\r\n<b><u>Safety cameras alert.</u></b> Know when you are approaching a speed radar.\r\n🍔\r\n<b><u>Get suggestions.</u></b> Discover what’s around you: restaurants, shopping, monuments and more, just a tap away!\r\n\r\n🚀\r\n<b><u>Customize it.</u></b> Enjoy your navigation with customized navigation icons and/or a funny voice!\r\n \r\nKarta GPS USA is an efficient turn-by-turn GPS navigation app that also includes:\r\n \r\n🗺️ Enriched OpenStreetMap (OSM) maps - <b>Free</b> road maps to download and use at any time;\r\n🔉 Full voice guidance with <b>spoken street names</b>;\r\n🚗 <b>Automatic rerouting</b> as traffic conditions change on the road;\r\n🛑 <b>Add a stop</b> and don’t just navigate from point A to point B \r\n🔎 <b>One-box</b> search: find everything faster;\r\n😮 <b>Voice</b> search;\r\n🍽️ <b>Choose where to go for dinner</b>, learn about the prices and reviews and make a reservation while getting the directions;\r\n🛣️ <b>Lane assistance</b> for those complex highway exits;\r\n↪️ Several <b>alternatives</b> for each calculated route;\r\n🅿️ Find a <b>parking spot</b> as soon as you reach your destination;\r\n📱 Find and navigate to any point on the map.\r\n🕒 Send your <b>estimated time of arrival</b> to those you’re meeting (ETA);\r\n🏛️ <b>Walking</b> directions & <b>tourist</b> attractions;\r\n📤 Share with friends via Facebook, Twitter, WhatsApp, SMS or Email\r\nMore incredible features to come in the next updates.\r\n \r\nLet’s Get to the Point! Together  \r\n_______________________________________\r\nMAPS:\r\nOur offline maps are provided by OpenStreetMap and enhanced by Karta Software Technologies, with guarantee of the latest data available and free updates <b>forever</b>.\r\n \r\nSome important details we need to let you know:\r\n• When installing the app, make sure your phone is connected to a stable Wi-Fi network.\r\n• Never let the navigation instructions interfere with your driving.\r\n• Some maps may need large amounts of available storage. Please check your phone storage management for details.\r\n• When using Karta GPS while driving, never hold the phone on your hands. Place it on a standard holder, with a clear sky view.\r\n• Allowing GPS to run in the background for extended periods can lead to a significant reduction in battery life.\r\n \r\nIf you have any questions, contact us at: support@kartatech.com\r\n<b>Follow us!</b>\r\nHelp Center: https://kartatech.zendesk.com/hc/categories/200913869-Karta-GPS\r\nFacebook:  fb.com/kartagps\r\nYoutube: youtube.com/Kartatechnologies",
    "summary": "Offline Navigation, Traffic Information and Unique Customization!",
    "installs": "10,000,000+",
    "score": 4.1004367,
    "ratings": 117411,
    "price": 0,
    "currency": "EUR",
    "developer": "GPS Navigation and Maps",
    "developerEmail": "support@kartatech.com",
    "developerWebsite": "https://ndrive.com",
    "developerAddress": "Rua da Lionesa, Centro Empresarial da Lionesa C25\n4465-671 Matosinhos\nPortugal",
    "privacyPolicy": "https://ndrive.com/privacy-policy/",
    "genre": "Maps & Navigation",
    "contentRating": "PEGI 3",
    "released": "Nov 4, 2016",
    "lastUpdatedOn": "Apr 23, 2025",
    "appId": "com.kartatech.karta.gps",
    "permisions": {
        "Location": [
            "approximate location (network-based)",
            "precise location (GPS and network-based)"
        ],
        "Photos/Media/Files": [
            "modify or delete the contents of your USB storage",
            "read the contents of your USB storage"
        ],
        "Storage": [
            "modify or delete the contents of your USB storage",
            "read the contents of your USB storage"
        ],
        "Wi-Fi connection information": [
            "view Wi-Fi connections"
        ],
        "Other": [
            "Google Play license check",
            "access Bluetooth settings",
            "connect and disconnect from Wi-Fi",
            "control vibration",
            "full network access",
            "pair with Bluetooth devices",
            "prevent device from sleeping",
            "run at startup",
            "view network connections"
        ],
        "Uncategorized": [
            "receive data from Internet"
        ]
    }
}