{
    "title": "Pod Point",
    "description": "Connect to the Pod Point ecosystem:\r\n- For home, public and workplace charging.\r\n\r\nFind a place to charge on the Pod Point Network:\r\n- Access over 6,000 fast or rapid charging bays across the UK.\r\n- Simply top-up with a debit/credit card and pay as you charge in-app.\r\n- Get the latest chargepoint availability and view public charging tariff information.\r\n- View the cost of every kWh transferred across your public charging with Pod Point.\r\n- Find EV Zones, the new standard of public charging with the Z icon.\r\n\r\nGain insight into your home charging:\r\n- Create a Pod Point Account to get started\r\n(please use the same email address you used to purchase your Solo Charger)\r\n- Connect your Solo Smart Charger to your Wi-Fi network and view your home charging activity.*\r\n- Add your dual-rate energy tariff and track the costs of charging at home.*\r\n- Remotely schedule charging and create a schedule to charge when its cheapest for you.*\r\n- Download Charging Activity Reports to expense the costs of charging.*\r\n\r\n*Applies to Wi-Fi enabled Solo Smart Chargers, typically installed after 2018. Requires a strong and stable Wi-Fi connection",
    "summary": "Electric vehicle charging",
    "installs": "500,000+",
    "score": 0,
    "ratings": 0,
    "price": 0,
    "currency": "EUR",
    "developer": "Pod Point Ltd",
    "developerEmail": "support@pod-point.com",
    "developerWebsite": "https://pod-point.com",
    "developerAddress": "Pod Point Ltd, 222 Gray's Inn Road, London, WC1X 8HB",
    "privacyPolicy": "https://pod-point.com/legal/privacy-and-cookies-policy",
    "genre": "Maps & Navigation",
    "contentRating": "PEGI 3",
    "released": "Sep 27, 2017",
    "lastUpdatedOn": "Mar 18, 2025",
    "appId": "com.podpoint",
    "permisions": {
        "Location": [
            "approximate location (network-based)",
            "precise location (GPS and network-based)"
        ],
        "Phone": [
            "directly call phone numbers"
        ],
        "Photos/Media/Files": [
            "read the contents of your USB storage"
        ],
        "Storage": [
            "read the contents of your USB storage"
        ],
        "Camera": [
            "take pictures and videos"
        ],
        "Wi-Fi connection information": [
            "view Wi-Fi connections"
        ],
        "Other": [
            "Google Play license check",
            "change network connectivity",
            "connect and disconnect from Wi-Fi",
            "control vibration",
            "full network access",
            "prevent device from sleeping",
            "read Google service configuration",
            "run at startup",
            "view network connections"
        ],
        "Uncategorized": [
            "receive data from Internet"
        ]
    }
}