{
    "title": "ARI (Auto Repair Software)",
    "description": "ARI is one of the best auto repair software on the automotive market. Thousands of mechanics and shop owners trust ARI with their daily tasks and repair activities. From client management and inventory tracking to vehicle diagnosis, invoicing, and payment - this auto repair app has all the features you need to run your shop with confidence.\r\n\r\nThe app is suitable for mobile mechanics, auto shop owners, independent technicians, auto dealers, or anyone who has a fleet of vehicles and is looking for a way to manage it.\r\n\r\nMain Features:\r\n1. Client Management\r\nKeep track of all vehicle owners that passed through your shop. Generate billing statements, assign vehicles and create invoices and estimates for your clients instantly.\r\n\r\n2. Vehicle Management\r\nAdd unlimited vehicle records to your shop and manage every aspect of their info.\r\n- VIN decoder: decode any vehicle identification number so you can easily add vehicle details to your database. Get info such as make, model, year, trim type, engine, and much more.\r\n- license plate reader: leverage CarFax integration to get info about a vehicle from its license plate\r\n- car service history: retrieve previous service history from almost any vehicle by using CarFax history reports.\r\n- advanced diagnosis: get information such as OBD port locator, upcoming maintenance items, DTC errors, TSB info, full maintenance reports and recommendations, repair labor times, and vehicle labor estimates.\r\n\r\n3. Inventory Management\r\nARI comes with a list of 400+ default car parts; however, you can create your own inventory. There are no limits on how many items you can add to your inventory.\r\n- parts: keep track of part numbers and stock data. Use barcode scanner to add, edit, or remove parts from your inventory;\r\n- tires: are you selling tires in your auto repair shop? Use ARI to manage your tire inventory.\r\n- services: keep track of all your labor items by adding descriptions and price per hour.\r\n- canned services: group parts and labor items to create easy-to-use packages when building your jobcards or auto repair invoices\r\n\r\n4. Accounting\r\n- expenses: log all your auto repair shop's expenses such as employee salaries, vendor payments, utility bills, and more\r\n- purchases: create purchase orders for your auto parts. Send the order to your parts suppliers and update your inventory automatically when parts are received.\r\n- income: keep track of all your income and never miss a payment or invoice.\r\n\r\n5. JobCards\r\nAssign work, track labor times, and approve or deny service items right from your favorite auto repair software.\r\n\r\n6. Estimates/Quotes\r\nSend professional-looking vehicle repair estimates to your clients and upsell your services with our deferred services program.\r\n\r\n7. Invoices\r\na). 7 fully-customizable invoicing templates\r\nb).Signature support\r\n   The app allows you and your customer to sign an invoice on the spot, right on the device (phone/tablet)\r\nc). Logo\r\n  You can add your business logo to your auto repair invoices and estimates\r\nd). Print mobile\r\n   If you have a mobile printer, then you can print your invoices/estimates right on the spot.\r\ne). Multiple tax values.\r\n  You can add up to 3 types of taxes and customize their name and values.\r\n f). Payment Options \r\n  The app accepts Cash, Check, Credit Card, and PayPall payment options. You can collect payments from your clients on the spot.\r\n\r\n8. Service Reminders\r\n- Schedule service reminders and the app will send automatic emails to your clients reminding them when the service is due.\r\n\r\n9. Vehicle Inspections\r\n- Upsell your clients with detailed inspection reports\r\n\r\n10. Online booking\r\n- Allow your clients to book your auto repair services online. View all appointments inside the ARI's calendar.\r\n\r\n3. Reporting \r\n- Income & Expense\r\n- Sales & Purchases\r\n- Inventory & Net Profit\r\n- Employees & Salaries\r\n\r\nMULTIPLE languages supported (EN, RU, PL, SPA, RO, IND, GR, DA, GER, IT, JPN, )\r\n\r\nCUSTOMER SUPPORT:\r\n- available 24/7 via email",
    "summary": "Manage all aspects of your auto repair business - from diagnosis to invoicing",
    "installs": "100,000+",
    "score": 2.375,
    "ratings": 1252,
    "price": 0,
    "currency": "EUR",
    "developer": "uMob LTD",
    "developerEmail": "costelumbu@yahoo.com",
    "developerWebsite": "https://ari.app/",
    "developerAddress": null,
    "privacyPolicy": "https://ari.app/terms-and-conditions/",
    "genre": "Auto & Vehicles",
    "contentRating": "PEGI 3",
    "released": "Dec 21, 2016",
    "lastUpdatedOn": "Oct 30, 2024",
    "appId": "com.AutoRepairInvoice",
    "permisions": {
        "Identity": [
            "find accounts on the device"
        ],
        "Calendar": [
            "add or modify calendar events and send email to guests without owners' knowledge",
            "read calendar events plus confidential information"
        ],
        "Contacts": [
            "find accounts on the device",
            "modify your contacts",
            "read your contacts"
        ],
        "Location": [
            "approximate location (network-based)",
            "precise location (GPS and network-based)"
        ],
        "Phone": [
            "directly call phone numbers",
            "read phone status and identity"
        ],
        "Photos/Media/Files": [
            "modify or delete the contents of your USB storage",
            "read the contents of your USB storage"
        ],
        "Storage": [
            "modify or delete the contents of your USB storage",
            "read the contents of your USB storage"
        ],
        "Camera": [
            "take pictures and videos"
        ],
        "Microphone": [
            "record audio"
        ],
        "Device ID & call information": [
            "read phone status and identity"
        ],
        "Other": [
            "access Bluetooth settings",
            "change your audio settings",
            "control vibration",
            "full network access",
            "pair with Bluetooth devices",
            "prevent device from sleeping",
            "view network connections"
        ],
        "Uncategorized": [
            "receive data from Internet"
        ]
    }
}