{
    "title": "Citymapper",
    "description": "Instantly compare your travel options in real-time across all transport modes!\r\n\r\nEasily navigate your city with turn-by-turn directions for all your public transportation, walking, cycling and scooter trips.\r\n\r\n<b>Find the best route</b>\r\n► Simple city navigation and trip planning combining bus 🚎 subway 🚇  train 🚄 ferry ⛴ cabs 🚕 ride share 🚖 car share 🚗 bike share 🚲 e-scooters 🛴 and walking 🚶‍♂️Discover routes you never knew existed 🕵️‍♀️!\r\n\r\n<b>Hit the GO button for step-by-step directions</b>\r\n► Turn-by-turn navigation for your transit, walking, cycling and scooter trips. Choose between 3 different map views, see the charge levels of e-scooters and e-bikes around you, and avoid no-parking zones. We take care of the logistical thinking with our smart route planner so you are free to enjoy the ride 🙌\r\n\r\n<b>Experience one-stop-shop mobility</b>\r\n► Compare cab fares, hail a ride, hop on a shared bike or get on the nearest scooter. Our partners include: Uber, Lyft, JUMP, Lime, Bird, Spin, Skip, Scoot, Citi Bike, JerseryBike, Bluebikes, Indego, CaBi, Divvy, Metro Bike, Breeze, Bay Wheels, Healthy Ride, Relay, BCycle, SA Bike Share, GREENbike, Grid, RTC Bike, BIKETOWN, Biki 🚖 🚲 🛴\r\n\r\n<b>Beat the rush-hour crowd</b>\r\n► Live wait times and ETA so you'll never miss a bus, train or ferry again. Follow your public transportation as it’s approaching on a real-time map with our train & bus tracker. See the best train car to board, check the next train or bus stop, get alerted when it's time to get off, and get in and out from the best exit at any subway / train station ⏰\r\n\r\n<b>Smarten up your daily transit navigation</b>\r\n► Get daily updates right on your lock screen  for all public transportation: real-time bus arrivals, subway, ferry and train times, with disruption / delay / status alerts and alternative routes. Stay on top of any changes to your local bus schedule, train schedule or ferry timetable with the all-in-one transit tracker  🚨\r\n\r\n<b>Personalize your city navigation</b>\r\n► Save Home, Work and your go-to stops / stations for fast trip planning. Subscribe to your favorite subway, train, bus or ferry line for automatic disruption / delay / status alerts. Your local subway map, next bus time, subway time and train schedule at your fingertips ❤️\r\n\r\n<b>Get social</b>\r\n► Share your live trip: let friends follow your live trip to know when you'll arrive. Share any location or address: one tap for others to get directions 🤳\r\n\r\n<b>Travel offline</b>\r\n► Access offline the official NYC subway map, Manhattan bus transit map, Brooklyn bus map, MTA map, Queens bus map, DC metro map, Muni metro map, and more 🗺\r\n\r\n<b>Works on Wear OS</b>\r\n► Hit GO in the app and automatically see all the information you need during your trip on your Wear OS watch. \r\n\r\n<b>Cities</b>\r\n► New York City | Chicago | Los Angeles | San Francisco | Washington DC | Boston | Philadelphia | Seattle | Miami | Atlanta | Portland | Denver | Baltimore | San Diego | Minneapolis | Houston | Phoenix | Dallas | Las Vegas | Pittsburgh | Honolulu | Salt Lake City | San Antonio | St. Louis | Cleveland | Austin + Many more worldwide! See the full list and vote for the next one in the app or at https://citymapper.com/cities 🏙\r\n\r\n<b>Agencies</b>\r\n► We use open data from transit agencies, including: MTA | CTA | LA Metro | MBTA | WMATA | SEPTA | NJ Transit | Muni | BART | King Bus | MARTA | LIRR | RTD | TriMet | Metro-North Railroad | PATH | Houston METRO | San Diego MTS | Miami-Dade Transit | Metro Transit MN | METRA | RTC | TheBus | Port Authority | DART | AC Transit | Sound Transit | UTA | OCTA | VIA | PTD | St. Louis Metro Transit | RTA | Capital Metro | Broward County Transit Division | NY Waterway Ferries | LBT 📈\r\n\r\n<b>Keep in touch</b>\r\n► If you have any questions or feedback email us at: support@citymapper.com\r\n\r\nFollow us on Twitter: /Citymapper\r\nVisit our website: citymapper.com",
    "summary": "Route Planner for City Navigation: MTA MBTA NJ Transit Bus Times & Subway Map",
    "installs": "10,000,000+",
    "score": 4.772531,
    "ratings": 320155,
    "price": 0,
    "currency": "EUR",
    "developer": "Citymapper Limited",
    "developerEmail": "support@citymapper.com",
    "developerWebsite": "http://citymapper.com",
    "developerAddress": "Ground Floor\n138 Fetter Lane\nLondon\nEC4A 1BT",
    "privacyPolicy": "https://global-api.citymapper.com/resourceproxy/privacy-policy.html",
    "genre": "Maps & Navigation",
    "contentRating": "PEGI 3",
    "released": "Apr 11, 2013",
    "lastUpdatedOn": "Apr 29, 2025",
    "appId": "com.citymapper.app.release",
    "permisions": {
        "Identity": [
            "find accounts on the device"
        ],
        "Calendar": [
            "read calendar events plus confidential information"
        ],
        "Contacts": [
            "find accounts on the device"
        ],
        "Location": [
            "approximate location (network-based)",
            "precise location (GPS and network-based)"
        ],
        "Photos/Media/Files": [
            "modify or delete the contents of your USB storage",
            "read the contents of your USB storage"
        ],
        "Storage": [
            "modify or delete the contents of your USB storage",
            "read the contents of your USB storage"
        ],
        "Other": [
            "control Near Field Communication",
            "control vibration",
            "full network access",
            "prevent device from sleeping",
            "read Google service configuration",
            "run at startup",
            "use accounts on the device",
            "view network connections"
        ],
        "Uncategorized": [
            "receive data from Internet"
        ]
    }
}