{
    "title": "Edmunds - Shop Cars For Sale",
    "description": "Shop new and used vehicles for sale on Edmunds. Edmunds is a consumer and auto industry trusted car research and car buying advisor - we have everything you need to find and buy your perfect new car or used car in our car app. Shopping for used cars and new cars has never been easier. We have car features and specs for new cars and used cars. We have expert car reviews and user ratings on used cars for sale and new cars from all automobile makes on different vehicle models. Do you need a car buying and car leasing calculator? Our car calculators will help you fine the perfect price. Are you looking for car incentives and offers from car manufacturers? We can connect you to thousands of car dealers in your area with available new cars and used cars for sale. We've got it all from new car inventory, used car inventory, and auto calculators. And after you find your perfect car, we can help you lock in upfront pricing. So no matter where you are, we can provide you with a simple, easy and efficient car shopping experience.\r\n\r\nWe draw on decades of automotive experience to leverage our network of over 13,000 new car and used car dealers to help save you thousands. Browse our used cars for sale and new cars for sale today and let us know what you think.\r\n\r\nWith this app you can:\r\n• Read Edmunds car reviews and user ratings of thousands of late model cars\r\n• Shop Used Cars for sale and New Cars for sale\r\n• See what the true market value and average price paid in your area is for thousands of car and truck models\r\n• Search auto inventory to find the perfect car, SUV, or truck for sale near you\r\n• Review incentives and offers from each automobile make\r\n• Text a car dealer to instantly get exclusive discounted offers on inventory\r\n• Compare car dealer offers and save up to thousands off MSRP\r\n• Calculate your monthly payment before heading to the car dealer with our car calculators\r\n• Save your research and favorite cars to recall them later\r\n\r\nOther features you’ll love:\r\n• Millions of new cars for sale, used cars for sale, and certified pre-owned car listings\r\n• Rich car photos and car video galleries \r\n• Configuration tools and car pricing guidelines\r\n• Vehicle Trade-in appraisal tools\r\n• Car dealer reviews, auto dealer locator and directions\r\n• New Augmented Reality feature - Can It Fit - to determine if a car fits",
    "summary": "Find Your Next New or Used Car",
    "installs": "1,000,000+",
    "score": 0,
    "ratings": 0,
    "price": 0,
    "currency": "EUR",
    "developer": "Edmunds.com",
    "developerEmail": "help@edmunds.com",
    "developerWebsite": "https://www.edmunds.com/mobile/apps.html",
    "developerAddress": null,
    "privacyPolicy": "http://www.edmunds.com/about/privacy.html",
    "genre": "Auto & Vehicles",
    "contentRating": "PEGI 3",
    "released": "Apr 8, 2015",
    "lastUpdatedOn": "Feb 19, 2025",
    "appId": "com.edmunds",
    "permisions": {
        "Location": [
            "approximate location (network-based)",
            "precise location (GPS and network-based)"
        ],
        "Phone": [
            "directly call phone numbers",
            "read phone status and identity"
        ],
        "Photos/Media/Files": [
            "modify or delete the contents of your USB storage",
            "read the contents of your USB storage"
        ],
        "Storage": [
            "modify or delete the contents of your USB storage",
            "read the contents of your USB storage"
        ],
        "Camera": [
            "take pictures and videos"
        ],
        "Wi-Fi connection information": [
            "view Wi-Fi connections"
        ],
        "Device ID & call information": [
            "read phone status and identity"
        ],
        "Other": [
            "full network access",
            "prevent device from sleeping",
            "view network connections"
        ],
        "Uncategorized": [
            "receive data from Internet"
        ]
    }
}