{
    "title": "ÖBB Tickets",
    "description": "How can you buy your tickets even faster and get updates on your journey on top of that? You get it with the ÖBB App, round the clock, wherever you are. Take the train and take it easy.\r\n\r\nThe ÖBB App comes with the following features:\r\n\r\n• Tickets for trains, buses, the metro and trams: book your ÖBB tickets & get exclusive online specials such as the Sparschiene Österreich discount fares. You can also book the city tickets and weekly or monthly tickets of Austrian regional transport operators\r\n• Pay your fares on the go with SimplyGo! The handy add-on for the ÖBB App automatically identifies the routes you travelled and calculates the matching public transport fare for your complete journey\r\n• Secure your favourite seat on the Railjet: use the graphic seat reservation\r\n• Find the best fare: see the ÖBB train services sorted by lowest fare first\r\n• ÖBB Account: conveniently and securely store your personal data and means of payment, save your favourite routes, and receive additional exclusive offers (e.g. the Vorteilscard 66 discount card)\r\n\r\nWe are continuously working on the app to enrich it with new features and improve the usability.\r\n\r\nFurther information: <a href=\"https://www.google.com/url?q=https%3A%2F%2Fwww.oebb.at%2Fen%2Ftickets-kundenkarten%2Fonline-mobile-ticketing%2Foebb-app&sa=D&sntz=1&usg=AOvVaw1JkAKU5No8FDWnOhHpyHba\">oebb.at/app</a>",
    "summary": "The fast track to your ticket",
    "installs": "5,000,000+",
    "score": 3.3333333,
    "ratings": 12714,
    "price": 0,
    "currency": "EUR",
    "developer": "ÖBB Personenverkehr AG",
    "developerEmail": "impressum@pv.oebb.at",
    "developerWebsite": "http://www.oebb.at/app",
    "developerAddress": null,
    "privacyPolicy": "http://www.oebb.at/datenschutz",
    "genre": "Maps & Navigation",
    "contentRating": "PEGI 3",
    "released": "Oct 29, 2015",
    "lastUpdatedOn": "May 5, 2025",
    "appId": "at.oebb.ts",
    "permisions": {
        "Location": [
            "approximate location (network-based)",
            "precise location (GPS and network-based)"
        ],
        "Wi-Fi connection information": [
            "view Wi-Fi connections"
        ],
        "Other": [
            "access Bluetooth settings",
            "control vibration",
            "full network access",
            "pair with Bluetooth devices",
            "prevent device from sleeping",
            "run at startup",
            "view network connections"
        ]
    }
}