{
    "title": "Poparide - Carpool in Canada",
    "description": "Poparide makes it fun and affordable to carpool from city-to-city in Canada with over one million members. Connect with drivers and passengers going the same way and choose the people you carpool with based on profiles, star ratings and connections. Help reduce vehicle emissions, save time and money, and make new friends.\r\n\r\nWhy Poparide?\r\n\r\nFree signup for drivers and passengers\r\nShare the cost of driving\r\nTravel with verified and rated drivers\r\nMeet some great people\r\nPay and get paid for rides online\r\nSay goodbye to awkward exchanges of cash\r\nReduce traffic and emissions",
    "summary": "Join over 1 million people who carpool from city-to-city in Canada. Free signup.",
    "installs": "100,000+",
    "score": 4.5882354,
    "ratings": 6823,
    "price": 0,
    "currency": "EUR",
    "developer": "Poparide",
    "developerEmail": "support@poparide.com",
    "developerWebsite": "https://www.poparide.com",
    "developerAddress": "550 Burrard St Suite 2900, Vancouver, BC V6C 0A3 Canada",
    "privacyPolicy": "https://www.poparide.com/privacy",
    "genre": "Travel & Local",
    "contentRating": "PEGI 3",
    "released": "Oct 14, 2016",
    "lastUpdatedOn": "Apr 15, 2025",
    "appId": "com.hitchplanet.android",
    "permisions": {
        "Location": [
            "approximate location (network-based)",
            "precise location (GPS and network-based)"
        ],
        "Photos/Media/Files": [
            "modify or delete the contents of your USB storage",
            "read the contents of your USB storage"
        ],
        "Storage": [
            "modify or delete the contents of your USB storage",
            "read the contents of your USB storage"
        ],
        "Camera": [
            "take pictures and videos"
        ],
        "Microphone": [
            "record audio"
        ],
        "Other": [
            "control vibration",
            "full network access",
            "prevent device from sleeping",
            "read Google service configuration",
            "run at startup",
            "view network connections"
        ],
        "Uncategorized": [
            "receive data from Internet"
        ]
    }
}