{
    "title": "Train Ticket Booking App",
    "description": "<b>SmartTkt</b> is an all in One App for Travel, Shopping, Entertainment and More. With this app <h2>you can Book Trains Tickets, Check Live Train Status, PNR Status, Train Time Table or Book Flight Tickets, Hotel Rooms, Hire Taxis, Order Online Food or Mobile Recharge or Shop at your favourite apps </h2> and do much more in the same window. \r\n\r\nServices Featured:\r\n\r\n <h2><b>Indian Railway</b> </h2> - Book anTrain Tickets, Check PNR Status or find Where is my Train with Live Train Status, Other services include Taktal ticket booking, Coach Position, Train between stations, Fare and Seat Info, Train Time Table etc.  Get all information for Indian Railway.\r\n\r\n <h2><b>Flights Tickets & Hotel Room Booking</b> </h2> - Search Flights and Find Cheap Hotels from all major apps\r\n\r\n <h2><b>Near By</b> </h2> – Find services near you with our Nearby feature. Find Airport, Petrol Pumps, Hospitals, Medical Stores, Restaurant and other helpful locations located just near you.\r\n\r\n <h2><b>Mobile Recharge & Bill Payments</b> </h2> – Recharge your Mobile phone or pay your bills from your favourite app in the same window.\r\n\r\n <h2><b>Online Food Order</b> </h2> - Order Food from leading food ordering apps.\r\n\r\n <h2><b>News Feed</b> </h2> – Watch or Read latest news and articles from your favourite website.\r\n\r\n <h2><b>Entertainment</b></h2> - Online TV Shows, Movies and your favourite OTT Streaming platforms in one single app.\r\n\r\n <h2><b>Online Shopping</b></h2> – Shop online at your favourite app through SmartTkt and save time and storage in your device.\r\n\r\nIf you want to see your favourite app in SmartTkt app then drop a quick email at smartgirlapps@gmail.com and we will try to add it for you asap.\r\n\r\nFeedback: Please send your suggestions or feedback at smartgirlapps@gmail.com\r\n\r\n<b>Disclaimer</b>: SmartTkt app is not affiliated with <b>IRCTC</b>, <b>NTES</b>, <b>Indian Railways</b>, or any other <b>Government Entity</b>. By using this app, you accept full responsibility for any legal implications or liabilities arising from its use. The content provided in this app is for general information and personal, non-commercial use only. Users are strongly advised to verify all information through official sources.",
    "summary": "Live Train Status, IRCTC Tickets, Flights, Hotels, Cab, find Where is my train",
    "installs": "100,000+",
    "score": null,
    "ratings": null,
    "price": 0,
    "currency": "EUR",
    "developer": "SmartTkt",
    "developerEmail": "smartgirlapps@gmail.com",
    "developerWebsite": null,
    "developerAddress": null,
    "privacyPolicy": "https://smartticketapp-9f2d8.web.app/privacy.html",
    "genre": "Travel & Local",
    "contentRating": "PEGI 3",
    "released": "Oct 15, 2020",
    "lastUpdatedOn": "Dec 14, 2024",
    "appId": "com.smartgirlapp.irctc",
    "permisions": {
        "Location": [
            "approximate location (network-based)",
            "precise location (GPS and network-based)"
        ],
        "Other": [
            "full network access",
            "prevent device from sleeping",
            "view network connections"
        ],
        "Uncategorized": [
            "receive data from Internet"
        ]
    }
}