{
    "title": "Bikemap: Cycling Tracker & GPS",
    "description": "The best route planner for safe cycling with GPS. Discover new bike routes and navigate easily to your destination with the best bike navigator and cycling tracker. Whether you're on a city bike, e-bike or mountain bike, with Bikemap you'll always have a smooth ride through the city and countryside with the help of our turn-by-turn cycling navigation. With millions of cycling routes worldwide, Bikemap offers something for all cyclists.\r\n\r\nDownload the app and turn your smartphone into a cycling tracker, bike GPS, route planner and bike navigation! Also available for Wear OS.\r\n\r\n<b>Your Bike Route Planner, Bike Tracker & GPS</b>\r\n• Personalized route planner, so you always reach your destination safely.\r\n• Search for your location and filter by route length, bicycle type etc. to find the perfect routes for you and your cycling navigation is only a couple clicks away.\r\n• Loop Planner: Improve your cycling experience with customized routes - without time-consuming manual planning.\r\n• You can easily plan your next bicycle tour on your PC via bikemap.net and thanks to the synchronization with the app, you have it directly available on your smartphone.\r\n\r\n<b>Your bike navigator - even without internet</b>\r\n• Always on the right route with the best bike navigator & GPS. On & offline navigation.\r\n• Navigate worldwide - even without internet connection. Simply download the map before your bicycle tour and navigate offline.\r\n• Including an interactive map with important information about your route.\r\n• Longer battery life in offline mode.\r\n\r\n<b>Your bike route collection</b>\r\n• Find the most popular bike routes, bicycle paths and MTB trails near you.\r\n• Discover millions of bike routes, bicycle tours and trails worldwide.\r\n• Whether you're on a city bike, e-bike, road bike or mountain bike - you're guaranteed to find the right route for you in our large collection of cycling routes.\r\n• Share your most beautiful bike routes with the global Bikemap community. This makes cycling even more fun!\r\n\r\n<b>This bike computer & map can do more</b>\r\n• Choose between different map types.\r\n• Thousands of relevant map content for cyclists such as toilets, bike parking, restaurants and water points.\r\n• Find important places (POIs) during your bike ride such as bike repair shops, bicycle parking, e-bike charging stations and many more, so you’ll always find what your need during your next bike ride.\r\n\r\n<b>Your bike tracker, bike GPS & bike computer</b>\r\n• Record your routes on every bike ride and turn your smartphone or tablet into a bike computer and cycling tracker (functioning as speedometer / odometer).\r\n• Try the Wear OS tile to quickly start recording a route and activate the cycling tracker.\r\n• You always have an overview of your current statistics and navigation while cycling. Speed, distance, duration, altitude and your arrival time. Everything you need as a cyclist.\r\n\r\n<b>Even more functions with Bikemap Premium</b>\r\n• Turn-by-turn navigation: Never miss a turn again with voice navigation for all routes. Particularly practical for city bikes.\r\n• Self-Guided navigation: Follow your route based on your location. Perfect for off-road sections.\r\n• Route planner with offline maps: Download maps and routes for offline use, or download all routes as GPX to export.\r\n• Bike type-optimized routing: Optimize the navigation for your city bike, e-bike, road bike or mountain bike. Navigate preferably on cycle paths.\r\n• Special cycling maps: 3D, Night, OpenCycleMap, OpenStreetMap, Satellite, Atlas, Outdoors, Landscape.\r\n• Individual bicycle tracker: Activate the statistics you want to have in view at all times. Personalized and easy as every cyclist has their own needs.\r\n• Route export: Download as many routes and MTB trails as you want as GPX or KML files.\r\n\r\nTest all Bikemap Premium benefits now for free! Take the app on your next bike ride and test it out. Your membership can be managed in the Play Store settings.\r\n\r\nDo you have any questions? Feel free to contact support@bikemap.net anytime.",
    "summary": "Bike navigation and route collection with millions of cycling routes worldwide.",
    "installs": "5,000,000+",
    "score": 4.3129773,
    "ratings": 53941,
    "price": 0,
    "currency": "EUR",
    "developer": "Bikemap GmbH",
    "developerEmail": "support@bikemap.net",
    "developerWebsite": "https://www.bikemap.net/",
    "developerAddress": "Bikemap GmbH\nPostgasse 8b\nAT-1010 Wien",
    "privacyPolicy": "https://www.bikemap.net/en/dataprivacy/",
    "genre": "Maps & Navigation",
    "contentRating": "PEGI 3",
    "released": "Mar 4, 2013",
    "lastUpdatedOn": "Mar 30, 2025",
    "appId": "com.toursprung.bikemap",
    "permisions": {
        "Contacts": [
            "read your contacts"
        ],
        "Location": [
            "approximate location (network-based)",
            "precise location (GPS and network-based)"
        ],
        "Photos/Media/Files": [
            "modify or delete the contents of your USB storage",
            "read the contents of your USB storage"
        ],
        "Storage": [
            "modify or delete the contents of your USB storage",
            "read the contents of your USB storage"
        ],
        "Wi-Fi connection information": [
            "view Wi-Fi connections"
        ],
        "Wearable sensors/Activity data": [
            "body sensors (like heart rate monitors)"
        ],
        "Other": [
            "control vibration",
            "full network access",
            "prevent device from sleeping",
            "reorder running apps",
            "run at startup",
            "view network connections"
        ],
        "Uncategorized": [
            "receive data from Internet"
        ]
    }
}