{
    "title": "Drive lah - Rent & Share Cars",
    "description": "Drive lah is powered by car owners who share their car when they don’t need it. It is there for you when you need more than a one-way trip. It helps you to do your shopping around town for the day, to haul your furniture or to skip town for a few days.\r\n\r\n\r\n\r\nRENT YOUR NEIGHBOUR’S CAR\r\n\r\nEasily access cars nearby. You don’t have to wait for long hours to book a car! Who knows, your neighbour might be one of your hosts. Cars are listed islandwide and you can search for cars which may be within 100m of your location.\r\n\r\n\r\nNOW GET YOUR CAR HOME DELIVERED\r\n\r\nFirst in Singapore! No more travelling to pick up your rental, we bring it to you. Now at a small fee you can opt to get your delivery-enabled rental car delivered and picked-up from your doorstep. With more cars enabling delivery everyday, you will get a wide variety of cars to choose from.\r\n\r\n\r\nAFFORDABLE AND TRANSPARENT PRICING\r\n\r\nDrive lah utilises unused car hours of individual car owners and that makes rentals on Drive lah typically 30-40% affordable than traditional rental companies. Registration and verification are free. We only charge a small fee to provide a fully secured & convenient experience to you including insurance by Tokio Marine Insurance Group.\r\n\r\n\r\nSAFER OPTION TO TAXIS AND RIDE-HAILING\r\n\r\nWe hear you. Recent developments have shed new light on safe distancing and good hygiene practice. Drive lah responds to this by providing a safer space, as privately-owned cars have limited usage and are fully-sanitised. A review system for both renters and hosts also encourages good maintenance and use of the vehicles.\r\n\r\n\r\nCONTACTLESS KEY HANDOVER\r\n\r\nWith our newest Drive lah Go™ technology, hosts provide access for their cars to approved renters directly via their phone instead of physically handing over the keys. Yes, that’s right – hosts using this technology from Drive lah will no longer be needed to be physically present at the time of handover.\r\n\r\n\r\nSHARE YOUR CAR AND EARN INCOME\r\n\r\nReduce car ownership costs by earning hundreds, or even thousands of dollars per month. Rent out your vehicle when it would otherwise be sitting in a driveway or parking spot. Your car gets comprehensive insurance for Drive lah trips as you register it on our platform. Likewise, you’ll help Singaporeans save a lot of time.\r\n\r\n\r\nFULLY VERIFIED AND PERSONAL\r\n\r\nDrive lah is a community built on trust! We make sure that all car owners and renters are legitimate people. Only verified individuals with driver’s licenses may request for car bookings. Everyone’s safety and security is a priority.\r\n\r\n\r\nTOWARD A GREENER CITY\r\n\r\nWe want to work towards a future with one million fewer cars on the road, and cities with more green space than parking lots. To achieve this we believe in the power of sharing, and that starts with you.\r\n\r\n\r\nApproved by the Land Transport Authority (LTA).\r\n\r\n\r\nTo start saving and sharing, download now.",
    "summary": "Singapore's only & fastest growing peer to peer car sharing platform",
    "installs": "50,000+",
    "score": null,
    "ratings": null,
    "price": 0,
    "currency": "EUR",
    "developer": "Drive lah",
    "developerEmail": "support@drivelah.sg",
    "developerWebsite": "https://www.drivelah.sg/",
    "developerAddress": null,
    "privacyPolicy": "https://www.drivelah.sg/privacy-policy",
    "genre": "Travel & Local",
    "contentRating": "PEGI 3",
    "released": "May 21, 2021",
    "lastUpdatedOn": "Mar 17, 2025",
    "appId": "com.drivelah.drivelah",
    "permisions": {
        "Location": [
            "approximate location (network-based)",
            "precise location (GPS and network-based)"
        ],
        "Photos/Media/Files": [
            "modify or delete the contents of your USB storage",
            "read the contents of your USB storage"
        ],
        "Storage": [
            "modify or delete the contents of your USB storage",
            "read the contents of your USB storage"
        ],
        "Camera": [
            "take pictures and videos"
        ],
        "Microphone": [
            "record audio"
        ],
        "Wi-Fi connection information": [
            "view Wi-Fi connections"
        ],
        "Other": [
            "Google Play license check",
            "access Bluetooth settings",
            "control Near Field Communication",
            "control vibration",
            "full network access",
            "pair with Bluetooth devices",
            "prevent device from sleeping",
            "run at startup",
            "view network connections"
        ],
        "Uncategorized": [
            "download files without notification",
            "receive data from Internet"
        ]
    }
}