{
    "title": "TrainSplit - Split Ticketing",
    "description": "By simply splitting your train journey across two or more train tickets, you can save money on your next trip.\r\n\r\nThousands of people are now enjoying affordable train travel thanks to TrainSplit.\r\n\r\n<b>Features:</b>\r\n<ul>\r\n<li>Search - for cheap train tickets today. TrainSplit’s intelligent algorithm searches the National Rail’s vast and ever changing database offering you the cheapest travel options provided by Split Ticketing.</li>\r\n<li>Book - your tickets for extreme savings. Once TrainSplit’s impressive search engine has found you the most affordable travel plan, get booking and get travelling.\r\n</li><li>Live times - view live arrivals and departures at any National Rail station in the UK.</li>\r\n<li>E-Tickets - We offer E-Tickets for all supported routes and store them for you in the app once you’ve booked. Same great savings, much less paper.</li>\r\n<li>Account - Save your details to speed up future bookings.</li>\r\n<li>Review - Take a look at your previous bookings and check the details of your future journeys.</li>\r\n</ul>\r\n\r\n\r\n\r\n<b>How does it work?</b>\r\nWith our app it’s quick and easy. Imagine for a moment travelling from Birmingham to Leeds:\r\n<ul>\r\n<li>A return ticket costs £75.50*.</li>\r\n<li>With TrainSplit you can buy a train ticket from Birmingham to Derby, another from Derby to Sheffield and finally one from Sheffield to Leeds, all for just £49.30.</li></ul>\r\n<li>A remarkable saving of £25.80!</li>\r\n\r\n\r\n\r\n\r\n<b>What do I need to do?</b>\r\n<ul>\r\n<li>Using TrainSplit is as speedy and simple as using any other train booking system.</li>\r\n<li>Simply enter your journey plan and TrainSplit does the rest.</li>\r\n<li>Our powerful search engine will find you the cheapest options available ready for you to make your booking.</li>\r\n<li>Eligible for a National Railcard? Get your own inside the app in less than 2 minutes to benefit from even more savings on your travel. What's more is that we can automatically renew it for you. That's one less thing to worry about.</li>\r\n</ul>\r\n\r\n\r\n\r\n<b>Will I have to get on and off the train?</b>\r\n<ul>\r\n<li>Make yourself comfortable and enjoy the journey. Though you’ll have multiple tickets, you can stay onboard</li>\r\n<li>If you have reserved seats, you may need to swap to another seat during your journey, unless you use our Seat Selector to reserve the same seat(s) throughout</li>\r\n</ul>\r\n\r\n\r\n\r\nSplit Ticketing is approved under the National Rail conditions of carriage. For more information visit: https://trainsplit.com\r\n\r\n*All fares quoted are Off-Peak (returning the same day) and accurate as of July 2023. Saving at peak times can be even greater.",
    "summary": "TrainSplit is the easy way to make your train travel up to 40% cheaper",
    "installs": "100,000+",
    "score": 0,
    "ratings": 0,
    "price": 0,
    "currency": "EUR",
    "developer": "Raileasy",
    "developerEmail": "customer.support@trainsplit.com",
    "developerWebsite": "https://www.trainsplit.com",
    "developerAddress": null,
    "privacyPolicy": "https://trainsplit.com/privacy.aspx",
    "genre": "Travel & Local",
    "contentRating": "PEGI 3",
    "released": "Sep 15, 2021",
    "lastUpdatedOn": "May 2, 2025",
    "appId": "com.trainsplit.trainsplit",
    "permisions": {
        "Location": [
            "approximate location (network-based)",
            "precise location (GPS and network-based)"
        ],
        "Photos/Media/Files": [
            "modify or delete the contents of your USB storage",
            "read the contents of your USB storage"
        ],
        "Storage": [
            "modify or delete the contents of your USB storage",
            "read the contents of your USB storage"
        ],
        "Other": [
            "full network access",
            "prevent device from sleeping",
            "read Google service configuration",
            "reorder running apps",
            "run at startup",
            "view network connections"
        ],
        "Uncategorized": [
            "receive data from Internet"
        ]
    }
}