{
    "title": "Super Escooter",
    "description": "super escooter app is an app for the s1-a devices to easily control the scooter and setting the params of s1-a scooters",
    "summary": "super escooter for s1-A scooter device",
    "installs": "10,000+",
    "score": null,
    "ratings": null,
    "price": 0,
    "currency": "EUR",
    "developer": "bin guo",
    "developerEmail": "support@superfunebike.com",
    "developerWebsite": null,
    "developerAddress": null,
    "privacyPolicy": "https://www.bluetoothelock.top/info/privacy_policyEn.html",
    "genre": "Tools",
    "contentRating": "PEGI 3",
    "released": "Sep 5, 2023",
    "lastUpdatedOn": "Dec 26, 2024",
    "appId": "com.jyd.lcxescooters",
    "permisions": {
        "Location": [
            "access extra location provider commands",
            "approximate location (network-based)",
            "precise location (GPS and network-based)"
        ],
        "Photos/Media/Files": [
            "modify or delete the contents of your USB storage",
            "read the contents of your USB storage"
        ],
        "Storage": [
            "modify or delete the contents of your USB storage",
            "read the contents of your USB storage"
        ],
        "Camera": [
            "take pictures and videos"
        ],
        "Wi-Fi connection information": [
            "view Wi-Fi connections"
        ],
        "Other": [
            "access Bluetooth settings",
            "connect and disconnect from Wi-Fi",
            "control flashlight",
            "control vibration",
            "full network access",
            "pair with Bluetooth devices",
            "prevent device from sleeping",
            "reorder running apps",
            "view network connections"
        ]
    }
}