{
    "title": "Moovl: travel by carpool",
    "description": "Your Next Journey Starts Here\r\n\r\nMoovl is the innovative carpooling app that facilitates ride-sharing for drivers, passengers, and travelers of all kinds. Our application lets drivers share their trips and empty seats with potential riders, making the journey easier, more affordable, and sustainable for everyone.\r\n\r\nWhether you're a student heading to class or a traveler exploring new destinations, Moovl provides a reliable and convenient transportation solution. Our app is available on both iOS and Android platforms, and it is free to download. Moovl is easy to use, and our cutting-edge technology is designed to connect passengers and drivers in real-time, creating an instant carpooling community.\r\n\r\nMoovl is a green solution to transportation, reducing the number of vehicles on the road and minimizing CO2 emissions. At the same time, it decreases traffic, increases parking options, saves money on petrol and vehicle maintenance for both drivers and passengers. Let's take a deep dive into three of the most prominent features that Moovl offers:\r\n\r\nThe Greener Way to Travel\r\n\r\nMoovl is dedicated to making the world a cleaner, greener place to live. Our app offers a sustainable alternative to driving alone, making it an ideal choice for those who want to reduce their carbon footprint. Sharing a ride is an eco-friendly way of commuting because it reduces the number of cars on the road, which amounts to less congestion and fewer emissions.\r\n\r\nOur platform increases accessible and affordable transportation options, making it convenient for people to travel sustainably, even without their own vehicles. Moovl supports the creation of a more sustainable future, and we are committed to reducing our collective carbon footprint one ride at a time.\r\n\r\nAffordable Transportation for Everyone\r\n\r\nAt Moovl, our vision is to make transportation more accessible and affordable for everyone. By facilitating ride-sharing, riders can save money on transportation costs, allowing them to allocate their budget to other important expenses. Similarly, drivers can earn money by selling their empty seats to riders going the same way.\r\n\r\nOur application offers a fair and convenient payment system, giving riders and drivers both the flexibility to choose when and how to pay. Moovl aims to provide a stress-free and cost-effective way of traveling for everyone. Download our app and discover how much you can save on your daily commutes or exciting adventures.\r\n\r\nA Community of Like-Minded Riders and Drivers\r\n\r\nMoovl creates a community of passengers and drivers that share similar interests and travel preferences. This feature allows users to make direct conversations with each other to coordinate their travel and even share valuable tips and recommendations.\r\n\r\nOn the other hand, riders get access to verified driver profiles, rating scores, and reviews of other passengers. As a result, passengers can choose the most comfortable trip based on their needs, ensuring a safe and enjoyable journey. Our community focuses on safe, secure, and reliable rides through our driver screening and rating systems.\r\n\r\nJoin Moovl and start a new carpooling lifestyle that is sustainable, convenient, and above all, cost-effective. Our app is simple to use and has the power to transform your daily commuting experience or enhance your travel adventures.",
    "summary": "Moovl: Carpool for sustainable, affordable and smart commutes.",
    "installs": "5,000+",
    "score": 5,
    "ratings": 11,
    "price": 0,
    "currency": "EUR",
    "developer": "Moovl",
    "developerEmail": "help@moovl.com.au",
    "developerWebsite": "https://moovl.com.au",
    "developerAddress": null,
    "privacyPolicy": "https://moovl.com.au/privacy",
    "genre": "Travel & Local",
    "contentRating": "PEGI 3",
    "released": "May 31, 2023",
    "lastUpdatedOn": "Jul 26, 2024",
    "appId": "au.com.moovl.app",
    "permisions": {
        "Location": [
            "approximate location (network-based)"
        ],
        "Other": [
            "control vibration",
            "full network access",
            "prevent device from sleeping",
            "run at startup",
            "view network connections"
        ],
        "Uncategorized": [
            "receive data from Internet"
        ]
    }
}