{
    "title": "Witick - Tram Bus Boat Tickets",
    "description": "Discover Witick, your smart mobile traveling app! Witick simplifies your bus, tramway and river shuttle transportation ticket purchase on the Le Havre (LiA), Brive-la-Gaillarde (Libéo) and Iles aux Moines (Izenah Croisières) networks. \r\n\r\nBuy, scan, check and easily manage all your public transportation tickets from the app, on your smartphone.\r\nBuy digital LiA tickets in one-click\r\nPurchase tickets for several passengers on a single phone\r\nView the remaining time you have left on your ticket\r\nCheck your LiA/Libéo/Izenah transportation credits\r\nScan and validate your bus, tram and Bat³ river shuttle tickets via Bluetooth\r\n\r\nWhy should you choose Witick?\r\nThe app eases your public transportation ticket purchase in Le Havre (LiA), Brive (Libéo) and l’Ile aux Moines (Izenah Croisières):\r\n\r\nYOUR TRANSPORTATION TICKETS (BUS, TRAM) IN ONE PLACE:\r\nYou don’t have to worry about losing your tickets anymore, your phone is all you need. Book on the app and manage all your bookings from your smartphone.\r\n\r\nMORE SERENITY & MORE SAFETY:\r\nWhether for the bus, the tramway or the river shuttles, you no longer need to exchange cash or use your credit card in public. \r\n\r\nUNNECESSARY CONTACTS AVOIDED:\r\nBy purchasing your public transport tickets directly from your phone, you no longer exchange cash, no longer obtain ticket books and no longer enter your credit card code. Your journeys become simple, hygienic, practical and eco-friendly.\r\n\r\nEASY GROUP TRAVEL: \r\nWith Witick you can easily travel in groups on the Libéo Brive LiA Le Havre, île aux Moines Izenah Croisières networks! You can use one single smartphone to book the group’s tickets and travel all together; ideal for friends running out of battery, loved ones unfamiliar with technology and kids travelling with you.\r\n\r\nNO MORE WAITING LINES:\r\nSay goodbye to waiting lines thanks to Witick! You no longer have to stand in line to buy your ticket as you get it directly on your smartphone. \r\n\r\nCONTACTLESS TICKET VALIDATION:\r\nWitick detects buses and trams nearby with Bluetooth! To validate your ticket, you just need to scan your smartphone on the validator. \r\n\r\nTICKET VALIDITY DURATION FINALLY VISIBLE: \r\nOn Witick you can check your ongoing transportation tickets and how much time you have left to make a connection. Take full advantage of your LiA Le Havre or Libéo Brive tickets and optimize the time of use. \r\n\r\nWitick, how does it work?\r\nBuying and validating your LiA Le Havre, Libéo Brive, Izenah Croisière île aux Moines tickets is easy: \r\nDownload the app, and open Witick\r\nCreate an account or if you have already registered, connect with your email address\r\nChoose your network: LiA Le Havre, Libéo Brive or Izenah Croisières\r\nEnter the number of tickets you want to purchase \r\nSelect the number of passengers traveling with you\r\nActivate the bluetooth on your phone\r\nScan your digital ticket on the validator\r\nIn case of control, present the digital ticket on your app and mobile\r\n\r\nFor what transportation networks can I use Witick?\r\nLiA Le Havre : Tram and bus.\r\nLibéo Brive : Bus.\r\nIle aux Moines transportation shuttles (Izenah Croisières): adult with or without bike and child with or without bike \r\n\r\nNeed support? A question, remark or idea? Don’t hesitate to contact us at hello@witick.io!",
    "summary": "Convenient travel thanks to digital tram, bus & boat tickets",
    "installs": "100,000+",
    "score": 4.4753084,
    "ratings": 8807,
    "price": 0,
    "currency": "EUR",
    "developer": "Myzee Technology",
    "developerEmail": "hello@witick.io",
    "developerWebsite": "https://witick.io",
    "developerAddress": null,
    "privacyPolicy": "https://www.witick.io/legal/privacy-policy?inApp",
    "genre": "Travel & Local",
    "contentRating": "PEGI 3",
    "released": "Feb 3, 2019",
    "lastUpdatedOn": "May 30, 2024",
    "appId": "com.myzee.witick",
    "permisions": {
        "Location": [
            "approximate location (network-based)",
            "precise location (GPS and network-based)"
        ],
        "Photos/Media/Files": [
            "modify or delete the contents of your USB storage",
            "read the contents of your USB storage"
        ],
        "Storage": [
            "modify or delete the contents of your USB storage",
            "read the contents of your USB storage"
        ],
        "Wi-Fi connection information": [
            "view Wi-Fi connections"
        ],
        "Other": [
            "access Bluetooth settings",
            "control vibration",
            "full network access",
            "pair with Bluetooth devices",
            "prevent device from sleeping",
            "run at startup",
            "view network connections"
        ],
        "Uncategorized": [
            "receive data from Internet"
        ]
    }
}