{
    "title": "Delhi Metro Map (Offline)",
    "description": "Offline line maps for Delhi public transport. It includes a complete set of offline maps for metro, suburban rail, railway and airport express line from the official sources.\r\n\r\nNo internet connection required.\r\n\r\nYou can zoom in, zoom out, scroll around. Quick, easy, and there when you need it!\r\n\r\nThis app is excellent for visitors to Delhi and longtime residents alike.\r\n\r\nLine maps included in the app:\r\n- Metro\r\n- Suburban rail\r\n- Railway\r\n- Airport express line\r\n- Subway, Metro, and Underground maps\r\n\r\nSupport indie developers! If you have any problems or feedback, please send an email. Thank you!",
    "summary": "Offline metro maps for Delhi. Line maps for metro and suburban rail",
    "installs": "100,000+",
    "score": 0,
    "ratings": 0,
    "price": 0,
    "currency": "EUR",
    "developer": "Apptastic Software",
    "developerEmail": "apptastic.software@gmail.com",
    "developerWebsite": "https://apptastic-software.github.io",
    "developerAddress": null,
    "privacyPolicy": "https://apptastic-software.github.io/app/delhi-metro-map/privacy_policy.html",
    "genre": "Maps & Navigation",
    "contentRating": "PEGI 3",
    "released": "Dec 31, 2019",
    "lastUpdatedOn": "Apr 13, 2025",
    "appId": "com.apptastic.delhimetromap",
    "permisions": {
        "Other": [
            "full network access",
            "prevent device from sleeping",
            "view network connections"
        ]
    }
}