{
    "title": "Enterprise CarShare",
    "description": "Enterprise CarShare is a membership-based car-sharing program that allows you to rent a vehicle when you need it - by the hour, day or overnight.\r\n\r\nIn order to use the app, you will need to be an Enterprise CarShare member.\r\n\r\nNot a member?\r\nVisit us at http://www.enterprisecarshare.com/join to apply.\r\n\r\nLogged-In Member Features\r\n- Use your current location to find Enterprise CarShare vehicles in your area\r\n- Create, modify, and cancel reservations\r\n- View upcoming and current reservations\r\n- Extend your reservation while on rent\r\n- If you need to submit a fuel receipt, take a photo and email it from within the app\r\n- Contact our 24/7 member service support",
    "summary": "Enterprise CarShare is a membership-based car-sharing program.",
    "installs": "100,000+",
    "score": null,
    "ratings": null,
    "price": 0,
    "currency": "EUR",
    "developer": "EAN Services, LLC",
    "developerEmail": "info@enterprisecarshare.com",
    "developerWebsite": "http://www.enterprisecarshare.com",
    "developerAddress": "600 Corporate Park Dr., St. Louis, MO 63105",
    "privacyPolicy": "https://privacy.ehi.com/en-us/home.html",
    "genre": "Maps & Navigation",
    "contentRating": "PEGI 3",
    "released": "Nov 15, 2021",
    "lastUpdatedOn": "May 2, 2025",
    "appId": "com.ehi.csma",
    "permisions": {
        "Location": [
            "approximate location (network-based)",
            "precise location (GPS and network-based)"
        ],
        "Phone": [
            "read phone status and identity"
        ],
        "Photos/Media/Files": [
            "read the contents of your USB storage"
        ],
        "Storage": [
            "read the contents of your USB storage"
        ],
        "Camera": [
            "take pictures and videos"
        ],
        "Wi-Fi connection information": [
            "view Wi-Fi connections"
        ],
        "Device ID & call information": [
            "read phone status and identity"
        ],
        "Other": [
            "access Bluetooth settings",
            "full network access",
            "pair with Bluetooth devices",
            "prevent device from sleeping",
            "run at startup",
            "view network connections"
        ],
        "Uncategorized": [
            "receive data from Internet"
        ]
    }
}