{
    "title": "Maplocs: Bike Route Planner",
    "description": "Are you looking for an app which can find you the best routes to go cycling on and the best time to go at? Then this is it! If you love cycling and enjoy going on long rides with beautiful weather then Maplocs is the app for you. \r\n\r\nWith Maplocs you can create the best routes to go on and explore different places around you or plan a long weekend ride. The app will not only help you find the best routes but also help you see the elevation, if its going to rain, how much wind is along the way or just how many hills are on it and how hard the route will be. Sounds amazing? Yes it is! \r\n\r\n<b>FEATURES AT A GLANCE -</b>\r\n\r\n🚴 Build routes for <b>road bikes</b>, mountain bikes, city bikes and cars\r\n🚴 See elevation of entire route and in detail of each point or of part of a route\r\n🚴 Powerful route editing with undo, close loop, add-in-between, reverse route, drag-and-drop to change and more\r\n🚴 See <b>weather along the route</b>. Wind, rain and temperature. \r\n🚴 Explore <b>hills on the route</b>. Hills are color coded with how difficult they are on the map and on the graph.\r\n🚴 Google Maps, Open Street maps and Open Cycle Maps\r\n🚴 Map customisation - show or hide markers, area names, street names, bus and railway stations\r\n🚴 Show traffic - you can toggle live updated traffic data from Google on the map itself. \r\n🚴 Send route to <b>Garmin, Wahoo</b> with a click.\r\n🚴 Get <b>routes from Strava</b> and Ride-With-Gps.\r\n🚴 Share route picture.\r\n🚴 Lock and duplicate routes\r\n🚴 <b>Backup your routes</b> to Google Drive\r\n🚴 Sync routes between all your devices\r\n🚴 Save places for easy access in lists and show entire lists on your map. \r\n🚴 Powerful place search from Google & OpenStreetMaps.\r\n🚴 Out riding, follow your routes easily and never get lost.\r\n\r\n\r\n<b>POWERFUL ROUTE EDITING FEATURES</b>\r\n\r\nWe have designed the best route planning app for cycling. We built many features into Maplocs which makes editing a route very easy while keeping the app simple and very easy to use -\r\n \r\n⚙️ Add points in between\r\n⚙️ Delete points\r\n⚙️ Close a route loop\r\n⚙️ Shortest or fastest routing\r\n⚙️ Long press and drag a point\r\n⚙️ Reverse a route\r\n⚙️ Duplicate a route\r\n⚙️ Draw off-path routes\r\n\r\n\r\n<b> WE LOVE HILLS BUT WE ALSO HATE HILLS </b>\r\n\r\nDon't you just love the challenge of climbing a hill? We do too! Not only can you see total climb and decent, but also see the elevation and gradient at each point and sections of a route. Maplocs has complex algorithms which find all the hills on a route and colors codes based on difficulty. Hills are categorised from Cat 4, 3, 2, 1 to HC (Hors Categorie). Cat 4 is an easy climb while HC is a very very tough climb. We build this so that you know exactly whats on your route and are well prepared for it.\r\n\r\n<b>BEAUTIFUL CYCLING MAPS</b>\r\n\r\nWhat is route planning without amazing maps. We have Google Maps, Open Street Maps and <b>Open Cycle Maps</b>. There is no comparison to Google Maps when it comes to roads accuracy and places data. But there is nothing better than Open Cycle Maps for cycling routes and pathways around the world. We have them both! Additionally we also have satellite, terrain and specially designed dark and retro maps.\r\n\r\n<b> UNLOCK THE POWER OF GPX</b>\r\n\r\nWe have embraced the GPX standard to create and share routes. You can export routes in GPX to be used in Garmins, Wahoos and many other devices. Also, you can import GPX files which will enable you to plan and navigate routes received in GPX from your friends, Strava or other websites like Komoot, RideWithGPS or MapMyRide.\r\n\r\n<b> YOUR ROUTES ALWAYS WITH YOU</b>\r\n\r\nDoesn't matter if you're bike touring in Europe, crossing the Hardknott Pass in UK or cycling the great MTB Divide across USA, your routes will always be available to you in the app offline. Also, never worry about losing your routes and back them up with Google Drive and even sync between all your devices. \r\n\r\n\r\nYou have questions? Contact us via maplocs@gmail.com anytime and we’ll get back to you as soon as possible.",
    "summary": "Discover safe bike routes with weather & elevation. Navigate your cycling rides.",
    "installs": "100,000+",
    "score": 4.35,
    "ratings": 1603,
    "price": 0,
    "currency": "EUR",
    "developer": "Pedal Rhythm",
    "developerEmail": "maplocs@gmail.com",
    "developerWebsite": null,
    "developerAddress": "Pedal Rhythm Technologies LLP,\nSuite 392, 15 A, 4th Floor, A Building, City Vista,\nFountain Road, Kharadi, Pune, Maharashtra - 411014, India",
    "privacyPolicy": "https://maplocs.app/privacypolicy/",
    "genre": "Maps & Navigation",
    "contentRating": "PEGI 3",
    "released": "Jan 27, 2016",
    "lastUpdatedOn": "Jan 22, 2025",
    "appId": "abhiank.maplocs",
    "permisions": {
        "Location": [
            "approximate location (network-based)",
            "precise location (GPS and network-based)"
        ],
        "Photos/Media/Files": [
            "read the contents of your USB storage"
        ],
        "Storage": [
            "read the contents of your USB storage"
        ],
        "Wi-Fi connection information": [
            "view Wi-Fi connections"
        ],
        "Other": [
            "full network access",
            "prevent device from sleeping",
            "run at startup",
            "view network connections"
        ],
        "Uncategorized": [
            "receive data from Internet"
        ]
    }
}