{
    "title": "Kurviger Motorcycle Navigation",
    "description": "Discover the curviest motorcycle routes and experience beautiful tours with Kurviger's individual route planning. Simply follow your route with the voice-guided navigation. Extend your tour with lots of motorcycle-friendly destinations such as hotels, bikers' clubs and petrol stations. Turn your motorcycle tour into an unforgettable experience. That and much more - with Kurviger!\r\n\r\n<h2><b>The highlights of Kurviger:</b></h2>\r\n★ Curvy route planning with individual customizability\r\n★ Voice-guided navigation and offline maps\r\n★ Track your ride and store them in the Kurviger cloud\r\n★ Generate exciting round trips\r\n★ Transfer your routes in many formats\r\n★ Kurviger Cloud synchronization\r\n★ Many motorcycle-friendly POIs\r\n★ Navigation with Android Auto\r\n\r\n<h2><b>📍 Curvy route planning - route planning made easy:</b></h2>\r\n- Plan your individual motorcycle route and customize it to your preferences. Set a starting point and your destination, Kurviger connects the points with the most beautiful roads and scenic passes.\r\n- Add any number of intermediate destinations to your route to customize your tour.\r\n- Adjust the curviness of your route or exclude certain road types such as highways or toll roads.\r\n- Find out important information about your route in advance, such as road closures or unpaved roads.\r\n\r\n<h2><b>🔉 Voice-guided navigation - available everywhere:</b></h2>\r\n- Kurviger offers you voice-guided navigation that leads you safely and reliably to your destination - anywhere in the world!\r\n- Use offline maps and manage them easily in Kurviger's practical offline map manager so that even a dead zone can't stop you.\r\n- Record your journey and save all your trips in the Kurviger Cloud.\r\n\r\n<h2><b>📁Route transfer - easier than ever before:</b></h2>\r\n- Load routes from a variety of sources supported including .gpx and .itn files.\r\n- Easily share your route with your friends or transfer your route to your navigation device using many different formats including .gpx, .itn and .kml.\r\n\r\n<h2><b>☁️ Discover the Kurviger Cloud - your routes always safely stored:</b></h2>\r\n- You have the option to also plan your route on the Kurviger website and save it in the Kurviger Cloud.\r\n- Your route is securely stored in the Kurviger Cloud and you can open it from any device - without any external tools!\r\n\r\n\r\n<h2><b>🏍️ POIs - Discover motorcycle-friendly destinations:</b></h2>\r\n- A beautiful tour becomes a perfect tour with beautiful stops: With Kurviger\r\nyou can add breathtaking viewpoints, inviting biker hangouts, selected motorcycle hotels and much more to your route.\r\n- Integrate other useful POIs, such as petrol stations and garages, into your route.\r\n- Be inspired by exciting tour suggestions.\r\n\r\n<h2><b>⭐️Kurviger Tourer and Tourer+ - The ultimate experience:</b></h2>\r\nWith our premium options, Kurviger Tourer and Tourer+, we offer the opportunity to take your experience with Kurviger to a whole new level! With Tourer+ you get access to all premium features, such as offline maps and of course our voice-guided navigation.\r\n\r\nBecome part of the community and make your next motorcycle tour a great experience with Kurviger.\r\n\r\nLinks:\r\n<a href=\"https://www.google.com/url?q=https%3A%2F%2Fkurviger.com%2Fen&sa=D&sntz=1&usg=AOvVaw1es8EqhKnKu--WMGuMB-gt\">Website - https://kurviger.com/en</a>\r\n<a href=\"https://www.google.com/url?q=https%3A%2F%2Fdocs.kurviger.com&sa=D&sntz=1&usg=AOvVaw1pcco9quRJnyVROtvd-UCX\">Documentation - https://docs.kurviger.com</a>\r\n<a href=\"https://www.google.com/url?q=https%3A%2F%2Fforum.kurviger.com&sa=D&sntz=1&usg=AOvVaw0hWa3aHyj0fPLxDeNFiLih\">Forum - https://forum.kurviger.com</a>",
    "summary": "Plan, ride and record curvy motorcycle tours including GPS and offline usage.",
    "installs": "100,000+",
    "score": 4.57,
    "ratings": 4007,
    "price": 0,
    "currency": "EUR",
    "developer": "Kurviger GmbH",
    "developerEmail": "android-support@kurviger.com",
    "developerWebsite": "https://kurviger.com/",
    "developerAddress": null,
    "privacyPolicy": "https://kurviger.com/privacy",
    "genre": "Maps & Navigation",
    "contentRating": "PEGI 3",
    "released": "Sep 1, 2023",
    "lastUpdatedOn": "Apr 15, 2025",
    "appId": "com.kurviger.app",
    "permisions": {
        "Location": [
            "approximate location (network-based)",
            "precise location (GPS and network-based)"
        ],
        "Wi-Fi connection information": [
            "view Wi-Fi connections"
        ],
        "Other": [
            "full network access",
            "read Google service configuration",
            "view network connections"
        ]
    }
}