{
    "title": "Flightradar24 Flight Tracker",
    "description": "The world's most popular flight tracker - #1 Travel app in over 150 countries. \r\n\r\nTurn your phone or tablet into a live plane tracker and see flights around the world move in real-time on a detailed map. Or point your device at a airplane to find out where it’s going and what kind of aircraft it is. Download for free today and discover why millions track flights and check their flight status with Flightradar24. \r\n\r\n<b>Favorite features </b>\r\n- Watch aircraft move around the world in real-time\r\n- Identify flights overhead & see flight information—including a photo of the actual airplane —by pointing your device at the sky \r\n- See what the pilot of an aircraft sees in 3D\r\n- View a flight in 3D and see hundreds of airline liveries\r\n- Tap on a plane for flight details such as route, estimated time of arrival, actual time of departure, aircraft type, speed, altitude, high-resolution photos of the actual aircraft & more\r\n- See historical data & watch playback of past flights\r\n- Tap on an airport icon for arrivals & departures, flight status, aircraft on the ground, current delays, & detailed weather conditions\r\n- Search for individual flights using flight number, airport, or airline\r\n- Filter flights by airline, aircraft, altitude, speed, & more\r\n- With Wear OS you can view a list of nearby aircraft, see basic flight information and view the aircraft on the map when you tap on it\r\n\r\nFlightradar24 is a free flight tracker app and includes all the above features. If you want even more great features from Flightradar24 there are two upgrade options—Silver & Gold—and each comes with a free trial.\r\n \r\n<b>Flightradar24 Silver</b>\r\n- 90 days of flight tracking history\r\n- More aircraft details, like serial number & age\r\n- More flight details, like vertical speed & squawk\r\n- Filters and alerts to find and track flights you’re interested in\r\n- Current weather at 3,000+ airports overlaid on the map\r\n \r\n<b>Flightradar24 Gold</b>\r\n- All the features included in Flightradar24 Silver +\r\n- 365 days of flight history\r\n- Detailed live map weather layers for clouds & precipitation\r\n- Aeronautical charts & oceanic tracks showing the pathways flights follow across the sky\r\n- Air traffic control (ATC) boundaries that show which controllers are responsible for a flight\r\n- Extended Mode S data—even more information about a flight’s altitude, speed, and wind & temperature conditions during flight, when available\r\n \r\nSilver and Gold upgrade prices are listed in the app as they vary depending on your country and currency. If you choose to upgrade, subscriptions will be charged to the payment method used for your Google account. Your subscription will automatically renew unless cancelled at least 24 hours before the end of the current period. You manage your subscription through your Google Play Account Settings.\r\n\r\n<b>How it works</b>\r\nMost aircraft today are equipped with ADS-B transponders that transmit positional data. Flightradar24 has a rapidly growing network of over 50,000 ground stations around the world to receive this data that then shows up as aircraft moving on a map in the app. In an expanding number of regions, with the help of multilateration, we’re able to calculate the positions of aircraft that don’t have ADS-B transponders. Coverage in North America is also supplemented by real-time radar data. Coverage is variable and subject to change at any time.\r\n\r\n<b>Connect with Flightradar24</b>\r\nWe love getting feedback on FR24. Since we’re unable to respond directly to reviews, contact us directly and we’ll be happy to assist.\r\nEmail (support@fr24.com)\r\nX (@Flightradar24)\r\nFacebook (@Flightradar24)\r\nYouTube (@Flightradar24DotCom)\r\n\r\n<b>Disclaimer</b>\r\nThe use of this app is strictly limited to entertainment purposes. This specifically excludes activities that might endanger yourself or the lives of others. Under no circumstances will the developer of this app be held responsible for incidents resulting from the use of the data or its interpretation or its use contrary to this agreement.",
    "summary": "Track airplanes and follow flights with our real-time flight tracker",
    "installs": "50,000,000+",
    "score": 4.7007065,
    "ratings": 600211,
    "price": 0,
    "currency": "EUR",
    "developer": "Flightradar24 AB",
    "developerEmail": "support@fr24.com",
    "developerWebsite": "https://www.flightradar24.com",
    "developerAddress": "Kungsgatan 12-14\n11138 Stockholm\nSweden",
    "privacyPolicy": "http://www.flightradar24.com/privacy-policy",
    "genre": "Travel & Local",
    "contentRating": "PEGI 3",
    "released": "Sep 15, 2010",
    "lastUpdatedOn": "Apr 4, 2025",
    "appId": "com.flightradar24free",
    "permisions": {
        "Location": [
            "approximate location (network-based)",
            "precise location (GPS and network-based)"
        ],
        "Photos/Media/Files": [
            "modify or delete the contents of your USB storage",
            "read the contents of your USB storage"
        ],
        "Storage": [
            "modify or delete the contents of your USB storage",
            "read the contents of your USB storage"
        ],
        "Camera": [
            "take pictures and videos"
        ],
        "Wi-Fi connection information": [
            "view Wi-Fi connections"
        ],
        "Other": [
            "connect and disconnect from Wi-Fi",
            "control vibration",
            "full network access",
            "prevent device from sleeping",
            "read Google service configuration",
            "run at startup",
            "view network connections"
        ],
        "Uncategorized": [
            "receive data from Internet"
        ]
    }
}