{
    "title": "CentraCare Wayfinding",
    "description": "CentraCare’s wayfinding app is our digital navigation tool that offers driving directions and turn-by-turn walking directions to your desired destinations across the St. Cloud Hospital campus.\r\n\r\nFrom parking ramps to any location within the hospital, CentraCare’s wayfinding app includes a robust directory and search bar making it easy to find your way to your appointment, to a patient room or your way back to your car.  \r\n\r\nEnjoy the benefits of GPS-like navigation at your fingertips as blue dot path routing guides you where you need to go and gets you back on track if you make a wrong turn.\r\n\r\nUse the app for driving directions to parking ramps at the hospital, save your parking location, share your location with others and save your repeat destinations for better wayfinding every time.\r\n \r\nCentraCare’s wayfinding app:  \r\n•Detects your starting position and places you on a path to your selected destination\r\n•Uses blue dots to represent your position while you navigate the hospital\r\n•Prompts you to re-reroute when you deviate from the path\r\n•Alerts you for upcoming turns while navigating\r\n•Allows you to share your location with friends and family so they can easily find you anywhere in the hospital\r\n•Gets you easily back to your car by saving your parking location\r\n•Allows you to save your location to your favorites so you can quickly find the route to your repeat destinations\r\n•Asks you to report incidents and rate directions to improve the app",
    "summary": "Turn-by-Turn Navigation at St. Cloud Hospital",
    "installs": "1,000+",
    "score": null,
    "ratings": null,
    "price": 0,
    "currency": "EUR",
    "developer": "CentraCare",
    "developerEmail": "Wayfinding@centracare.com",
    "developerWebsite": null,
    "developerAddress": "1406 6th Ave N\nSaint Cloud, MN 56303",
    "privacyPolicy": "https://www.centracare.com/wayfinding/privacy-notice/",
    "genre": "Maps & Navigation",
    "contentRating": "PEGI 3",
    "released": "Nov 10, 2022",
    "lastUpdatedOn": "Apr 13, 2025",
    "appId": "com.purple.centracare",
    "permisions": {
        "Calendar": [
            "add or modify calendar events and send email to guests without owners' knowledge",
            "read calendar events plus confidential information"
        ],
        "Location": [
            "approximate location (network-based)",
            "precise location (GPS and network-based)"
        ],
        "Camera": [
            "take pictures and videos"
        ],
        "Microphone": [
            "record audio"
        ],
        "Wi-Fi connection information": [
            "view Wi-Fi connections"
        ],
        "Other": [
            "access Bluetooth settings",
            "change your audio settings",
            "connect and disconnect from Wi-Fi",
            "control vibration",
            "full network access",
            "pair with Bluetooth devices",
            "prevent device from sleeping",
            "run at startup",
            "view network connections"
        ]
    }
}