{
    "title": "Calm - Sleep, Meditate, Relax",
    "description": "Calm is the #1 app for sleep, meditation and relaxation. Manage stress, balance moods, sleep better and refocus your attention. Guided meditation, Sleep Stories, soundscapes, breathwork and stretching exercises fill our extensive library. Practice self-healing and discover a happier you through Calm.\r\n \r\nFeel better by reducing anxiety, prioritizing your self-care and choosing a guided meditation session that fits within your busy schedule. Introduce mindfulness and breathing exercises into your daily routine and experience their life-changing benefits. Meditation novice or seasoned expert, Calm is for anyone who is looking to improve their sleep and address everyday stress.\r\n \r\nSleep better with Sleep Stories, bedtime stories that lull you into a restful slumber. Relaxing sounds and calming music also help you meditate, focus and sleep soundly. Balance your mood and improve your sleep cycle by picking from 100+ exclusive Sleep Stories, narrated by well-known talent like Cillian Murphy, Rosé, and Jerome Flynn. Meditate daily to relieve anxiety and learn to put your personal health first.\r\n \r\nTake a deep breath and find your Calm.\r\n \r\nCALM FEATURES\r\n \r\nMEDITATION & MINDFULNESS\r\n* Meditate with seasoned experts, regardless of your experience level\r\n* Be mindful in your daily routine and learn to calm your thoughts\r\n* Mindfulness topics include Deep Sleep, Calming Anxiety, Focus and Concentration, Breaking Habits and so much more\r\n \r\nSLEEP STORIES, RELAXING MUSIC & SOUNDSCAPES\r\n* Sleep soundly listening to Sleep Stories, bedtime stories for adults and children alike\r\n* Tackle insomnia with calming music, sleep sounds and full soundscapes\r\n* Self-care: Sleep content to help you relax and get into a state of flow\r\n* Relax and experience deep sleep with new music added every week, from top artists\r\n \r\nANXIETY RELIEF & RELAXATION\r\n* Stress management and relaxation with daily meditation and breathing exercises\r\n* Self-healing through Dailies - Reduce anxiety with daily 10-minute original programs like the Daily Calm with Tamara Levitt or the Daily Trip with Jeff Warren\r\n* Mental health is Health - Tackle social anxiety and  personal growth through inspiring stories\r\n* Self-care through mindful movement: Relax your body during the day with Daily Move\r\n \r\nALSO FEATURING\r\n* Emotion and mental health tracker through Daily Streaks & Mindful Minutes\r\n* Feel better with 7- and 21-day mindfulness programs for beginner & advanced users\r\n* Soundscapes: Nature sounds and scenes to calm your nerves\r\n* Breathing exercises: Find peace and concentration with a mental health coach\r\n \r\nCalm is free to download and use. There are never any ads and some of the programs and features are free forever. Some content is only available through an optional paid subscription. If you choose to subscribe, payment will be charged to your Google Account at confirmation of purchase.\r\n \r\nBe sure to check out our Wear OS app with tiles to quick-start breathing exercises and complications that help you track meditations.\r\n\r\nWhat is Calm?\r\nOur mission is to make the world a happier and healthier place. Through our website, blog, and app—filled with meditations, sleep stories, music, movement, and more—we’re redefining what mental health care looks like in 2021 and beyond. With over 100 million users worldwide, 100,000 new users daily, and our growing partnerships with major companies, we’re having a positive effect on more and more people each day.\r\n \r\nCalm is recommended by top psychologists, therapists, mental health experts, and the press:\r\n\r\n* “I’m generally wary of meditation apps because they sometimes weave in too much mystic talk for my taste. But Calm instead contains guidance like ‘Concentrate on your body’” - New York Times\r\n\r\n* “In the frenetic, crazy, digital world we live in, sometimes it's necessary to take a step back and smell the roses” - Mashable\r\n \r\n* “Eliminating distraction...ended up helping me relax and realize that all the stuff I was stressing about wasn't that big a deal” - Tech Republic",
    "summary": "Tackle everyday stress and anxiety. Self-care and sound sleep through meditation",
    "installs": "50,000,000+",
    "score": 4.159159,
    "ratings": 593818,
    "price": 0,
    "currency": "EUR",
    "developer": "Calm.com, Inc.",
    "developerEmail": "android@calm.com",
    "developerWebsite": "http://www.calm.com",
    "developerAddress": "555 Bryant Street, Suite 262, Palo Alto, CA 94301",
    "privacyPolicy": "https://www.calm.com/privacy",
    "genre": "Health & Fitness",
    "contentRating": "PEGI 3",
    "released": "Jul 30, 2014",
    "lastUpdatedOn": "Apr 28, 2025",
    "appId": "com.calm.android",
    "permisions": {
        "Contacts": [
            "read your contacts"
        ],
        "Phone": [
            "read phone status and identity"
        ],
        "Photos/Media/Files": [
            "modify or delete the contents of your USB storage",
            "read the contents of your USB storage"
        ],
        "Storage": [
            "modify or delete the contents of your USB storage",
            "read the contents of your USB storage"
        ],
        "Wi-Fi connection information": [
            "view Wi-Fi connections"
        ],
        "Device ID & call information": [
            "read phone status and identity"
        ],
        "Other": [
            "Google Play license check",
            "control vibration",
            "full network access",
            "pair with Bluetooth devices",
            "prevent device from sleeping",
            "run at startup",
            "view network connections"
        ],
        "Uncategorized": [
            "receive data from Internet"
        ]
    }
}