{
    "title": "Tripadvisor: Plan & Book Trips",
    "description": "As a travel guidance company, Tripadvisor brings people, passions and places together. We aim to help make you a better traveller, from travel planning, to booking, to taking a trip. Our app lets you get the most out of your trip – whether you’re planning or on-the-go. Discover where to stay, what to do and where to eat based on guidance from millions of travellers who have been there before. Find deals on hotels, book experiences, reserve tables at great restaurants and discover great places nearby. No matter what type of trip you’re looking to take, the Tripadvisor app makes planning it easy and also lets you guide others on their way.\r\n\r\nGET TRAVEL GUIDANCE\r\nAccess millions of reviews about hotels, restaurants, tours, attractions and other experiences from travellers just like you\r\n\r\nDiscover traveller-recommended places nearby and view them on a map\r\n\r\nRead Travel Guides to discover new ways to experience a destination with tips from travel experts\r\n\r\nDO ALL YOUR TRAVEL PLANNING IN ONE PLACE\r\nBook hotels, tours, activities, experiences and other things to do with free cancellation\r\n\r\nFind great places to eat nearby and make restaurant reservations\r\n\r\nGet great deals on hotels by comparing the lowest prices from more than 200 booking sites worldwide\r\n\r\nUse our planning tool, Trips, to save and organize traveller-recommended places. See your saves on a map, as well as share and collaborate with your travel companions.\r\n\r\nAccess mobile tickets for booked tours, attractions, experiences and other things to do\r\n\r\nTRAVEL SAFELY\r\nTravel confidently with COVID-19 health and safety information for hotels, restaurants, tours, and attractions\r\n\r\nGUIDE OTHER TRAVELERS\r\nSubmit your own reviews and photos of places you’ve visited to guide fellow travellers \r\n\r\nPost and answer questions from other like-minded travellers in the Tripadvisor forums",
    "summary": "Guidance from millions of travelers on hotels, tours, activities, restaurants.",
    "installs": "100,000,000+",
    "score": 4.525635,
    "ratings": 1465353,
    "price": 0,
    "currency": "EUR",
    "developer": "Tripadvisor",
    "developerEmail": "mobilehelp@tripadvisor.com",
    "developerWebsite": "https://www.tripadvisor.com",
    "developerAddress": null,
    "privacyPolicy": "https://www.tripadvisor.com/pages/privacy.html",
    "genre": "Travel & Local",
    "contentRating": "PEGI 3",
    "released": "Jul 12, 2010",
    "lastUpdatedOn": "Apr 29, 2025",
    "appId": "com.tripadvisor.tripadvisor",
    "permisions": {
        "Location": [
            "approximate location (network-based)",
            "precise location (GPS and network-based)"
        ],
        "Photos/Media/Files": [
            "modify or delete the contents of your USB storage",
            "read the contents of your USB storage"
        ],
        "Storage": [
            "modify or delete the contents of your USB storage",
            "read the contents of your USB storage"
        ],
        "Camera": [
            "take pictures and videos"
        ],
        "Wi-Fi connection information": [
            "view Wi-Fi connections"
        ],
        "Other": [
            "create accounts and set passwords",
            "full network access",
            "prevent device from sleeping",
            "run at startup",
            "view network connections"
        ],
        "Uncategorized": [
            "receive data from Internet"
        ]
    }
}