{
    "title": "Insight Timer - Meditation App",
    "description": "* Apps of the Year Winner - TIME magazine and Women's Health *\r\n* Happiest App in the World - Tristan Harris *\r\n\r\nThe number 1 free meditation app. Guided meditations, sleep music tracks and talks led by the top meditation and mindfulness experts, neuroscientists, psychologists and teachers from Stanford, Harvard, the University of Oxford and more. Music tracks from world-renowned artists. Join millions learning to meditate on Insight Timer to help calm the mind, reduce anxiety, manage stress, and sleep deeply.\r\n\r\nWith 100+ new free guided meditations and sleep tracks added daily, more meditation is practiced on Insight Timer than anywhere else. Great for both beginners and experienced practitioners.\r\n\r\nFREE FEATURES:\r\n\r\n* 100,000+  guided meditations\r\n* Select by time for short meditations when on the go, helping you to build a simple daily habit\r\n* Thousands of music tracks and ambient sounds to calm the mind, focus, sleep better and relax\r\n* Customizable meditation Timer\r\n* Follow your favourite teachers\r\n* Thousands of discussion groups\r\n* Stats and milestones for tracking your progress\r\n\r\nSLEEP FOR INSIGHT TIMER\r\n\r\nStruggling with insomnia? Can't get a restful night's sleep? Want to learn how to sleep better? Insight timer offers thousands of free music tracks, meditations, and stories to help you get a better night's sleep. Create the best environment for sleep and rest through meditation, there's something for everyone.\r\n\r\nSleep for insight timer features:\r\n* Sleep Music\r\n* Soundscapes\r\n* Bedtime tales\r\n* Sleep Meditations\r\n* Sleep mode for all music\r\n\r\nSleep for insight timer also offers meditation courses for sleep. Improve your relationship with rest and sleep through the night with a number of courses that teach you how to: Sleep effortlessly, overcoming insomnia, Redefining approach to sleep, sleep with meditation, and much more.\r\n\r\nBrowse popular topics including:\r\n* Sleep deeply \r\n* Dealing with Anxiety and Reducing Stress\r\n* Getting through Recovery and Addictions\r\n* Self-love and Compassion\r\n* Focus and Concentration\r\n* Leadership \r\n* Better Relationships\r\n* Loving-Kindness\r\n\r\nJoin 11, 000+ leading meditation teachers, musicians and sleep experts.\r\n\r\nPractice the following meditation types:\r\n* Secular Mindfulness\r\n* Yoga Nidra\r\n* Mindful Sleep\r\n* Buddhist Mindfulness\r\n* Zen\r\n* Insight Meditation\r\n* Vipassana\r\n* MBSR\r\n* Walking Meditation\r\n* Breathing Meditation\r\n* Kundalini Yoga\r\n* Metta\r\n* Advaita Vedanta\r\n* And many more..\r\n\r\nJoin groups for:\r\n* Beginners Meditation\r\n* Sleep Meditation\r\n* Poetry\r\n* Atheism\r\n* Christianity\r\n* Hinduism\r\n* Transcendental Meditation\r\n* And many more..\r\n\r\nPAID FEATURE - INSIGHT PREMIUM MEDITATION\r\n\r\nWe have one optional in-app subscription.\r\n\r\n* 1,000+ Courses - Help you sleep better, feel happier, and less stressed\r\n* Listen offline (Listen to meditation and sleep music offline)\r\n* Advanced Player (Repeat, Fast forward and Rewind, Pick-up where you left off)\r\n* High-Quality audio",
    "summary": "Everyday Wellbeing for Sleep, Anxiety and Stress",
    "installs": "10,000,000+",
    "score": 4.7634783,
    "ratings": 241264,
    "price": 0,
    "currency": "EUR",
    "developer": "Insight Network Inc",
    "developerEmail": "help@insighttimer.com",
    "developerWebsite": "https://insighttimer.com",
    "developerAddress": "101 The Embarcadero Suite 200\nSan Francisco CA 94105 US",
    "privacyPolicy": "https://insighttimer.com/privacypolicy",
    "genre": "Health & Fitness",
    "contentRating": "PEGI 3",
    "released": "Dec 15, 2010",
    "lastUpdatedOn": "May 1, 2025",
    "appId": "com.spotlightsix.zentimerlite2",
    "permisions": {
        "Calendar": [
            "add or modify calendar events and send email to guests without owners' knowledge",
            "read calendar events plus confidential information"
        ],
        "Phone": [
            "read phone status and identity"
        ],
        "Photos/Media/Files": [
            "modify or delete the contents of your USB storage",
            "read the contents of your USB storage"
        ],
        "Storage": [
            "modify or delete the contents of your USB storage",
            "read the contents of your USB storage"
        ],
        "Camera": [
            "take pictures and videos"
        ],
        "Microphone": [
            "record audio"
        ],
        "Wi-Fi connection information": [
            "view Wi-Fi connections"
        ],
        "Device ID & call information": [
            "read phone status and identity"
        ],
        "Other": [
            "access Bluetooth settings",
            "change your audio settings",
            "control vibration",
            "draw over other apps",
            "full network access",
            "pair with Bluetooth devices",
            "prevent device from sleeping",
            "read Google service configuration",
            "reorder running apps",
            "run at startup",
            "view network connections"
        ],
        "Uncategorized": [
            "receive data from Internet"
        ]
    }
}