{
    "title": "Pysae",
    "description": "Pysae offers a mobile application that allows travellers* to plan their journeys with complete peace of mind.\r\n\r\nThis application offers several features:\r\n- Real-time geolocation of buses and coaches\r\n- Waiting times at stops updated every 5 seconds\r\n- Notifications and alerts in case of traffic disruptions on your line\r\n\r\nYou can plan your trip in advance and follow real-time information on your route.\r\n\r\nThe application is regularly updated to provide you with an optimal user experience.\r\n\r\n*Passengers on bus and coach networks equipped with the Pysae solution.",
    "summary": "Real-time information for passengers on bus networks equipped with Pysae",
    "installs": "100,000+",
    "score": 3.3137255,
    "ratings": 309,
    "price": 0,
    "currency": "EUR",
    "developer": "Pysae SAS",
    "developerEmail": "contact@pysae.com",
    "developerWebsite": "http://pysae.com",
    "developerAddress": null,
    "privacyPolicy": "https://web.pysae.com/politique-de-confidentialite",
    "genre": "Maps & Navigation",
    "contentRating": "PEGI 3",
    "released": "Oct 15, 2014",
    "lastUpdatedOn": "Apr 11, 2025",
    "appId": "com.pysae.info",
    "permisions": {
        "Location": [
            "approximate location (network-based)",
            "precise location (GPS and network-based)"
        ],
        "Other": [
            "full network access",
            "prevent device from sleeping",
            "run at startup",
            "view network connections"
        ],
        "Uncategorized": [
            "receive data from Internet"
        ]
    }
}