{
    "title": "Metro 24x7",
    "description": "Welcome to the New Metro Cars Herts & Essex booking App!\r\nThrough this app you can:\r\n\r\n• Receive the cheapest fares in Harlow, Sawbridgeworth, Bishop’s Stortford, Stansted and all Surrounding areas\r\n• Add Multiple Pickups\r\n• Pre-Book in Advance\r\n• Real Time Tracking\r\n• Estimated & Fixed Fares\r\n• Share Tracking Link with Family & Friends\r\n• Pay by Cash, Card or Business Account\r\n• Promotional Codes\r\n\r\nMetro Cars is the leading Private Hire & Taxi Company across Herts & Essex of England\r\noperating the finest technology and largest fleet in the area!\r\n\r\nWe believe in catering for our users, our App now allows you to book with us wherever and whenever you like with the ability to track your car in ‘real time’, no phone call required. You will receive push notifications on your job status keeping you up to date on the progress of your booking. Booking is easy with the option of selecting your map position or simply typing in a street name or postcode.\r\n\r\nWe value feedback on our service and are always looking at ways to stay ahead, we would love to hear what you think of our new App.",
    "summary": "Welcome to the Metro Cars booking App!",
    "installs": "10,000+",
    "score": null,
    "ratings": null,
    "price": 0,
    "currency": "EUR",
    "developer": "Albras UK LTD",
    "developerEmail": "autocab.dev@gmail.com",
    "developerWebsite": "http://www.metro-cars.info",
    "developerAddress": null,
    "privacyPolicy": "https://book.autocab.net/33710/Privacy",
    "genre": "Travel & Local",
    "contentRating": "PEGI 3",
    "released": "Jan 6, 2016",
    "lastUpdatedOn": "Mar 26, 2025",
    "appId": "com.autocab.taxibooker.metrocabs.harlow",
    "permisions": {
        "Identity": [
            "find accounts on the device"
        ],
        "Contacts": [
            "find accounts on the device"
        ],
        "Location": [
            "approximate location (network-based)",
            "precise location (GPS and network-based)"
        ],
        "Phone": [
            "read phone status and identity"
        ],
        "Camera": [
            "take pictures and videos"
        ],
        "Wi-Fi connection information": [
            "view Wi-Fi connections"
        ],
        "Device ID & call information": [
            "read phone status and identity"
        ],
        "Other": [
            "control vibration",
            "full network access",
            "pair with Bluetooth devices",
            "prevent device from sleeping",
            "read Google service configuration",
            "reorder running apps",
            "view network connections"
        ],
        "Uncategorized": [
            "receive data from Internet"
        ]
    }
}