{
    "title": "Electra - Charging hubs",
    "description": "The hassle of charging your electric vehicle is now over. With Electra, 20 minutes is all it takes: you book your station, you plug in your vehicle and you pay via the app.\r\n\r\n\r\nYou can book your slot and your charging station directly from your smartphone. This saves you from queuing at the charging hub.\r\n\r\n\r\nIt's ultra fast.\r\n\r\nElectra offers ultra-fast and ultra-simple charging hubs for electric vehicles for people who's time is precious. Now you can \"\"fill up\"\" your vehicle in just 20 minutes!\r\n\r\n\r\nIt's ultra simple.\r\n\r\n- You book your charging station in a few seconds on the Electra app\r\n\r\n- You choose how long you want to charge\r\n\r\n- You plug in your vehicle to the station that has been booked for you\r\n\r\n- Payment is automatic via the app\r\n\r\n\r\nIt's ultra reassuring.\r\n\r\nYou can access your bills and follow your consumption at any time\r\n\r\n\r\nIt's ultra flexible.\r\n\r\nElectra optimises the availability of charging stations and recommends the nearest ones according to distance and traffic.\r\n\r\n\r\nIt's also suitable for professionals.",
    "summary": "Ultra fast and ultra simple",
    "installs": "100,000+",
    "score": 4.703704,
    "ratings": 283,
    "price": 0,
    "currency": "EUR",
    "developer": "Electra - Stations de recharge",
    "developerEmail": "hello@go-electra.com",
    "developerWebsite": "https://www.go-electra.com/",
    "developerAddress": null,
    "privacyPolicy": "https://www.go-electra.com/en/privacy",
    "genre": "Maps & Navigation",
    "contentRating": "PEGI 3",
    "released": "Nov 8, 2021",
    "lastUpdatedOn": "Apr 14, 2025",
    "appId": "com.electra.app",
    "permisions": {
        "Location": [
            "approximate location (network-based)",
            "precise location (GPS and network-based)"
        ],
        "Photos/Media/Files": [
            "modify or delete the contents of your USB storage",
            "read the contents of your USB storage"
        ],
        "Storage": [
            "modify or delete the contents of your USB storage",
            "read the contents of your USB storage"
        ],
        "Camera": [
            "take pictures and videos"
        ],
        "Microphone": [
            "record audio"
        ],
        "Wi-Fi connection information": [
            "view Wi-Fi connections"
        ],
        "Other": [
            "control Near Field Communication",
            "full network access",
            "prevent device from sleeping",
            "run at startup",
            "view network connections"
        ],
        "Uncategorized": [
            "receive data from Internet"
        ]
    }
}