{
    "title": "Grab - Taxi & Food Delivery",
    "description": "<b>Grab is Southeast Asia’s #1 all-in-one taxi, ride hailing, transport, express grocery shopping and food delivery app.</b>\r\n\r\n\r\n🏃In a rush? We’ll get you where you’re going in style. Find a taxi, carpool, or hire a car!\r\n🍔 Satisfy your cravings: order food delivery from your favourite restaurants\r\n🛍️ Had a long day? Save yourself a trip to the store with grocery delivery\r\n💸 No wallet needed: use Grab to pay for shopping across the city\r\n\r\n\r\nAll in one simple, convenient app. Whatever you need, from food delivery to a last-minute taxi, Grab has you covered.\r\n\r\n\r\n<b>🚕 Taxi, cab, and transport services for any budget (and occasion!) ⭐️</b>\r\n\r\n\r\nRide in comfort: Get affordable, upfront fixed rates with JustGrab or GrabTaxi –wherever you’re going.\r\n\r\n\r\nCarpool like a pro thanks to GrabHitch, with advance bookings and cashless payments.… or travel in style with a GrabExec limousine ride!\r\n\r\n\r\nNeed extra assistance? Find a more accessible ride with GrabAssist and get picked up by Agency for Integrated Care (AIC) taxi drivers.\r\n\r\n\r\nWant to be in the driving seat? Hire an affordable luxury car through GrabCar, GrabCar Plus or GrabCar Premium. Ride solo or with your crew.\r\n\r\n\r\nTravel with friends, family, or even pets! 🐶 Book taxis with bicycle racks, space for furry friends and booster seats for little ones – or minibuses for larger parties. Try GrabCar for Cyclists, GrabPet, GrabFamily or GrabCoach.\r\n\r\n\r\n\r\n\r\n<b>🍕 Food delivery to suit every taste 🍟</b>\r\n\r\n\r\nGet food delivery from your favourite restaurant or mart, delivered straight to your doorstep, with GrabFood.\r\n\r\n\r\nOrder groceries, healthcare and beauty products, gifts, and more with GrabMart. Put your feet up, and get delivery within 30 minutes!\r\n\r\n\r\nSafely send your items anywhere – book affordable, reliable, insured couriers with GrabExpress.\r\n\r\n\r\nForgotten a birthday? Save the day with a digital gift card! Give money off Grab taxi rides, food delivery, or groceries, thanks to GrabGift.\r\n\r\n\r\n<b>💸 Designed for seamless shopping 🛍️\r\n\r\n\r\nSwitch to secure, cashless payments for taxi rides, transport services, food delivery, grocery orders and more with GrabPay.\r\n\r\n\r\nTake out flexible insurance to suit you with GrabInsure. Find a plan that suits you, and sort everything through the Grab app.\r\n\r\n\r\nNeed more time? Pay for Grab delivery orders and online shopping at the end of the month, in one single payment, with PayLater by Grab.\r\n\r\n\r\nDon’t want to carry your wallet? Set up a pre-paid GrabPay Card and shop at any physical or online shop!\r\n\r\n\r\n<b>🎁 Earn rewards for using Grab ✨</b>\r\n\r\n\r\nOrder the things you love with Grab, and get points to redeem on awesome deals with GrabRewards. It’s that simple!\r\n\r\n\r\n<b>Did you know?</b>\r\n\r\n\r\nYou can use the Grab app in 8 countries: Singapore, Indonesia, Malaysia, Thailand, Vietnam, Philippines, Cambodia and Myanmar.\r\n\r\n\r\n<i>Find out more about us at https://www.grab.com/ \r\nFollow us on Facebook (https://www.fb.com/grab), X (https://X.com/grabsg) and Instagram (https://www.instagram.com/grab_sg)</i>\r\n \r\n<i>Privacy policy at https://www.grab.com/privacy\r\nTerms of Service: https://grab.com/terms\r\nOSS attributions: http://grb.to/oss-attributions</i></b>",
    "summary": "Your Everyday Everything App in Southeast Asia",
    "installs": "100,000,000+",
    "score": 4.8706813,
    "ratings": 14919052,
    "price": 0,
    "currency": "EUR",
    "developer": "Grab Holdings",
    "developerEmail": "support@grab.com",
    "developerWebsite": "https://grab.com",
    "developerAddress": "138 Cecil street,\n#01-01 Cecil Court,\nSingapore 069538.",
    "privacyPolicy": "https://www.grab.com/privacy",
    "genre": "Travel & Local",
    "contentRating": "PEGI 3",
    "released": "May 30, 2013",
    "lastUpdatedOn": "Apr 29, 2025",
    "appId": "com.grabtaxi.passenger",
    "permisions": {
        "Identity": [
            "find accounts on the device",
            "read your own contact card"
        ],
        "Contacts": [
            "find accounts on the device",
            "read your contacts"
        ],
        "Location": [
            "approximate location (network-based)",
            "precise location (GPS and network-based)"
        ],
        "Phone": [
            "directly call phone numbers",
            "read phone status and identity"
        ],
        "Photos/Media/Files": [
            "modify or delete the contents of your USB storage",
            "read the contents of your USB storage"
        ],
        "Storage": [
            "modify or delete the contents of your USB storage",
            "read the contents of your USB storage"
        ],
        "Camera": [
            "take pictures and videos"
        ],
        "Microphone": [
            "record audio"
        ],
        "Wi-Fi connection information": [
            "view Wi-Fi connections"
        ],
        "Device ID & call information": [
            "read phone status and identity"
        ],
        "Other": [
            "change network connectivity",
            "change your audio settings",
            "connect and disconnect from Wi-Fi",
            "control Near Field Communication",
            "control flashlight",
            "control vibration",
            "draw over other apps",
            "full network access",
            "install shortcuts",
            "measure app storage space",
            "pair with Bluetooth devices",
            "prevent device from sleeping",
            "read Google service configuration",
            "read terms you added to the dictionary",
            "reorder running apps",
            "run at startup",
            "view network connections"
        ],
        "Uncategorized": [
            "download files without notification",
            "receive data from Internet"
        ]
    }
}