{
    "title": "Car Rental Near Me",
    "description": "Car rentals near me・Rent cars is one of the best rental cars app to find the best rent cars deals worldwide. Our car rental app is designed to compare cheap rental cars deals from 1000+ car hire providers worldwide. We easily compare the deals from all major best rental cars providers like Ouicar, National car rental, Rentalcars com, Alamo rent a car, Virtuo, Gold car, Zipcar, Ada location, Turo, La centrale, Europcar, Avis car rental, Economy bookings, Hertz rent a car, Enterprise car rental, Wecar, Budget car rental, Sixt location de voiture, etc. Use the car rentals near me option to find cars nearby your location anytime, anywhere.\r\n\r\nWe always bring budget rent a car deals for our users. Rent cars for a day or hours with us. Find the perfect hire a car for all kinds of occasions. We provide cars like mini, standard, economy, convertible, compact, minivan, van, SUV, 4x4, luxury rental car, 7-seater, Electric car rental, 9-seater, etc. Also, we provide weekly or monthly car rental and self drive cars. So rent a car according to your needs.\r\n\r\n<b>Cheap Car Rentals Near Me</b>\r\nOur app provides an option \"car rentals near me\" for our users. This option helps to find the best cheap car rental nearby the location. Also, users can check complete details like car seats, air conditioning, baggage, mileage, and all about the rent cars before booking. So, you can rent a car according to your needs easily.\r\n\r\nOur hire a car service includes airport car rental, budget rent a car, electric rental cars, luxury car rental, weekly or monthly rent cars, etc. Select the best cheap rental cars deals according to your requirement.\r\n\r\n<b>Why Car Rentals Near Me App?</b>\r\n➤ With our car rentals near me app easily compare rent cars deals from all major rental cars providers like Ouicar, National car rental, Rentalcars com, Alamo rent a car, Virtuo, Gold car, Zipcar, Ada location, Turo, Europcar, Avis car rental, Economy bookings, Hertz rent a car, Enterprise car rental, Budget car rental, Sixt location de voiture, etc.\r\n➤ We daily update the offers on all kinds of car rentals.\r\n➤ Advanced filter option to find the perfect hire a car.\r\n➤ Car rental near me option to find the cheapest rental cars nearby.\r\n➤ Get all information regarding the car before renting. So rent cars that's right for you.\r\n➤ All kinds of car hire services are available with us all time, and anywhere in the world.\r\n\r\nCar rental near me・Rent cars is one of the best rental cars app to find budget rent a car for you. Get cheap rental cars for your next travel with our car rental app. Always have a safe & memorable journey!",
    "summary": "Car rentals near me・Rent cars app help find a budget rent a car nearby.",
    "installs": "100,000+",
    "score": 3.5714285,
    "ratings": 641,
    "price": 0,
    "currency": "EUR",
    "developer": "Last minute hotels",
    "developerEmail": "sanasabirumma@gmail.com",
    "developerWebsite": null,
    "developerAddress": null,
    "privacyPolicy": "https://doc-hosting.flycricket.io/car-rentals-near-me/e32321c6-a96b-46ad-b327-dd5102a877c5/privacy",
    "genre": "Travel & Local",
    "contentRating": "PEGI 3",
    "released": "Feb 2, 2023",
    "lastUpdatedOn": "Apr 21, 2025",
    "appId": "com.rentalcars.nearme",
    "permisions": {
        "Location": [
            "approximate location (network-based)",
            "precise location (GPS and network-based)"
        ],
        "Wi-Fi connection information": [
            "view Wi-Fi connections"
        ],
        "Other": [
            "change network connectivity",
            "control vibration",
            "full network access",
            "prevent device from sleeping",
            "run at startup",
            "view network connections"
        ],
        "Uncategorized": [
            "receive data from Internet"
        ]
    }
}