{
    "title": "my car Maintenance Manager",
    "description": "Have you ever forgotten your car’s periodic maintenance? With My Car, never worry again! This smart app helps you stay on top of oil changes, air filter replacements, brake pads, and other essential car services.\r\n\r\n🔹 Key Features:\r\n✅ Smart Service Reminders – Alerts based on mileage or date\r\n✅ Automatic Service Calculation – Predicts the next service based on usage\r\n✅ Manage Multiple Cars &amp; Vehicles – No limits on the number of vehicles\r\n✅ Service History Log – Track past maintenance costs & details\r\n✅ Backup & Restore – Easily transfer data between devices\r\n✅ Dark Mode & Custom Themes – Personalize your app experience\r\n✅ User-Friendly & Modern Interface – Simple yet powerful design\r\n✅ Fully Offline – No internet required\r\n✅ Multi-Language Support – Perfect for global users\r\n\r\n🎯 Why Choose My Car?\r\n\r\n    Extend your car’s lifespan & avoid unexpected expenses\r\n    Never forget essential maintenance for your vehicle\r\n    Optimize fuel efficiency & improve car performance\r\n\r\n🚀 Download now and take better care of your car!",
    "summary": "Auto service,oil change fuel and gas mileage alternator timing belt find parking",
    "installs": "100,000+",
    "score": 3.8461537,
    "ratings": 1761,
    "price": 0,
    "currency": "EUR",
    "developer": "saycoder",
    "developerEmail": "saycoder@gmail.com",
    "developerWebsite": "https://saycoder.com",
    "developerAddress": "Number az1026,S.rahimov street,Baku,Azerbaijan",
    "privacyPolicy": "https://saycoder.com/projects/mycar%20pro/privacy_policy_en.html",
    "genre": "Auto & Vehicles",
    "contentRating": "PEGI 3",
    "released": "Aug 21, 2015",
    "lastUpdatedOn": "Mar 29, 2025",
    "appId": "com.anasoftco.mycar",
    "permisions": {
        "Location": [
            "approximate location (network-based)",
            "precise location (GPS and network-based)"
        ],
        "Other": [
            "full network access",
            "prevent device from sleeping",
            "run at startup",
            "set an alarm",
            "view network connections"
        ],
        "Uncategorized": [
            "receive data from Internet"
        ]
    }
}