{
    "title": "Sleep Cycle: Sleep Tracker",
    "description": "Relieve stress, sleep better and wake up rested. Sleep Cycle is your personal sleep tracker and smart alarm clock with a range of features (incl. snore recorder, sleep recorder and sleep sounds) to help you get a good night’s rest and wake up easier. You will be in a better mood, and feel recharged and focused during the day.\r\n\r\nGet that slumber that will do wonders for your health. 72% of our users confirm their sleep quality has improved after using Sleep Cycle’s sleep tracker. \r\n\r\n⏰ 5 reasons you’ll love Sleep Cycle:\r\n\r\n1. A unique sleep tracker: No need to put your phone under your pillow. Just place your device on the nightstand or close by on the floor.\r\n2. Gentle wake-up: Our smart alarm clock goes off at the ideal time for your body so you wake up rested and calm.\r\n3. Tailored advice: We show you personalized tips to develop lasting habits that will help you achieve better sleep and feel great inside and out.\r\n4. No more guessing: Control if you snore, talk, cough, or sneeze at night with our sleep recorder.\r\n5. Fall asleep faster: Create the perfect bedtime conditions with meditation, sleep music, and sleep sounds, including rain sounds for better sleep and white noise. \r\n\r\nPowered by our patented AI technology, Sleep Cycle is an advanced sleep tracker for anyone seeking to prioritize their health, manage stress, recharge and get happier. Whether you aim to change your sleep habits, reach a regular sleep schedule, track your snoring, record your sounds at night or wake up more refreshed with a smart alarm clock, there’s a feature for you.  \r\n\r\n⭐️ Top Sleep Cycle Features\r\n\r\nSMART ALARM CLOCK\r\n√ Its unique design wakes you up at the perfect moment ​​for a refreshing start\r\n√ Carefully selected alarm clock sounds\r\n√ Customizable wake-up windows up to 90 minutes\r\n√ Snooze by shaking or double-tapping the phone lightly\r\n\r\nSLEEP RECORDER AND SNORE TRACKER\r\n√ Snore recorder and sleep talk recorder: Snore tracker function to check how much you’re snoring.\r\n√ Sleep recorder notifies you how external noises impact your sleep\r\n√ Coughing: Track and compare your cough levels to make informed decisions for your health.\r\n√ Who’s snoring? Know if it’s you or a partner snoring for better sleep analysis.\r\n\r\nSLEEP TRACKER\r\n√ The sleep tracker sees how well you slept with a quality rate score from 1 to 100.\r\n√ Detailed reports: Statistics, trends and graphs.\r\n√ Sleep notes: Monitor how drinking coffee or stress affects your rest.\r\n√ Use the sleep tracker and see how your sleep affects your mood.\r\n\r\nSLEEP MUSIC AND SLEEP SOUNDS\r\n√ Library of sleep sounds designed to help you fall asleep faster\r\n√ Sleep sounds: White noise, ASMR, green noise, pink noise and rain sounds\r\n√ Guided meditation: Sleep meditation and meditation music\r\n√ Sleep music and relaxing music for deep sleep\r\n√ Bedtime stories: Sleep stories paired with sleep sounds that guide you into slumber\r\n\r\nSLEEP PROGRAMS \r\n√ Learn how to improve your sleep with sleep guides made just for you by our sleep experts. Based on topics like stress relief, bedroom hacks or screen use. \r\n\r\nAVAILABLE ON WEAR OS\r\n√ Keep your phone on the nightstand and use the sleep tracker from your watch\r\n√ Gentle vibrations on your wrist\r\n√ Quick summary of your last night’s sleep\r\n√ Including tiles and complications for easier use\r\n\r\nALSO FEATURING:\r\n√ Sleep games: Start your day with “Awake”, a sleep game that lets you test your alertness in the morning, helping improve your focus\r\n√ Sleep Goal: Your sleep score and reminder towards a more regular and restful slumber\r\n√ Online backup - secure your data online\r\n√ Integration with Google Fit\r\n… and much more.\r\n\r\nGet started with Sleep Cycle tonight - Falling asleep & waking up in the morning has never been easier with our sleep tracker and sleep sounds!\r\n\r\nREQUIREMENTS\r\n- Ability to charge your phone by the bed.\r\n- Ability to place your phone near the bed, such as on a nightstand table or the floor.\r\n\r\nNeed help? https://support.sleepcycle.com/hc/en-us \r\nTerms and Privacy: https://www.sleepcycle.com/privacy-policy/",
    "summary": "Smart alarm clock & sleep recorder. Sleep sounds & white noise for better sleep",
    "installs": "10,000,000+",
    "score": 4.4436812,
    "ratings": 208522,
    "price": 0,
    "currency": "EUR",
    "developer": "Sleep Cycle AB",
    "developerEmail": "support@sleepcycle.com",
    "developerWebsite": "http://www.sleepcycle.com",
    "developerAddress": "Sleep Cycle AB\nDrakegatan 10\n41250 Göteborg\nSWEDEN",
    "privacyPolicy": "https://www.sleepcycle.com/privacy-policy/",
    "genre": "Health & Fitness",
    "contentRating": "PEGI 3",
    "released": "Jun 16, 2014",
    "lastUpdatedOn": "Apr 30, 2025",
    "appId": "com.northcube.sleepcycle",
    "permisions": {
        "Location": [
            "approximate location (network-based)"
        ],
        "Microphone": [
            "record audio"
        ],
        "Wi-Fi connection information": [
            "view Wi-Fi connections"
        ],
        "Other": [
            "Google Play license check",
            "control vibration",
            "draw over other apps",
            "full network access",
            "prevent device from sleeping",
            "read Google service configuration",
            "run at startup",
            "view network connections"
        ],
        "Uncategorized": [
            "receive data from Internet"
        ]
    }
}