{
    "title": "Air France - Book a flight",
    "description": "Meet a pocket-sized travel assistant designed to help you at every step of your journey.\r\n\r\nFrom booking a flight, checking in, and receiving real-time flight updates to managing your Flying Blue account, the Air France app is your must-have travel tool.\r\n\r\n–\r\n\r\nBOOK A FLIGHT\r\n\r\nBook your ticket for any of our destinations using your preferred secure payment method. To save time on future bookings, simply add your contact information to your profile, and we’ll prefill your details. \r\n\r\nOBTAIN YOUR BOARDING PASS\r\n\r\nCheck in, select your seat, and obtain your boarding pass directly in the app.\r\n\r\nSTAY INFORMED\r\n\r\nTurn on notifications and get real-time flight updates and exclusive content about your destination. You can also share your flight status with your loved ones to stay in touch with those on the ground.\r\n\r\nMANAGE YOUR BOOKING\r\n\r\nNeed to review your ticket conditions, update your contact information or make a last-minute change to your booking? Manage your booking seamlessly directly in the app.\r\n\r\nENHANCE YOUR TRAVEL EXPERIENCE\r\n\r\nGo the extra mile and add one of our extra travel options to your booking with a simple click (seat selection, special meals, lounge access, and more).\r\n\r\nA SPECIAL SERVICE FOR YOUR CHILD\r\n\r\nIs your child traveling alone via the trusted Kids Solo service? Track and manage their journey directly in the app.\r\n\r\nACCESS YOUR FLYING BLUE ACCOUNT\r\n\r\nCheck your Miles balance, book a rewards flight, modify your profile, and access your virtual Flying Blue card!",
    "summary": "Meet a travel assistant designed to help you at every step of your journey.",
    "installs": "5,000,000+",
    "score": 4.6072354,
    "ratings": 156250,
    "price": 0,
    "currency": "EUR",
    "developer": "AIRFRANCE S.A.",
    "developerEmail": "mail.app.support@airfrance.fr",
    "developerWebsite": "http://www.airfrance.fr",
    "developerAddress": null,
    "privacyPolicy": "http://www.airfrance.fr/FR/fr/common/transverse/footer/edito_psc.htm",
    "genre": "Travel & Local",
    "contentRating": "PEGI 3",
    "released": "Jan 23, 2014",
    "lastUpdatedOn": "May 5, 2025",
    "appId": "com.airfrance.android.dinamoprd",
    "permisions": {
        "Calendar": [
            "add or modify calendar events and send email to guests without owners' knowledge",
            "read calendar events plus confidential information"
        ],
        "Location": [
            "approximate location (network-based)",
            "precise location (GPS and network-based)"
        ],
        "Phone": [
            "directly call phone numbers"
        ],
        "Photos/Media/Files": [
            "modify or delete the contents of your USB storage",
            "read the contents of your USB storage"
        ],
        "Storage": [
            "modify or delete the contents of your USB storage",
            "read the contents of your USB storage"
        ],
        "Camera": [
            "take pictures and videos"
        ],
        "Wi-Fi connection information": [
            "view Wi-Fi connections"
        ],
        "Other": [
            "access Bluetooth settings",
            "control flashlight",
            "control vibration",
            "full network access",
            "pair with Bluetooth devices",
            "prevent device from sleeping",
            "run at startup",
            "view network connections"
        ],
        "Uncategorized": [
            "receive data from Internet"
        ]
    }
}