{
    "title": "Pedometer - Step Counter App",
    "description": "Are you walking the recommended 10,000 steps per day? Now you can with <b>free pedometer app</b> for Android. Our completely <b>free pedometer for walking</b> will track your steps automatically. <b>daily step counter</b> is the best walking app for all ages!\r\n\r\n❤️ FEATURES OUR USERS ❤️\r\nPedometer is 100% FREE\r\nOpen, and tap START to get started instantly\r\nNO GPS tracking to save battery life\r\n100% PRIVATE- we do not collect personal information\r\nOFFLINE MODE\r\n\r\nThe best pedometer app and step counter made for Android. Free pedometer app automatically counts your steps, counts calories burned, walking distance, walking time, and walking speed. Pedometer is your go-to step tracker!  It’s super simple,  it is just like google fit, samsung health and has all the advanced walking/step tracking features you’ll need, and is free. Try our advanced yet simple pacer pedo and step counter. The easiest way to reach your health and fitness goals by walking at least 10,000 steps every day. \r\n\r\n🚶 <b>WALKING APP</b>\r\nTry one of the most popular steps counter for Android. Make daily walking a habit and track your steps. Our pacer ped & step tracker uses an advanced exercise tracker built-in. The best walking app, step counter & walking tracker ever!\r\n\r\n🔋 <b>SAVE YOUR BATTERY</b>\r\nThe step counter and step tracker uses the built-in sensor of your Android smartphone to count your daily steps. Download Pedometer step counter app now to instantly count steps. A step tracker that is easy to use and saves your battery. \r\n\r\n🏆 <b>FREE PEDOMETER STEP COUNTER</b>\r\nCheck your step count. Carry your smartphone instead of a handheld pedometer. Pedometer for walking helps you to stay fit and lose weight. Our walking app is the simplest way to track steps and count calories.\r\n\r\n💯 <b>BENEFITS</b>\r\nPedometer & step counter makes it easy to keep track of daily walking goals. Steps tracker free app can track your steps, count your steps, and show easy to read daily and weekly reports. \r\n\r\n✅ <b>10,000 STEPS</b>\r\nFree pedometer for walking is the best way to hit your 10,000 step challenge goals. Walking has been proven to make you feel better and improve overall health and fitness. Track your steps with a free pedometer for walking available for Android devices on Google Play. \r\n\r\nThere are many free health apps on Google Play. Among these free health apps, you'll find that our real pedometer is one of the most popular pedometer apps for walking.\r\n\r\nIMPORTANT\r\n● To ensure the accuracy of step counting, please input your correct information in settings, because it will be used to calculate your walking distance and calories.\r\n● You are welcome to adjust sensitivity to make pedometer count steps more accurately.\r\n● Because of the device power saving processing, some devices stop counting steps when the screen is locked. It's not a bug. We are sorry to say that we are not able to solve this problem.\r\n\r\nDownload our free pedometer app. Built-in step counter and step tracker. The best walking app and accurate pedometer & step tracker. Grab a friend and let's start walking and jogging!",
    "summary": "Free, Few ads, An easy-to-use Pedometer. Great for walking.",
    "installs": "50,000,000+",
    "score": 4.8100367,
    "ratings": 981726,
    "price": 0,
    "currency": "EUR",
    "developer": "ITO Technologies, Inc.",
    "developerEmail": "support@ito-technologies.com",
    "developerWebsite": "https://www.ito-technologies.com",
    "developerAddress": "Mizunobu Bld.7F, 1-11-1, Kitasaiwai, Nishi-ku Yokohama-shi, Kanagawa, Japan",
    "privacyPolicy": "https://www.ito-technologies.com/privacy",
    "genre": "Health & Fitness",
    "contentRating": "PEGI 3",
    "released": "Jun 4, 2013",
    "lastUpdatedOn": "Apr 18, 2025",
    "appId": "com.tayu.tau.pedometer",
    "permisions": {
        "Other": [
            "full network access",
            "prevent device from sleeping",
            "read Google service configuration",
            "run at startup",
            "view network connections"
        ]
    }
}