{
    "title": "RailMate: Live Train Status",
    "description": "RailMate is an app to check live train running status.\r\nCheck PNR status of your ticket.\r\nBook Train Tickets and order food on IRCTC.\r\nRailMate is simple and easy to use.\r\nRailMate is fast, highest rated, and best app for Indian Railways and IRCTC enquiry.\r\nWhere is my train running status without internet.\r\n\r\n<b>Accurate Train Location:</b>\r\n• Know the location of your train accurately.\r\n• Accurate location without internet when you are inside the train. Works without internet.\r\n• View expected arrival and departure times of trains with powerful delay prediction.\r\n• View no-halt stations which are in between halt stations.\r\n• Know the expected platform number.\r\n\r\n<b>Offline Train Schedule:</b>\r\n• The train app has Indian Railways timetable of all trains offline.\r\n• View the train schedule of any train offline.\r\n• Up-to-date train schedules.\r\n• The app works without internet.\r\n\r\n<b>Train search:</b>\r\n• Search using train source and destination.\r\n• No need to know the train number or name.\r\n• Search trains without internet.\r\n\r\n<b>PNR status:</b>\r\n• View the confirmation or waiting list status of your ticket.\r\n• View journey details.\r\n• View the PNR status of all passengers of your ticket.\r\n• Share PNR status with friends and family on messaging apps.\r\n\r\n<b>Track PNR status</b>\r\n• RailMate tracks and notifies you when your PNR status is updated.\r\n• RailMate will send notifications when a seat in your ticket is confirmed or RAC.\r\n• You can opt to receive all PNR status updates.\r\n\r\n<b>Book train tickets:</b>\r\n• Book train tickets on ConfirmTkt.\r\n• Confirmation chances of the ticket.\r\n• Check seat availability, waiting list, and confirm chances.\r\n• Fare enquiry - check train ticket fare.\r\n\r\n<b>Order food:</b>\r\n• Order food on IRCTC.\r\n• Restaurant food delivered to your seat.\r\n\r\n<b>Battery Efficient:</b>\r\n• RailMate is super efficient in battery usage.\r\n• Minimal and optimal battery usage.\r\n• The app fetches location from cell towers instead of GPS.\r\n\r\n<b>How to check train status:</b>\r\n• Search train with train number or train name.\r\n• Select a train from the results to view the live running status of the train.\r\n• Enable \"I am inside train\" offline mode when you are inside train to get faster and more accurate train location updates without internet.\r\n• You can change the start day of the train from the top right corner.\r\n• Tap on a station to view the no-halt stations that come after the station.\r\n\r\n<b>How to check PNR status:</b>\r\n• On the Home screen, click on 'PNR Status'.\r\n• Enter your 10-digit PNR number.\r\n• Click on 'Get PNR Status' to view the PNR status.\r\n\r\nRailMate is the best app for Indian Railways and IRCTC enquiry.\r\nLive and accurate train location without internet.\r\nTrain running status. PNR status. Book train tickets.\r\n\r\nDisclaimer: The app is privately maintained and does not have any affiliation whatsoever to Indian Railways.",
    "summary": "Train app - Where is my train location without internet, IRCTC, PNR status.",
    "installs": "10,000+",
    "score": null,
    "ratings": null,
    "price": 0,
    "currency": "EUR",
    "developer": "Sonu Mohammad",
    "developerEmail": "sonu.apps.help@gmail.com",
    "developerWebsite": "https://railmate.web.app",
    "developerAddress": null,
    "privacyPolicy": "https://railmate.web.app/policies/privacy",
    "genre": "Travel & Local",
    "contentRating": "PEGI 3",
    "released": "Jan 12, 2023",
    "lastUpdatedOn": "Jul 22, 2024",
    "appId": "com.sonu.apps.train",
    "permisions": {
        "Location": [
            "approximate location (network-based)",
            "precise location (GPS and network-based)"
        ],
        "Photos/Media/Files": [
            "modify or delete the contents of your USB storage",
            "read the contents of your USB storage"
        ],
        "Storage": [
            "modify or delete the contents of your USB storage",
            "read the contents of your USB storage"
        ],
        "Other": [
            "control vibration",
            "full network access",
            "prevent device from sleeping",
            "run at startup",
            "view network connections"
        ],
        "Uncategorized": [
            "bind to a notification listener service",
            "receive data from Internet"
        ]
    }
}