{
    "title": "Mapway: Maps & Transit Planner",
    "description": "Mapway - Your Ultimate Transit Companion! \r\n\r\n \r\n\r\nNavigate the world's busiest cities with ease using Mapway, the go-to transit app designed for tourists, travelers and commuters like you. Seamlessly blending transit and geographic maps, Mapway provides a comprehensive view of metro, subway, and tram networks across major cities worldwide. \r\n\r\n \r\n\r\nKey Features: \r\n\r\n \r\n\r\n1. Instantly Change City: Easily switch between cities within the app to plan routes and explore transit networks in different locations seamlessly whether traveling for work or pleasure. \r\n\r\n2. Amazing Interactive Maps: Schematic maps redesigned from the ground up specifically for mobile devices, full of interactive features to provide you with clear city navigation. \r\n\r\n3. Simple Journey Planning: Straightforward journey planning with clear step-by-step guidance and live information making navigating cities simple. \r\n\r\n4. No Signal, No Problem: Plan routes between stations even without an internet connection, perfect for navigating underground or roaming abroad. \r\n\r\n5. Live City Updates: Stay informed with real-time transit information and station status for select cities. Never miss a train or tram again with up-to-the-minute alerts. \r\n\r\n6. Live Departure Boards: Real-time departure information to ensure you never miss your train, tram or bus. \r\n\r\n7. Crowdsourced Station Busyness: Make informed decisions on your routes with live information from fellow commuters & travelers. \r\n\r\n8. Save Favourite Stations: Save your favorite stations for quick access and personalized navigation. \r\n\r\n9. Live Map Updates: You will always have the latest transit map in your pocket with our live over-the-air map updates. \r\n\r\n10. Comprehensive City Coverage: Mapway has you covered wherever your travels take you, with many more cities being added all the time. \r\n\r\n11. Travel Guides: Dive deeper into each city's culture and attractions with our integrated travel guides. \r\n\r\n12. Fares Information: Access comprehensive fares information to plan your journey budget effectively and efficiently. \r\n\r\n13. Ad-Supported Free Version: Enjoy all the essential features of Mapway for free. \r\n\r\n14. Subscription Options: Upgrade to a premium subscription to remove ads and unlock exclusive features for the ultimate transit experience. \r\n\r\n15. First/Last Train Information: Subscribers gain access to first and last train information, ensuring you never miss a ride, especially during early mornings or late nights. \r\n\r\n \r\n\r\nThese features enhance the usability and convenience of Mapway, making it the ultimate transit companion for travelers and commuters alike.  Certain features are only available in some cities. \r\n\r\n \r\n\r\nAvailable cities and systems: \r\n\r\n \r\n\r\nBarcelona Metro (TMB & FGC) \r\n\r\nBeijing Subway (MTR) \r\n\r\nBerlin Subway (S-Bahn & U-Bahn, BVG) \r\n\r\nBoston T (MBTA) \r\n\r\nChicago L Metro (CTA) \r\n\r\nDelhi Metro (DMRC) \r\n\r\nDubai Metro (RTA) \r\n\r\nGuangzhou Metro (GZMTR) \r\n\r\nHamburg Metro (HVV) \r\n\r\nHong Kong Metro (MTR, MTRC & KCRC) \r\n\r\nLA Metro (LACMTA) \r\n\r\nLondon Tube, Overground & Buses (TfL)* \r\n\r\nMadrid Metro (Metro de Madrid) \r\n\r\nManchester Metrolink (TfGM) \r\n\r\nMexico City Metro (STC) \r\n\r\nMilan Metro (ATM) \r\n\r\nMunich Metro (S-Bahn, MVV & U-Bahn, MVG) \r\n\r\nNew York Metro (MTA)* \r\n\r\nNottingham Express Transit (NET) \r\n\r\nParis Metro (RATP, SNCF & RER) \r\n\r\nRome Metro (ATAC) \r\n\r\nSeoul Metro (Korail & Incheon) \r\n\r\nShanghai Metro (Shentong) \r\n\r\nSheffield Supertram (Stagecoach) \r\n\r\nSingapore Metro (MRT, LRT & SMRT) \r\n\r\nStockholm Metro (SL) \r\n\r\nTokyo Metro (Toei Subway) \r\n\r\nToronto Subway (TTC) \r\n\r\nTyne & Wear Metro (Nexus) \r\n\r\nWashington DC Metro (WMATA) \r\n\r\n \r\n\r\n*Users in London and New York City, seamlessly link to our dedicated apps for the Tube, London Buses, and New York Subway.  These cities, along with many others, will be added soon.",
    "summary": "Metro Subway Tram Bus Train",
    "installs": "100,000+",
    "score": 3.9,
    "ratings": 915,
    "price": 0,
    "currency": "EUR",
    "developer": "Mapway",
    "developerEmail": "support@mapwayhelp.atlassian.net",
    "developerWebsite": "https://www.mapway.com/",
    "developerAddress": "Mapway Limited\nDalton Place\n29 John Dalton Street\nManchester\nM2 6DS",
    "privacyPolicy": "https://www.mapway.com/mapway-privacy-policy-and-permissions/",
    "genre": "Maps & Navigation",
    "contentRating": "PEGI 3",
    "released": "Dec 12, 2022",
    "lastUpdatedOn": "Apr 3, 2025",
    "appId": "com.mapway.global",
    "permisions": {
        "Location": [
            "approximate location (network-based)",
            "precise location (GPS and network-based)"
        ],
        "Wi-Fi connection information": [
            "view Wi-Fi connections"
        ],
        "Other": [
            "control vibration",
            "full network access",
            "prevent device from sleeping",
            "read Google service configuration",
            "view network connections"
        ],
        "Uncategorized": [
            "receive data from Internet"
        ]
    }
}