{
    "title": "My Car Service - Car Manage",
    "description": "Record your car maintenance history by adding all the maintenance and repair service operations. \r\n\r\nAdd all your cars.\r\n\r\nCreate and edit the maintenance records for each of your cars selecting the date, the type of maintenance, the mileage, the total cost, and all the individual repair and maintenance work in a nice and simple way. \r\n\r\nAdd your favorite repair garages and store them in the app. \r\n\r\nExport all your data in PDF format.\r\n\r\nCreate your profile,  and back up or all your car-service data in our cloud servers and sync them along with all your devices.",
    "summary": "Track your car's maintenance history record",
    "installs": "10,000+",
    "score": 0,
    "ratings": 0,
    "price": 0,
    "currency": "EUR",
    "developer": "G.Antho",
    "developerEmail": "georgios.antho@gmail.com",
    "developerWebsite": null,
    "developerAddress": "Iakovou Polila 3, Thessaloniki Greece",
    "privacyPolicy": "https://www.facebook.com/MyCarBookService/",
    "genre": "Auto & Vehicles",
    "contentRating": "PEGI 3",
    "released": "May 13, 2020",
    "lastUpdatedOn": "Feb 27, 2025",
    "appId": "com.MyCarService.mycarservice",
    "permisions": {
        "Photos/Media/Files": [
            "modify or delete the contents of your USB storage",
            "read the contents of your USB storage"
        ],
        "Storage": [
            "modify or delete the contents of your USB storage",
            "read the contents of your USB storage"
        ],
        "Other": [
            "Google Play license check",
            "full network access",
            "prevent device from sleeping",
            "view network connections"
        ],
        "Uncategorized": [
            "receive data from Internet"
        ]
    }
}