{
    "title": "Bordeaux Tram Map 2025",
    "description": "The Bordeaux Tube Map 2025, as well as public transportation and transportation maps. Zoom in, out, and move around. Quick, simple, and always available! This software is great for both visitors to Bordeaux and long-term residents.\r\n\r\nIncludes a comprehensive collection of official maps for Bordeaux , bus, metro, train, rail, tram - practically all modes of transportation.\r\n\r\nThere are no bells, whistles, or additional complications on this Bordeaux metro map. The subway map only allows you to zoom in and out. Very simple and straightforward! Opens the Bordeaux map immediately, allowing you to rapidly decide whether to take the train in front of you or wait for the next one. The program is small enough to download quickly regardless of network speed.\r\n\r\nThis software is ideal for both visitors and long-term inhabitants of Bordeaux .\r\n\r\n\r\nThank you for your help! :)\r\n\r\nAs always, if you have any issues, please email us at the address shown below!\r\n\r\n2025 Bordeaux Tube Maps",
    "summary": "Bordeaux Metro Offline Maps - Bordeaux Metro Transportation PDF",
    "installs": "50+",
    "score": null,
    "ratings": null,
    "price": 0,
    "currency": "EUR",
    "developer": "R.M A.R",
    "developerEmail": "dsad2608@gmail.com",
    "developerWebsite": "https://79459.appads-txt.com/app-ads.txt",
    "developerAddress": null,
    "privacyPolicy": "https://326396.hostmypolicy.com/",
    "genre": "Maps & Navigation",
    "contentRating": "PEGI 3",
    "released": "Dec 15, 2024",
    "lastUpdatedOn": "Dec 17, 2024",
    "appId": "com.bordeauxtram.map25",
    "permisions": {
        "Photos/Media/Files": [
            "read the contents of your USB storage"
        ],
        "Storage": [
            "read the contents of your USB storage"
        ],
        "Other": [
            "Google Play license check",
            "full network access",
            "prevent device from sleeping",
            "view network connections"
        ]
    }
}