{
    "title": "Charging Stations Nepal",
    "description": "Introducing the Charging Stations Nepal Mobile App, your go-to solution for seamless electric vehicle (EV) charging details in Nepal. Discover nearby charging stations, track real-time availability, and plan your routes effortlessly. With user-friendly navigation, personalized notifications, and insightful statistics, this app ensures a smooth and efficient charging experience. Share your feedback, explore user reviews, and contribute to the community. Download now to join the green revolution and embrace a future of sustainable, connected, and convenient electric mobility.",
    "summary": "Find 200+ charging stations nearby your location in Nepal",
    "installs": "5,000+",
    "score": null,
    "ratings": null,
    "price": 0,
    "currency": "EUR",
    "developer": "FWIPL",
    "developerEmail": "info@chargingstationsnepal.com",
    "developerWebsite": null,
    "developerAddress": "351, BasantaMarga, Babarmahal\nKathmandu, Nepal",
    "privacyPolicy": "https://chargingstationsnepal.com/privacy",
    "genre": "Maps & Navigation",
    "contentRating": "PEGI 3",
    "released": "Feb 21, 2024",
    "lastUpdatedOn": "Apr 18, 2025",
    "appId": "com.chargingstationsnepal",
    "permisions": {
        "Location": [
            "approximate location (network-based)",
            "precise location (GPS and network-based)"
        ],
        "Camera": [
            "take pictures and videos"
        ],
        "Wi-Fi connection information": [
            "view Wi-Fi connections"
        ],
        "Other": [
            "control vibration",
            "full network access",
            "prevent device from sleeping",
            "read Google service configuration",
            "run at startup",
            "view network connections"
        ],
        "Uncategorized": [
            "receive data from Internet"
        ]
    }
}