{
    "title": "Smart Car Check",
    "description": "Perform any vehicle check UK, check MOT History, and verify insurance write-off\r\n\r\nSmart Car Check is the ultimate car history check app in the UK. With advanced features like Registration Number scanning, an intuitive, user-friendly design, and an easy-to-navigate interphase, it's your go-to tool for all your vehicle information needs.\r\n\r\nBy providing accurate and up-to-date records, our Car Check UK app is indispensable for second-hand car buyers, sellers, dealers, and automotive businesses in making informed decisions.\r\n\r\nEnjoy a better experience with simple navigation to all essential information. The app's user-friendly interface ensures easy access to comprehensive vehicle history reports.\r\n\r\nInterestingly, Smart Car Check offers a free car check report and affordable premium options. As a better HPI check alternative compared to other , it stands out as the most accurate, convenient and reliable car history check app in the UK.\r\n\r\nKey Features:\r\n- Affordable and free car reg check\r\n- Registration number scanning with ANPR technology\r\n- Save searched reg numbers for easy access\r\n- Full MOT check with advisory details\r\n- View V5c certificate log book\r\n- Mileage history and discrepancies\r\n- Outstanding  finance and running costs\r\n- Vehicle performance and safety ratings\r\n- View SMMT details and certificate of destruction issued\r\n- Electric vehicle charging data\r\n- Live chat support\r\n- Support for all UK vehicle brands including Volkswagen, Audi, Vauxhall, BMW and Toyota\r\n\r\nWhat are the Benefits of our Reg Number Check App?\r\n- Access detailed vehicle specifications\r\n- Stay informed about MOT & tax dues\r\n- Verify recalls and safetyEuro NCAP ratings\r\n- Check for imports and mileage discrepancies\r\n- View CO2 emissions and fuel economy data\r\n- Check vehicle performance and registration details\r\n- View MOT & tax dues\r\n- Verify if the vehicle was scrapped\r\n- Track the number of previous keepers and plate changes\r\n- Run a salvage history check and stolen check\r\n- Detect colour changes \r\n\r\nSmart Car Check App as a Detective Tool\r\nWith the rise in car theft in the UK by 5% in 2023 compared to the previous year, it is becoming more important to uncover the history of a vehicle before purchasing it to avoid stolen cars and any legal matters. \r\n\r\nMoreover, over 52% of cars in the UK have a hidden history, and more investigations need to be carried out to assess a car’s condition and guarantee its safety and reliability down the road. Beyond that, you can easily make the right and smart purchase decision if you’re aware of a car’s full history. \r\n\r\nBy utilizing our mobile application, you can easily discover any:\r\n- Discrepancies in the seller’s description\r\n- Outstanding debt on the car\r\n- Theft records on the vehicle\r\n- Odometer rollback on the car\r\n- Potential wear-out and running costs\r\n- write-off status and many more\r\n\r\nHow to Use the Smart Car Check UK App?\r\n- Welcome onboard! Get to know the App!\r\n- Sign in or sign up with your email address and password\r\n- Enter or scan the registration number.\r\n- Access the MOT and tax due date, vehicle specifications, registration data, and year for free.\r\n- Make the required payment to get either the basic car check report (up to 15 vehicle records) or the premium car check report (20+ vehicle records).\r\n\r\nSo never miss out on any essential vehicle information anymore. Download our app today, and buy, and drive with confidence. We provide a convenient way to perform car history check UK.\r\n\r\nWhether you need to perform a vehicle MOT check, DVLA car tax check, car owner check, or MOT insurance check, our versatile Smart Car Check app is built to handle all the important checks when buying or selling used cars. \r\n\r\nEasily make smart decisions with Smart Car Check UK, Download the App Now!\r\n\r\nFor your inquiries, please contact us: https://smartcarcheck.uk/contact-us",
    "summary": "Detailed UK vehicle history check using the registration number.",
    "installs": "10,000+",
    "score": null,
    "ratings": null,
    "price": 0,
    "currency": "EUR",
    "developer": "Vehicle Databases Inc.",
    "developerEmail": "support@smartcarcheck.uk",
    "developerWebsite": null,
    "developerAddress": "65 Brunswick Blvd, Dollard-Des Ormeaux, QC",
    "privacyPolicy": "https://smartcarcheck.uk/smart-privacy-policy/",
    "genre": "Auto & Vehicles",
    "contentRating": "PEGI 3",
    "released": "Feb 10, 2023",
    "lastUpdatedOn": "Sep 26, 2024",
    "appId": "com.vehicledatabases.scc",
    "permisions": {
        "Photos/Media/Files": [
            "modify or delete the contents of your USB storage",
            "read the contents of your USB storage"
        ],
        "Storage": [
            "modify or delete the contents of your USB storage",
            "read the contents of your USB storage"
        ],
        "Camera": [
            "take pictures and videos"
        ],
        "Microphone": [
            "record audio"
        ],
        "Other": [
            "access Bluetooth settings",
            "full network access",
            "pair with Bluetooth devices",
            "prevent device from sleeping",
            "read Google service configuration",
            "run at startup",
            "view network connections"
        ],
        "Uncategorized": [
            "receive data from Internet"
        ]
    }
}