{
    "title": "Ride Mate Carpool & Rideshare",
    "description": "🚗 Make Your Daily Commute Easier and Smarter with RideMate - Pakistan's Leading Carpool and Rideshare App\r\n\r\nLooking for affordable rides, reliable carpooling services, or convenient pick-and-drop options? RideMate, the top carpooling app in Pakistan and ridesharing app in Pakistan, has you covered! Whether you're navigating busy urban streets 🏙️ or need daily pick-and-drop services, our all-in-one solution simplifies your travel experience. Say goodbye to the hassle of juggling multiple apps—RideMate is your go-to app for stress-free, budget-friendly transportation. 💸\r\n\r\nKey Features:\r\n🚘 Effortless Carpooling in Pakistan: Easily connect with nearby commuters with our intuitive carpooling platform. Join existing carpool rides or create your own for a tailored commuting experience. RideMate is your ultimate carpool app in Pakistan.\r\n\r\n💺 Pay Only for Your Seat (Passengers): No more worrying about travel expenses! With RideMate, as a passenger, you only pay for your seat, making it an affordable and stress-free way to travel. Enjoy the ride without the hassle of fuel costs, while RideMate takes care of everything else.\r\n\r\n💸 Budget-Friendly Rides (Drivers): As a driver, maximize your savings with RideMate by sharing your ride and splitting costs with passengers. Whether you're commuting 🏢 or driving around the city, RideMate offers affordable monthly pick-and-drop plans that help cover your fuel expenses and reduce your travel costs. Earn while you drive and enjoy sasti rides across Pakistan with ease.\r\n\r\n🚪 Convenient Pick and Drop Services: Schedule rides on the go with our seamless pick-and-drop service. Enjoy door to door service 🚪➡️🚪 to your destination, making your travel hassle-free. RideMate is the ideal pick and drop app for your daily commute needs.\r\n\r\n🏙️ Filling Urban Transport Gaps: As cities expand and public transportation options become limited, RideMate bridges the gap by offering convenient and reliable transportation services. Whether you need a daily ride app or an easy ride, our app has you covered. 🚦\r\n\r\n🤝 Ride sharing in Pakistan Made Easy: Embrace the future of mobility with RideMate, the leading ridesharing app in Pakistan where you get carpool rides easily. Whether you're looking for a quick shared ride 🚕 or planning a monthly pick and drop service, connect with reliable drivers and fellow travelers for a smoother, safer commute. RideMate is your go-to rideshare app in Pakistan.\r\n\r\nHow RideMate Benefits the Public:\r\n🚗 Reduce Traffic Congestion: By promoting carpooling and ridesharing, RideMate helps reduce the number of vehicles on the road, easing traffic congestion in busy cities.\r\n\r\n🌍 Environmentally Friendly: Carpool and Rideshare with RideMate lowers your carbon footprint by reducing the number of cars on the road, contributing to cleaner air and a healthier environment.\r\n\r\n💵 Affordable and Accessible: RideMate, carpool in Pakistan offers cost-effective transportation options, making it easier for everyone, regardless of income, to access reliable transportation. Save money on fuel and transportation costs while enjoying safe and convenient rides.\r\n\r\nWhy Choose RideMate?\r\nRideMate is your trusted alternative to popular ride-hailing services like Uber, Careem, Yango, Bykea, and Indriver. Whether you're searching for daily carpooling app or easy ride options, our app offers the convenience and affordability you need. Simplify your travel with RideMate, Pakistan’s top carpool and rideshare app.",
    "summary": "Join our best carpooling app for affordable rides and eco-friendly commutes",
    "installs": "1,000+",
    "score": null,
    "ratings": null,
    "price": 0,
    "currency": "EUR",
    "developer": "IJ Enterprises",
    "developerEmail": "egaragepk@gmail.com",
    "developerWebsite": "https://ridemate.pk/",
    "developerAddress": null,
    "privacyPolicy": "https://ridemate.pk/privacy-policy.html",
    "genre": "Travel & Local",
    "contentRating": "PEGI 3",
    "released": "Mar 16, 2025",
    "lastUpdatedOn": "Apr 13, 2025",
    "appId": "com.ride.mate",
    "permisions": {
        "Location": [
            "approximate location (network-based)",
            "precise location (GPS and network-based)"
        ],
        "Phone": [
            "directly call phone numbers"
        ],
        "Photos/Media/Files": [
            "modify or delete the contents of your USB storage",
            "read the contents of your USB storage"
        ],
        "Storage": [
            "modify or delete the contents of your USB storage",
            "read the contents of your USB storage"
        ],
        "Camera": [
            "take pictures and videos"
        ],
        "Wi-Fi connection information": [
            "view Wi-Fi connections"
        ],
        "Other": [
            "Google Play license check",
            "full network access",
            "prevent device from sleeping",
            "read Google service configuration",
            "view network connections"
        ],
        "Uncategorized": [
            "receive data from Internet"
        ]
    }
}