{
    "title": "MetroMap",
    "description": "This app provides subway route maps for 48 cities in China.\r\n\r\nPrivacy: https://metroman.cn/app/metromap/privacy.html\r\n\r\nContact Us: expansejapan@gmail.com",
    "summary": "China Subway Map",
    "installs": "1,000+",
    "score": null,
    "ratings": null,
    "price": 0,
    "currency": "EUR",
    "developer": "MetroMan",
    "developerEmail": "expansejapan@gmail.com",
    "developerWebsite": "https://metroman.cn",
    "developerAddress": null,
    "privacyPolicy": "https://metroman.cn/app/metromap/privacy.html",
    "genre": "Tools",
    "contentRating": "PEGI 3",
    "released": "Oct 11, 2023",
    "lastUpdatedOn": "Oct 15, 2023",
    "appId": "cn.metroman.metromap",
    "permisions": {}
}