{
    "title": "FPRO: Train football at home",
    "description": "Improve your game in just 4 weeks with daily 20-minute training sessions at home! \r\n\r\nSolo practice alongside club training is crucial at a young age. FPRO helps you master essential skills right from the beginning, laying a solid foundation for your future career.\r\n\r\nYou get:\r\n• 60+ essential exercises selected by UEFA-certified coaches\r\n• Competitive edge, that makes athletes five steps ahead of everyone else.\r\n• Access to the FPRO App with regular updates.\r\n• Vibrant community and participation in exclusive challenges and leaderboards to stay motivated.\r\n• Exclusive training tips and insights from professional footballers and coaches.\r\n\r\nOur 4-level ball mastery program, created by UEFA-certified coaches, is designed to teach key ball control techniques and improve on-field performance. Each level helps players of all abilities progress in their skills. We'll help you stay on track and build determination with disciplined training. Just 20 minutes a day can lead to maximum skill improvement and success on the field. Train consistently, and we promise:\r\n\r\n• Better ball control for improved ball possession and efficient plays execution.\r\n• More accurate passing for synchronized team play.\r\n• Quick decision-making for maintaining fluid gameplay and adapting to dynamic situations on the field.\r\n• Sharper first touch for immediate control of the ball, enabling seamless follow-up actions\r\n• Improved shooting for increased chances of scoring.\r\n• Increased speed and agility for quick movement on the field and effective opponent evasion.\r\n• Enhanced dribbling for easier navigation around defenders and scoring chances.\r\n• Greater confidence and reduced stress on the field leading to more composed and effective gameplay.\r\n\r\n.. and we promise to make it fun! Engage in a friendly competition with fellow users to stay excited and motivated! Earn experience points to compete in leaderboards, collect trophies and badges to showcase your progress. Keep tabs on your development through a personalized skill card, offering a snapshot of your strengths and areas for improvement.",
    "summary": "Improve your game in 4 weeks: 20-min daily training at home with UEFA coaches.",
    "installs": "50,000+",
    "score": 4.6792455,
    "ratings": 1205,
    "price": 0,
    "currency": "EUR",
    "developer": "Maximize your game",
    "developerEmail": "info@fpro.shop",
    "developerWebsite": "https://www.fpro.pro",
    "developerAddress": null,
    "privacyPolicy": "https://fpro.app/?menu=10&privacy=",
    "genre": "Health & Fitness",
    "contentRating": "PEGI 3",
    "released": "Oct 18, 2022",
    "lastUpdatedOn": "Apr 25, 2025",
    "appId": "com.fproshop.fproshop",
    "permisions": {
        "Contacts": [
            "modify your contacts",
            "read your contacts"
        ],
        "Location": [
            "approximate location (network-based)",
            "precise location (GPS and network-based)"
        ],
        "Photos/Media/Files": [
            "modify or delete the contents of your USB storage",
            "read the contents of your USB storage"
        ],
        "Storage": [
            "modify or delete the contents of your USB storage",
            "read the contents of your USB storage"
        ],
        "Camera": [
            "take pictures and videos"
        ],
        "Microphone": [
            "record audio"
        ],
        "Other": [
            "full network access",
            "prevent device from sleeping",
            "read Google service configuration",
            "view network connections"
        ],
        "Uncategorized": [
            "receive data from Internet"
        ]
    }
}