{
    "title": "felyx e-moped sharing",
    "description": "Ride through the city quickly and whenever you want with the felyx e-moped sharing app. Open the app, search, reserve and activate the nearest shared e-moped, and off you go!\r\n\r\nfelyx e-moped sharing is now available in Amsterdam, Brussels, Breda, Den Bosch, Den Haag, Enschede, Groningen, Haarlem, Hilversum, Nijmegen, Rotterdam, Tilburg and Zwolle.\r\n\r\nNow as a felyx user, you can use the Cooltra service in Madrid, Barcelona, Valencia, Seville, Paris, Milan, Rome, Turin and Lisbon as well as the shared e-bike service in Barcelona and Turin.\r\n\r\n<u>Perks of the felyx e-moped sharing app</u>\r\n\r\n\r\n🕑<b>Book :</b> You can reserve an e-moped for free for up to 15 minutes.\r\n🆓<b>€15 Free :</b> Invite your friends to use felyx and receive €15 free for your next rides. You'll get a €3 discount on each of your next 5 rides just by sharing your personal code. To both enjoy this benefit, the person you invited must also take a ride on our e-mopeds, before you receive the same reward. You have 30 days to use it.\r\n🅿️<b>Pausing mode :</b> Do you want to keep your current e-moped while you stop for a while? Use the pause mode in the app at a reduced price. \r\n🔋<b>Battery status :</b> Know the amount of battery charge of each vehicle, in the app, before you book it.\r\n\r\n<u>How does felyx e-moped sharing work?</u>\r\n\r\n1. Register in minutes 📱 Easily register in the app. Add your documentation and your payment information and you're ready to ride.\r\n2. Spot & rent 🔍 Find the closest felyx e-moped in the app and book it with only one click\r\n3. Start & off you go! 🚀 Start the moped in the app and drive everywhere quickly and easily. We make sure batteries are full and maintenance is taken care of.\r\n4. Park & go 🅿️  Arrived? Park the e-moped in the service area, according to the local parking rules, and end the rental in the app. No hassle with payment, riding minutes are automatically debited.\r\n\r\n<u>Frequently asked questions about felyx</u>\r\n\r\n<b>How much does felyx cost?</b>\r\nYou can check our updated prices before your ride on our app. Do you want to park the e-moped for a while, but keep it for a later use? Use the pausing mode.\r\n\r\n<b>Do I need a driver's license?</b> \r\nTo book an e-moped, you do need a Class B, A, or AM license. To use e-bikes, you don't need a driver's license. Additionally, you can complete the registration without including your driver's license and add it later.\r\n\r\n<b>Can I drive and park outside a service area?</b>\r\nYou can drive the felyx e-moped outside the light areas in the app's map. However, activating and ending the rental is only possible within those the areas. It is possible to use the pause mode outside the service area. The service area for a given city can be found on the map in the app. Make sure you park the e-moped properly: don't block the footpath for pedestrians, wheelchairs and prams.\r\n\r\n<b>About felyx e-moped sharing</b>\r\nWe are a Dutch scale-up with ambitious plans for sustainable urban shared mobility solutions. Want to know more about us? Send us an e-mail (klantenservice@felyx.nl) or visit our website.",
    "summary": "Shared e-mopeds: rent an electric scooter to travel around the city",
    "installs": "500,000+",
    "score": 3.9189188,
    "ratings": 6206,
    "price": 0,
    "currency": "EUR",
    "developer": "felyx",
    "developerEmail": "klantenservice@felyx.nl",
    "developerWebsite": "http://www.felyx.com",
    "developerAddress": "Felyx Sharing B.V.\nHerengracht 493\n1017 BT Amsterdam",
    "privacyPolicy": "https://felyx.com/t-and-c/privacy-statement/",
    "genre": "Travel & Local",
    "contentRating": "PEGI 3",
    "released": "Oct 1, 2017",
    "lastUpdatedOn": "Jan 29, 2025",
    "appId": "com.felyx.android",
    "permisions": {
        "Location": [
            "approximate location (network-based)",
            "precise location (GPS and network-based)"
        ],
        "Phone": [
            "directly call phone numbers",
            "read phone status and identity"
        ],
        "Photos/Media/Files": [
            "modify or delete the contents of your USB storage",
            "read the contents of your USB storage"
        ],
        "Storage": [
            "modify or delete the contents of your USB storage",
            "read the contents of your USB storage"
        ],
        "Camera": [
            "take pictures and videos"
        ],
        "Microphone": [
            "record audio"
        ],
        "Wi-Fi connection information": [
            "view Wi-Fi connections"
        ],
        "Device ID & call information": [
            "read phone status and identity"
        ],
        "Other": [
            "control vibration",
            "full network access",
            "prevent device from sleeping",
            "reorder running apps",
            "run at startup",
            "view network connections"
        ],
        "Uncategorized": [
            "receive data from Internet"
        ]
    }
}