{
    "title": "Avant2Go Car Sharing",
    "description": "Avant2Go is a socially responsible mobility platform of Avant car company, which allows users to access (24/7) a variety of mobility services through an advanced and friendly application:\r\n\r\n••• Avant2Go car sharing •••\r\nAward-winning car-sharing service that runs entirely through the Avant2Go app and includes 100% electric vehicles from renowned manufacturers such as the Peugeot e208, e2008 and e-expert, BMW i3, VW e-Golf, Renault Zoe, Fiat 500e, Smart EQ fortwo and Smart EQ forfour. Available 24/7, every day of the year. As the user pays for the vehicle only when in use, it enables him to reduce his mobility costs. Currently, the service is provided in Slovenia (LJ, airport, MB, KR, MS, NM) , Croatia (ZG, DB, airport DB and ZG) and Austria (KL)\r\n\r\n••• Car rental service •••\r\nFor those who want an even larger selection of vehicles and / or vehicles for a slightly longer period, the Avant2Go application allows you to rent a car from Avant car's wide range fleet. The rental is easy and fast, with no paperwork and with the possibility of delivery of the reserved vehicle to your door.\r\n\r\n••• All Avant2Go services feature innovative functionality, extensive experience in developing mobility as a service, and a competent and responsive customer support center.•••",
    "summary": "Avant2Go - your mobility provider.",
    "installs": "50,000+",
    "score": 4.5,
    "ratings": 1920,
    "price": 0,
    "currency": "EUR",
    "developer": "Avant2Go",
    "developerEmail": "support@avant2go.com",
    "developerWebsite": "http://www.avant2go.com",
    "developerAddress": "Dunajska 140\n1000 Ljubljana",
    "privacyPolicy": "https://avant2go.si/en/legal/privacy",
    "genre": "Maps & Navigation",
    "contentRating": "PEGI 3",
    "released": "Mar 24, 2017",
    "lastUpdatedOn": "Feb 10, 2025",
    "appId": "com.avantcar.a2go",
    "permisions": {
        "Identity": [
            "find accounts on the device"
        ],
        "Contacts": [
            "find accounts on the device"
        ],
        "Location": [
            "approximate location (network-based)",
            "precise location (GPS and network-based)"
        ],
        "Phone": [
            "read phone status and identity"
        ],
        "Photos/Media/Files": [
            "modify or delete the contents of your USB storage",
            "read the contents of your USB storage"
        ],
        "Storage": [
            "modify or delete the contents of your USB storage",
            "read the contents of your USB storage"
        ],
        "Camera": [
            "take pictures and videos"
        ],
        "Wi-Fi connection information": [
            "view Wi-Fi connections"
        ],
        "Device ID & call information": [
            "read phone status and identity"
        ],
        "Other": [
            "access Bluetooth settings",
            "control vibration",
            "full network access",
            "pair with Bluetooth devices",
            "prevent device from sleeping",
            "run at startup",
            "view network connections"
        ],
        "Uncategorized": [
            "receive data from Internet"
        ]
    }
}