{
    "title": "KAYAK: Flights, Hotels & Cars",
    "description": "KAYAK searches hundreds of travel sites to show you your options and let you pick what works best for your trip. Track prices, set a budget, build your itinerary and more. \r\n\r\n\r\n\r\n<b>What’s in our app.</b>\r\n\r\n<b>Double check prices, no matter where you found it</b>: KAYAK PriceCheck lets you upload a screenshot of a flight deal from any site, and we’ll search hundreds of sites to see if we can find a better deal.\r\n\r\n<b>Get the flight you want</b>: Compare flight options from hundreds of sites then zero in on the best one for you by using our filters. \r\n\r\n<b>Hotel rates only on the app</b>: Find mobile-only prices from select hotels.\r\n\r\n<b>Car sharing</b>: Search car sharing alongside traditional agencies for more options (and maybe better prices).\r\n\r\n<b>Know when prices change</b>: Track search results for your trip and get a notification when prices change.\r\n\r\n<b>Search on your budget</b>: Only have $300 to spend? KAYAK Explore will show you your flight options, on any budget.\r\n\r\n\r\n\r\n<b>Only on the KAYAK App.</b>\r\n\r\n<b>Flight tracker</b>: Get alerts when something about your flight changes or track flights so you can see if you’ll make your connection.\r\n\r\n<b>Trips offline</b>: All your ticket confirmations and reservations loaded into Trips are accessible regardless of whether or not you have Wifi.\r\n\r\n<b>Measure your bag</b>: Direct your camera at your bag or carry on and we’ll let you know if it’s the right size for your flight without incurring a fee.\r\n\r\n\r\n\r\n<b>We love feedback.</b>\r\n\r\nGot a question and in need of support? Send us a message at  https://www.kayak.com/help and we’ll help you out.\r\n\r\n\r\n\r\n<b>More on what KAYAK offers.</b>\r\n\r\nFind flights, hotels, vacation rentals, rental cars and more - then filter by what matters to you most. Like a pet-friendly boutique hotel with a pool. Or a 4-door sedan with airport pick-up to get you on your way. We bring together great deals from your favorite travel sites in one place. \r\n\r\n\r\n\r\n<b>Search hundreds of flight sites at once.</b>\r\n\r\nWith filtering and flexibility options, you can quickly search and book what works best for your trip. \r\n\r\n\r\n\r\n<b>More options, more saving.</b>\r\n\r\nFind mobile-only rates and exclusive deals on the app. Set Price Alerts to know when prices drop on the flights, cars and hotels you’re interested in.\r\n\r\n\r\n\r\n<b>Create itineraries as you plan.</b>\r\n\r\nOur Trips tool puts all your plans in one place. Get alerted to flight and gate changes, access boarding passes both on- and offline, and share your itinerary with friends – all in one spot. You can sync your inbox or manually add any part of your trip - from tour and restaurant confirmations to notes on things to see.\r\n\r\n\r\n\r\n<b>Car rental deals.</b>\r\n\r\nSearch from over 70,000 locations to find the perfect rental car. Book risk-free by filtering for free cancellation policies.\r\n\r\n\r\n\r\n<b>Get a hotel… or a home.</b>\r\n\r\nSee your accommodation options from major hotel chains and resorts to local boutiques to apartments, cabins, beach homes and more. Filter for free cancellation if you’re worried plans will change.\r\n\r\n\r\n\r\nPlan your next trip with KAYAK. Download now to start planning a great trip.",
    "summary": "Find, compare & book flights, hotels and car rental with KAYAK’s travel app.",
    "installs": "10,000,000+",
    "score": 4.643232,
    "ratings": 359225,
    "price": 0,
    "currency": "EUR",
    "developer": "KAYAK.com",
    "developerEmail": "android@kayak.com",
    "developerWebsite": "https://www.kayak.com",
    "developerAddress": null,
    "privacyPolicy": "https://www.kayak.com/privacy",
    "genre": "Travel & Local",
    "contentRating": "PEGI 3",
    "released": null,
    "lastUpdatedOn": "Apr 28, 2025",
    "appId": "com.kayak.android",
    "permisions": {
        "Location": [
            "approximate location (network-based)",
            "precise location (GPS and network-based)"
        ],
        "Photos/Media/Files": [
            "modify or delete the contents of your USB storage",
            "read the contents of your USB storage"
        ],
        "Storage": [
            "modify or delete the contents of your USB storage",
            "read the contents of your USB storage"
        ],
        "Camera": [
            "take pictures and videos"
        ],
        "Wi-Fi connection information": [
            "view Wi-Fi connections"
        ],
        "Other": [
            "full network access",
            "prevent device from sleeping",
            "read Google service configuration",
            "run at startup",
            "view network connections"
        ],
        "Uncategorized": [
            "receive data from Internet"
        ]
    }
}