{
    "title": "Rentcars: Car rental",
    "description": "Easy and fast car rental, right at your fingertips.\r\n\r\nWith the Rentcars app, renting a car in the U.S. and in over 160 countries has never been easier! Explore all the rental options, compare prices, benefits, and advantages from car rental companies around the world, and find the perfect car for your trip, all in one place.\r\n\r\nSEARCH, COMPARE, AND RENT\r\n\r\nYou can choose from luxury cars, SUVs, electric vehicles, economy models, vans, and much more, whether for daily or monthly rental. All with the best car rental companies in each region, in a safe and practical way.\r\n\r\nCARS AVAILABLE IN OVER 160 COUNTRIES\r\n\r\nFounded in 2009, Rentcars is one of the global leaders in the car rental industry. With more than 300 car rental companies in 30,000 locations, you can rent cars in amazing destinations all over North America, as well as Latin America, Europe, Africa, Asia and Oceania.\r\n\r\nTHE RIGHT VEHICLE FOR EVERY NEED\r\n\r\nTraveling with family? Rent a spacious SUV to ensure comfort and plenty of room for luggage. Need a car for work? We have compact and economical vehicles, perfect for long distances. Or, for special moments like weddings or events, you’ll find luxury car options to make your occasion even more memorable.\r\n\r\nEXCLUSIVE RENTCARS BENEFITS\r\n\r\n* Exclusive coupons and discounts on car rental rates;\r\n* Up to 10% cashback to save on future rentals;\r\n* Customer service available 7 days a week in major languages.\r\n\r\nBLACK FRIDAY AND MORE\r\n\r\nWith Rentcars, you can also take advantage of special offers during events like Black Friday, where the best deals and discounts will be at your fingertips, ensuring your trip comes together with savings and quality.\r\n\r\nIT’S EASY AND QUICK TO RENT THROUGH THE APP\r\n\r\nEnter your destination, pick-up and drop-off dates and times, country of residence, and click Search. The app quickly shows you the cheapest options at your destination. Filter by category, rental company, insurance type, and payment method, and reserve the perfect car in just a few minutes.\r\n\r\nThe app is available in the following languages:\r\n\r\n* German (Germany)\r\n* Spanish (Argentina)\r\n* Spanish (Chile)\r\n* Spanish (Colombia)\r\n* Spanish (Spain)\r\n* Spanish (Mexico)\r\n* French (Canada)\r\n* French (France)\r\n* Dutch (Netherlands)\r\n* English (Canada)\r\n* English (United States)\r\n* English (United Kingdom)\r\n* Italian (Italy)\r\n* Portuguese (Brazil)\r\n* Portuguese (Portugal)\r\n\r\nAt Rentcars, our goal is to connect you with the best car rental options worldwide, ensuring a complete experience from booking to vehicle return.",
    "summary": "Rent a car and track your reservation in over 160 countries.",
    "installs": "1,000,000+",
    "score": 3.6111112,
    "ratings": 12909,
    "price": 0,
    "currency": "EUR",
    "developer": "Rentcars",
    "developerEmail": "android@rentcars.com",
    "developerWebsite": "https://www.rentcars.com",
    "developerAddress": null,
    "privacyPolicy": "https://www.rentcars.com/en/info/privacy",
    "genre": "Travel & Local",
    "contentRating": "PEGI 3",
    "released": "May 5, 2016",
    "lastUpdatedOn": "Apr 30, 2025",
    "appId": "com.rentcars.rentcarscom",
    "permisions": {
        "Location": [
            "approximate location (network-based)",
            "precise location (GPS and network-based)"
        ],
        "Photos/Media/Files": [
            "modify or delete the contents of your USB storage",
            "read the contents of your USB storage"
        ],
        "Storage": [
            "modify or delete the contents of your USB storage",
            "read the contents of your USB storage"
        ],
        "Microphone": [
            "record audio"
        ],
        "Other": [
            "Google Play license check",
            "change network connectivity",
            "full network access",
            "prevent device from sleeping",
            "run at startup",
            "view network connections"
        ],
        "Uncategorized": [
            "receive data from Internet"
        ]
    }
}