{
    "title": "ChargePoint",
    "description": "FIND. CHARGE. PAY. GO.\r\n\r\nThe ChargePoint app seamlessly connects drivers to the world’s largest EV charging network with hundreds of thousands of available stations and roaming partners to choose from. Finding, using and paying for charging your EV has never been easier. The ChargePoint app is the only all-in-one driver solution with smooth tech integrations and premium driver features so you can finally leave your wallet at home. Charge, drive and live better now with the ChargePoint app.\r\n\r\nDownload the ChargePoint app to:\r\n\r\nFIND A PLACE TO CHARGE\r\n\r\nDiscover real-time charging station availability with the ChargePoint map.\r\n\r\nCHARGE AT ROAMING PARTNER STATIONS\r\n\r\nUse your ChargePoint app and account to charge at FLO, EVgo, Greenlot and EV Connect stations.\r\n\r\nCUSTOMIZE YOUR STATION FILTERS\r\n\r\nUse filters to see only stations that work with your car and filter for AC or DC fast chargers for maximum convenience.\r\n\r\nSEE EVERYTHING YOU NEED TO KNOW\r\n\r\nFind the most important information about a charging station, including station availability, pricing, popular times to charge, charging history, driver tips and more.\r\n\r\nSTART CHARGING INSTANTLY\r\n\r\nBegin charging via Tap to charge, directly in the ChargePoint app or with your RFID card.\r\n\r\nTRACK YOUR COMPLETE CHARGING ACTIVITY\r\n\r\nSee your charging history and trends, including miles added and cost. Easily control both your public and home charging in a single app.\r\n\r\nGET LIVE UPDATES\r\n\r\nReceive real-time notifications and reminders about your charging status, including when a station becomes available, your car finishes charging and a charging session’s cost.\r\n\r\nENJOY CONVENIENT WIDGETS\r\n\r\nActivate widgets to seamlessly find nearby stations, view your charging status, manage home charging and more without opening the app.\r\n\r\nLEARN FROM DRIVER TIPS\r\n\r\nGet station advice complete with photos from other drivers to better navigate and enjoy ChargePoint’s global app and roaming network.\r\n\r\nCHARGE AT HOME\r\n\r\nUse the ChargePoint app to charge your EV at home with ChargePoint Home Flex. Schedule charging, set reminders, get notifications, track usage and more.\r\n\r\nJOIN A VIRTUAL WAITLIST\r\n\r\nReserve a charging spot from anywhere via our virtual Waitlist feature.\r\n\r\nMAXIMIZE CHARGING WITH YOUR WEAR OS BY GOOGLE\r\n\r\nTap to charge with your Wear OS by Google to start charging instantly and easily see miles added to your range.\r\n\r\nLOCATE STATIONS AND MORE WITH ANDROID AUTO\r\n\r\nEasily access charging info while on the road with your Android Auto in-vehicle display.",
    "summary": "Find EV charging stations",
    "installs": "1,000,000+",
    "score": 4.1538463,
    "ratings": 52289,
    "price": 0,
    "currency": "EUR",
    "developer": "ChargePoint, Inc.",
    "developerEmail": "support@chargepoint.com",
    "developerWebsite": "http://www.chargepoint.com",
    "developerAddress": null,
    "privacyPolicy": "https://na.chargepoint.com/privacy_policy",
    "genre": "Maps & Navigation",
    "contentRating": "PEGI 3",
    "released": "Jun 14, 2018",
    "lastUpdatedOn": "May 1, 2025",
    "appId": "com.coulombtech",
    "permisions": {
        "Location": [
            "approximate location (network-based)",
            "precise location (GPS and network-based)"
        ],
        "Photos/Media/Files": [
            "modify or delete the contents of your USB storage",
            "read the contents of your USB storage"
        ],
        "Storage": [
            "modify or delete the contents of your USB storage",
            "read the contents of your USB storage"
        ],
        "Camera": [
            "take pictures and videos"
        ],
        "Wi-Fi connection information": [
            "view Wi-Fi connections"
        ],
        "Other": [
            "access Bluetooth settings",
            "connect and disconnect from Wi-Fi",
            "control Near Field Communication",
            "control vibration",
            "full network access",
            "pair with Bluetooth devices",
            "prevent device from sleeping",
            "read Google service configuration",
            "run at startup",
            "view network connections"
        ],
        "Uncategorized": [
            "receive data from Internet"
        ]
    }
}