{
    "title": "Trucker GPS & Maps | CargoTour",
    "description": "<b>CargoTour is your professional routing and navigation solution for trucks, semis and large vehicles.</b>\r\n\r\n<b><font color=\"red\">Truck Maps | Congestion Avoidance | Online & Offline Maps | Easy Truck Route Planning</font></b>\r\n\r\n* Fast and secure routes for your truck!\r\n* Get toll estimates based on your selected route\r\n* Real-time traffic incidents and traffic optimized routes\r\n* Manage your truck profile to avoid low bridges, blocked streets or low-emission zones\r\n* Get warnings when you exceed the speed limit\r\n* Show fuel stations and Parking along your way\r\n* See available truck amenities like showers or truck friendliness for resting areas\r\n* Filter Fuel Stations for LPG, CNG or other specialized truck fuels\r\n* Industry-leading map accuracy thanks to HERE Technology maps (TM), the world-leading map provider for in-car navigation and autonomous driving, known through brands like Garmin, VW, Volvo and others.\r\n* Plan your route with unlimited waypoints and stop-overs\r\n* World Wide Offline Maps\r\n* Support for Dangerous Goods and ADR Tunnel Categories\r\n* Truck Navigation built for professionals\r\n* Get warnings for Speed or Safety Cameras*\r\n\r\n<b>Truck Restrictions</b>\r\nThe following Truck Restrictions can be taken into account for your vehicles and are considered for route planning and live route updates during navigation:\r\n* Vehicle Type\r\n* Gross Weight\r\n* Max Height\r\n* Max Width\r\n* Max Length\r\n* Axle Count\r\n* Axle Weight\r\n* Number of Trailers\r\n* Top Speed (also considered for arrival time calculation)\r\n* Access to Environmental Zones\r\n* Hazardous Goods: Explosive, Gas, Flammable, Combustible, Organic, Poison, Radioactive, Corrosive, Poisonous Inhalation, Hazard to Water, Other\r\n* ADR Tunnel Category\r\n\r\n<b>Speed and Safety Cameras\r\nWarnings for Speed and Safety Cameras are not legal in all countries. In accordance with local laws CargoTour only warns about upcoming cameras in the following countries: \r\n* United States of America\r\n* United Kingdom of Great Britain and Northern Ireland\r\n* United Arab Emirates\r\n* Turkey\r\n* Thailand\r\n* Taiwan\r\n* Sweden\r\n* Spain\r\n* South Africa\r\n* Slovenia\r\n* Slovakia\r\n* Singapore\r\n* Serbia\r\n* Saudi Arabia\r\n* Russian Federation\r\n* Romania\r\n* Qatar\r\n* Portugal\r\n* Poland\r\n* Oman\r\n* Norway\r\n* Netherlands\r\n* Mexico\r\n* Malaysia\r\n* Macao\r\n* Luxembourg\r\n* Lithuania\r\n* Latvia\r\n* Kuwait\r\n* Kazakhstan\r\n* Italy\r\n* Israel\r\n* Isle of Man\r\n* Iceland\r\n* Hungary\r\n* Hong Kong\r\n* Greece\r\n* France\r\n* Finland\r\n* Estonia\r\n* Denmark\r\n* Czechia\r\n* Cyprus\r\n* Croatia\r\n* Chile\r\n* Canada\r\n* Bulgaria\r\n* Brazil\r\n* Bosnia and Herzegovina\r\n* Belgium\r\n* Belarus\r\n* Bahrain\r\n* Azerbaijan\r\n* Austria\r\n* Argentina\r\n* Andorra\r\n\r\n\r\n<b>Voice Guidance\r\nVoice Guidance is available for the following languages (Text-to-Speech required):\r\n* Arabic (Saudi Arabia)\r\n* Czech\r\n* Danish\r\n* German\r\n* Greek\r\n* English (British)\r\n* English (United States)\r\n* Spanish (Spain)\r\n* Spanish (Mexico)\r\n* Farsi (Iran)\r\n* Finnish\r\n* French (Canada)\r\n* French\r\n* Hebrew\r\n* Hindi\r\n* Croatian\r\n* Hungarian\r\n* Indonesian (Bahasa)\r\n* Italian\r\n* Japanese\r\n* Korean\r\n* Norwegian (Bokmål)\r\n* Dutch\r\n* Portuguese (Portugal)\r\n* Portuguese (Brazil)\r\n* Polish\r\n* Romanian\r\n* Russian\r\n* Slovak\r\n* Serbian\r\n* Swedish\r\n* Thai\r\n* Turkish\r\n* Ukrainian\r\n* Vietnamese\r\n* Chinese (Simplified China)\r\n* Chinese (Traditional Hong Kong)\r\n* Chinese (Traditional Taiwan)\r\n\r\nTo enable Voice Guidance in your language make sure to set your device to the desired language and download the required \"Text-To-Speech\" language.</b></b>",
    "summary": "Routeplanner, GPS Navigation, Toll Estimation and Offline Maps for trucks",
    "installs": "100,000+",
    "score": 3.6785715,
    "ratings": 1235,
    "price": 0,
    "currency": "EUR",
    "developer": "Expluribus Software",
    "developerEmail": "info@cargotourapp.com",
    "developerWebsite": "https://www.cargotourapp.com",
    "developerAddress": "c/o Stefan Tiess\nWeserstraße 44D\n10247 Berlin",
    "privacyPolicy": "https://www.cargotourapp.com/privacy/",
    "genre": "Maps & Navigation",
    "contentRating": "PEGI 3",
    "released": "Apr 1, 2022",
    "lastUpdatedOn": "May 4, 2025",
    "appId": "com.cargotour.app",
    "permisions": {
        "Location": [
            "approximate location (network-based)",
            "precise location (GPS and network-based)"
        ],
        "Phone": [
            "read phone status and identity"
        ],
        "Microphone": [
            "record audio"
        ],
        "Wi-Fi connection information": [
            "view Wi-Fi connections"
        ],
        "Device ID & call information": [
            "read phone status and identity"
        ],
        "Other": [
            "Google Play license check",
            "change network connectivity",
            "connect and disconnect from Wi-Fi",
            "full network access",
            "prevent device from sleeping",
            "read Google service configuration",
            "view network connections"
        ]
    }
}