{
    "title": "Japan Travel – Route,Map,Guide",
    "description": "Japan Travel by NAVITIME will help you travel around like a local!\r\n\r\nApp Overview:\r\n-Explore (Travel guides/articles)\r\n-Route Search\r\n-Map / Offline Spot Search\r\n-Plan\r\n\r\nAbout the Features:\r\n[Explore]\r\n-We provide you with basic guides and informative articles about traveling in Japan, written by foreign autohrs residing in Japan.\r\n-Topics include transportation, money, internet connection, food, art&culture, nightlife, shopping, etc.\r\n-Recommended itineraries are also provided for areas throughout the country.\r\n\r\n[Route Search]\r\n-The app navigates you from your preferred point of departure to your destination.\r\n-Search covers all modes of public transport (trains including JR and subway lines, airplanes, taxis, and ferries).\r\n-Provides useful information such as the platform number, station lists, and timetables. \r\n-Search directly from a zoomable interactive map of the Tokyo area.\r\n-Allows you to save up to 50 recently searched routes. You can also see them while offline.\r\n-The Japan Rail Pass mode will show the most efficient route for pass holders.\r\n\r\n[Map / Offline Spot Search]\r\n-Search offline for the following spots: Free Wi-Fi hotspots (NTT FREE Wi-Fi, FREESPOT, Starbucks, etc.), currency exchange spots, ATMs, TICs, and train stations.\r\n-Book hotels, rental cars, and activities nearby you or your destination.\r\n\r\n[Plan]\r\n-While reading articles or searching on the map, add spots to your favorites that sounds attractive. \r\n-Create your own travel plan with your favorite spots by adding them in a timeline. Your plan can be also viewed on a map.\r\n-Comfirm the transportation information directly from your plan. You can select modes of transportation like train, taxi, walking, local buses, etc. \r\n-Start your planning from our recommended itineraries, and coordinate it by adding spots from your interests.\r\n\r\n[Itinerary] (New!) \r\n- Search, create, and share travel itineraries. Search from +200 itineraries created by our Editorial Team, as well as by other users.\r\n\r\n[PAID Features]\r\n-Search alternative routes in case of a disruption to your searched route.\r\n-Voice navigation will show you directions and landmarks.\r\n-Check the rankings of articles to know the hot topics.\r\n-Make more collections and sort out your favorite spots.\r\n-Rain & snow radar will show the forecast up to 6 hours ahead.\r\nTo upgrade, please purchase the 30-day ticket via In-App-Purchase.\r\n\r\n*Notice:\r\n-This app uses GPS in the background for the purpose of enhancing user experience. You can turn the GPS off from Settings on your device.\r\n-Continued use of GPS running in the background can dramatically decrease battery life.\r\n-At the time of your initial access, we ask users to participate in a survey for the Japan Tourism Agency, which is aimed to enhance tourism experience in Japan. This survey is optional, and you will be able to use the app without answering them.",
    "summary": "Helps you get around using trains & subways - compatible with JR Pass.",
    "installs": "1,000,000+",
    "score": 4.47,
    "ratings": 12060,
    "price": 0,
    "currency": "EUR",
    "developer": "NAVITIME JAPAN CO., LTD.",
    "developerEmail": "jp-travel@navitime.co.jp",
    "developerWebsite": "https://japantravel.navitime.com/en/",
    "developerAddress": "3-8-38 Minami Aoyama, Minato-ku, Tokyo, JAPAN",
    "privacyPolicy": "https://static.japan.travel.navitime.com/contents/html/general/privacy/privacy_en.html",
    "genre": "Maps & Navigation",
    "contentRating": "PEGI 3",
    "released": "Sep 30, 2013",
    "lastUpdatedOn": "Apr 24, 2025",
    "appId": "com.navitime.inbound.walk",
    "permisions": {
        "Location": [
            "approximate location (network-based)",
            "precise location (GPS and network-based)"
        ],
        "Photos/Media/Files": [
            "modify or delete the contents of your USB storage",
            "read the contents of your USB storage"
        ],
        "Storage": [
            "modify or delete the contents of your USB storage",
            "read the contents of your USB storage"
        ],
        "Camera": [
            "take pictures and videos"
        ],
        "Wi-Fi connection information": [
            "view Wi-Fi connections"
        ],
        "Other": [
            "access Bluetooth settings",
            "control Near Field Communication",
            "control vibration",
            "disable your screen lock",
            "full network access",
            "pair with Bluetooth devices",
            "prevent device from sleeping",
            "run at startup",
            "view network connections"
        ],
        "Uncategorized": [
            "receive data from Internet"
        ]
    }
}