{
    "title": "Lyfshort - Trip Organizer",
    "description": "Lyfshort® is a free Trip & Event organising app for individual or private group use. A web version is also available at https://app.lyfshort.com.\r\n\r\nTypically managing and sharing information and communication when planning group Trips or Events is a headache.  Many people resort to using a range of disconnected apps, social media platforms, spreadsheets etc. accompanied by a spaghetti of email, SMS and messaging threads, none of which are really designed for this purpose.\r\n\r\nLyfshort helps plan, store, and manage Trip & Event information in an itinerary format.  It also centralises sharing and communication with friends along with participant invitations, access and expense management, booking imports and group messaging. \r\n\r\nEfficiently manage your online research, times, dates & time zones, location mapping, budgeting and expense tracking, supplier bookings, group participants, photo and PDF sharing, messaging and communication, all in one place.\r\n\r\nWhether it's a weekend away, sport trip, adventure travel, reunion, bucks or hens night, or 10 week dream holiday around the world visiting family, Lyfshort has you covered.\r\n\r\n\r\nHOW IT WORKS\r\n\r\nStart an Itinerary :\r\n\r\nBegin with a Trip or Event idea.\r\n\r\nEg. Our Family Holiday, Road Trip with the fellas, Hawaiian Getaway, Jessica’s Bachelorette Party, Dream Overseas Vacation, Rob and Debs Wedding etc.\r\n\r\n\r\nAdd Items or Import Bookings :\r\n\r\nStart planning by adding a list of things you want to do as itinerary items or Import existing bookings from different suppliers as items by sending supplier email confirmations to go@lyfshort.com ... Catch a flight? stay in accommodation? meet friends? Sight See? Go for drinks? Hire a Car? etc.\r\n\r\n\r\nResearch & Record :\r\n\r\nResearch online, save screenshots, bookmarks and text straight back to each activity for future reference and group sharing.\r\n\r\n\r\nExpense Planning and Management :\r\n\r\nPlan a budget then record pre/during/post trip expenses, individually and across a group. (Includes automated currency conversion & expense split calculator).\r\n\r\n\r\nInvite & Share :\r\n\r\nGet the group together, invite participants and co-organisers with simple SMS, email and social media links. Then share itinerary details, research, expenses, images and bookmarks with the group.\r\n\r\n\r\nMessage & Collaborate :\r\n\r\nCommunicate in real-time using group messaging linked back to each specific activity for quick, easy reference.\r\n\r\n\r\nLocation & Transit Mapping :\r\n\r\nUse integrated Google Maps within Lyfshort to quickly find locations when planning then save point to point transit routes for guidance when the trip comes along.\r\n\r\n\r\nShare Photos :\r\n\r\nParticipants now have a central place to upload and download photos taken before, during and after the Trip or Event, all saved together with the details. This is also great for finding the photos months or years later rather than searching thousands mixed together on a device.\r\n\r\n\r\nDevice Calendar Sync :\r\n\r\nManage activity times and dates in one place by syncing Lyfshort itinerary details and your mobile device calendar.\r\n\r\n\r\nExport Itineraries :\r\n\r\nSend read only details of your itinerary to people that may not be participating in the activity as an attachment.\r\n\r\n\r\nSUMMARY\r\n\r\nLyfshort helps manage your Trip or Event in one, purpose built, digital place. Download Lyfshort today and experience how easy having an idea, planning and then doing can be!",
    "summary": "Create itineraries, invite friends, collaborate and communicate, all in 1 place",
    "installs": "10,000+",
    "score": null,
    "ratings": null,
    "price": 0,
    "currency": "EUR",
    "developer": "Lyfshort Pty Ltd",
    "developerEmail": "support@lyfshort.com",
    "developerWebsite": "http://www.lyfshort.com",
    "developerAddress": "Melbourne, Australia",
    "privacyPolicy": "http://www.lyfshort.com/privacy",
    "genre": "Travel & Local",
    "contentRating": "PEGI 3",
    "released": "Oct 18, 2018",
    "lastUpdatedOn": "Jan 29, 2025",
    "appId": "com.lyfshort.lyfshortapp",
    "permisions": {
        "Calendar": [
            "add or modify calendar events and send email to guests without owners' knowledge",
            "read calendar events plus confidential information"
        ],
        "Contacts": [
            "read your contacts"
        ],
        "Location": [
            "approximate location (network-based)",
            "precise location (GPS and network-based)"
        ],
        "Photos/Media/Files": [
            "modify or delete the contents of your USB storage",
            "read the contents of your USB storage"
        ],
        "Storage": [
            "modify or delete the contents of your USB storage",
            "read the contents of your USB storage"
        ],
        "Camera": [
            "take pictures and videos"
        ],
        "Microphone": [
            "record audio"
        ],
        "Wi-Fi connection information": [
            "view Wi-Fi connections"
        ],
        "Other": [
            "change your audio settings",
            "control vibration",
            "draw over other apps",
            "full network access",
            "modify system settings",
            "prevent device from sleeping",
            "read Google service configuration",
            "run at startup",
            "view network connections"
        ],
        "Uncategorized": [
            "download files without notification",
            "manage document storage",
            "receive data from Internet"
        ]
    }
}