{
    "title": "Adelaide Metro Buy & Go",
    "description": "Buy tickets to use on buses, trains and trams in Adelaide, South Australia.\r\n\r\nAdelaide Metro Buy & Go makes public transport in Adelaide as easy as ‘Buy’ and ‘Go’. \r\n\r\nTO BUY\r\nAll you need is a Visa or Mastercard credit/debit account, an email address and your smart phone. Buy Regular, Concession and Student Singletrips and Daytrips – plus great-value 3-Day Visitor Passes – anywhere, any time.\r\n\r\nYour tickets cost the same as metroCARD fares, and are stored in the app for up to 12 months until you’re ready to travel with Adelaide Metro.\r\n\r\nTO GO\r\nSimply select and activate your Purchased tickets immediately before you board to generate an Active ticket with a QR code. Scan the QR code on a smart validator as you board or transfer within the Adelaide Metro network.\r\n\r\nYou can use Buy & Go tickets on any Adelaide Metro bus or tram, and to transfer to trains departing from the Adelaide Railway Station. Buy & Go tickets are also accepted on Adelaide Metro buses to and from Adelaide Airport.\r\n\r\nActivate just one ticket to travel alone, or up to five tickets to travel with others. (Perfect for affordable family travel – without the parking hassles!)\r\n\r\nPLAN YOUR JOURNEY\r\nBuy & Go links to handy information to help you plan your journey and explore Adelaide, including:\r\n•\tPlan your Adelaide Metro journey \r\n•\tCheck when your next bus, train or tram is arriving\r\n•\tGet around Adelaide by bus, train and tram\r\n•\tLearn about the app.\r\n\r\nAN EASY TICKET OPTION\r\nBuy & Go is a great option if you’re visiting Adelaide, don’t use public transport very often, or have left your metroCARD at home.\r\n\r\nBuy & Go tickets are non-refundable, so choose carefully. \r\n\r\nBuy & Go complements Adelaide Metro’s other ticket options, including credit card Tap and Pay and metroCARD. Visit adelaidemetro.com.au for more information, and choose the option that’s best for you.",
    "summary": "Buy tickets to use on buses, trains and trams in Adelaide, South Australia.",
    "installs": "50,000+",
    "score": null,
    "ratings": null,
    "price": 0,
    "currency": "EUR",
    "developer": "Government of South Australia",
    "developerEmail": "DIT.AdelaideMetroFeedback@sa.gov.au",
    "developerWebsite": "https://www.adelaidemetro.com.au/about-us/contact",
    "developerAddress": null,
    "privacyPolicy": "https://www.adelaidemetro.com.au/copyright-and-privacy",
    "genre": "Travel & Local",
    "contentRating": "PEGI 3",
    "released": "Apr 1, 2024",
    "lastUpdatedOn": "Aug 22, 2024",
    "appId": "au.gov.sa.adelaidemetroapp",
    "permisions": {
        "Location": [
            "precise location (GPS and network-based)"
        ],
        "Phone": [
            "directly call phone numbers",
            "read phone status and identity"
        ],
        "Camera": [
            "take pictures and videos"
        ],
        "Device ID & call information": [
            "read phone status and identity"
        ],
        "Other": [
            "control Near Field Communication",
            "control vibration",
            "full network access",
            "prevent device from sleeping",
            "run at startup",
            "view network connections"
        ],
        "Uncategorized": [
            "receive data from Internet"
        ]
    }
}