{
    "title": "Runna: Running Plans & Coach",
    "description": "Take your running to the next level with Runna.\r\n\r\nRunna is a personal running coach in your pocket. We provide world-class training, coaching and community for everyone, whether you're doing a couch to 5k plan or training for your first marathon. Find out why we're rated 4.99/5 on Trustpilot. \r\n\r\n\r\nWHY USE RUNNA\r\n\r\n1) Personalized plans just for you, helping you to reach your 2025 goals\r\nOur #1 rated training plans are customized just for you with proven, science-based programming and AI-powered training plans that adapt as you progress.\r\n\r\n2) Syncs with your favorite devices\r\nFollow all of your workouts on your compatible devices* live as you run - the Runna app provides you with guided runs from our expert coaches.\r\n\r\n3) Holistic support\r\nGet holistic support to develop yourself as a runner, whether that’s running form and nutrition advice or injury management\r\n\r\n4) Strength training\r\nComplement your running with personalized strength and conditioning support that fits alongside your running plan\r\n\r\n5) Track and record your runs\r\nTracking and recording your runs is simple. Our GPS tracking will map your route, distance (in miles or kms) and pace, so you've got nothing to worry about. \r\n\r\n\r\nWHAT IS AI-POWERED COACHING?\r\nAs you progress, adjust your schedule, or face unexpected changes, Runna’s AI-coaching will continuously update your plan to keep you on track. With real-time insights, dynamic feedback, and expert guidance, it evolves alongside you—ensuring every step is optimized for your goals, from building endurance to achieving peak performance.\r\n\r\n\r\nBECOME A RUNNA\r\n\r\n1) Join the community\r\nStay motivated and accountable by joining a private community of thousands of runners all over the world\r\n\r\n2) Get discounts & offers\r\nWe’ve partnered with leading nutrition, apparel, events and supplement providers to offer exclusive discounts.\r\n\r\n3) Join events, live classes & more\r\nSign up for our in-person running events that include trail runs and time-trials, or join our weekly live yoga and pilates classes\r\n\r\n4) Support from our coaching team\r\nOur friendly coaches and customer support team are always on hand if you have any questions - just message us in-app\r\n\r\n\r\nOUR PLANS\r\n\r\nAll of our plans will be tailored to your level: from beginner, intermediate and advanced all the way up to elite. We have plans for improving your 5k, 10k, half marathon, marathon and ultramarathon! As well as post-natal plans and those to help you get fit or recover from injury.  \r\n\r\n\r\nRUN ANYWHERE\r\n\r\nWhether you're training outdoors or indoors on a treadmill, Runna has you covered. We’ll help you set the correct pace for your long runs, intervals, speed sessions and more.\r\n\r\nTRAINING FOR A RACE?\r\n\r\nRunna will help you train for your next race - whether it's the London Marathon, New York Marathon, Copenhagen Half Marathon or your local Parkrun - we've got you covered!\r\n\r\n*COMPATIBLE DEVICES:\r\n\r\nRunna is compatible with a wide range of devices including Apple Watch, Garmin, COROS, Suunto and Fitbit. This ensures you can track your runs, regardless of your preferred device.\r\n\r\nRUNNA PREMIUM\r\n\r\nFollowing your free trial, subscribe to Runna Premium with a monthly or annual plan.\r\nTrack your progress, monitor your pace, and burn those calories with personalised workout plans and support. \r\n\r\nPayments and renewal:\r\n- Payment will be charged to Play Store Account at confirmation of purchase. Subscription automatically renews unless auto-renew is turned off at least 24-hours before the end of the current period.\r\n- Account will be charged for renewal within 24-hours prior to the end of the current period.\r\n- You can manage or turn off auto-renew in your Account settings at any time after purchase\r\n- No cancellation of the current subscription is allowed during the active period.\r\n\r\nTerms of use: https://www.runna.com/terms-and-conditions\r\nPrivacy policy: https://www.runna.com/privacy-policy",
    "summary": "5k, 10k, Half, Marathon & Ultra plans to help you train better and love running",
    "installs": "500,000+",
    "score": 4.515464,
    "ratings": 8452,
    "price": 0,
    "currency": "EUR",
    "developer": "Runna",
    "developerEmail": "hello@runna.com",
    "developerWebsite": "https://www.runna.com/",
    "developerAddress": "71-75 Shelton Street, London, Greater London, United Kingdom, WC2H 9JQ",
    "privacyPolicy": "https://www.runna.com/privacy-policy",
    "genre": "Health & Fitness",
    "contentRating": "PEGI 3",
    "released": "Nov 24, 2021",
    "lastUpdatedOn": "May 2, 2025",
    "appId": "com.runbuddy.prod",
    "permisions": {
        "Location": [
            "approximate location (network-based)",
            "precise location (GPS and network-based)"
        ],
        "Photos/Media/Files": [
            "modify or delete the contents of your USB storage",
            "read the contents of your USB storage"
        ],
        "Storage": [
            "modify or delete the contents of your USB storage",
            "read the contents of your USB storage"
        ],
        "Camera": [
            "take pictures and videos"
        ],
        "Microphone": [
            "record audio"
        ],
        "Wi-Fi connection information": [
            "view Wi-Fi connections"
        ],
        "Other": [
            "access Bluetooth settings",
            "control vibration",
            "full network access",
            "pair with Bluetooth devices",
            "prevent device from sleeping",
            "run at startup",
            "view network connections"
        ],
        "Uncategorized": [
            "download files without notification",
            "receive data from Internet"
        ]
    }
}