{
    "title": "Ma Ligne - Trafic RATP Paris",
    "description": "Welcome to the world of peace of mind and hassle-free travel! Introducing the Ma Ligne app, your ultimate solution for stress-free navigation through the labyrinth of Parisian public transport. If you regularly take the metro, RER or Transilien, this innovative application is the travel companion you have been waiting for!\r\n\r\n<b>🚇 Main Features 🚇</b>\r\n\r\n<b>Real Time Alerts</b>: Stay informed of disruptions, delays, and works on all lines of the RATP and Île-de-France Mobilités network.\r\n<b>Complete Coverage</b>: Monitoring of all RATP (1 to 14), RER (A to E) and Transilien (H to U) metro lines.\r\n<b>Personalized Notifications</b>: Subscribe to notifications to receive traffic alerts directly on your smartphone!\r\n<b>Intuitive User Interface</b>: Easy navigation and clean design for an optimal user experience.\r\n\r\n<b>🌟 Avoid Daily Hassles 🌟</b>\r\n\r\nParis, city of lights, is also known for the complexity of its public transport network. Delays and problems on the lines can turn your daily commute into a nightmare. But do not panic ! My Line is here to transform your travel experience. Receive instant alerts, plan your trips accordingly and say goodbye to unpleasant surprises.\r\n\r\n<b>💡 Innovative and Practical 💡</b>\r\n\r\nMy Line combines cutting-edge technology and practicality to offer you a superior quality application. Whether you are a regular public transport user or an occasional visitor to Paris, you will appreciate the peace of mind this application offers. Thanks to My Line, you can anticipate traffic problems and adjust your route in the blink of an eye.\r\n\r\n<b>🔍 Feature Details 🔍</b>\r\n\r\n<b>Instant Alerts</b>: Receive immediate notifications in the event of a disturbance, allowing you to adjust your route on the fly.\r\n<b>Traffic Monitoring</b>: View traffic conditions in real time and anticipate slowdowns.\r\n<b>Detailed Information</b>: Get precise details on the nature of the disruptions, estimated duration and alternatives.\r\n<b>Personalization</b>: Choose the lines that interest you to receive relevant information and avoid spam.\r\n<b>Constant Update</b>: Benefit from regular updates for an application that is always at the cutting edge of technology.\r\n\r\n<b>🌐 Connect with Us! 🌐</b>\r\n\r\nFor more information, advice and support, visit our official website https://www.ma-ligne.co. We're also on social media to keep you up to date with the latest news and app updates.\r\n\r\n<b>🌟 Join the Ma Ligne Community 🌟</b>\r\n\r\nBy downloading the Ma Ligne app, you join a growing community of users who have chosen to travel intelligently and peacefully. Take advantage of the responsiveness and precision of the information provided and share your experience with other travelers!\r\n\r\nDon't let the hazards of public transport disrupt your daily life. Download the Ma Ligne app now and transform your travel experience in Paris! With Ma Ligne, travel informed, travel peacefully!",
    "summary": "RATP traffic information & transport alerts in Paris and IDF: Metro, RER & Transilien",
    "installs": "10,000+",
    "score": 3.8666666,
    "ratings": 79,
    "price": 0,
    "currency": "EUR",
    "developer": "AUTO DIFF",
    "developerEmail": "contact@ma-ligne.co",
    "developerWebsite": "https://www.ma-ligne.co/",
    "developerAddress": null,
    "privacyPolicy": "https://www.ma-ligne.co/privacy",
    "genre": "Travel & Local",
    "contentRating": "PEGI 3",
    "released": "Dec 1, 2022",
    "lastUpdatedOn": "Jan 28, 2025",
    "appId": "com.maligne",
    "permisions": {
        "Other": [
            "Google Play license check",
            "control vibration",
            "full network access",
            "prevent device from sleeping",
            "read Google service configuration",
            "run at startup",
            "view network connections"
        ],
        "Uncategorized": [
            "receive data from Internet"
        ]
    }
}