{
    "title": "Rome2Rio: Trip Planner",
    "description": "<h2>This super-handy Rome2Rio travel app makes trip planning quick, easy, and hassle-free</h2>\r\nPlanning your next trip can be exciting but also complicated. That's where the Rome2Rio travel app comes in handy! Use it to research, compare, and coordinate your transport options across 240 countries and territories around the world. Whether you prefer to travel by train, ferry, bus, plane, or car, you’re sure to find the right trip that suits your needs.\r\n\r\nSay goodbye to multiple tab searches and hello to easy trip planning with Rome2Rio!\r\n\r\n<h2>This must-have travel planning app has it all!</h2>\r\nEnter any two addresses, towns, landmarks, attractions or cities anywhere around the world and instantly see many different ways to travel to your destination. Detailed maps and transport schedules show distances, durations, and the estimated prices of each route, making it easy to compare and budget effectively. Plus, you can also see local hotel and accommodation recommendations that can be booked with trusted partners.\r\nDownload the Rome2Rio app for free now to see how easy travel planning can be. \r\n\r\n<h2>FIND YOUR WAY ACROSS COUNTRIES, OCEANS & CONTINENTS</h2>\r\nWherever you are in the world, Rome2Rio can help you find the best way to reach your destination. See schedules and route connections from local train, bus, and ferry operators across 240 countries and territories, including Amtrak, VIA Rail, UK Rail, Eurostar, Renfe, Trenitalia, Italo, SBB, Indian Railways, FlixBus, National Express, Greyhound Australia, P&O Ferries, Jadrolinija, Stena Line, and most major airlines.\r\n\r\n<h2>SAVE TIME & MONEY</h2>\r\nIn a hurry or on a budget? Rome2Rio shows you the quickest, most convenient and cheapest ways to travel. All you need to do is select your preferred route. \r\n\r\n<h2>DISCOVER DIFFERENT TYPES OF TRANSPORT</h2>\r\nRome2Rio shows multiple types and combinations of transport. Use it to catch trains, buses, rideshares, ferries, and flights or to plan a driving route. Where available, more unique ways to travel, like water taxis, gondolas, hovercrafts, and even helicopters, may be suggested. \r\n\r\n<h2>GET DETAILED MAPS FOR EACH ROUTE</h2>\r\nDetailed, expandable maps show your entire trip, making it easy to find landmarks or places to stop and visit along the way. \r\n\r\n<h2>COMPARE TRAVEL TIME, DISTANCES & PRICE ESTIMATES</h2>\r\nTrip planning and budgeting are easy, with clearly displayed travel times, distances and price estimates for each route. \r\n\r\n<h2>TOP FEATURES</h2>\r\n\r\n- Unlimited FREE route searches\r\n- See your whole trip from start to finish with expandable, detailed maps\r\n- Book transport and accommodation through trusted partners\r\n- Multi-language support (English, German, Spanish, Italian, French, Portuguese with more on the way)\r\n- 24/7 customer assistance\r\n\r\nDiscover why millions of travellers rely on Rome2Rio as their go-to trip-planning app. \r\n\r\nDownload today and experience hassle-free travel planning like never before.\r\n\r\nWebsite: <a href=\"https://www.google.com/url?q=https%3A%2F%2Fwww.rome2rio.com&sa=D&sntz=1&usg=AOvVaw3kAmVwNSliBTgL-LAlhGGo\">www.rome2rio.com</a>\r\nGot feedback? We’d love to hear it\r\nContact us: <a href=\"mailto:feedback@rome2rio.com\">feedback@rome2rio.com</a>\r\n\r\n<strong>Thrifty Traveler: ‘Rome2rio Will Help You Choose: Plane, Train, or Automobile?’</strong>\r\n“Rome2Rio makes the process of figuring out how to get from point A to point B much easier. We love this search tool and know you will, too!”\r\n\r\n<strong>UK PC Mag: ‘Tired of airplanes and cars? Download these apps for bus and train travel’</strong>\r\n“Rome2Rio is best when you need to compare not only the prices but also the total time for getting from point A to B via different modes of travel. Enter your starting point and destination, and Rome2Rio lists the estimated travel time and cost for going by air, bus, train, car, or sometimes a combination.”",
    "summary": "Plan your trip by train, ferry, bus, plane, or car anywhere in the world.",
    "installs": "1,000,000+",
    "score": 4.34,
    "ratings": 5922,
    "price": 0,
    "currency": "EUR",
    "developer": "Rome2Rio Pty Ltd",
    "developerEmail": "feedback@rome2rio.com",
    "developerWebsite": "https://www.rome2rio.com/",
    "developerAddress": null,
    "privacyPolicy": "https://www.rome2rio.com/privacy-policy/",
    "genre": "Travel & Local",
    "contentRating": "PEGI 3",
    "released": "Feb 29, 2016",
    "lastUpdatedOn": "Nov 24, 2024",
    "appId": "com.rome2rio.www.rome2rio",
    "permisions": {
        "Location": [
            "approximate location (network-based)",
            "precise location (GPS and network-based)"
        ],
        "Other": [
            "full network access",
            "prevent device from sleeping",
            "run at startup",
            "view network connections"
        ]
    }
}