{
    "title": "SENCOR SCOOTER",
    "description": "This is a smart electric scooter app. The APP performs wireless data communication with the scooter via Bluetooth. Through the scooter, you can view the detailed information of the vehicle, you can set parameters, and also support functions such as firmware upgrade.",
    "summary": "This is a scooter APP",
    "installs": "100,000+",
    "score": 3.4285715,
    "ratings": 900,
    "price": 0,
    "currency": "EUR",
    "developer": "LebiTEC",
    "developerEmail": "895901747@qq.com",
    "developerWebsite": null,
    "developerAddress": null,
    "privacyPolicy": "http://www.lebitec.com/index.php/yinsi",
    "genre": "Tools",
    "contentRating": "PEGI 3",
    "released": "Apr 3, 2020",
    "lastUpdatedOn": "Aug 21, 2024",
    "appId": "com.loby.hb.SENCOR",
    "permisions": {
        "Location": [
            "precise location (GPS and network-based)"
        ],
        "Other": [
            "access Bluetooth settings",
            "control vibration",
            "full network access",
            "pair with Bluetooth devices"
        ]
    }
}