{
    "title": "Indian Railway Train IRCTC App",
    "description": "<h2><b>The #1 app for IRCTC, train booking and Indian Railway information</b></h2>. IRCTC train ticket bookings,NTES live train running status,PNR status & prediction & all Indian Railways information is now at your fingertips with this Indian Railway and IRCTC app! \r\nUse this Indian Railway and IRCTC app to check train seat map, seat availability, Indian Railways train enquiry, platform details, IRCTC fare enquiry, railway station information etc. You can spot where my train is (live train status), set destination alarm and get answers to all related enquiries on Indian Railways.\r\n\r\nThis IRCTC app is <h2><b>loved by over 15 million Indian Railways commuters and is one of the highest rated</b></h2> indian railways apps.\r\n\r\nIRCTC is often misspelled as irtc.\r\n<h2><b>What can you do with Indian Railway and IRCTC info app?</b></h2>\r\n\r\n🚆 <h2><b>LIVE TRAIN RUNNING STATUS</b></h2>\r\n- Check IRCTC live train status of all trains under Indian Railways\r\n- Enables you to spot your train in real time\r\n\r\n⏰  <h2><b>TRAIN DESTINATION ALARM</b></h2>\r\n- Set train alarms for your destination so never miss your stop\r\n\r\n🚉 <h2><b>TRAINS BETWEEN STATIONS & SEAT AVAILABILITY</b></h2>\r\n- Get all the details about trains between any two stations as per IRCTC timetable \r\n- Automatically get seat availability details for all the trains in real time\r\n\r\n📅 <h2><b>TRAIN SCHEDULE</b></h2>\r\n- Get accurate train schedule & route details with catering & pantry information\r\n- Know average delays of trains at any particular station\r\n- Save the train schedule for offline access without internet\r\n- Enables to do enquiry for Indian Railway and IRTC\r\n\r\n📈<h2><b> PNR STATUS AND PREDICTION</b></h2>\r\n- Get accurate PNR status details & know if your Indian Railways ticket is confirmed \r\n- Check accurate berth, coach details, booking & current status\r\n- Get automatic IRCTC PNR status updates for waitlisted tickets and other travel alerts\r\n- Automatically track PNR numbers from SMS confirmations\r\n- Predicts the PNR confirmation probability of your IRCTC waitlist tickets before chart preparation \r\n\r\n➠ <h2><b>IRCTC FARE ENQUIRY</b></h2>\r\n- Get the accurate IRCTC fare for trains between two stations for any class & age group\r\n- Calculates the exact refund amount for IRCTC ticket cancellations\r\n\r\n🚉<h2><b>LIVE STATION STATUS</b></h2>\r\n- Get the complete list of all indian railways trains arriving at a particular station in a give time window\r\n- The major train list include Shatabdi Express, Rajdhani, Duronto Express, Garib Rath, Jan Shatabdi, Intercity, Superfast and Passenger trains\r\n\r\n➠ <h2><b>ORDER MEAL</b></h2>\r\nOrder meal and have it delivered to you at your chosen railway station by providing your IRCTC Train Number or PNR details \r\n\r\nMore features you'll love in Indian Railway and IRCTC app!\r\n\r\n➠ <h2><b>CANCELLED TRAINS</b></h2>\r\nDisplays all trains under Indian Railways which are cancelled through the entire route\r\n\r\n➠ <h2><b>RESCHEDULED AND DIVERTED TRAINS</b></h2>\r\nThis IRCTC app provides details on all diverted & rescheduled trains with new updated time\r\n\r\n<b>If you're interested in early access to features and want to try out our beta products please opt-in using the URL : https://play.google.com/apps/testing/com.indianrail.thinkapps.irctc. We really appreciate it!</b>\r\nDisclaimer: This app is not affiliated with IRCTC, NTES or Indian Railways in any way. By using this indian railway app, you are solely responsible for any legal implications/liabilities arising from this app. All content available in this app is for general information purpose and is intended for personal non-commercial use only. You are encouraged to re-verify the information from official sources. Some official railway sources for re-verification are http://www.indianrail.gov.in/, https://www.irctc.co.in and https://enquiry.indianrail.gov.in/.\r\n\r\n<h2><b>Download the Indian Railway and IRCTC info app Today!</b></h2>\r\n\r\nEmail us for queries at support@indianrails.in",
    "summary": "IRCTC, Indian railway, live train status info and express ticket bookings!",
    "installs": "10,000,000+",
    "score": 4.0416665,
    "ratings": 236736,
    "price": 0,
    "currency": "EUR",
    "developer": "IRCTC & Indian Railway App by SmartApps India",
    "developerEmail": "support@indianrails.in",
    "developerWebsite": "http://indianrails.in/",
    "developerAddress": "Plot No 297, Sector No 21,\nYamunanagar, Nigdi,\nPune 411044",
    "privacyPolicy": "https://www.indianrails.in/privacy/",
    "genre": "Travel & Local",
    "contentRating": "PEGI 3",
    "released": "Oct 4, 2015",
    "lastUpdatedOn": "Apr 19, 2025",
    "appId": "com.indianrail.thinkapps.irctc",
    "permisions": {
        "Identity": [
            "find accounts on the device"
        ],
        "Calendar": [
            "add or modify calendar events and send email to guests without owners' knowledge",
            "read calendar events plus confidential information"
        ],
        "Contacts": [
            "find accounts on the device"
        ],
        "Location": [
            "approximate location (network-based)",
            "precise location (GPS and network-based)"
        ],
        "Photos/Media/Files": [
            "modify or delete the contents of your USB storage",
            "read the contents of your USB storage"
        ],
        "Storage": [
            "modify or delete the contents of your USB storage",
            "read the contents of your USB storage"
        ],
        "Wi-Fi connection information": [
            "view Wi-Fi connections"
        ],
        "Other": [
            "connect and disconnect from Wi-Fi",
            "control vibration",
            "full network access",
            "pair with Bluetooth devices",
            "prevent device from sleeping",
            "read Google service configuration",
            "reorder running apps",
            "run at startup",
            "view network connections"
        ],
        "Uncategorized": [
            "receive data from Internet"
        ]
    }
}