{
    "title": "Find My Car - Vehicle Tracker",
    "description": "Find My Car will help you with reminders, notes and the location of the car, so you will never walk around, searching for your car anymore!\r\n\r\nFeatures:\r\n- Park at current location\r\n- Park at location saved in history\r\n- Hold a point in the map to park at that spot\r\n- View history of parked spots on the map\r\n- Navigate to your car to find it with Google Maps\r\n\r\nFind My Car is used as a parking reminder app. It can be used to park a car/vehicle/bike in three different ways, your current location, when you hold and select a point on the map, or via a historical location you saved from a previous time you parked, through the history view. \r\n\r\nWhen your desired location to park has been selected, you can press the park button to open a screen which allows you to save the location at the parking spot. Additional features in this page includes the ability to save a note, the parking area in history and also set a reminder time, so that you can be reminded beforehand when to return to your car, in the case that you park in an area that has timed parking.\r\n\r\nWe will do our best, to remind you - So you don't get a parking fine!\r\n\r\nWhen you want to return to your car, you can use the navigate button to open Google Maps to show you the quickest path to your car.",
    "summary": "Find My Car lets you to park your car and easily locate it. So you never lose it",
    "installs": "10,000+",
    "score": 0,
    "ratings": 0,
    "price": 0,
    "currency": "EUR",
    "developer": "Grumsen Development ApS",
    "developerEmail": "contact@grumsendev.com",
    "developerWebsite": "https://grumsendev.dk/",
    "developerAddress": "Grumsen Development ApS\nBådebrogade 1\n6700 Esbjerg\nDenmark",
    "privacyPolicy": "https://findmycar.app/privacy-policy/",
    "genre": "Maps & Navigation",
    "contentRating": "PEGI 3",
    "released": "Sep 13, 2022",
    "lastUpdatedOn": "Feb 8, 2025",
    "appId": "com.grumsendev.find_my_car",
    "permisions": {
        "Location": [
            "approximate location (network-based)",
            "precise location (GPS and network-based)"
        ],
        "Other": [
            "control vibration",
            "full network access",
            "prevent device from sleeping",
            "run at startup",
            "view network connections"
        ],
        "Uncategorized": [
            "bind to a notification listener service"
        ]
    }
}