{
    "title": "Europcar - Car & Van Rental",
    "description": "Pick up your hire directly from the airport, or anywhere around the worlds from our 5,300 stations in 133 countries. With a wide range of vehicles available for hire, Europcar gives you all the freedom and takes away the hassle. Book your vehicle now and get on the road! \r\n\r\nBook & Save on this car rental app\r\nMake, modify or cancel your booking around the clock with 24/7 availability.\r\nAdd 24-hour roadside assistance for a peace of mind.   \r\nBenefit from special offers & promotional rates across the world. \r\n\r\nCar hire made simple\r\nFind Europcar rental locations anywhere in the UK or abroad with GPS maps & directions.\r\nHave your car delivered to and collected from your house for ultimate convenience. \r\nDrive away in the model you love with our Model Choice cars. \r\nTake the stress out of navigation whilst driving with GPS added to your booking. \r\nGot a child on board - we've got you covered with a selection of child seats available to choose from when completing your booking.\r\n\r\nPick the best vehicle for your needs\r\nChoose our 4x4's for an offroad adventure, travel in luxury in a sleek Mercedes or simply explore the UK in the comfort of a Vauxhall.\r\nNeed a van for a bigger job? Choose from our wide-ranging fleet of cargo vehicles. Hire overnight, one-way or for over 28 days: whatever your job, we suit your needs.\r\n\r\nSave time at pick-up.\r\nWe offer you easy access to your Europcar profile where you can monitor and manage your bookings. \r\nCheck-in online to save time at the counter, enjoy free and fast service for a smooth & hassle-free journey. \r\n\r\nWhether you’re travelling for business or leisure, Europcar makes it easier than ever to find, hire and drive the right vehicle for you. Just sit back and focus on the journey: download now.",
    "summary": "Car, van & truck rental anywhere in the world. Book with a touch and drive away.",
    "installs": "1,000,000+",
    "score": 2.4059405,
    "ratings": 9357,
    "price": 0,
    "currency": "EUR",
    "developer": "Europcar Apps",
    "developerEmail": "webmaster@europcar.com",
    "developerWebsite": "http://www.europcar.com",
    "developerAddress": null,
    "privacyPolicy": "https://www.europcar.com/security-and-privacy-policy",
    "genre": "Travel & Local",
    "contentRating": "PEGI 3",
    "released": "May 3, 2012",
    "lastUpdatedOn": "Apr 30, 2025",
    "appId": "com.clanmo.europcar",
    "permisions": {
        "Identity": [
            "find accounts on the device"
        ],
        "Contacts": [
            "find accounts on the device"
        ],
        "Location": [
            "approximate location (network-based)",
            "precise location (GPS and network-based)"
        ],
        "Phone": [
            "directly call phone numbers"
        ],
        "Photos/Media/Files": [
            "modify or delete the contents of your USB storage",
            "read the contents of your USB storage"
        ],
        "Storage": [
            "modify or delete the contents of your USB storage",
            "read the contents of your USB storage"
        ],
        "Camera": [
            "take pictures and videos"
        ],
        "Microphone": [
            "record audio"
        ],
        "Wi-Fi connection information": [
            "view Wi-Fi connections"
        ],
        "Other": [
            "Google Play license check",
            "change network connectivity",
            "control vibration",
            "create accounts and set passwords",
            "draw over other apps",
            "full network access",
            "prevent device from sleeping",
            "run at startup",
            "use accounts on the device",
            "view network connections"
        ],
        "Uncategorized": [
            "receive data from Internet"
        ]
    }
}