{
    "title": "Onelap",
    "description": "Onelap is an indoor cycling software in a 3D virtual world. You can experience professional training and exciting online competition in Onelap.",
    "summary": "Onelap is an indoor cycling software in a 3D virtual world.",
    "installs": "100,000+",
    "score": 2.8333333,
    "ratings": 626,
    "price": 0,
    "currency": "EUR",
    "developer": "Onelap",
    "developerEmail": "liuweitao@magene.cn",
    "developerWebsite": null,
    "developerAddress": null,
    "privacyPolicy": "https://www.onelap.com/protocol/privacyProtocol.html",
    "genre": "Health & Fitness",
    "contentRating": "PEGI 3",
    "released": "Nov 18, 2020",
    "lastUpdatedOn": "May 9, 2024",
    "appId": "com.magene.onelapUS",
    "permisions": {
        "Location": [
            "approximate location (network-based)",
            "precise location (GPS and network-based)"
        ],
        "Phone": [
            "read phone status and identity"
        ],
        "Photos/Media/Files": [
            "modify or delete the contents of your USB storage",
            "read the contents of your USB storage"
        ],
        "Storage": [
            "modify or delete the contents of your USB storage",
            "read the contents of your USB storage"
        ],
        "Camera": [
            "take pictures and videos"
        ],
        "Microphone": [
            "record audio"
        ],
        "Wi-Fi connection information": [
            "view Wi-Fi connections"
        ],
        "Device ID & call information": [
            "read phone status and identity"
        ],
        "Other": [
            "access Bluetooth settings",
            "allow Wi-Fi Multicast reception",
            "change your audio settings",
            "connect and disconnect from Wi-Fi",
            "full network access",
            "pair with Bluetooth devices",
            "view network connections"
        ]
    }
}