{
    "title": "12Go Train, Bus, Ferry, Flight",
    "description": "12Go app is an online travel agency on your phone that offers various means of transportation like trains 🚆, buses 🚌, boats ⛴️, transfers, vans 🚐, taxis 🚕 and flights ✈️ to your desired destination anywhere, regionally and worldwide 🗺️. We provide budget travel options in more than 70,000 locations from over 140 countries, including:\r\n\r\nThailand: Bangkok, Chiang Mai, Koh Samui, Koh Phangan, Koh Tao, Pattaya, Phuket, Surat Thani, Chiang Rai, Pai, Koh Phi Phi\r\nVietnam: Hanoi, Sapa, Ninh Binh, Ho Chi Minh City, Hai Phong, Hue, Da Lat, Ha Giang, Halong Bay\r\nPhilippines: Manila, Cebu, Bohol, Coron, El Nido, Baguio, Bicol, Siquijor, Baguio, El Nido\r\nIndonesia: Bali, Gili Islands, Sanur, Nusa Penida, Nusa Lembongan, Lombok, Jakarta, Yogyakarta\r\nJapan: Tokyo, Osaka, Kyoto, Hokkaido, Mount Fuji, Sapporo, Nagoya, Hiroshima\r\nCambodia: Phnom Penh, Kampot, Siem Reap, Sihanoukville, Koh Rong Samloem\r\nMalaysia: Kuala Lumpur, Penang, Genting Highlands, Malacca, Langkawi, Pahang, Johor Bahru, Batam, Ipoh \r\nLaos, Sri Lanka, Singapore, Taiwan, Hong Kong, Australia, Egypt, Morocco & many others!\r\n\r\n<b>Access the best deals from over 13,000 travel companies and operators, including:<b>\r\nLomprayah, Greenbus, Techbus, Phantip 1970, Roong Reuang Coach, Prem Pracha, Songserm, Vietnam Railways, Indian Railways (IRCTC), Koh Tao Booking Center, Grouptour, Chaokoh Travel Center, Bangkok Busline, Bundhaya Speed Boat, Giant Ibis Transport, Semaya One, Sri Lanka Railways, Transport Co, AirAsia, Sombat Tour, Seatran Discovery, Montanatip, Virak Buntham Express, Eka Jaya, Shinkansen & many more.\r\n\r\n<b>Easy Booking Process:<b>\r\n1) Select your origin, destination, departure date, as well as return in case of a round trip journey & number of passengers, click on \"Find tickets\"\r\n2) On of our search results we will provide you our \"Best options\" with best & most popular travel deals, below you can also find \"Other options\" separated by type of transportation\r\nIf you feel overwhelmed by number of options or you need something more specific, use our filters to set desired price range, arrival / departure time, stations & operator\r\n3) Once you've chosen the deal you like, click on \"Book now\" button to start checkout process, you will need to fill your passenger information and select preferred payment method, once payment is complete you will receive your booking confirmation and e-tickets shortly!\r\n\r\n<b>Other services:<b>\r\nOur other travel services include airport transfers, travel insurance, priority support, SMS trip notifications, rail passes, day trips, hotel booking & car rent for most of the available destinations.\r\n\r\n<b>Payment methods:<b>\r\nPay via PayPal, credit/debit card (including Visa, Mastercard, American Express AMEX), UnionPay, AliPay, bank transfer, QR payments (PromptPay), app wallet (TrueMoney) or your local payment method.\r\n\r\n<b>Customer Support:<b>\r\nWe provide 24/7 multilingual online support, which includes live chat through registered account on <a>12go.com</a> via pressing the \"Need help?\" chat button in the bottom right corner. Besides, you can always ask the support team a question inside of our app by providing an email and booking number or browse articles about FAQ. Since the establishment of our company, we have accumulated over 60,000 trusted reviews from our customers that provide transparency and gives an insight into how we handle things. We strive to be honest and genuine with our customers by providing the best possible experience. We are always ready to give a hand in finding a fair deal for our clients! \r\n\r\n<b>Download 12Go now and start planning your next adventure!<b></b></b></b></b></b></b></b></b></b></b></b></b>",
    "summary": "Book cheap tickets for trains, buses, ferries, taxis, flights to travel anywhere",
    "installs": "100,000+",
    "score": 4.38,
    "ratings": 1822,
    "price": 0,
    "currency": "EUR",
    "developer": "12Go",
    "developerEmail": "feedback@12go.asia",
    "developerWebsite": "https://12go.com",
    "developerAddress": null,
    "privacyPolicy": "https://12go.co/en/privacy-policy",
    "genre": "Travel & Local",
    "contentRating": "PEGI 3",
    "released": "Oct 24, 2019",
    "lastUpdatedOn": "Apr 23, 2025",
    "appId": "co.go12.ticketapp",
    "permisions": {
        "Photos/Media/Files": [
            "modify or delete the contents of your USB storage",
            "read the contents of your USB storage"
        ],
        "Storage": [
            "modify or delete the contents of your USB storage",
            "read the contents of your USB storage"
        ],
        "Other": [
            "control vibration",
            "full network access",
            "prevent device from sleeping",
            "run at startup",
            "view network connections"
        ]
    }
}