{
    "title": "Train Whistle Sound",
    "description": "This is a very simple train whistle sound in mobile application\r\n\r\nDo you want to sound loud with a unique sound? Or maybe just want to add train whistle sound effect to your life? Well we have this train whistle sound application just for you!\r\n\r\nWith this train whistle sound, you can:\r\n- Surprise people\r\n- Wake your friends up with a loud noise\r\n- Any other creative implementations you can think of using the sound\r\n\r\nI hope you enjoy using this train whistle sound in mobile application!",
    "summary": "A simple train whistle sound application",
    "installs": "10,000+",
    "score": null,
    "ratings": null,
    "price": 0,
    "currency": "EUR",
    "developer": "Infinite_Apps",
    "developerEmail": "infinite.innotech@gmail.com",
    "developerWebsite": "http://innovationinfinite.com",
    "developerAddress": "Jl. Venesia II DA 33, Kelapa Gading, 14240",
    "privacyPolicy": "https://innovationinfinite.com/privacy-policy-general",
    "genre": "Tools",
    "contentRating": "PEGI 18",
    "released": "Apr 5, 2017",
    "lastUpdatedOn": "Mar 21, 2024",
    "appId": "apps.infinite.trainwhistle",
    "permisions": {
        "Photos/Media/Files": [
            "read the contents of your USB storage"
        ],
        "Storage": [
            "read the contents of your USB storage"
        ],
        "Wi-Fi connection information": [
            "view Wi-Fi connections"
        ],
        "Other": [
            "control vibration",
            "full network access",
            "prevent device from sleeping",
            "run at startup",
            "view network connections"
        ]
    }
}