{
    "title": "Los Angeles Transit : LA Metro",
    "description": "Now it’s easier to travel through Los Angeles (LA) with a simpler & reliable app for LA transit: Los Angeles Transit : LA Metro Bus\r\n\r\nLos Angeles Transit : LA Metro Bus tracker is an all-in-one Time Saving Metro transit & transport app that's naturally built around the experience of travels through Los Angeles, Metro Train time Tracker with all currently running live lines, LA Metro & Bus tracker – Departure & Arrival timings: All live routes.\r\n\r\n\r\nLA Bus & Metro schedules along with Nearby departures and stands / stations networks with its frequent status changes, delays, and alerts can be a challenge. It is simple enough for regular commuters and tourists alike.\r\n\r\nTry the simplistic Designed, Most Accurate & Reliable All-In-One Los Angeles Transit LA metro & bus app covering all of LA transport networks & departure times & tariff information making it an awesome Los Angeles travel app for everyday use.\r\n\r\nBest Quality Transit detailed Metro & Bus Map & Bus & Rail system maps (Access Offline even with no network) Having the most useful Rail map handy in your pocket makes it easier when commuting in “LA” Los angeles, you have all - LA Bus Tracker, LA Train time Tracker, Departure & Arrival timings, Journey planner & Metro & Bus, Rail maps for your all travel needs.\r\n\r\n⭐ Los Angeles Transit : LA Metro Bus tracker offers Top Features Including:\r\n♛LA Los Angeles Travel Maps: Includes High Resolution LA Travel Maps – latest Metro & Bus Map, & Bus & Rail system Map.\r\n\r\n♛”LA”  Los Angeles Trip Planner / “LA”  Los Angeles Journey planner - Directions & best Route to take for Point A to Point B (Departure Now & Departure & Arrival on Later date & time) with : Need to reach somewhere? Be it now or at a later time and you just want to check. We’ve got your back, just search the A-to-B destination - the starting point and endpoint of your journey and get Transit directions to anywhere from any place in LA / Los Angeles for any date! Covers all modes of public transportation!\r\n•Get to know the best suggested route.\r\n•Get available alternate routes.\r\n•Click on your preferred route and get all small details like minimum walking distance to the nearest transport to pick up point and after drop point to your destination to make it your LA / Los Angeles travel complete.\r\n\r\n♛LA / Los Angeles Metro Tracker : Keep all Metro live running status at the current situation in your hands with metro rail predictions, Always! Ensure your journey stays as smooth as it should be.\r\n•All the Lines with Live RMetro  running status & Color coding\r\n•Next arrivals\r\n• Offline schedules\r\n•Timings and vehicle number indication so you are always sure and saving your time in your commute.\r\n\r\n\r\n♛ LA / Los Angeles Bus Tracker : Stay in control with all Live Bus transit tracker for LA / Los Angeles for both Northbound & Southbound buses. Search by typing or click from the list, get in-depth options such as:\r\n•Bus Number\r\n•Bus timings\r\n•Service Bulletins & updates\r\n•From / To Destinations\r\n\r\n♛Live status Alerts : Stay updated of your route with Live status and alerts and find all updates for Train & bus at one place.\r\n\r\n\r\n♛Nearby Places : Now find all available nearby places like ATM, restaurants, car rentals along with latest ratings with Los Angeles Transit : LA Metro Bus tracker.",
    "summary": "LA Transit app: Los Angeles Transit, LA Metro and LA Bus tracker & schedule app",
    "installs": "10,000+",
    "score": 0,
    "ratings": 0,
    "price": 0,
    "currency": "EUR",
    "developer": "Synergy App Studio",
    "developerEmail": "appqueeninc@gmail.com",
    "developerWebsite": "https://synergyappstudio.com",
    "developerAddress": null,
    "privacyPolicy": "http://synergyappstudio.com/chicago_privacy.html",
    "genre": "Travel & Local",
    "contentRating": "PEGI 3",
    "released": "Jun 26, 2023",
    "lastUpdatedOn": "Jul 18, 2024",
    "appId": "com.lametro.losangelestransit",
    "permisions": {
        "Location": [
            "approximate location (network-based)",
            "precise location (GPS and network-based)"
        ],
        "Other": [
            "full network access",
            "prevent device from sleeping",
            "view network connections"
        ],
        "Uncategorized": [
            "receive data from Internet"
        ]
    }
}