{
    "title": "Bike Ride Tracker. Bicycle GPS",
    "description": "Introducing you Bike Ride Tracker – an accurate and powerful cyclemeter for your bicycle activities. Track your ride, route on map, speed, distance, elevation and other performance stats.\r\n\r\nEither you are cycling for pleasure or training as professional, on the road, at the training circuit or out in the mountains –  Bike Ride Tracker is your irreplaceable assistant to healthier and longer life.\r\n\r\nWe truly believe that the app takes user bicycling experience to the new level. Our easy to use and intuitive interface will help you to start biking anywhere and set up everything right on the go. We thoroughly selected each and every element to show and combined them in quite simple but unique and outstanding user interface.\r\n\r\nTRACK\r\nBike Ride Tracker uses GPS speedometer and odometer to record your time, distance, speed, elevation, calories burned and location. Feel free to add your params and see the results of your rides!\r\n\r\nMAP\r\nTrack your exact distance and speed for each and every ride using maps.\r\n\r\nPERSONAL PROFILE\r\nFill in your personal weight, height, gender and age to make the stats more precise and accurate.\r\n\r\nSHARE\r\nTell the world about your accomplishments via Facebook, Twitter and Email by posting them to your favorite social websites.\r\n\r\nEXPORT\r\nImprove your personal results by exporting complete summaries of your rides in GPX, KML or CSV formats.\r\n\r\nSUBSCRIPTION INFORMATION\r\nBicycle Ride Tracker offers a subscription plan that lets you record  unlimited number of trips and turn off in-app advertisements",
    "summary": "Track cycling activities. Record rides, map routes and achieve fitness goals",
    "installs": "1,000,000+",
    "score": 4.07,
    "ratings": 7594,
    "price": 0,
    "currency": "EUR",
    "developer": "Oxagile LLC",
    "developerEmail": "support@appannex.com",
    "developerWebsite": "http://www.appannex.com",
    "developerAddress": "165 Broadway Fl 23,\nNew York, NY 10006\nUnited States",
    "privacyPolicy": "http://www.appannex.com/privacy-policy",
    "genre": "Health & Fitness",
    "contentRating": "PEGI 3",
    "released": "Sep 3, 2020",
    "lastUpdatedOn": "Apr 8, 2025",
    "appId": "com.oxagile.ridetracker",
    "permisions": {
        "Location": [
            "approximate location (network-based)",
            "precise location (GPS and network-based)"
        ],
        "Wi-Fi connection information": [
            "view Wi-Fi connections"
        ],
        "Other": [
            "full network access",
            "prevent device from sleeping",
            "view network connections"
        ],
        "Uncategorized": [
            "receive data from Internet"
        ]
    }
}