{
    "title": "TRAM d’Alacant",
    "description": "TRAM D'Alacant is the official application of train and tram service in the city of Alicante, metropolitan area and railway line that runs from Alicante to Denia. Here you will find all the information you need and can make arrangements and consultations wherever you are.\r\nWith this application you can:\r\n- Consult times passing through your station.\r\n- Consult the plane of the net.\r\n- Plan your route.\r\n- Register your card to benefit from the advantages.\r\n- Reload online titles.\r\n- Check the balance of your card.\r\n- Consult basic information such as travel rules, applicable fees, etc.\r\n- Keeping up the latest news and changes.\r\n- Receive alerts to service incidents.\r\n- Contact directly with our customer service.\r\n- Customize the language, saving favorite stations and routes as to expedite consultations ...\r\n-\tAnd many more.\r\n\r\nWith the guarantee of being the only official application TRAM of Alicante, it has a simple structure and easy to handle, is affordable and is designed to work consuming minimal resources from your terminal. And you have our commitment that we will incorporate new features that will make it even more useful and attractive.\r\nThe best choice to make the most of your travels.",
    "summary": "TRAM official app of Alicante: Consult timetables, routes, recharge card ...",
    "installs": "50,000+",
    "score": 0,
    "ratings": 0,
    "price": 0,
    "currency": "EUR",
    "developer": "Ferrocarrils de la Generalitat Valenciana",
    "developerEmail": "fgvapps@gmail.com",
    "developerWebsite": "http://www.tramalicante.es ",
    "developerAddress": null,
    "privacyPolicy": "http://www.fgv.es/politica-de-privacitat-app-tram-dalacant/?lang=ca",
    "genre": "Maps & Navigation",
    "contentRating": "PEGI 3",
    "released": "Mar 22, 2018",
    "lastUpdatedOn": "Jul 24, 2024",
    "appId": "com.fgv.tram",
    "permisions": {
        "Location": [
            "approximate location (network-based)",
            "precise location (GPS and network-based)"
        ],
        "Photos/Media/Files": [
            "modify or delete the contents of your USB storage",
            "read the contents of your USB storage"
        ],
        "Storage": [
            "modify or delete the contents of your USB storage",
            "read the contents of your USB storage"
        ],
        "Other": [
            "full network access",
            "prevent device from sleeping",
            "view network connections"
        ],
        "Uncategorized": [
            "receive data from Internet"
        ]
    }
}