{
    "title": "eZhire Car Rental | No Deposit",
    "description": "Welcome to eZhire - the future of car rentals! We've redefined the car rental experience by combining technology, convenience, and customer satisfaction to bring you a platform that lets you rent cars with ease, and without any hidden costs.\r\n\r\n🔥 Key Features 🔥\r\n\r\n* No Deposit: Rent a car stress-free without tying up your money in deposits.\r\n\r\n* On-Demand Delivery: Get your car delivered right to your doorstep, anytime, anywhere.\r\n\r\n* Accessible to Everyone: We accept debit cards and offer low-cost options for all budgets.\r\n\r\n* 24/7 Customer Support: Your satisfaction is our priority, and we're here to help round the clock.\r\n\r\n\r\n🌟 Why Choose eZhire 🌟\r\n\r\nOur mission is to simplify freedom and mobility for millions. With eZhire, you can experience the magic of car rental without the headaches of paperwork, deposits, and poor delivery. \r\n\r\nOur easy-to-use mobile app is designed for those who value their time and freedom. Perfect for busy professionals, adventure-seekers, and travellers looking to explore the GCC region.\r\n\r\n⚡️ How it Works ⚡️\r\n\r\nDownload the eZhire app and sign up.\r\nChoose your preferred car type and rental duration.\r\nConfirm your booking, and we'll deliver your car to you in no time!\r\n\r\n💎 The eZhire Difference 💎\r\n\r\nWe pride ourselves on our commitment to exceptional customer satisfaction. Our innovative technology revolutionizes the car rental industry, ensuring a streamlined rental process and an unparalleled experience for our customers.\r\n\r\n💼 Business and Leisure 💼\r\n\r\nWhether you need a car for a business trip or a weekend getaway, eZhire has you covered. Our extensive fleet of cars caters to all needs and budgets, so you can find the perfect ride to suit your style and requirements.\r\n\r\n🌍 Explore the GCC Region 🌍\r\n\r\neZhire operates across the GCC region, including the UAE and Saudi Arabia. Don't let borders hold you back - experience the freedom of the open road and create unforgettable memories.\r\n\r\nReady to experience car rental like never before? Download eZhire now and let your journey begin! 🚀",
    "summary": "Car Rental, Delivered, On-Demand To Your Doorstep",
    "installs": "500,000+",
    "score": 4.3125,
    "ratings": 7915,
    "price": 0,
    "currency": "EUR",
    "developer": "eZhire Technologies.",
    "developerEmail": "connect@ezhire.life",
    "developerWebsite": "http://www.ezhire.ae",
    "developerAddress": null,
    "privacyPolicy": "https://www.ezhire.ae/privacy-policy/",
    "genre": "Travel & Local",
    "contentRating": "PEGI 3",
    "released": "Apr 25, 2016",
    "lastUpdatedOn": "Mar 12, 2025",
    "appId": "com.ionicframework.conference463383",
    "permisions": {
        "Location": [
            "approximate location (network-based)",
            "precise location (GPS and network-based)"
        ],
        "Phone": [
            "directly call phone numbers",
            "read phone status and identity"
        ],
        "Photos/Media/Files": [
            "modify or delete the contents of your USB storage",
            "read the contents of your USB storage"
        ],
        "Storage": [
            "modify or delete the contents of your USB storage",
            "read the contents of your USB storage"
        ],
        "Camera": [
            "take pictures and videos"
        ],
        "Microphone": [
            "record audio"
        ],
        "Wi-Fi connection information": [
            "view Wi-Fi connections"
        ],
        "Device ID & call information": [
            "read phone status and identity"
        ],
        "Other": [
            "control vibration",
            "draw over other apps",
            "full network access",
            "prevent device from sleeping",
            "read Google service configuration",
            "run at startup",
            "view network connections"
        ],
        "Uncategorized": [
            "receive data from Internet"
        ]
    }
}