{
    "title": "Health Connect",
    "description": "Health Connect by Android gives you a simple way to share data between your health, fitness, and wellbeing apps without compromising on privacy.\r\n\r\nOnce you've downloaded Health Connect, you can access it through your settings by going to Settings > Apps > Health Connect, or from your Quick Settings menu.\r\n\r\n<b>Get more from your favorite apps.</b> Whether you're focused on activity or sleep, nutrition or vitals, sharing data between your apps can help you better understand your health. Health Connect gives you simple controls, so you only share the data you want to.\r\n\r\n<b>Keep your health and fitness data in one place.</b> Health Connect stores the health and fitness data from your apps in one place, offline and on your device, so you can easily manage the data from your different apps.\r\n\r\n<b>Update privacy settings in a few taps.</b> Before a new app can access your data, you can review and choose what you want to share. If you change your mind, or want to see which apps recently accessed your data, find it all in Health Connect.",
    "summary": "A simple way to share data between health, fitness, and wellbeing apps",
    "installs": "500,000,000+",
    "score": 2.67,
    "ratings": 50857,
    "price": 0,
    "currency": "EUR",
    "developer": "Google LLC",
    "developerEmail": "health-connect-support@google.com",
    "developerWebsite": "http://www.android.com/",
    "developerAddress": "1600 Amphitheatre Parkway, Mountain View 94043",
    "privacyPolicy": "https://policies.google.com/privacy",
    "genre": "Health & Fitness",
    "contentRating": "PEGI 3",
    "released": "Nov 10, 2022",
    "lastUpdatedOn": "Apr 29, 2025",
    "appId": "com.google.android.apps.healthdata",
    "permisions": {
        "Other": [
            "full network access",
            "measure app storage space",
            "prevent device from sleeping",
            "read Google service configuration",
            "run at startup",
            "view network connections"
        ],
        "Uncategorized": [
            "update component usage statistics"
        ]
    }
}