{
    "title": "Nike Run Club - Running Coach",
    "description": "Training Plans*, Guided Runs**, health and fitness tips or community challenges — run towards your goals with all the tools you need. Run the distance with the support of Nike coaches, there for you every step of the way. Half marathon training, wellness runs and more.\r\n\r\nSet a new personal best and discover movement where you’re at with the support of the Nike community. Let’s run together.\r\n\r\n5k to 10k, Half Marathon and more - get started with health and fitness tools for all levels. From Guided Runs** and Training Plans* to fitness tracker and health monitoring features - unlock a fitness app equipped with everything you need to achieve your goals.5k or 10k, marathon and more - NRC has you covered.\r\n\r\nHit the trails or start your cardio training on the treadmill. Nike Run Club provides the motivation you need with community support at every step. Create and share challenges with friends or join one alongside runners worldwide. Health and fitness is better with a crew — get started with a challenge today and stay motivated with the Nike Run Club community. \r\n\r\nNike Run Club is more than just a fitness app — it’s a running community for Nike Members. We map running routes, coach you along the way, and provide health and fitness tips to help you recover on your days off. Download today to become a Nike Member and reach your goals with NRC.\r\n\r\n<b>RUN TRACKER FREE</b>\r\n• Track cardio, running speed, GPS, elevation, heart rate & more\r\n• Distance & fitness tracker - Track progress towards your running goals\r\n• Mobile running coach - Monitor fitness progress with your own virtual running coach\r\n• Activity tracker to Android OS supported devices - easily sync your stats\r\n\r\n<b>TRAINING PLANS & GUIDED RUNS</b>\r\n• Run toward your goals with the help of NRC Training Plans*\r\n• Half Marathon training, 4-Week Get Started Training Plan and more - Select plans that best suit you*\r\n• Marathon Training Plan - Begin the ultimate 12-week training journey*\r\n• Casual run, speed intervals or marathon training - Get started with our library of Guided Runs**\r\n• Fitness motivation from the best of Nike like Eliud Kipchoge with Audio Guided Runs**\r\n• Running coach guidance with NRC’s Guided Runs - you’re never running by yourself**\r\n• Receive or send friends motivating in-run audio cheers\r\n\r\n<b>RUN CHALLENGES</b>\r\n• 5K to 10K and beyond - Earn badges and trophies for streaks and personal bests\r\n• Fitness app motivation - NRC provides encouragement to reach a new monthly running mileage or set a distance goal\r\n• Run in NRC running challenges or create one and invite your friends\r\n• Fitness tracker - Monitor and celebrate progress towards your goals with your worldwide run club\r\n\r\n<b>MILE COUNTER & SHOE TAGGING</b>\r\n• Distance tracker for all your shoes - Run worry-free with a mile counter that tracks every pair and reminds you when it’s time for a new one\r\n• Running speed - Our pacer helps you learn which pair you run the fastest in\r\n\r\n<b>NIKE FITNESS FEED</b>\r\n• Health & Fitness Guidance - Wellness tips for all runners, covering motivation, nutrition, athlete stories, and more\r\n• Nike Running - Check out the latest from Nike Running, including Guided Runs, Run Playlists, and footwear drops\r\n• Holistic Wellness - Unlock the best of fitness apps and more with mindset and recovery tips to connect mind and body\r\n\r\nDownload today and discover movement where you’re at with the Nike community.\r\n\r\n-\r\n\r\nNRC works with Google Fit to sync workouts and record heart-rate data.\r\nContinued use of GPS running in the background can decrease battery life.\r\n\r\nhttps://play.google.com/store/apps/details?id=com.nike.plusgps&hl=en_US&gl=US\r\n\r\nNRC is supported on all Wear OS watches and many more, including Garmin\r\n\r\n*Training Plans available in the US, UK, JP, CN, BR, FR, DE, ES, IT.\r\n**Guided Runs available in select countries.",
    "summary": "Running for Beginners to Regulars: Guided Runs for 5k, 10k, Half Marathon & More",
    "installs": "10,000,000+",
    "score": 3.7567115,
    "ratings": 1091262,
    "price": 0,
    "currency": "EUR",
    "developer": "Nike, Inc.",
    "developerEmail": "Nike.googleplaysupport@nike.com",
    "developerWebsite": "https://www.nike.com/nrc-app",
    "developerAddress": "Nike World Headquarters\nOne Bowerman Drive\nBeaverton, OR 97005",
    "privacyPolicy": "https://www.nike.com/help/a/privacy-global",
    "genre": "Health & Fitness",
    "contentRating": "PEGI 3",
    "released": "Jun 21, 2012",
    "lastUpdatedOn": "Apr 11, 2025",
    "appId": "com.nike.plusgps",
    "permisions": {
        "Identity": [
            "find accounts on the device",
            "read your own contact card"
        ],
        "Contacts": [
            "find accounts on the device",
            "read your contacts"
        ],
        "Location": [
            "approximate location (network-based)",
            "precise location (GPS and network-based)"
        ],
        "Phone": [
            "read phone status and identity"
        ],
        "Photos/Media/Files": [
            "modify or delete the contents of your USB storage",
            "read the contents of your USB storage"
        ],
        "Storage": [
            "modify or delete the contents of your USB storage",
            "read the contents of your USB storage"
        ],
        "Camera": [
            "take pictures and videos"
        ],
        "Microphone": [
            "record audio"
        ],
        "Wi-Fi connection information": [
            "view Wi-Fi connections"
        ],
        "Device ID & call information": [
            "read phone status and identity"
        ],
        "Wearable sensors/Activity data": [
            "body sensors (like heart rate monitors)"
        ],
        "Other": [
            "Google Play license check",
            "access Bluetooth settings",
            "change network connectivity",
            "control vibration",
            "full network access",
            "pair with Bluetooth devices",
            "prevent device from sleeping",
            "read sync settings",
            "run at startup",
            "toggle sync on and off",
            "use accounts on the device",
            "view network connections"
        ],
        "Uncategorized": [
            "download files without notification",
            "read sync statistics",
            "receive data from Internet"
        ]
    }
}