{
    "title": "National Car Rental",
    "description": "Tap into the power of the Emerald Club® with the National Car Rental® app. The National Car Rental app offers features to help you take control of your rental experience on the go.​\r\n\r\n​Speed & Convenience in the Palm of Your Hand​\r\n• As an Emerald Club member, profile details are automatically applied to your reservation to help you save time.​\r\n• Access current and upcoming trip information as well as past rental history and detailed receipts.​\r\n• Search National locations worldwide and view location details, like hours of operation, addresses and phone numbers – even get arrival directions to the lot.​\r\n• Contact Roadside Assistance or 24/7 customer support, and access frequently asked questions.​\r\n\r\nTools for the Control Enthusiast​\r\n• Reservation Assistance provides you with timely and important information about your rental when you need it.​\r\n• Manage your Emerald Club profile, view your progress to the next Emerald Club tier and credits toward free rental days (covers base rate, Time and Mileage, only).​\r\n• Extend your rental directly from the app by simply choosing a new return date and time.​\r\n\r\nVirtually Everything You Need to Get On the Road​\r\n• With Emerald Checkout℠, you can take control to a whole new level at Emerald Aisle locations. Scan a vehicle in the aisle (and view details like mileage and features), confirm your rental options and accelerate your exit process with a Virtual Pass barcode.​\r\n\r\n​By clicking on \"Install\", you consent to the Terms of Use (https://www.nationalcar.com/en/legal/terms-of-use.html) and Privacy Policy (https://privacy.ehi.com), including access to or storage of performance and usage of device and/or app related data for analytic purposes by National Car Rental or its third-party providers.​",
    "summary": "Car Rental with Speed, Choice & Control",
    "installs": "1,000,000+",
    "score": 4,
    "ratings": 12391,
    "price": 0,
    "currency": "EUR",
    "developer": "EAN Services, LLC",
    "developerEmail": "DigitalProductApps@em.com",
    "developerWebsite": "https://www.nationalcar.com",
    "developerAddress": "600 Corporate Park Dr., St. Louis, MO 63105",
    "privacyPolicy": "https://privacy.ehi.com",
    "genre": "Travel & Local",
    "contentRating": "PEGI 3",
    "released": "May 28, 2015",
    "lastUpdatedOn": "Apr 2, 2025",
    "appId": "com.ehi.national.mobile",
    "permisions": {
        "Calendar": [
            "add or modify calendar events and send email to guests without owners' knowledge",
            "read calendar events plus confidential information"
        ],
        "Location": [
            "approximate location (network-based)",
            "precise location (GPS and network-based)"
        ],
        "Photos/Media/Files": [
            "modify or delete the contents of your USB storage",
            "read the contents of your USB storage"
        ],
        "Storage": [
            "modify or delete the contents of your USB storage",
            "read the contents of your USB storage"
        ],
        "Camera": [
            "take pictures and videos"
        ],
        "Wi-Fi connection information": [
            "view Wi-Fi connections"
        ],
        "Other": [
            "control vibration",
            "full network access",
            "prevent device from sleeping",
            "read Google service configuration",
            "run at startup",
            "view network connections"
        ],
        "Uncategorized": [
            "download files without notification",
            "receive data from Internet"
        ]
    }
}