{
    "title": "Brussels Airlines",
    "description": "The Brussels App lets you book flights, choose seats and get your boarding passes in order. It is the perfect mobile travel partner and gives you peace of mind so you know your journey will go off without a hitch.  \r\n\r\nOnce you’ve got the Brussels App, you’ll receive push notifications as well as real-time flight information, important flight status updates and relevant offers straight to your smartphone. This way you won’t miss out on any last-minute changes to your journey. \r\n\r\nThe Brussels App accompanies you the whole time, from the minute you book your flight to when you land at your destination and even afterward to make sure the whole experience is as seamless as possible. Simply access your personal profile if you need to make any changes to your information. \r\n\r\nThe Brussels App ensures you’re well looked after throughout the entire flight experience. \r\n\r\nHere are the main features of the Brussels App: \r\n\r\n🛫 Before the flight \r\n\r\nBook flights, add baggage and choose seats: Purchase the flight that best suits you and even add a rental car if you need to. You can also add baggage and reserve or change your seat. \r\n\r\nOnline check-in: The Brussels App enables you to check in for all flights operated by Lufthansa Group Network Airlines. Your mobile boarding pass will then appear on your smartphone and can be accessed easily. \r\n\r\nTravel ID and Brussels Miles and More: You can store various payment methods in your Travel ID account with the new digital wallet, making it easy to pay anytime, anywhere. Your Travel ID or Brussels Miles & More account can be used for personalized services. You can save your personal information in the Brussels App for better accessibility. \r\n\r\nReal-time information and flight status: From 24 hours before your flight, you will be provided with important details and updates about your journey thanks to your mobile travel companion. Notifications for check-in and the flight status will pop up on your home screen as well as any gate changes so you won’t miss out on any news. This way you can rest assured that you’re up to date with all your flight information. \r\n\r\n✈️ During the flight \r\n\r\nFlight ticket and onboard services: You always have your mobile boarding pass and onboard services to hand thanks to the Brussels App – even when you don’t have internet access. All relevant flight information is at your fingertips, so you know your flight status without having to ask the flight crew. \r\n\r\n🛬 After the flight \r\n\r\nTrack baggage: Your digital travel companion will still be at your side even after you’ve arrived at your destination. Locate your checked-in baggage in the app and stay informed about the subsequent parts of your trip. \r\n\r\nThe Brussels App is the perfect chaperone for a flawless travel experience. It has never been easier to book your flights and rental cars via the app, receive notifications and updates about upcoming flights, and manage your personal data effortlessly all while on the go. \r\n\r\nGet your hands on the Brussels App now and see how it can improve your travel experience! It’s at your side before, during and after your flight. \r\n\r\nCheck out brusselsairlines.com and follow us on Instagram, Facebook, YouTube and X to stay up to date with the latest news and flight offers. \r\n\r\nIf you have any questions or need our help, please get in touch with us. You can contact us at https://www.brusselsairlines.com/be/en/contact.",
    "summary": "Your mobile travel partner: buy flights, check flight details, check in online.",
    "installs": "1,000,000+",
    "score": 4.59,
    "ratings": 6044,
    "price": 0,
    "currency": "EUR",
    "developer": "Lufthansa Group",
    "developerEmail": "callcenter.en@brusselsairlines.com",
    "developerWebsite": "http://www.brusselsairlines.com",
    "developerAddress": null,
    "privacyPolicy": "https://www.brusselsairlines.com/us/en/legal-notices/data-protection-and-privacy-notice?country=us&language=en",
    "genre": "Travel & Local",
    "contentRating": "PEGI 3",
    "released": "Jan 31, 2017",
    "lastUpdatedOn": "Apr 29, 2025",
    "appId": "com.brusselsairlines.bmobile",
    "permisions": {
        "Calendar": [
            "add or modify calendar events and send email to guests without owners' knowledge",
            "read calendar events plus confidential information"
        ],
        "Location": [
            "approximate location (network-based)",
            "precise location (GPS and network-based)"
        ],
        "Camera": [
            "take pictures and videos"
        ],
        "Wi-Fi connection information": [
            "view Wi-Fi connections"
        ],
        "Other": [
            "connect and disconnect from Wi-Fi",
            "control flashlight",
            "control vibration",
            "full network access",
            "prevent device from sleeping",
            "run at startup",
            "view network connections"
        ],
        "Uncategorized": [
            "receive data from Internet"
        ]
    }
}