{
    "title": "Eway Scooter",
    "description": "With this app it’s possible to control, change settings and monitor the scooter through Bluetooth. It works for the following Eway models: E350, E500, E600, E600 Max, E-2520, E-2540, E-3530, E-5045, E-6045FRS, E-6060FRS and  E-6070FRS.",
    "summary": "App for Eway E350, E500, E600, E600 Max, E-25xx, E-3530, E-5045 and E-60xxFRS",
    "installs": "10,000+",
    "score": null,
    "ratings": null,
    "price": 0,
    "currency": "EUR",
    "developer": "Wilfa",
    "developerEmail": "support@wilfa.com",
    "developerWebsite": "https://www.wilfa.com/",
    "developerAddress": "Nydalsveien 24\n0484 Oslo\nNorway",
    "privacyPolicy": "https://www.wilfa.com/en/app/eway-scooter/",
    "genre": "Health & Fitness",
    "contentRating": "PEGI 3",
    "released": "Dec 12, 2020",
    "lastUpdatedOn": "Apr 11, 2025",
    "appId": "com.scooter.ewayscooter",
    "permisions": {
        "Location": [
            "approximate location (network-based)",
            "precise location (GPS and network-based)"
        ],
        "Photos/Media/Files": [
            "access USB storage filesystem",
            "modify or delete the contents of your USB storage",
            "read the contents of your USB storage"
        ],
        "Storage": [
            "modify or delete the contents of your USB storage",
            "read the contents of your USB storage"
        ],
        "Other": [
            "access Bluetooth settings",
            "control vibration",
            "full network access",
            "pair with Bluetooth devices",
            "prevent device from sleeping",
            "view network connections"
        ]
    }
}