{
    "title": "Easy Charging Quality",
    "description": "The Easy Charging Quality (ECQ) app will give you access to over 700.000 charge stations in 22 countries. With just three quick steps, you can start charging:\r\n\r\n1.\tEnter your charge card number, scan the QR code or select a link that was sent to you by your e-mobility service provider.\r\n2.\tLogin with an existing account, register as a new user or skip for guest user access.\r\n3.\tSet up your desired filters and start charging!\r\n\r\n\r\nAdd your vehicle\r\nBy adding your vehicle to the account, the app will automatically only show charge stations that are relevant for the car you want to charge.\r\n\r\nFavorites lists\r\nWith just a tap on the screen, you can now save favourite charge stations so that you can easily navigate to these locations.\r\n\r\nSet your filters\r\nThe app will only show you charge stations that you are looking for, whether those are available chargers, fast chargers or chargers that provide app based payments.\r\n\r\nPayment options\r\nMultiple payment options are available to the EV driver. Besides using your charge card, the app also supports several direct payment methods (subject to change per country).\r\n\r\nAccount management\r\nView your previous transactions, manage your charge cards and change the app settings in the account menu page.",
    "summary": "Access the largest network to charge your EV with ECQ",
    "installs": "50,000+",
    "score": 1.6,
    "ratings": 186,
    "price": 0,
    "currency": "EUR",
    "developer": "Last Mile Solutions",
    "developerEmail": "support@lastmilesolutions.com",
    "developerWebsite": null,
    "developerAddress": null,
    "privacyPolicy": "https://www.lastmilesolutions.com/privacy-policy/",
    "genre": "Auto & Vehicles",
    "contentRating": "PEGI 3",
    "released": "Jul 27, 2022",
    "lastUpdatedOn": "Mar 4, 2025",
    "appId": "com.easyChargingQuality.app",
    "permisions": {
        "Location": [
            "approximate location (network-based)",
            "precise location (GPS and network-based)"
        ],
        "Phone": [
            "directly call phone numbers"
        ],
        "Photos/Media/Files": [
            "modify or delete the contents of your USB storage",
            "read the contents of your USB storage"
        ],
        "Storage": [
            "modify or delete the contents of your USB storage",
            "read the contents of your USB storage"
        ],
        "Camera": [
            "take pictures and videos"
        ],
        "Other": [
            "control flashlight",
            "full network access",
            "prevent device from sleeping",
            "view network connections"
        ],
        "Uncategorized": [
            "receive data from Internet"
        ]
    }
}