{
    "title": "Skoot - Motorbike Rental App",
    "description": "GET YOUR THAILAND MOTORBIKE RENTAL DIRECT FROM SKOOT\r\n\r\nSkoot gives you hassle-free rentals in Phuket and Pattaya.\r\n\r\nIf you're a tourist seeking adventure or a local needing a reliable ride, Skoot gives you a smooth, secure, and budget-friendly solution to all your motorbike rental needs.\r\n\r\n\r\nWhy Choose Skoot?\r\n\r\n- Wide Selection: Choose from thousands of scooters for every budget.\r\n- Safety First: Keep your passport - unlike local rental shops.\r\n- Convenient Delivery: Get your scooter wherever you are at a time that works for you\r\n- Flexible Payments: Pay with your regular payment system\r\n- Scooter owners earn with us: Add your own scooter and start earning.\r\n\r\n\r\nHow Skoot Works\r\n\r\nDownload the App: Get Skoot from the App Store and create an account.\r\nBrowse Scooters: The easy to use interface means you find the perfect scooter fast.\r\nBook Your Ride: Choose your rental period and preferred payment method.\r\nEnjoy Your Ride: Get your bike delivered to you or pick it up from the listed location.\r\nReturn with Ease: Simply drop off the bike at the designated spot or arrange a pick-up.\r\n\r\n\r\nSAFE AND SECURE RENTALS\r\n- Your safety and convenience are our top priorities.\r\n- Skoot's secure deposit scheme means you can now rent a bike without handing over your passport.\r\n- Yes, don’t waste hours trying to find a rental shop that doesn’t want a passport as a deposit for your rental. Take just a few moments to upload a copy of your documents to the Skoot app and your scooter is booked!\r\n\r\n\r\nConvenient Bike Deliveries\r\n\r\n- Don’t want to spend hours in Thailand wasting time searching for the right bike?\r\n- Skoot delivers to the location you want at the time you want.\r\n- Easy And Safe Payments\r\n- Credit card, Debit card, JCB, Prompt Pay\r\n\r\n\r\nClear Pricing\r\n- Clear upfront pricing\r\n- No hidden fees\r\n\r\n\r\nWhen something goes wrong\r\n- Usually you’re stuck trying to call a Thai number or asking random strangers for help-total nightmare in Asia.\r\n\r\n**SKOOT HAS 24 HOUR ENGLISH IN APP SUPPORT**\r\n\r\n\r\nThe right scooter for you\r\n\r\n- Choose from budget scooters for regular use, to high-performance bikes for having fun on the road. Skoot has you covered with all the options.\r\n- Thousands of Scooters at Your Fingertips\r\n- Skoot connects you to thousands of bikes.\r\n\r\nChoose from the best selection of motorbikes in Phuket, Pattaya, and Bangkok.\r\n\r\nSkoot makes it easy to browse, select, and book your ideal scooter in just a few taps.\r\n\r\nInstall Skoot Now\r\n\r\nReady to ride? Download Skoot from the App Store today and start your adventure. With our extensive selection, secure rental process, and flexible payment options, Skoot is the ultimate choice for motorbike rentals in Phuket, Pattaya, and Bangkok.\r\n\r\n\r\nJoin the Skoot Community\r\n\r\nJoin the growing community of riders who value freedom, convenience, and safety.\r\n\r\nSkoot is more than just a rental service – it's a gateway to unforgettable experiences. Share your adventures, connect with fellow riders, and make the most of your journey with Skoot.\r\n\r\n\r\nFor scooter owners - Add your own scooter\r\n\r\nAre you a scooter owner looking to earn some extra income? Skoot allows you to add your own scooter to our platform. List your bike, set your price, and start earning with ease. Join our community of scooter enthusiasts and share the joy of riding with others.\r\n\r\n\r\nContact Us\r\n\r\nHave questions or need assistance? Our dedicated support team is here to help. Contact us via the app or visit our website for more information. Ride smart, ride safe, and ride with Skoot!\r\n\r\nExperience Thailand like never before with Skoot – your trusted partner for motorbike rentals. Download now and let the adventure begin!",
    "summary": "Skoot - the world's largest, most-trusted scooter & motorbike rental marketplace",
    "installs": "5,000+",
    "score": 0,
    "ratings": 0,
    "price": 0,
    "currency": "EUR",
    "developer": "Skoot Now Co., Ltd.",
    "developerEmail": "info@skootnow.com",
    "developerWebsite": "http://www.skootnow.com",
    "developerAddress": null,
    "privacyPolicy": "https://www.skootnow.com/privacy-policy",
    "genre": "Travel & Local",
    "contentRating": "PEGI 18",
    "released": "May 2, 2023",
    "lastUpdatedOn": "May 3, 2025",
    "appId": "com.skoot.now",
    "permisions": {
        "Location": [
            "approximate location (network-based)",
            "precise location (GPS and network-based)"
        ],
        "Phone": [
            "read phone status and identity"
        ],
        "Photos/Media/Files": [
            "modify or delete the contents of your USB storage",
            "read the contents of your USB storage"
        ],
        "Storage": [
            "modify or delete the contents of your USB storage",
            "read the contents of your USB storage"
        ],
        "Camera": [
            "take pictures and videos"
        ],
        "Microphone": [
            "record audio"
        ],
        "Device ID & call information": [
            "read phone status and identity"
        ],
        "Other": [
            "control vibration",
            "full network access",
            "prevent device from sleeping",
            "read Google service configuration",
            "run at startup",
            "view network connections"
        ],
        "Uncategorized": [
            "receive data from Internet"
        ]
    }
}