{
    "title": "MOVE by Love Sweat Fitness",
    "description": "<b>MOVE by Love Sweat Fitness</b> is the top-ranked exercise app for women created by Personal Trainer Katie Dunlop. Join the TEAM LSF community and start your daily at-home workouts to lose weight, tone up, get stronger, and most importantly, feel good every day.\r\n\r\nAfter her own 45 pound weight loss journey, Katie has spent the past 10+ years helping thousands of women transform their bodies through her proven weight loss system, the 3:1 Method. Get ready to burn fat and build strength with motivating at home daily workouts for every level.\r\n\r\nStay motivated, get encouragement and connect with our inspirational women’s fitness community #TEAMLSF.\r\n\r\nStart your first sweat sesh with Katie today and get ready to MOVE!\r\n\r\nMOVE membership gets you access to:\r\n\r\nKatie’s Personal Training Program\r\nWith over 500+ days of brand new workouts including; Legs & Booty, Abs & Arms, Full Body, Cardio & more, the perfect workout for any day is waiting for you. Each workout combines 3 strength based exercises with a cardio burst to deliver your optimal, full body results. No gym? Good! You won’t need it. Every MOVE workout can be done at home with minimal to no equipment.\r\n\r\nOn-Demand Video Workouts:\r\nReady to mix it up? Join Katie for a fully guided workout in your video library. Whether it's a quick 15 minute ab blaster, or a 45 minute barre bootcamp -- get the in-person studio experience right from home with over 150+ workout videos to choose from.\r\n\r\n- Strength & Circuit Training\r\n- HIIT (high-intensity interval training)\r\n- Yoga\r\n- Barre\r\n- MISS (Moderate-Intensity-Steady-State)\r\n- LISS (Low-Intensity-Steady-State)\r\n- Body Part Targeted\r\n- Warm Up + Mobility\r\n- Recovery\r\n- Stretching\r\n\r\nTrack and Celebrate Your Progress\r\nSet and crush your goals with a personalized weight, hydration and workout tracker. Stay consistent and build your MOVE Sweat Streak, a daily reminder to keep going. Don’t forget, each workout is a reason to celebrate and remember how far you have come. Track your self-care habits, add your progress photos, and earn motivational trophies for reaching your goals.\r\n\r\n- Daily Accomplishment Tracker\r\n- Workout Journal\r\n- Motivational Trophies\r\n- Sweat Streak Progress Tracker\r\n- Side by Side Transformation Photo Builder\r\n- Weight, Water & Self Care\r\n\r\nSubscription Details and Terms\r\nMOVE is free to download. In order to access all features and workouts in the app requires a MOVE membership, available on a monthly, quarterly and yearly basis. First time customers will be eligible for a 7 day free trial period, you will be billed at the end of the trial. Yearly subscriptions are billed in the total annual amount after a trial period or upfront for existing customers.\r\n\r\nYou may change your payment method at any time in your iTunes account. Subscriptions will automatically renew unless canceled prior to the date of the charge. Payment will be charged to your credit card through your iTunes account once you confirm the purchase.\r\n\r\nSubscriptions can be managed or canceled in your iTunes account. We are not able to provide refunds for unused portions of your subscription term. If you cancel prior to the end of your term, you will retain access to your membership until the end.\r\n\r\nNEED HELP? Email us anytime!\r\nsupport@lovesweatfitness.com\r\n------\r\nTerms & Conditions: https://lovesweatfitness.com/terms-conditions/\r\n\r\n<b>START YOUR FITNESS JOURNEY WITH MOVE – DOWNLOAD TODAY!</b>",
    "summary": "Daily at-home workouts to lose weight, tone up, get stronger & feel good!",
    "installs": "100,000+",
    "score": 0,
    "ratings": 0,
    "price": 0,
    "currency": "EUR",
    "developer": "Love Sweat Fitness",
    "developerEmail": "support@lovesweatfitness.com",
    "developerWebsite": "https://lovesweatfitness.com",
    "developerAddress": "27198 Paseo Espada Suite 624\nSan Juan Capistrano, CA 92675",
    "privacyPolicy": "https://lovesweatfitness.com/privacy-policy/",
    "genre": "Health & Fitness",
    "contentRating": "PEGI 3",
    "released": "Mar 15, 2019",
    "lastUpdatedOn": "Mar 12, 2025",
    "appId": "com.lsfmobile",
    "permisions": {
        "Calendar": [
            "add or modify calendar events and send email to guests without owners' knowledge",
            "read calendar events plus confidential information"
        ],
        "Photos/Media/Files": [
            "modify or delete the contents of your USB storage",
            "read the contents of your USB storage"
        ],
        "Storage": [
            "modify or delete the contents of your USB storage",
            "read the contents of your USB storage"
        ],
        "Camera": [
            "take pictures and videos"
        ],
        "Microphone": [
            "record audio"
        ],
        "Wi-Fi connection information": [
            "view Wi-Fi connections"
        ],
        "Other": [
            "Google Play license check",
            "change network connectivity",
            "full network access",
            "prevent device from sleeping",
            "view network connections"
        ],
        "Uncategorized": [
            "download files without notification",
            "receive data from Internet"
        ]
    }
}