{
    "title": "TP-Link Tapo",
    "description": "The Tapo app helps you set up the Tapo smart devices within minutes and puts everything you need at the tip of your fingers\r\n• Control your smart device from anywhere. \r\n• Control the device via voice with Google Home and Amazon Echo. \r\n• Preset Away mode to make it seem like someone is home. \r\n• Set a countdown timer to automatically turn the device on or off. \r\n• Schedule when to turn the device on or off automatically at times. \r\n• Invite families to manage the device together.",
    "summary": "Control your Tapo smart devices from anywhere.",
    "installs": "10,000,000+",
    "score": 4.6015453,
    "ratings": 358678,
    "price": 0,
    "currency": "EUR",
    "developer": "TP-LINK SYSTEMS INC.",
    "developerEmail": "app.support@tp-link.com",
    "developerWebsite": "https://www.tapo.com",
    "developerAddress": null,
    "privacyPolicy": "https://privacy.tp-link.com/app/tapo/privacy",
    "genre": "Lifestyle",
    "contentRating": "PEGI 3",
    "released": "Sep 3, 2019",
    "lastUpdatedOn": "May 5, 2025",
    "appId": "com.tplink.iot",
    "permisions": {
        "Location": [
            "approximate location (network-based)",
            "precise location (GPS and network-based)"
        ],
        "Phone": [
            "read phone status and identity"
        ],
        "Photos/Media/Files": [
            "modify or delete the contents of your USB storage",
            "read the contents of your USB storage"
        ],
        "Storage": [
            "modify or delete the contents of your USB storage",
            "read the contents of your USB storage"
        ],
        "Camera": [
            "take pictures and videos"
        ],
        "Microphone": [
            "record audio"
        ],
        "Wi-Fi connection information": [
            "view Wi-Fi connections"
        ],
        "Device ID & call information": [
            "read phone status and identity"
        ],
        "Other": [
            "access Bluetooth settings",
            "allow Wi-Fi Multicast reception",
            "change network connectivity",
            "change your audio settings",
            "connect and disconnect from Wi-Fi",
            "control flashlight",
            "control vibration",
            "draw over other apps",
            "full network access",
            "pair with Bluetooth devices",
            "prevent device from sleeping",
            "run at startup",
            "view network connections"
        ],
        "Uncategorized": [
            "allow Bluetooth pairing by Application",
            "receive data from Internet"
        ]
    }
}