{
    "title": "Circuit Route Planner",
    "description": "<h1>Easy-to-use multi-stop route planner and delivery app downloaded by over 10 million drivers - Sign up for a FREE trial today!</h1>\r\n\r\n\r\nDeliver more packages and finish your route faster. Save time, money, and gas with Circuit Route Planner. \r\n\r\nAdding stops to a route takes seconds. A single click optimizes all your deliveries and automatically maps out the fastest routes. Avoid traffic, find packages quicker, and deliver more efficiently.\r\n\r\n<b>Using Circuit Route Planner, you can...</b>\r\n\r\nFind and add stops easily using your keypad, voice, or upload a spreadsheet\r\nAdd an unlimited number of deliveries and routes per day\r\nAvoid traffic and delays with a route planner that automatically maps the fastest routes\r\nMake and slot last-minute changes into your route during the day\r\nSelect and move stops to make them next, first or last on your route\r\nUse it with your favorite GPS - Waze, Google Maps, Apple Maps, and more…\r\nSet delivery time windows and priority levels for specific stops\r\nCustomize the amount of time to spend at each stop, and add rest breaks\r\nGet instant and accurate ETAs\r\nAdd package details to make loading your truck and locating an item easier \r\nAnd much more…\r\n\r\nThe top-choice route planning and delivery app for couriers and delivery drivers, used to deliver in over 180 countries. Helping drivers discover the best routes, avoid traffic, boost earnings, and finish ahead of schedule every day.\r\n\r\n“I’m a courier and deliver about 150 packages a day. This route planner always gives me the fastest route, so I can deliver more packages in less time. I make more money and save around an hour a day using Circuit. It’s the best app of all the ones I’ve tried” - Nathan, Canada\r\n\r\n<b>Circuit Route Planner - Free</b>\r\nThe free version of Circuit Route Planner gives you unlimited access to all features, but routes are limited to a maximum of 10 stops.\r\n\r\n<b>Circuit Route Planner - Premium</b>\r\nTry Circuit Route Planner Premium and see how much time and fuel you can save in a week with our 7-day Circuit Route Planner Premium free trial. On average, most multi-drop couriers save at least 10 hours a week on their routes.\r\n\r\n7-day trial complete? Subscribe to Circuit Route Planner Premium, and your subscription will give you access to unlimited features, stops, and routes. Save time, money, and gas by using a delivery route planner that helps you do more and finish your route faster.\r\n\r\n\r\n<h1>FAQs</h1>\r\n\r\n<b>Will Circuit Route Planner work in my country?</b>\r\nCircuit Route Planner works in almost every country because it uses location data provided by Google Maps. If Google Maps works where you live, then Circuit Route Planner will work for you. We have users in over 180 countries and on every continent.\r\n\r\n<b>Which languages does Circuit support?</b>\r\nCircuit will automatically use your phone language if it is supported. If it is not, it will default to US English.\r\n\r\n<b>How many routes can I create?</b>\r\nYou can have unlimited routes on the free and premium version of Circuit Route Planner.\r\n\r\n<b>How many stops can I add to my route?</b>\r\nYou can add up to ten stops per route on the free version of Circuit Route Planner. \r\nYou can add an unlimited number of stops per route on the premium version of Circuit Route Planner.\r\n\r\n<b>How do I subscribe/cancel my subscription?</b>\r\nSubscriptions auto-renew monthly and are charged to your Google Play account. Cancel anytime by turning off auto-renew in your Google Play account 24 hours before the renewal date. Rates vary by country, and the local price for your region will be provided before you complete payment.\r\n\r\n\r\n\r\nSupport: https://help.getcircuit.com/en/collections/385293-circuit-for-individual-drivers\r\nWhat’s new?: https://getcircuit.com/route-planner/product-updates\r\nTerms of Service: https://getcircuit.com/terms\r\nPrivacy Policy: https://getcircuit.com/privacy",
    "summary": "Optimize your route. Finish work faster and get home earlier.",
    "installs": "10,000,000+",
    "score": 4.380531,
    "ratings": 162686,
    "price": 0,
    "currency": "EUR",
    "developer": "Circuit Routing Limited",
    "developerEmail": "support@getcircuit.com",
    "developerWebsite": "http://www.getcircuit.com",
    "developerAddress": "2 Grove Avenue, Langdon Hills, Basildon, SS16 6HJ, United Kingdom",
    "privacyPolicy": "https://www.getcircuit.com/privacy.html",
    "genre": "Maps & Navigation",
    "contentRating": "PEGI 3",
    "released": "Oct 26, 2016",
    "lastUpdatedOn": "Apr 28, 2025",
    "appId": "com.underwood.route_optimiser",
    "permisions": {
        "Location": [
            "approximate location (network-based)",
            "precise location (GPS and network-based)"
        ],
        "Photos/Media/Files": [
            "modify or delete the contents of your USB storage",
            "read the contents of your USB storage"
        ],
        "Storage": [
            "modify or delete the contents of your USB storage",
            "read the contents of your USB storage"
        ],
        "Camera": [
            "take pictures and videos"
        ],
        "Microphone": [
            "record audio"
        ],
        "Wi-Fi connection information": [
            "view Wi-Fi connections"
        ],
        "Other": [
            "Google Play license check",
            "access Bluetooth settings",
            "control vibration",
            "draw over other apps",
            "full network access",
            "pair with Bluetooth devices",
            "prevent device from sleeping",
            "read Google service configuration",
            "run at startup",
            "view network connections"
        ],
        "Uncategorized": [
            "receive data from Internet"
        ]
    }
}