{
    "title": "Hevy - Gym Log Workout Tracker",
    "description": "<b>Get strong by logging your workouts and tracking your progress with Hevy - for free!</b>\r\n\r\nHevy has been designed to be the simplest, most intuitive workout tracker in the world. No ads and free. Log your gym workout, get extensive statistics to track your progress over time, and join a growing community of athletes. \r\nHevy is the perfect weightlifting tracker and planner that will allow you to reach your fitness goals.\r\n\r\n<h1><b>Workout Log & Gym Tracker Planner App</b></h1>\r\n•  Track your lifts with an intuitive, simple to use interface.\r\n•  Plan and log your routines with the advanced routine planner\r\n•  Use the calendar to stay on top of your training schedule\r\n•  Hundreds of exercises with free high-quality videos for you to focus on your form\r\n•  Follow your friend's progress by following their lifts and copying their routines\r\n•  Create your own custom exercises for your workouts\r\n•  Mark sets as Warmup, Normal, Drop sets, Failure and Supersets\r\n•  Customize automatic rest timers\r\n•  Analyze your gym sessions in detail with muscle group graphs \r\n•  Calculation of One Rep Max\r\n•  Create an unlimited amount of routines\r\n•  Analyze the progression of your lifts with beautiful full-screen graphs of volume, best weight & total reps\r\n•  Copy your friends' workouts\r\n\r\n<h1><b>Wear OS Watch</b></h1>\r\n• Easily track your workouts on your Wear OS Watch\r\n• Use your Hevy routines on your Wear OS Watch\r\n• Live sync your Wear OS Watch workout with your phone\r\n• Use Hevy Wear OS Tile to easily access Hevy\r\n• Keep track of your heart rate during your workout\r\n• Helpful timers for duration exercises\r\n• Mark sets as Warmup, Normal, Drop sets, or Failure\r\n• Watch workouts automatically save when reconnecting to your phone\r\n\r\n<h1><b>What Users Are Saying</b></h1>\r\n•  \"Seriously the best gym fitness tracker I've ever used. Simple. Free. Tons of graphs. Amazing quality videos\" - Sam Ilelaboye\r\n•  \"Seeing what my friends and other athletes are working out at the gym has totally changed my experience. Now I can log my friend's workouts and compare myself. It's super motivating\" - James\r\n•  \"Tracking my workouts with Hevy has taken my fitness to the next level, I'm getting stronger every week. Being able to use the workout planner really helps me being efficient at the gym.\" - Carlos D.\r\n\r\n<h1><b>Using a Tracker for Training</b></h1>\r\n•  The gym log can be used for a variety of different training types such as heavy  weight lifting, powerlifting, olympic exercises, 5x5, strength training, stronglifts, crossfit, and bodybuilding.\r\n•  Track your routines like 3 day workout split, full body split, bodybuilding routines, 5x5, upper lower, and push pull legs.\r\n•  Also perfect for bodyweight workouts such as calisthenics, cardio tracking and HIIT. \r\n•  Use it as a gym tracker & workout journal planner to keep track of your gym sessions over time.\r\n•  Create gym routines or home workouts and use the routine planner to prepare your sessions ahead of time\r\n•  Whether your goal is to increase your strength in weightlifting exercises, lose weight, or improve your level of fitness, Hevy helps you to stay on track with a gym planner.\r\n•  Easily see your previous lift values, this helps you with progressive overload training.\r\n•  Carefully follow proper form with +200 exercise videos such as Bench Press, Squat and Deadlift\r\n•  Filter exercises by muscle groups and equipment type\r\n\r\nWhether you’re doing strength training at the gym or home workouts, trying to improve your fitness or to get strong, join Hevy workout log and be a part of the community!\r\n\r\nCONTACT US\r\n•  https://www.hevyapp.com\r\n•  https://www.instagram.com/hevyapp\r\n•  https://www.facebook.com/hevyapp\r\n•  https://www.twitter.com/hevyapp\r\n•  hello@hevyapp.com\r\n\r\n<b>Download Hevy and take your training to the next level!</b>\r\n\r\nDisclaimer: The Hevy app is not affiliated with any other workout tracker, workout planner, gym log or fitness apps like; Strong, Jefit, 5x5, Fitbud, my fitness pal, Fitbit, or Heavyset.",
    "summary": "Gym Log & Workout Tracker | Fitness Journal, Training & Weight Lifting Planner",
    "installs": "1,000,000+",
    "score": 4.8439717,
    "ratings": 123009,
    "price": 0,
    "currency": "EUR",
    "developer": "Hevy Gym Workout Tracker",
    "developerEmail": "hello@hevyapp.com",
    "developerWebsite": "https://www.hevyapp.com",
    "developerAddress": "Paseo Olabarria 60,\nSant Cugat del Valles, 08173,\nBarcelona, Spain",
    "privacyPolicy": "https://www.iubenda.com/privacy-policy/75379905",
    "genre": "Health & Fitness",
    "contentRating": "Parental guidance",
    "released": "Jun 29, 2019",
    "lastUpdatedOn": "Apr 22, 2025",
    "appId": "com.hevy",
    "permisions": {
        "Contacts": [
            "read your contacts"
        ],
        "Photos/Media/Files": [
            "modify or delete the contents of your USB storage",
            "read the contents of your USB storage"
        ],
        "Storage": [
            "modify or delete the contents of your USB storage",
            "read the contents of your USB storage"
        ],
        "Camera": [
            "take pictures and videos"
        ],
        "Wi-Fi connection information": [
            "view Wi-Fi connections"
        ],
        "Wearable sensors/Activity data": [
            "body sensors (like heart rate monitors)"
        ],
        "Other": [
            "control vibration",
            "full network access",
            "prevent device from sleeping",
            "run at startup",
            "view network connections"
        ],
        "Uncategorized": [
            "download files without notification",
            "receive data from Internet"
        ]
    }
}