{
    "title": "Hoop Carpool Shared Commuting",
    "description": "Hoop Carpool 🚗 is the leading mobile application in Spain, Mexico, Colombia and Portugal that helps companies and universities to allow their employees and students to share a car for their daily commute.\r\n\r\nIn order to use the app your company or university must have an agreement with Hoop Carpool. If your organization does not have an agreement go to: https://hoopcarpool.com/recomiendanos-a-tu-endidad/\r\n\r\nThanks to the use of Hoop Carpool, citizens will save costs and time and improve the comfort of their journeys. In addition, road congestion and pollution in the cities will be reduced 🌍.Recommend us to your institution- HOOP Carpool\r\n\r\nhoopcarpool.com",
    "summary": "The app that lets you carpool to get to work or college!",
    "installs": "50,000+",
    "score": null,
    "ratings": null,
    "price": 0,
    "currency": "EUR",
    "developer": "Hoop Carpool",
    "developerEmail": "support@hoopcarpool.com",
    "developerWebsite": "http://www.hoopcarpool.com",
    "developerAddress": null,
    "privacyPolicy": "https://www.hoopcarpool.com/politica-de-privacidad",
    "genre": "Maps & Navigation",
    "contentRating": "Parental guidance",
    "released": "Feb 13, 2023",
    "lastUpdatedOn": "Apr 25, 2025",
    "appId": "com.hoopcarpool",
    "permisions": {
        "Location": [
            "approximate location (network-based)",
            "precise location (GPS and network-based)"
        ],
        "Photos/Media/Files": [
            "modify or delete the contents of your USB storage",
            "read the contents of your USB storage"
        ],
        "Storage": [
            "modify or delete the contents of your USB storage",
            "read the contents of your USB storage"
        ],
        "Camera": [
            "take pictures and videos"
        ],
        "Microphone": [
            "record audio"
        ],
        "Wi-Fi connection information": [
            "view Wi-Fi connections"
        ],
        "Other": [
            "Google Play license check",
            "control vibration",
            "full network access",
            "prevent device from sleeping",
            "run at startup",
            "view network connections"
        ],
        "Uncategorized": [
            "receive data from Internet"
        ]
    }
}