{
    "title": "Map Navigation & Live Traffic",
    "description": "Map Navigation & Live Traffic offers the most efficient, reliable, and user-friendly way to navigate through cities, towns, and remote locations with turn-by-turn live Navigation. Use the driving direction feature for shortest route find, and reach your destination on time. Live Traffic Map helps to pre-plan your route map.\r\n\r\nGPS Route Finder, Voice Navigation app is ideal for travelers, helping you find the shortest routes, Live Traffic Map, and Nearby places like hotels, hospitals, airports, subways, and gas stations. No matter where you are in the world, GPS Navigation – Route Planner effortlessly pinpoints your current location, allowing you to easily share it with friends and family.\r\n\r\n<b> Real-Time Map Navigation & Live Traffic: </b>\r\nStay on track with accurate, real-time GPS navigation. Live Traffic Map & Voice Navigation ensures you always take the right path, avoiding traffic jams, roadblocks, and other delays. Enjoy turn-by-turn live Navigation and Route maps to reach your destination effortlessly.\r\n\r\n<b> Voice Navigation: </b>\r\nControl the Route Finder & Driving Direction app with its intuitive voice Navigation feature. Search for destinations, get route live, and manage your navigation settings without taking your hands off the wheel by using this amazing voice navigation feature.\r\n\r\n<b> Live Traffic Map: </b>\r\nGet up-to-date with traffic conditions, accidents, and road closures. This Route Finder & Voice Navigation app analyzes live traffic data to suggest the Shortest route, helping you to save time and fuel.\r\n\r\n<b> Find Nearby Places: </b>\r\nMap Navigation - Route Finder helps you to discover nearby places like hotels, hospitals, restaurants, gas stations, subways, airports, and  ATMs.\r\n\r\n<b> Live Street View: </b>\r\nNavigate worldwide like never before with live street view - route maps. Get a realistic street view of your surroundings, making it easier to recognize landmarks and navigate unfamiliar areas with GPS Live Map Navigation.\r\n\r\n<b> Compass: </b>\r\nNavigate with enhanced precision using the built-in compass feature, which allows you to align your driving direction with the Earth's magnetic field. Whether you're hiking through the wilderness or driving through the city, the compass ensures you're always oriented correctly.\r\n\r\n<b> Real-Time Weather Updates: </b>\r\nStay prepared for changing weather conditions while on the go. The Route Finder – GPS Navigation app with real-time weather updates for your current location and your destination. Whether it's rain, snow, or extreme heat, you can adjust your plans and routes accordingly, ensuring a safer and more enjoyable journey.\r\n\r\n<b> Personalize your Route Finder: </b>\r\nCustomize your map navigation experience with various map styles, route preferences, and notification settings. Save your favorite places and routes for quick access.\r\n\r\n<b> Key Features of Map Navigation & Live Traffic: </b>\r\n• Real-Time Route Finder – GPS Navigation.\r\n• Turn-by-Turn Voice Navigation for seamless travel.\r\n• Live Traffic Map for real-time updates.\r\n• Live Street View explore the world like never before.\r\n• Easily navigate around the globe with Driving Direction.\r\n• Find Nearby Places like hotels, airports, and landmarks.\r\n• Step-by-step Live GPS Map Navigation worldwide.\r\n• Compass for directional accuracy.\r\n• Real-time Weather Updates for Route planning.\r\n• Find your current location & share with your family & friend.\r\n\r\nGet the Map Navigation & Live Traffic app now for seamless turn-by-turn navigation with Live Traffic Map. Have any questions or need assistance about GPS Route Finder, Navigation app? Contact to our dedicated support team at livemapnavigation@gmail.com with a screenshot of the problem you are facing right now.",
    "summary": "Route Finder with turn-by-turn GPS Navigation, Live Traffic map, and street view",
    "installs": "50,000+",
    "score": null,
    "ratings": null,
    "price": 0,
    "currency": "EUR",
    "developer": "Easy Language Translator",
    "developerEmail": "admin@miczon.com",
    "developerWebsite": "https://livemap.miczon.com/app-ads.txt",
    "developerAddress": "Фазал э Хак Гарден, Шейхупура Роуд, Байгам Кот, Лахор",
    "privacyPolicy": "https://livemap.miczon.com/privacylivemapnavigation.file.html",
    "genre": "Maps & Navigation",
    "contentRating": "PEGI 3",
    "released": null,
    "lastUpdatedOn": "Apr 18, 2025",
    "appId": "com.maps.navigation.livetraffic",
    "permisions": {
        "Location": [
            "approximate location (network-based)",
            "precise location (GPS and network-based)"
        ],
        "Microphone": [
            "record audio"
        ],
        "Wi-Fi connection information": [
            "view Wi-Fi connections"
        ],
        "Other": [
            "full network access",
            "prevent device from sleeping",
            "view network connections"
        ],
        "Uncategorized": [
            "receive data from Internet"
        ]
    }
}