{
    "title": "SNCF Connect: Trains & routes",
    "description": "SNCF CONNECT, THE ALL-IN-ONE APPLICATION FOR ALL YOUR JOURNEYS\r\n\r\nSet off with SNCF Connect, the benchmark application for trains and sustainable mobility, which accompanies over 15 million users on their journeys throughout France and Europe. \r\n\r\nTraveling with you from A to Z\r\nSNCF Connect is your everyday companion, allowing you to plan, book and manage all your journeys in just a few clicks:\r\n- Anticipate and organize your trips, finding the right journey at the best price,\r\n- Buy and find your tickets, travel subscriptions, season tickets and travel passes in a single gesture,\r\n- Exchange and cancel your reservations with ease.\r\n\r\nFor everyday journeys as well as big days\r\nNo need to switch from one application to another! Find all your train journeys in France and Europe in one place, as well as your public transport journeys (metro, bus, tramway) and even your car-sharing trips! Travel with peace of mind with Car rental, Allianz Travel, Junior & Cie, Restaurant Le Bar, Mes Bagages, Accor Live Limitless…\r\n\r\nPersonalized, proactive information\r\nSNCF Connect isn't just about buying tickets! It's an app that informs and alerts you in real time to make your trips easier.\r\n\r\nFEATURES TO HELP YOU DAILY\r\n\r\nPlan a journey:\r\n- Find the best route to your destination, anywhere in France\r\n- Find all your favorite modes of transport: public transport in Paris and Ile-de-France (IDFM network) and in 28 cities throughout France (metro, bus, streetcar, RER, Transilien SNCF, RATP), trains (TER, Intercités, TGV INOUI, OUIGO Grande Vitesse and Train Classique, TGV Lyria, Eurostar (ex-Thalys), DB SNCF...), coaches (Flixbus, Blablacar Bus) and carpooling (Blablacar).\r\n- Schedule reservation alerts, low-price alerts and full-train alerts to find the train ticket that's right for you\r\n- Place an option on the ticket you're interested in to lock in the price for a given period\r\n\r\nBook tickets and season tickets:\r\n- Buy all your train tickets, Carte Avantage, Carte Liberté, and SNCF season tickets (including regional TER). \r\n- In Île-de-France (the Paris region), top up your Navigo pass on your phone to save time each month\r\n- Buy and validate dematerialized transport tickets and passes for travel on the RATP & SNCF network in Île-de-France (Tickets for Metro-Train-RER, Bus-Tram, Paris Region <> Airports, RoissyBus, Navigo pass) and in 28 cities in France.\r\n- Use your customer account to save your travel profile, travel companions, payment cards, season tickets, discount cards and SNCF loyalty cards.\r\n- Pay securely with your bank card (in one or more instalments), Chèques-Vacances Connect, Apple Pay or budget mobility cards...\r\n\r\nTravel with peace of mind:\r\n- Save your frequent travel itineraries.\r\n- Prepare your trip: find your e-ticket and save it in your Apple or Google Wallet, save your trip on your calendar, or share it with friends and family.\r\n- Consult timetables and routes for upcoming departures and arrivals at any station.\r\n- Consult traffic information and your train's real time position, and receive alerts in the event of disruptions or work, including on European routes (Eurostar (ex-Thalys), TGV Lyria...).\r\n- Receive messages relaying the announcements made on board your train (TGV INOUI, OUIGO, Intercités and TER).\r\n- Find information on the composition of your train (TGV INOUI, OUIGO, TER, Transilien, RER).\r\n- Make your connections easier: we'll tell you which train/car to board, or which exit to take. \r\n- Find your purchase and travel receipts.\r\n\r\nNeed help?\r\n- Quickly find an answer via our chatbot or the online help.\r\n- Or contact our advisors, available 7 days a week via messaging, telephone or social media...",
    "summary": "SNCF Connect, the travel companion for train, metro, RER, bus, carpooling",
    "installs": "10,000,000+",
    "score": 4.512902,
    "ratings": 528480,
    "price": 0,
    "currency": "EUR",
    "developer": "SNCF Connect & Tech",
    "developerEmail": "mobilerc@connect.sncf",
    "developerWebsite": "https://www.sncf-connect.com/",
    "developerAddress": null,
    "privacyPolicy": "https://www.sncf-connect.com/informations-legales/confidentialite",
    "genre": "Travel & Local",
    "contentRating": "PEGI 3",
    "released": "Dec 22, 2010",
    "lastUpdatedOn": "May 5, 2025",
    "appId": "com.vsct.vsc.mobile.horaireetresa.android",
    "permisions": {
        "Calendar": [
            "add or modify calendar events and send email to guests without owners' knowledge",
            "read calendar events plus confidential information"
        ],
        "Location": [
            "approximate location (network-based)",
            "precise location (GPS and network-based)"
        ],
        "Phone": [
            "read phone status and identity"
        ],
        "Photos/Media/Files": [
            "modify or delete the contents of your USB storage",
            "read the contents of your USB storage"
        ],
        "Storage": [
            "modify or delete the contents of your USB storage",
            "read the contents of your USB storage"
        ],
        "Camera": [
            "take pictures and videos"
        ],
        "Microphone": [
            "record audio"
        ],
        "Wi-Fi connection information": [
            "view Wi-Fi connections"
        ],
        "Device ID & call information": [
            "read phone status and identity"
        ],
        "Other": [
            "control Near Field Communication",
            "control vibration",
            "full network access",
            "pair with Bluetooth devices",
            "prevent device from sleeping",
            "run at startup",
            "view network connections"
        ],
        "Uncategorized": [
            "receive data from Internet"
        ]
    }
}