{
    "title": "Public Transport Victoria app",
    "description": "Make travel easier. Real time information, journey planning and myki top up.\r\n\r\nWelcome aboard the Public Transport Victoria (PTV) app where you can top up your myki, plan your journey, get travel alerts and more.\r\n \r\nThe PTV app lets you plan your journey using trains, trams, and buses, making travel around Melbourne and Victoria simple and convenient.\r\n\r\nCreate an account and register your myki for added security. You can also schedule auto top up so you are always ready to travel.\r\n\r\nPersonalise the app by saving your favourite routes and stops, and get real time travel notifications for your preferred stops and journeys.\r\n\r\n- myki top up: Hold your myki to the back of your phone to check your balance and top up instantly\r\n\r\n- Account management: Keep track of your mykis and easily access their balance, expiry dates, transactions, and travel history \r\n\r\n- Auto top up: Set up auto top up to ensure you always have sufficient balance on your myki \r\n\r\n- Alerts: Stay informed of disruptions to your journey, news and myki\r\n\r\n- Real-time information: Get real time departure information for upcoming services \r\n\r\n- Live tracking: Watch your service arrive at any stop (available for bus and train only) \r\n\r\n- Favourites: Save your favourite stops, lines, journeys, and addresses for fast access \r\n\r\n- Reminders: Set journey planner reminders for leaving on time \r\n\r\n- Search: Look for destinations, stops, routes and myki outlets, or use your current location to search for nearby transport options. \r\n\r\nIf you enjoy using our app, please leave us a review. If you would like to contact us about anything, please email android@ptv.vic.gov.au.\r\n\r\nPlease note: Offline mode is not available in this app. The app is online only and requires an internet connection. This helps us to always provide you with the most up-to-date public transport information.",
    "summary": "The PTV app is your tool for journey planning on Victorian public transport",
    "installs": "1,000,000+",
    "score": 3.3333333,
    "ratings": 11452,
    "price": 0,
    "currency": "EUR",
    "developer": "Public Transport Victoria",
    "developerEmail": "Android@ptv.vic.gov.au",
    "developerWebsite": "http://ptv.vic.gov.au",
    "developerAddress": null,
    "privacyPolicy": "http://ptv.vic.gov.au/privacy",
    "genre": "Travel & Local",
    "contentRating": "PEGI 3",
    "released": "Dec 2, 2014",
    "lastUpdatedOn": "Mar 12, 2025",
    "appId": "au.gov.vic.ptv",
    "permisions": {
        "Location": [
            "approximate location (network-based)",
            "precise location (GPS and network-based)"
        ],
        "Other": [
            "control Near Field Communication",
            "control vibration",
            "full network access",
            "prevent device from sleeping",
            "view network connections"
        ],
        "Uncategorized": [
            "receive data from Internet"
        ]
    }
}