{
    "title": "Finch: Self-Care Pet",
    "description": "Meet your new self-care best friend! Finch is a self-care pet app that helps you feel prepared and positive, one day at a time. Take care of your pet by taking care of yourself! Choose from a wide variety of daily self-care exercises personalized for you.\r\n\r\nBEST DAILY SELF-CARE TRACKER ✨\r\nIs self-care a chore? Struggling with habits, self-love, or depression? Self-care finally feels rewarding, lightweight, and fun with Finch. Complete quick self-care exercises to grow your pet, earn rewards, and improve mental health! People who struggle with mood journaling, habits, and depression found it easier to be mindful with their self-care pet in Finch!\r\n\r\nEASY DAILY CHECK INS ✏️\r\n• Start mornings with quick mood checks and energize your pet to go exploring! Choose from various mindful habits from goal tracking and mood journaling to mindful breathing exercises and quizzes!\r\n• End days in moments of gratitude with your self-care pet where they'll return from adventures to share stories with you! Recognize positive moments and grow your self-love.\r\n\r\nMINDFUL HABITS 🧘🏻\r\nFinch is the fun self-care tracker to hit goals and sustain healthy habits! Build mental resilience against stress, anxiety, and depression. Strengthen your mental health by increasing self-love and gratitude. \r\n\r\n• Habit Tracker: set goals and celebrate wins for healthy habits.\r\n• Mood Journal: guided mood journal to clear the mind, track important moments, and practice self-love.\r\n• Breathing: guided breathing to calm nerves, increase focus, energize your mind, and sleep better.\r\n• Quizzes: understand your mental health with quizzes for anxiety, depression, body image appreciation, and more.\r\n• Mood Tracker: quick mood checks with mood trends to understand what has been lifting you up or bringing you down.\r\n• Quotes: motivational quotes to lift your mood and gain new perspective.\r\n• Insights: get insights on your mental health from combined analytics on your mood journaling, tags, goal tracker, and quizzes.\r\n\r\nSAY HI 👋🏼\r\n• TikTok: https://www.tiktok.com/@finchcare\r\n• Discord: https://discord.gg/finchfam\r\n• Instagram: https://www.instagram.com/finchcare/\r\n• Facebook: https://facebook.com/groups/finchfam\r\n• Email: support@befinch.com",
    "summary": "Mood journal, habits, self-care tracker, self-love",
    "installs": "5,000,000+",
    "score": 4.908012,
    "ratings": 393655,
    "price": 0,
    "currency": "EUR",
    "developer": "Finch Care Public Benefit Corporation",
    "developerEmail": "support@befinch.com",
    "developerWebsite": "https://finchcare.com/",
    "developerAddress": "420 River Side Ct Apt 101\nSanta Clara, CA 95054\nUSA",
    "privacyPolicy": "https://finchcare.com/privacy",
    "genre": "Health & Fitness",
    "contentRating": "PEGI 3",
    "released": "Feb 9, 2022",
    "lastUpdatedOn": "May 5, 2025",
    "appId": "com.finch.finch",
    "permisions": {
        "Contacts": [
            "modify your contacts",
            "read your contacts"
        ],
        "Photos/Media/Files": [
            "modify or delete the contents of your USB storage",
            "read the contents of your USB storage"
        ],
        "Storage": [
            "modify or delete the contents of your USB storage",
            "read the contents of your USB storage"
        ],
        "Camera": [
            "take pictures and videos"
        ],
        "Wi-Fi connection information": [
            "view Wi-Fi connections"
        ],
        "Other": [
            "control vibration",
            "full network access",
            "prevent device from sleeping",
            "run at startup",
            "view network connections"
        ],
        "Uncategorized": [
            "receive data from Internet"
        ]
    }
}