{
    "title": "ixigo Trains: Ticket Booking",
    "description": "<h1>#1 IRCTC Authorised Train Ticket Booking App</h1><h2>Why is ixigo the best train booking app for Indian Railways?</h2>● Confirmed Ticket or 3X Refund* with 'Travel Guarantee'\r\n● Trusted by 40 Crore+ Indians\r\n● Top Rated Train Booking App - 4.5 Ratings by 30 Lakh+ Users\r\n● Instant Full Refunds & Flexible Train Bookings with 'Assured Flex'\r\n● PNR Status & Waitlist Prediction\r\n● Where is my Train Running Status - Works without Internet\r\n\r\nGet confirmed train tickets with the IRCTC authorised train app, including Tatkal booking of special IRCTC trains and live train status. Easily book train tickets from the IRCTC train app, check your PNR status and live NTES running status, know where is my train, and check your IRCTC train status even without the internet.\r\n\r\nNamed the best 'Made in India' app by Google, ixigo offers features like Tatkal ticket booking, PNR prediction, live train status, NTES enquiry, platform locator, coach position, seat maps, recovering an IRCTC password or registering a new IRCTC user ID, and IRCTC e-catering (ordering food on the train). Indian Railways launched an app called <b>SwaRail</b>, while IRCTC already has the <b>IRCTC Rail Connect</b> app. IRCTC is often misspelled as irtc, itctc, or irtct.\r\n<h2>🔉 Introducing ixigo's 'Travel Guarantee'</h2>● Get confirmed ticket or a 3X refund*, if your waitlisted ticket is not confirmed.\r\n● You'll get your ticket fare refund via your original payment method and the rest as a Travel Guarantee coupon.\r\n● You can use the coupon for your next train, flight, or bus booking.\r\n\r\n<b>*T&C apply:</b> Refunds are based on the travel mode: 3X for flights, 3X for buses, or 2X for trains if your ticket is waitlisted.\r\n<h2>💯 Free Cancellation & Instant Full Refunds with 'Assured Flex'</h2> ● Get 100% instant refunds on IRCTC booking cancellations\r\n● Change your travel date, train, travelers, class, and station\r\n● Pay ₹0 payment gateway & service charge during train booking modification\r\n<h2>🚉 ixigo's 'Trains Alternates': <i>Train Jugaad</i></h2> ● Get confirmed seats on the same train for waitlisted tickets\r\n● Alternate options for your train route\r\n<h2>✅ PNR Status & Waitlist Prediction</h2> ● Check PNR status to know whether your Indian Railways seat is confirmed or not\r\n● Automated PNR confirmation updates & waitlist predictions\r\n<h2>⏰ Live Train Running Status</h2> ● Check live train running status & where is my train\r\n● Receive train updates like rescheduled, cancelled, or diverted trains\r\n<h2>💺 Train Seat Availability</h2> ● Check train ticket & seat availability from the IRCTC authorised app\r\n● Do Indian Railways inquiry to get all IRCTC train time tables, coach position & seat map\r\n<h2>🚊 Tatkal Ticket Booking</h2> ● Tatkal booking is available for all classes like 3A, 2A, 1A, sleeper, and chair car.\r\n● Get free cancellation on Tatkal ticket booking through the ixigo train app.\r\n<h2>🧑‍💻 Indian Railways (IRCTC) Train Booking Information</h2> ● Train timetable, seat maps for Indian Railways trains\r\n● All major Indian Railways trains covered: Vande Bharat Express, Tejas Express, Rajdhani Express, Shatabdi Express, Duronto Express, etc.\r\n● Save popular IRCTC train routes for offline use\r\n<h2>🇮🇳 Available in 8 Indian Languages</h2> ● Use the ixigo trains app in English, Hindi, Marathi, Gujarati, Bengali, Telugu, Tamil, or Kannada\r\n\r\n<b>Disclaimer:</b> This is an official IRCTC (Indian Railway Catering and Tourism Corporation) train ticket booking app that also uses public information from third-party websites. By using it, you assume responsibility for any legal implications. Feedback: https://ixigo.com/trainhelp\r\n\r\n<b>Permissions:</b> Location for accurate IRCTC train running status and SMS for completing train booking transactions.\r\n\r\n<b>Commonly misspelled terms:</b> where is my trian, exigo, ixico, ixgio, ixgo, ixico, ixigi, ixigio, ixigp, ixingo, ixio",
    "summary": "IRCTC Auth Train Ticket Booking, Where is My Train, Running Status, PNR Status",
    "installs": "100,000,000+",
    "score": 4.64,
    "ratings": 3369257,
    "price": 0,
    "currency": "EUR",
    "developer": "ixigo - IRCTC Authorised Partner, Flight Tickets",
    "developerEmail": "trains@ixigo.com",
    "developerWebsite": "https://www.ixigo.com",
    "developerAddress": "Le Travenues Technology Ltd.\n2nd floor, Veritas Building,\nBehind Ibis Hotel, Sector 53,\nGolf Course Road\nGurgaon 122002\nHaryana\nIndia",
    "privacyPolicy": "https://www.iubenda.com/privacy-policy/696667",
    "genre": "Travel & Local",
    "contentRating": "PEGI 3",
    "released": "Apr 2, 2013",
    "lastUpdatedOn": "Apr 29, 2025",
    "appId": "com.ixigo.train.ixitrain",
    "permisions": {
        "Location": [
            "approximate location (network-based)",
            "precise location (GPS and network-based)"
        ],
        "SMS": [
            "read your text messages (SMS or MMS)",
            "receive text messages (SMS)"
        ],
        "Phone": [
            "read phone status and identity"
        ],
        "Photos/Media/Files": [
            "modify or delete the contents of your USB storage",
            "read the contents of your USB storage"
        ],
        "Storage": [
            "modify or delete the contents of your USB storage",
            "read the contents of your USB storage"
        ],
        "Microphone": [
            "record audio"
        ],
        "Wi-Fi connection information": [
            "view Wi-Fi connections"
        ],
        "Device ID & call information": [
            "read phone status and identity"
        ],
        "Other": [
            "change network connectivity",
            "change your audio settings",
            "control vibration",
            "draw over other apps",
            "full network access",
            "prevent device from sleeping",
            "read Google service configuration",
            "run at startup",
            "view network connections"
        ],
        "Uncategorized": [
            "receive data from Internet"
        ]
    }
}