{
    "title": "Superpedestrian LINK Scooters",
    "description": "Superpedestrian brings you the next generation of safe and thoughtful e-scooters. Whether you’re exploring a new place or getting to the office, Superpedestrian scooters are a fun, affordable, and convenient way to get around. Use the app to find a Superpedestrian scooter near you and experience the joy of one of our easy to ride two-wheelers. \r\n\r\nHOW TO RIDE\r\n— Download the Superpedestrian app and make an account\r\n— Explore the map to find a scooter near you\r\n— Scan the scooter’s QR code or enter the scooter ID to unlock\r\n— Ride safely and have fun\r\n— Park respectfully\r\n— End your ride in the app\r\n\r\nSUPERPEDESTRIAN IS SPECIAL\r\n— Designed with a low center of gravity for a smooth and safe ride\r\n— Longer and wider deck for easier riding\r\n— Superpedestrian scooters conduct 1,000+ safety checks before and during every ride\r\n— Stops 37% faster with a triple braking system \r\n \r\nPASSES GET YOU A LOT MORE FOR A LOT LESS\r\n— Day passes grant unlimited 30 minute rides\r\n— 7 day and 30 day passes are also available offering a heavy discount for SUPER riders\r\n— Exact prices vary from city to city and may be subject to change. Current pricing is available in the Superpedestrian app.\r\n\r\nSAFETY TIPS\r\n— We recommend always wearing a helmet\r\n— Only one person per scooter\r\n— You must be 18+ to ride\r\n— Follow traffic laws and street signs\r\n— Never ride under the influence\r\n\r\n PARK WITH CARE\r\n— Use the kickstand to park upright\r\n— Keep walkways clear\r\n— Don’t block the curb, access ramps, doors, or loading docks\r\n— Keep bus stops clear\r\n— Don’t be that person, park respectfully \r\n \r\nWe are located in 50+ cities across the globe, where we are replacing car trips and promoting healthy and safe mobility with our 100% carbon neutral scooters. Want to give us a go? Check out www.link.city/cities to find a Superpedestrian city near you!",
    "summary": "Electric Scooter Share",
    "installs": "1,000,000+",
    "score": 3.7,
    "ratings": 23990,
    "price": 0,
    "currency": "EUR",
    "developer": "Superpedestrian",
    "developerEmail": "support@linkyour.city",
    "developerWebsite": "https://www.linkyour.city",
    "developerAddress": null,
    "privacyPolicy": "https://www.linkyour.city/privacy-policy",
    "genre": "Travel & Local",
    "contentRating": "PEGI 3",
    "released": "Jan 20, 2020",
    "lastUpdatedOn": "Dec 31, 2024",
    "appId": "com.superpedestrian.link",
    "permisions": {
        "Location": [
            "approximate location (network-based)",
            "precise location (GPS and network-based)"
        ],
        "Photos/Media/Files": [
            "modify or delete the contents of your USB storage",
            "read the contents of your USB storage"
        ],
        "Storage": [
            "modify or delete the contents of your USB storage",
            "read the contents of your USB storage"
        ],
        "Camera": [
            "take pictures and videos"
        ],
        "Wi-Fi connection information": [
            "view Wi-Fi connections"
        ],
        "Other": [
            "control Near Field Communication",
            "control vibration",
            "full network access",
            "prevent device from sleeping",
            "reorder running apps",
            "run at startup",
            "view network connections"
        ],
        "Uncategorized": [
            "receive data from Internet"
        ]
    }
}