{
    "title": "Sygic GPS Truck & Caravan",
    "description": "High-quality GPS navigation designed for professional drivers & their large vehicles. Trusted by 5+ million drivers & many of the world's leading delivery fleets. Smart route planning and navigation, 3D offline maps, realtime traffic and precise ETA, speed cameras warnings and an easy-to-use interface provide an effective sat nav experience. \r\n\r\nThe app offers navigation specially tailored to specifications of: truck / HGV / RV / caravan / motorhome / camper / van / bus / car/ or car with trailer.\r\n\r\n1. Customized routes for vehicle type, size & weight\r\nEnter your vehicle type, size, weight, number of trailers & other settings. The app calculates the route according to set parameters and prevents run-ins with hazards like low bridges or narrow streets.\r\n\r\n2. Advanced vehicle settings (including HAZMAT)\r\nSet your load settings (general HAZMAT, water pollutants, explosives) and navigate on eligible and safe roads only. Set preferences such as right turns, avoidance of toll roads & ferries, or arrival with the destination on the right side.\r\n\r\n3. 3D offline maps (no internet needed) with free map updates\r\nNever get lost waiting for a signal again. Offline maps guarantee you'll always find anything you need – even without an internet connection. They come in handy when driving abroad or in areas with poor signal coverage. We update the map data multiple times per year.\r\n\r\n4. Realtime traffic & Speed cameras\r\nAdd Realtime traffic to avoid delays on the road, have precise ETA information, and deliver on time. Speed cameras warn you when a mobile or fixed speed cameras are on your route. Head-Up display (HUD) projects optimized navigation instructions onto the car's windshield.\r\n\r\n5. Thousands of truck / caravan related POIs\r\nNavigate to thousands of reliable and detailed points of interest (POIs) from trusted sources, such as truck stops, weight stations, parking lots, campsites, hotels, restaurants, etc. Fill up at the best price with realtime information about fuel prices along your route. \r\n\r\n6. Truck & caravan specific Speed limits & alerts\r\nThe sat nav app shows the current speed, the maximum allowed speed, and upcoming speed limit changes. You will get clear visual and sound alerts when you exceed the speed limit.\r\n\r\n7. Dynamic lane assistant & Clear voice instruction\r\nThe sat nav app will guide you into the correct lane and show you the junction with highlighted lanes and exits. Voice navigation with clear & accurate driving instructions helps focus on the road ahead and frees you from checking the route on a phone display. \r\n\r\n8. Multistop route planning & Optimization\r\nPlan your trip and set up routes with up to 150 waypoints. Easily customize the waypoint order or choose the option \"Optimize.\" The app will rearrange the waypoints to achieve the best efficiency.\r\n\r\n9. Plan with Google Maps & send the route to the app (Android only)\r\nWith Sygic Truck Route Sender – a cost-free extension available in Chrome and Firefox - you can plan your route with Google Maps with up to 10 stops on your desktop. Then send the route directly to the app.\r\n\r\nRely on Sygic GPS Truck & Caravan Navigation, the best copilot on your routes and the most advanced sat nav on the market!\r\n\r\nAVAILABLE MAP REGIONS\r\n• North America\r\n• Europe \r\n• Australia & New Zealand\r\n• Brazil\r\n• Middle East\r\n• Africa\r\n\r\nYou can test-drive the Premium feature for the first 7 days after installation. After 7 days, you can continue using the basic features or upgrade to the Premium license.\r\n\r\nShould you have any questions, please visit sygic.com/support. We are here for you 7 days a week.\r\n\r\nTerms of Use: www.sygic.com/company/terms-of-use\r\nBy installing, copying, or using all or any portion of this software, you accept all the terms and conditions of this agreement: https://www.sygic.com/company/eula\r\n\r\nSygic is the developer of both professional apps for truckers - Sygic GPS Truck & Caravan Navigation and ROAD LORDS.",
    "summary": "GPS Navigation, Offline Maps & Traffic for Truck, Camion, RV, Caravan, Bus & Van",
    "installs": "1,000,000+",
    "score": 3.9138381,
    "ratings": 59145,
    "price": 0,
    "currency": "EUR",
    "developer": "Sygic.",
    "developerEmail": "truck@sygic.com",
    "developerWebsite": "http://www.sygic.com/truck-navigation/pricing",
    "developerAddress": "Mlynske Nivy 16\n82109 Bratislava\nSlovensko",
    "privacyPolicy": "http://www.sygic.com/company/privacy-policy",
    "genre": "Maps & Navigation",
    "contentRating": "PEGI 3",
    "released": "Mar 7, 2013",
    "lastUpdatedOn": "Mar 24, 2025",
    "appId": "com.sygic.truck",
    "permisions": {
        "Identity": [
            "find accounts on the device"
        ],
        "Contacts": [
            "find accounts on the device",
            "read your contacts"
        ],
        "Location": [
            "access extra location provider commands",
            "approximate location (network-based)",
            "precise location (GPS and network-based)"
        ],
        "Phone": [
            "directly call phone numbers",
            "read phone status and identity"
        ],
        "Photos/Media/Files": [
            "modify or delete the contents of your USB storage",
            "read the contents of your USB storage"
        ],
        "Storage": [
            "modify or delete the contents of your USB storage",
            "read the contents of your USB storage"
        ],
        "Camera": [
            "take pictures and videos"
        ],
        "Wi-Fi connection information": [
            "view Wi-Fi connections"
        ],
        "Device ID & call information": [
            "read phone status and identity"
        ],
        "Other": [
            "Google Play license check",
            "access Bluetooth settings",
            "change your audio settings",
            "connect and disconnect from Wi-Fi",
            "control vibration",
            "full network access",
            "install shortcuts",
            "pair with Bluetooth devices",
            "prevent device from sleeping",
            "run at startup",
            "send sticky broadcast",
            "view network connections"
        ],
        "Uncategorized": [
            "receive data from Internet"
        ]
    }
}