{
    "title": "#cpasloinentrain",
    "description": "#CPASLOINENTRAIN showcases the heritage of the Paris Region through more than 730 stories and ideas for outings using rail routes operated by Transilien SNCF Voyageur on behalf of Île-de-France Mobilités. From the Arc de Triomphe to the Vanne Aqueduct, via Hector Guimard's Castel Beranger and the fortified town of Provins and its underground passages.... The app takes you on a journey through history with over 750 short stories to read or listen to. It's a great way to spend your travel time and find new ideas for days out to heritage sites of cultural interest that are easily reached by train.  \r\n \r\nYou can search the app in a number of different ways: \r\n•\tBy satnav location \r\n•\tOn your journey (by line, stretch of line or around a station) \r\n•\tWherever the mood takes you \r\n•\tBy following a selection of favourite must-visits \r\n\r\n#CPASLOINENTRAIN is an SNCF (Société Nationale des Chemins de Fer Français) app offered on behalf of IDFM (Île-de-France Mobilités)",
    "summary": "#cpasloinentrain, your personal tour guide!",
    "installs": "50,000+",
    "score": 4.13,
    "ratings": 217,
    "price": 0,
    "currency": "EUR",
    "developer": "SNCF Voyageurs",
    "developerEmail": "apps@being.fr",
    "developerWebsite": "https://www.transilien.com/fr/page-medias/appli-cpasloinentrain",
    "developerAddress": null,
    "privacyPolicy": "https://www.transilien.com/fr/page-medias/cgu-application-cpasloinentrain",
    "genre": "Travel & Local",
    "contentRating": "PEGI 3",
    "released": "Feb 24, 2015",
    "lastUpdatedOn": "Jan 14, 2025",
    "appId": "com.odandb.patrimoine",
    "permisions": {
        "Location": [
            "approximate location (network-based)",
            "precise location (GPS and network-based)"
        ],
        "Other": [
            "full network access",
            "prevent device from sleeping",
            "view network connections"
        ]
    }
}