{
    "title": "Compass - Direction Finder",
    "description": "Compass is an innovative and direction finder app that helps you find your way around your city or any location you might find yourself in with this compass. Whether you're a local or a tourist, Compass android provides you with all the information like direction, navigation and make a trip plan to check easiest route with this digital Compass.\r\n\r\nWith Compass app, you can easily search for and find directions to any location, whether it's a restaurant, a store, or a tourist attraction. The app offers detailed maps and turn-by-turn navigation, making it easy to follow directions and find your way even if you're not familiar with the area.\r\nBut Compass is more than just a simple navigation app. It also offers a range of useful features, such as the ability to save your favorite locations for quick access, and the option to search for specific types of businesses or attractions in your area.\r\nCompass is designed to be easy to use, with a simple and intuitive interface that makes it easy to find what you're looking for. The app is also constantly updated with the latest data and information, so you can be sure that you're getting the most accurate and up-to-date information possible.\r\nWhether you're exploring a new city, trying to find your way around your hometown, or just looking for a quick and easy way to get directions, Compass is the perfect app for you. With its powerful features, user-friendly interface, and constant updates, Compass is the ultimate tool for anyone who wants to find their way with ease.\r\n\r\n\r\nCompass is the ultimate navigation app for anyone who wants to explore the world with confidence. Designed with the modern traveler in mind, Compass offers a range of features that make it easy to get where you need to go, no matter where you are.\r\nWith Compass, you can enjoy accurate and reliable directions, even in areas with poor network connectivity. Whether you're hiking in the wilderness or exploring a new city, our app will guide you every step of the way.\r\nIn addition to traditional navigation tools, Compass offers a range of features that make it easy to plan your trip and make the most of your journey. Use our location sharing feature to keep your friends and family up-to-date on your whereabouts, or save your favorite locations for quick access later on.\r\nAnd with our powerful search function, you can easily find local restaurants, attractions, and other points of interest no matter where you are. Plus, our app is available in over 50 languages, so you can explore the world with confidence no matter where you're from.\r\nWith its intuitive interface, reliable performance, and powerful features, Compass is the perfect app for anyone who loves to explore. Download it today and start your next adventure!\r\n\r\n\r\n\t•\tAccurate and reliable directions for your journey\r\n\t•\tWorks seamlessly even in areas with poor network connectivity\r\n\t•\tSimple and intuitive interface for easy navigation\r\n\t•\tSave your favorite locations for quick access later on\r\n\t•\tShare your location with friends and family\r\n\t•\tPowerful search function to find local restaurants, attractions, and other points of interest\r\n\t•\tAvailable in over 50 languages for a global audience\r\n\t•\tReliable performance to help you reach your destination quickly\r\n\t•\tIdeal for hikers, tourists, and adventurers\r\n\t•\tOffers turn-by-turn navigation for safe and stress-free driving\r\n\t•\tReal-time traffic updates to avoid delays and congestion\r\n\t•\tChoose from multiple map types, including satellite and terrain views\r\n\t•\tSave and share custom maps with friends and family\r\n\t•\tLightweight and fast, with minimal battery drain\r\n\t•\tRegular updates and improvements to ensure optimal performance.",
    "summary": "Navigate with ease - Digital compass app for precise directions. Way finder pro!",
    "installs": "500,000+",
    "score": 3.8108108,
    "ratings": 4909,
    "price": 0,
    "currency": "EUR",
    "developer": "Vidmark Inc.",
    "developerEmail": "support.compass@jedyapps.com",
    "developerWebsite": "https://www.jedyapps.com/",
    "developerAddress": null,
    "privacyPolicy": "https://www.jedyapps.com/privacy-policy/",
    "genre": "Tools",
    "contentRating": "PEGI 3",
    "released": "Nov 26, 2021",
    "lastUpdatedOn": "May 2, 2025",
    "appId": "com.dga.accurate.compass.direction",
    "permisions": {
        "Location": [
            "approximate location (network-based)",
            "precise location (GPS and network-based)"
        ],
        "Wi-Fi connection information": [
            "view Wi-Fi connections"
        ],
        "Other": [
            "Google Play license check",
            "full network access",
            "prevent device from sleeping",
            "view network connections"
        ],
        "Uncategorized": [
            "receive data from Internet"
        ]
    }
}