{
    "title": "TrainPal - Cheap Train Tickets",
    "description": "Discover smarter rail travel across the UK and Europe with TrainPal! \r\n\r\nYour all-in-one app for cheaper, more effortless train journeys. Save money, skip queues, and compare all companies including National Rail, Avanti West Coast, LNER and more. \r\n\r\n\r\nBook your tickets in a few clicks - secure payments, smart planning, and 24/7 support included. \r\n\r\n\r\nWhy Choose TrainPal? \r\n\r\nSave Money \r\n\r\n• Split-ticketing: Same routes, just a lot cheaper! We can help train travellers save on the original UK rail fare by splitting tickets into different sections, with no effort required from you. \r\n\r\n• Zero booking fees: Always book UK train tickets with no additional fees. \r\n\r\n• Discounted fares: Optimise your savings with Railcards, promotions, and real-time price comparisons. \r\n\r\n• Best price promise: If you find trains for a cheaper price elsewhere, tell us and we'll refund you the difference. \r\n\r\n\r\nSave Time \r\n\r\n• E-tickets: Go paperless and skip queues with instant mobile tickets. \r\n\r\n• Fast checkout: Book in a few clicks without registration. \r\n\r\n• Smart journey planner: Compare trains/coaches across 47 countries instantly. \r\n\r\n\r\nStress-Free Experience \r\n\r\n• Flexible changes: Modify or refund tickets directly in-app. \r\n\r\n• One-click receipts: Generate expense receipts with a single click. \r\n\r\n• Secure payments: Book train and coach tickets with Apple Pay, and all major credit and debit cards securely. \r\n\r\n24/7 Reliable Support \r\n\r\nLive chat and email assistance for any travel hiccups. \r\n\r\n\r\nTrusted by 1,000+ Transport Partners Worldwide TrainPal is in partnership with over 1000 major trusted transport suppliers across 47 countries, meaning you can travel to Europe with confidence. \r\n\r\n\r\nWith TrainPal, you can book cheap rail tickets from all major UK cities, including London, Manchester, Liverpool, Leeds, Glasgow, Birmingham, Brighton and Cambridge, as well as other destinations across Europe. \r\n\r\n \r\nOur suppliers include: \r\n\r\nUK Network \r\n\r\nIn the UK, we collaborate with National Rail, Avanti West Coast, LNER, CrossCountry, East Midlands Railway, Eurostar, C2C, Caledonian Sleeper, Chiltern Railways, CrossCountry, Elizabeth Line, Gatwick Express, Grand Central, Great Northern, GWR, Greater Anglia, Heathrow Express, Hull Trains, Island Line, London Northwestern Railway, London Overground, Lumo, Merseyrail, Northern, West Midlands Railway, ScotRail, South Western Railway, Southeastern, Southern, Stansted Express, Thameslink, TransPennine Express, Transport for Greater Manchester, Transport for Wales and more. \r\n\r\n\r\nInternational Connections \r\n\r\nWe have also collaboration with these operators all over the Europe: SNCF (France, Spain), Renfe (Spain), Lyria SAS (France to Germany, Italy, Spain, Switzerland），Iryo (Spain), Ouigo (Spain), DB (Germany), Thalys (Belgium, France, Germany, Netherlands), Trenitalia (Italy), NTV (Italy), SBB (Switzerland), Eurostar (Belgium, France, Netherlands), Italo (Italia), Frecciarossa (Italy) and more operators in 45+countries. \r\n\r\n\r\n\r\nTrainPal powers smarter trips with: \r\n\r\n4.6/5 app rating | Featured on Channel 5’s The Gadget Show \r\n\r\nDownload now and start exploring: \r\n\r\nFollow us on : \r\n\r\nFacebook - https://www.facebook.com/thetrainpal \r\n\r\nInstagram - https://www.instagram.com/trainpal_official \r\n\r\nTwitter - https://x.com/trainpal_go \r\n\r\n \r\n\r\nTRAVEL FURTHER FOR LESS \r\n\r\nDownload TrainPal and plan your next train journey now!",
    "summary": "Buy railcards, train & coach tickets. Split tickets to save rail fare.",
    "installs": "1,000,000+",
    "score": 4.586207,
    "ratings": 15500,
    "price": 0,
    "currency": "EUR",
    "developer": "TrainPal",
    "developerEmail": "en_trainpal@trip.com",
    "developerWebsite": "https://www.mytrainpal.com/",
    "developerAddress": null,
    "privacyPolicy": "https://www.mytrainpal.com/web-pages/policies/privacy-policy.html",
    "genre": "Maps & Navigation",
    "contentRating": "PEGI 3",
    "released": "Dec 21, 2017",
    "lastUpdatedOn": "Apr 24, 2025",
    "appId": "com.pal.train",
    "permisions": {
        "Calendar": [
            "add or modify calendar events and send email to guests without owners' knowledge",
            "read calendar events plus confidential information"
        ],
        "Location": [
            "approximate location (network-based)",
            "precise location (GPS and network-based)"
        ],
        "Phone": [
            "read phone status and identity"
        ],
        "Photos/Media/Files": [
            "modify or delete the contents of your USB storage",
            "read the contents of your USB storage"
        ],
        "Storage": [
            "modify or delete the contents of your USB storage",
            "read the contents of your USB storage"
        ],
        "Camera": [
            "take pictures and videos"
        ],
        "Microphone": [
            "record audio"
        ],
        "Wi-Fi connection information": [
            "view Wi-Fi connections"
        ],
        "Device ID & call information": [
            "read phone status and identity"
        ],
        "Other": [
            "Google Play license check",
            "connect and disconnect from Wi-Fi",
            "control vibration",
            "draw over other apps",
            "full network access",
            "measure app storage space",
            "prevent device from sleeping",
            "run at startup",
            "view network connections"
        ],
        "Uncategorized": [
            "receive data from Internet"
        ]
    }
}