{
    "title": "Learn How to Drive Manual Car",
    "description": "You will Learn How to Drive a Manual Car Step-by-Step With Clutch and Gear Easily through Videos available for offline use.\r\n\r\nOur experts are teaching you in the easiest and most effective way possible to learn how to drive a manual vehicle.\r\n\r\nDownload the free official DrivEZ app on Android today! The app is 100% free and works offline too.\r\n\r\nManual Car Driving with clutch and gear APP CONTENT: \r\n\r\nIn the chapters coming, you will learn about:\r\n\r\n📚 APP CONTENT\r\nDive into our clear, chapter-based curriculum:\r\n\r\nManual Car Controls – Clutch, gear lever, pedals & handbrake\r\nTraffic Basics & Road Etiquette – Signaling, right-of-way & lane discipline\r\nExciting Moments: First Drive – Confidence-boosting beginner exercises\r\nShifting the Gear – Smooth up-shifts, down-shifts & double-de-clutch\r\nTurning Like a Pro – Cornering, three-point turns & hill starts\r\nInitial Drives – City, highway & slope scenarios\r\nDriving Exercises – Parallel parking, reversing & stall-prevention drills\r\nBeginner Tips – Boost control, avoid stalls & build muscle memory\r\n\r\nAND FINALLY, Beginner Tips that will help BOOST your learning!!!\r\n\r\n🎛️ KEY FEATURES\r\n🎥 Video Tutorials – Expert instructors walk you through each maneuver\r\n📴 100% Offline – Learn without WiFi or data—perfect for on-the-road practice\r\n⏱️ Bite-Sized Chapters – Focused lessons to match your schedule\r\n📊 Progress Tracker – Unlock milestones and monitor your growth\r\n❓ Interactive Quizzes – Reinforce new skills after every chapter\r\n💾 Small Download – Lightweight app that won’t hog storage\r\n\r\n🌟 WHY LEARN MANUAL DRIVING?\r\nSuperior Car Control: Master rpm management and clutch timing\r\n\r\nFuel Efficiency: Optimize gear use to save on gas\r\nEngaging Experience: Feel more connected to the drive\r\nCareer Advantage: Valuable skill for delivery, rideshare & enthusiast driving\r\nPreserve Classics: Keep vintage and performance cars on the road\r\n\r\nSO, Let's HOP ON TO THE MANUEL CAR DRIVING GUIDE! FAST\r\nAnd Download the Best Manual Driving Car Guide with clutch and gear.\r\n\r\nThe dying trend of manual transmission cars aka manual gear cars or sometimes called a standard transmission vehicle is all about the art of learning how to drive a stick shift/manuel car. \r\n\r\nThis means that you have to get comfortable with the manuel gear lever and the clutch of your manual car. \r\n\r\nBut, it's the most nerve-racking thing!\r\n\r\nAND, why on the Earth you would ever want to drive a manual car or at least learn how to drive manually?\r\n\r\nHere's why...\r\n\r\nWe have created a step-by-step, direct, easy, and complete manual car driving with clutch and gear guide for you to follow that works offline too.",
    "summary": "100% Free & Best Complete Manual Car Driving Guide + Videos [Works Offline]",
    "installs": "100,000+",
    "score": null,
    "ratings": null,
    "price": 0,
    "currency": "EUR",
    "developer": "Ambeego Apps",
    "developerEmail": "maarkhordotpro@gmail.com",
    "developerWebsite": "http://markhorpro.com",
    "developerAddress": null,
    "privacyPolicy": "https://ambeego.com/learn-how-to-drive-manual-car-privacy-policy/",
    "genre": "Auto & Vehicles",
    "contentRating": "PEGI 3",
    "released": "Jun 1, 2021",
    "lastUpdatedOn": "Jan 6, 2025",
    "appId": "com.markhorpro.drivemanualcar",
    "permisions": {
        "Photos/Media/Files": [
            "modify or delete the contents of your USB storage",
            "read the contents of your USB storage"
        ],
        "Storage": [
            "modify or delete the contents of your USB storage",
            "read the contents of your USB storage"
        ],
        "Wi-Fi connection information": [
            "view Wi-Fi connections"
        ],
        "Other": [
            "control vibration",
            "full network access",
            "prevent device from sleeping",
            "run at startup",
            "view network connections"
        ]
    }
}