{
    "title": "Charge myHyundai",
    "description": "Charge myHyundai is your source to find the right charging stations, charge your electric vehicle and to get price transparency with one price for all. All summed up in your Charge myHyundai account.\r\n\r\nThe Charge myHyundai App: Find and charge. Anywhere. Anytime.\r\n\r\nFind your charge point.\r\n- closest to your location\r\n- where you plan to go\r\n- charge point availability ensured by dynamic data\r\n- compatible to your car and needs by various filters (Plug Type, Indoor/Outdoor, Free of Charge)\r\n- receive detailed information (e.g. restricted access)\r\n\r\nCharge your vehicle.\r\n- authenticate with integrated QR Code Scanner\r\n- use your Charge myHyundai Account\r\n\r\nKnow your records.\r\n- view your past charging events on your phone\r\n- recap charging locations, consumed energy, and costs\r\n\r\nNot a Charge myHyundai customer yet? Get your account at www.chargemyhyundai.com",
    "summary": "Charging your electric vehicle - now easier than ever with Charge myHyundai",
    "installs": "50,000+",
    "score": 4.118812,
    "ratings": 2014,
    "price": 0,
    "currency": "EUR",
    "developer": "Digital Charging Solutions GmbH",
    "developerEmail": "uk@chargemyhyundai.com",
    "developerWebsite": "http://www.chargemyhyundai.com",
    "developerAddress": null,
    "privacyPolicy": "https://chargemyhyundai.com/web/hyundai-global/privacy-policy",
    "genre": "Maps & Navigation",
    "contentRating": "PEGI 3",
    "released": "Sep 2, 2020",
    "lastUpdatedOn": "Apr 7, 2025",
    "appId": "com.digitalchargingsolutions.hyundai",
    "permisions": {
        "Location": [
            "approximate location (network-based)",
            "precise location (GPS and network-based)"
        ],
        "Camera": [
            "take pictures and videos"
        ],
        "Wi-Fi connection information": [
            "view Wi-Fi connections"
        ],
        "Other": [
            "control flashlight",
            "control vibration",
            "full network access",
            "prevent device from sleeping",
            "view network connections"
        ],
        "Uncategorized": [
            "receive data from Internet"
        ]
    }
}