{
    "title": "MOVEVO MOVE",
    "description": "DANGER! To use the MOVEVO Move app you need an access code.\r\n\r\nIf your employer offers you the Move app, you will receive your personal access code either from them or directly from us, which you can use to register in the app. If your employer does not yet use the Move app and/or you would like to test the app, simply send us a short email to office@movevo.app and we will be happy to send you your personal access code.\r\n\r\nFunction overview:\r\n• Your personal dashboard:\r\nThe activity barometer gives you an overview of your activity level, the points you have earned and your current challenges and healthy routines. Current news and an overview of the company-wide points goal await you here.\r\n• Varied daily challenges: \r\nWe need variety to be fit - so every day there is an exciting task to complete. More exercise in everyday life and the right balance to work-related stress: crisp power breaks to clear your head, recovery breaks for increased energy, mobi breaks to compensate for sitting, everyday movements rethought.\r\n• Build sustainably healthy routines: \r\nImprove your health sustainably and in the long term. Learn from the Move app experts and find out how you can easily integrate valuable health hacks into your everyday life. In our healthy routines, experts from all areas of health, from exercise to nutrition to mental health and regeneration, explain how even small changes can have a big impact. From cold showers to sugar fasting and your routine for a healthy back - there's something for everyone! \r\n• Precise help in the Move section:\r\nIn it you will find an exercise collection with the most important exercises and workouts to stay flexible and strong. From head to toe, there is the right exercise for many problems and aches and pains - neck tension, back pain and knee problems are a thing of the past. You can also save your favorite exercises as favorites.\r\n• Collect steps: Collect steps every day to integrate the endurance component into your everyday life. Depending on the device type, the step points are currently integrated via Apple Health or Google Fit.\r\n• Record activities: You also collect points with your sporting activities. Choose from a variety of sports and get additional points for your score per minute of sports.\r\n• Your profile:\r\nHere you can see your personal activity statistics from the last few weeks and months. Collect points and badges for your activities.\r\n\r\nThe advantages for you:\r\n• Developed by experts: The app concept and all app content were developed by trained sports scientists, doctors and psychologists. \r\n• MOVEVO brings exercise and health into your everyday work in a playful way. You can access all content anytime, anywhere.\r\n• MOVEVO is the ideal companion on your path to greater well-being, improved health and new vitality.\r\n• We support positive and long-term behavioral changes with tips and tricks.\r\n\r\nOngoing updates and further development:\r\nJust as your health is a dynamic process, the MOVEVO app is also in constant development! The app is constantly updated with new content and features. We also look forward to your feedback to make the MOVEVO app even better. Continuous updates guarantee fun app usage.\r\nIf you have any questions, feedback or ideas, please contact us by email: office@movevo.app\r\nData protection: https://www.movevo.app/datenschutz/\r\nGame rules: https://www.movevo.app/spielrules/\r\n[Minimum supported app version: 2.7.1]",
    "summary": "The MOVEVO app brings exercise and health into everyday life in a playful way.",
    "installs": "1,000+",
    "score": null,
    "ratings": null,
    "price": 0,
    "currency": "EUR",
    "developer": "MOVEVO Technologies",
    "developerEmail": "office@movevo.app",
    "developerWebsite": "https://www.movevo.app/",
    "developerAddress": null,
    "privacyPolicy": "https://www.movevo.app/datenschutz/",
    "genre": "Health & Fitness",
    "contentRating": "PEGI 3",
    "released": "Feb 26, 2023",
    "lastUpdatedOn": "Apr 24, 2025",
    "appId": "app.movevo.moveapp",
    "permisions": {
        "Camera": [
            "take pictures and videos"
        ],
        "Other": [
            "control vibration",
            "full network access",
            "prevent device from sleeping",
            "read Google service configuration",
            "run at startup",
            "view network connections"
        ],
        "Uncategorized": [
            "receive data from Internet"
        ]
    }
}