{
    "title": "Expedia: Hotels, Flights, Cars",
    "description": "TRAVEL PLANNING MADE EASY IN ONE APP\r\nPlan, collaborate, book and manage your whole trip, from flights, vacation packages, hotels, car rentals, activities, and more. Find inspiration for your next destination, expert tips and personalized recommendations. Book your flight, hotel and more together to save.*\r\n\r\nREWARDS ON ANY WAY YOU TRAVEL\r\nOne Key™ members can use and earn rewards** on eligible bookings, including select hotels, vacation rentals, car rentals, activities, and flights. Plus, earn airline miles AND One Key rewards on flights. Move up the tiers quickly to enjoy free room upgrades at select VIP Access properties and more. Signing up for One Key is free and easy! Just download the Expedia app and log in.\r\n\r\nMEMBERS SAVE INSTANTLY\r\nOne Key members get instant travel discounts on select flights, hotels, car rentals, activities and more. Save 10% or more on over 100,000 hotels worldwide with Member Prices and up to 30% when adding a select hotel to your flight.\r\n\r\nBOOK FLIGHTS WITH CONFIDENCE\r\nNot sure if you’re getting our best travel deal? Get an automatic refund when flight prices drop after you’ve booked.*** Members can also track flights and get alerts when prices rise or drop for free.\r\n\r\nCOLLABORATE AND PLAN WITH FRIENDS AND FAMILY\r\nFrom keeping your travel details organized to easily deciding on the best options with your group, planning a trip is easy on the Expedia app. Save and compare stays, activities and more, invite others to collaborate by voting and commenting on their favorites and when your itinerary is settled, view and manage your bookings – all in one place.\r\n\r\nDISCOVER TRIPS THAT FIT YOUR NEEDS\r\n- Search flights, hotels, vacation packages, rental cars, attractions, and more\r\n- Book your flight and hotel together for savings\r\n- Choose from over 1,000,000 hotels worldwide, including boutique and luxury hotels, airport hotels, cheap hotels, hostels, BnB, vacation rentals, and resorts\r\n- Read verified reviews you can trust\r\n- Learn more about top destinations with expert-curated tips like best times to go, neighborhoods to stay in and things to do\r\n- Filter for hotels with pools, hot tubs, free airport shuttles, free WiFi, onsite parking, ocean views, kitchens, air conditioning, gyms, and more\r\n- Find family- and pet- friendly vacations\r\n- Sort your search by price, free cancellation or no change fees, departure and arrival time, and more\r\n \r\nMANAGE YOUR WHOLE TRIP, ALL IN ONE PLACE\r\n- Free cancellation on most hotels****\r\n- All your reservations in one place: view upcoming trip details, hotel information, and maps for directions\r\n- Trip alerts: for flight delays, gate changes, hotel check-out times, and more\r\n- Share travel itineraries\r\n \r\nDownload the Expedia com app now and join for free to enjoy One Key member benefits.\r\n\r\n*Savings based on package bookings as compared to the price of the same components booked separately. Savings will vary and not available on all packages.\r\n**One Key rewards not redeemable for cash and can only be used on Expedia, Hotels.com and Vrbo. For vacation rentals, US properties only. Excludes taxes and fees.\r\n*** Available for a fee on select flights. Refund will be the difference if the price of your flight on Expedia drops. Gold or Platinum members get Price Drop Protection at no extra cost on select flights. Terms apply.\r\n**** Some hotels require you to cancel more than 24 hours before check-in.\r\nSee site for details.\r\n\r\nWe predict flight deals based on historical data collected from searches made on or by Expedia. These predictions use insights and specifically look at search criteria such as dates, fare class, origin and destination. When comparing predictions for this flight and similar flights, we found that these fares were lower than we would expect. Any changes made to the search criteria may result in price differences and different price predictions.\r\n\r\nThe Expedia app uses information for analytics, personalization, and advertising. By using our app, you agree to our privacy and cookies policies.",
    "summary": "Book flight, car or packages. Instant access to hotel discounts & travel deals",
    "installs": "50,000,000+",
    "score": 4.6520076,
    "ratings": 1132596,
    "price": 0,
    "currency": "EUR",
    "developer": "Expedia",
    "developerEmail": "support@expedia.com",
    "developerWebsite": "https://www.expedia.com/service/",
    "developerAddress": "1111 Expedia Group Wy W,\nSeattle, WA 98119",
    "privacyPolicy": "https://www.expedia.com/p/info-other/privacy-policy.htm",
    "genre": "Travel & Local",
    "contentRating": "PEGI 3",
    "released": "May 10, 2011",
    "lastUpdatedOn": "Apr 24, 2025",
    "appId": "com.expedia.bookings",
    "permisions": {
        "Identity": [
            "add or remove accounts",
            "find accounts on the device"
        ],
        "Calendar": [
            "add or modify calendar events and send email to guests without owners' knowledge",
            "read calendar events plus confidential information"
        ],
        "Contacts": [
            "find accounts on the device"
        ],
        "Location": [
            "approximate location (network-based)",
            "precise location (GPS and network-based)"
        ],
        "Phone": [
            "read phone status and identity"
        ],
        "Photos/Media/Files": [
            "modify or delete the contents of your USB storage",
            "read the contents of your USB storage"
        ],
        "Storage": [
            "modify or delete the contents of your USB storage",
            "read the contents of your USB storage"
        ],
        "Camera": [
            "take pictures and videos"
        ],
        "Microphone": [
            "record audio"
        ],
        "Wi-Fi connection information": [
            "view Wi-Fi connections"
        ],
        "Device ID & call information": [
            "read phone status and identity"
        ],
        "Other": [
            "create accounts and set passwords",
            "full network access",
            "prevent device from sleeping",
            "read Google service configuration",
            "read sync settings",
            "reorder running apps",
            "run at startup",
            "toggle sync on and off",
            "use accounts on the device",
            "view network connections"
        ],
        "Uncategorized": [
            "read sync statistics",
            "receive data from Internet"
        ]
    }
}