{
    "title": "Google Maps",
    "description": "Explore and navigate the world with confidence using Google Maps. Find the best routes with live traffic data and real-time GPS navigation for driving, walking, cycling, and public transport. Discover over 250 million businesses and places - from restaurants and shops to everyday essentials – with photos, reviews, and helpful information.\r\n\r\nNavigate the world, the way you want:\r\n• Get to where you need to go with fuel-efficient route options\r\n• Find the best route with real-time, turn-by-turn voice, and on screen navigation\r\n• Save time with automatic rerouting based on live traffic, incidents, and road closures\r\n• Catch the bus, train, and ride-share effortlessly, with real-time updates\r\n• Find bike or scooter rentals to get around more easily\r\n\r\nPlan trips and experiences effortlessly:\r\n• Preview an area before you go (e.g. parking, entrances) with Street View\r\n• Use Immersive View to experience what landmarks, parks and routes look like, and even check the weather so you can be ready in advance\r\n• Create custom lists of your favorite saved places and share with others\r\n• Order delivery and takeout, make reservations, and book hotels\r\n• Don't get lost with offline maps in an area with bad signal\r\n• Search for local places and things to do, and decide based on user reviews and photos\r\n\r\nDiscover and explore like a local:\r\n• Explore with confidence knowing 500 million users contribute and keep the map up to date each year \r\n• Avoid the crowds by seeing how busy a place is before you get there\r\n• Use Lens in Maps to see walking directions overlaid on the real world\r\n• Filter restaurants by cuisine, hours, price, rating and more\r\n• Ask questions about a place, from dishes to parking, and get quick answers\r\n\r\nSome features not available in all countries or cities\r\nNavigation isn't intended to be used by oversized or emergency vehicles",
    "summary": "Real-time GPS navigation & local suggestions for food, events, & activities",
    "installs": "10,000,000,000+",
    "score": 3.7424335,
    "ratings": 18847998,
    "price": 0,
    "currency": "EUR",
    "developer": "Google LLC",
    "developerEmail": "apps-help@google.com",
    "developerWebsite": "http://maps.google.com/about/",
    "developerAddress": "1600 Amphitheatre Parkway, Mountain View 94043",
    "privacyPolicy": "http://www.google.com/policies/privacy",
    "genre": "Travel & Local",
    "contentRating": "PEGI 3",
    "released": null,
    "lastUpdatedOn": "May 6, 2025",
    "appId": "com.google.android.apps.maps",
    "permisions": {
        "Identity": [
            "add or remove accounts",
            "find accounts on the device"
        ],
        "Contacts": [
            "find accounts on the device",
            "read your contacts"
        ],
        "Location": [
            "approximate location (network-based)",
            "precise location (GPS and network-based)"
        ],
        "SMS": [
            "send SMS messages"
        ],
        "Phone": [
            "directly call phone numbers"
        ],
        "Photos/Media/Files": [
            "modify or delete the contents of your USB storage",
            "read the contents of your USB storage"
        ],
        "Storage": [
            "modify or delete the contents of your USB storage",
            "read the contents of your USB storage"
        ],
        "Camera": [
            "take pictures and videos"
        ],
        "Microphone": [
            "record audio"
        ],
        "Wi-Fi connection information": [
            "view Wi-Fi connections"
        ],
        "Other": [
            "access Bluetooth settings",
            "change network connectivity",
            "connect and disconnect from Wi-Fi",
            "control Near Field Communication",
            "control vibration",
            "disable your screen lock",
            "full network access",
            "install shortcuts",
            "measure app storage space",
            "mock location sources for testing",
            "pair with Bluetooth devices",
            "prevent device from sleeping",
            "read Google service configuration",
            "read sync settings",
            "run at startup",
            "send sticky broadcast",
            "toggle sync on and off",
            "use accounts on the device",
            "view network connections"
        ],
        "Uncategorized": [
            "download files without notification",
            "receive data from Internet"
        ]
    }
}