{
    "title": "ProBikeGarage: Bicycle tracker",
    "description": "ProBikeGarage is your ultimate bike maintenance companion 🚵🔧. Whether you're into mountain biking (MTB), gravel, or road cycling, ProBikeGarage is here to improve your cyclist experience.\r\n\r\nStop worrying about your bike's health and condition. ProBikeGarage seamlessly integrates with your Strava and sends you maintenance notifications to ensure your bicycles are always at their peak! Enhance the longevity of your beloved bikes and gear, and increase your performance.\r\n\r\n✅ Maximize gear lifespan: Increase the durability of your bicycle and components with automatic maintenance reminders, ensuring they work optimally for longer while reducing your costs.\r\n\r\n✅ Effortless Strava integration: ProBikeGarage automatically synchronizes your Strava activities for a streamlined cycling experience. Get bike service alerts as soon as you save your ride on Strava.\r\n\r\n✅ Ready for all cyclists: Customize your bike for various ride types, like indoor trainers, commutes, or races, ensuring it's always ready for any cycling activity.\r\n\r\nJoin thousands of cyclists worldwide at ProBikeGarage now and redefine your daily cycling life. Achieve effortless bike maintenance, increase components and gear lifespan, and boost your cycling performance 🚵🔧.\r\n\r\n✨✨ Key features ✨✨\r\n\r\n🔧 Effortless maintenance alerts:\r\n\r\n    ✔️ Receive timely notifications for component maintenance or replacement. For example, when your MTB suspension fork hits 120 hours of use, your road bike waxed chain clocks 400 km, or your gravel tires reach 5000 km.\r\n\r\n    ✔️ Extend the lifespan of your bicycle and components, ensuring optimal performance and reduced costs.\r\n\r\n🚴 Strava integration:\r\n\r\n    ✔️ Sync all your bikes and rides seamlessly from your Strava account to start monitoring your bike and parts' status.\r\n\r\n    ✔️ Get real-time updates after each ride for a hassle-free experience. Your cycling gear will always be ready for your next activity.\r\n\r\n📊 Component registration:\r\n\r\n    ✔️ Easily register your components and assign them to your bikes to automatically count their activities and keep track of their distance, moving time, etc.\r\n\r\n    ✔️ Record all changes and part upgrades, compare durability and performance, record completed services, log your visits to the local shop, compare spare prices on available online stores, etc.\r\n\r\n🔩 Customized component installation:\r\n\r\n    ✔️ Install gear tailored to different ride types, like in real life. Automatically switch between rear tires and cassettes for indoor/outdoor activities, use lighter wheels for races, and add a front light for your daily commute. ProBikeGarage adapts to your cycling style effortlessly.",
    "summary": "Receive bike maintenance alerts and increase how long your components last.",
    "installs": "100,000+",
    "score": 4.118644,
    "ratings": 1510,
    "price": 0,
    "currency": "EUR",
    "developer": "probikegarage.com",
    "developerEmail": "support@probikegarage.com",
    "developerWebsite": "https://www.probikegarage.com",
    "developerAddress": null,
    "privacyPolicy": "https://www.probikegarage.com/privacy.html",
    "genre": "Health & Fitness",
    "contentRating": "PEGI 3",
    "released": "Mar 11, 2018",
    "lastUpdatedOn": "Mar 11, 2025",
    "appId": "com.probikegarage.app",
    "permisions": {
        "Other": [
            "control vibration",
            "full network access",
            "prevent device from sleeping",
            "view network connections"
        ],
        "Uncategorized": [
            "receive data from Internet"
        ]
    }
}