{
    "title": "Find My Car - GPS Navigation",
    "description": "<b>Do you worry about losing your car in huge parking lots or after parking your car in unfamiliar areas?</b> \r\n\r\nFind My Car is powerful car finder app that does not require maps or a network connection. Use your phone's GPS capabilities to navigate back to your car or any other location previously visited.  \r\n\r\nChoose from four navigation systems including:\r\n\r\n🚗 A dynamic destination-pointing compass.  Simply follow the arrow to locate your car.  <b>Internet not required</b>.  \r\n\r\n🚗 Maps showing the route back to your parked vehicle.\r\n\r\n🚗 Pulse Wavefront Radar.  A pseudoradar pulse illuminates the position of your car.  When the car is at the center of the target you have found your car!  <b>Internet not required</b>.  \r\n\r\n🚗 GPS Reflected Pseudoradar.  You are at the center of the radar screen.  Your car will glow when hit by the radar sweeper.  Keep walking until your car joins you at the center of the screen.  <b>Internet not required</b>.  \r\n\r\n\r\nWe have loaded the app with all kinds of extras to entertain as well as navigate! \r\n\r\nFinding your parked car has never been easier or more fun.  \r\n\r\nPlease note:  \r\n\r\n<b>Find My Car is used to find your car after you park it in unfamiliar areas, large parking lots or elsewhere.  We cannot find your lost car if it has been stolen.</b>.  \r\n\r\n** Another GPS Navigation app from DS Software, makers of Polaris Navigation GPS",
    "summary": "Find your parked car with a state-of-the-art car locator- Internet optional",
    "installs": "1,000,000+",
    "score": 4.287129,
    "ratings": 6056,
    "price": 0,
    "currency": "EUR",
    "developer": "Disciple Skies Software",
    "developerEmail": "support@discipleskies.com",
    "developerWebsite": "http://www.discipleskies.com",
    "developerAddress": "60 Calimo Circle\nSanta Fe, New Mexico, 87505\nUSA",
    "privacyPolicy": "http://www.discipleskies.com/find_my_car_privacy_policy.html",
    "genre": "Maps & Navigation",
    "contentRating": "PEGI 3",
    "released": "Nov 21, 2012",
    "lastUpdatedOn": "May 18, 2024",
    "appId": "com.discipleskies.aaafindmycar",
    "permisions": {
        "Location": [
            "access extra location provider commands",
            "approximate location (network-based)",
            "precise location (GPS and network-based)"
        ],
        "Other": [
            "control vibration",
            "full network access",
            "prevent device from sleeping",
            "view network connections"
        ]
    }
}