{
    "title": "Organic Maps: Hike Bike Drive",
    "description": "‣ Our free app does not track you, does not have ads, and it needs your support.\r\n‣ It is constantly being improved by contributors and our small team, in our free time.\r\n‣ If something is wrong or missing on the map, please fix it in <b>OpenStreetMap</b> and see your changes in the future maps update.\r\n‣ If navigation or search doesn't work, please check it on osm.org first, and then email us. We reply to <i>EVERY</i> email, and we'll fix it ASAP!\r\n\r\n<b>Your feedback and 5-star reviews are the best motivators for us!</b>\r\n\r\nKey features:\r\n\r\n• Free, open-source, no ads, no tracking\r\n• Detailed offline maps with places that don't exist on Google maps, thanks to the <b>OpenStreetMap</b> community\r\n• Cycling routes, hiking trails, and walking paths\r\n• Contour lines, elevation profiles, peaks, and slopes\r\n• Turn-by-turn walking, cycling, and car navigation with voice guidance and Android Auto\r\n• Fast offline search\r\n• Bookmarks and tracks export and import in KML, KMZ, GPX formats\r\n• Dark mode to protect your eyes\r\n\r\nThere is no public transport, satellite maps, and other cool features <i>yet</i> in Organic Maps. But with <i>your help and support</i>, we can make better maps step by step.\r\n\r\nOrganic Maps is <b>pure and organic, made with love</b>:\r\n\r\n• Blazing fast offline experience\r\n• Respects your privacy\r\n• Saves your battery\r\n• No unexpected mobile data charges\r\n• Simple to use, with only most important features included\r\n\r\nFree from trackers and other bad stuff:\r\n\r\n• No ads\r\n• No tracking\r\n• No data collection\r\n• No phoning home\r\n• No annoying registration\r\n• No mandatory tutorials\r\n• No noisy email spam\r\n• No push notifications\r\n• No crapware\r\n• N̶o̶ ̶p̶e̶s̶t̶i̶c̶i̶d̶e̶s̶ Purely organic\r\n\r\nAt Organic Maps, we believe that <b>privacy is a fundamental human right</b>:\r\n\r\n• Organic Maps is an indie community-driven open-source project\r\n• We protect privacy from Big Tech's prying eyes\r\n• Stay safe no matter wherever you are\r\n\r\nZero trackers and only minimally required permissions are found according to Exodus Privacy Report.\r\n\r\nPlease visit <b><i>organicmaps.app</i></b> website for additional details and FAQ, and contact us directly at @OrganicMapsApp in Telegram.\r\n\r\nReject surveillance - embrace your freedom.\r\n<b>Give Organic Maps a try!</b>",
    "summary": "Navigate with Privacy - Community-Driven & Open-Source",
    "installs": "1,000,000+",
    "score": 4.6504855,
    "ratings": 11826,
    "price": 0,
    "currency": "EUR",
    "developer": "Organic Maps",
    "developerEmail": "googleplay@organicmaps.app",
    "developerWebsite": "https://organicmaps.app/",
    "developerAddress": null,
    "privacyPolicy": "https://organicmaps.app/privacy",
    "genre": "Maps & Navigation",
    "contentRating": "PEGI 3",
    "released": "Jun 14, 2021",
    "lastUpdatedOn": "Apr 21, 2025",
    "appId": "app.organicmaps",
    "permisions": {
        "Location": [
            "access extra location provider commands",
            "approximate location (network-based)",
            "precise location (GPS and network-based)"
        ],
        "Other": [
            "full network access",
            "prevent device from sleeping",
            "run at startup",
            "view network connections"
        ]
    }
}