{
    "title": "Starlink",
    "description": "Starlink delivers high-speed Internet almost anywhere on Earth.\r\n\r\nThe Starlink app is here to help you:\r\n\r\n• Identify the install location that will ensure the best quality of service\r\n• Check for obstructions that can interfere with service\r\n• Setup your Starlink hardware\r\n• Verify your WiFi connection\r\n• Receive alerts for service issues\r\n• Access your connectivity statistics\r\n• Identify devices connected to your network\r\n• Troubleshoot connectivity issues\r\n• Contact support",
    "summary": "Use the Starlink app to set up and monitor your Starlink service",
    "installs": "5,000,000+",
    "score": 4.7983193,
    "ratings": 129283,
    "price": 0,
    "currency": "EUR",
    "developer": "Space Exploration Technologies Corp.",
    "developerEmail": "mobile@spacex.com",
    "developerWebsite": "https://www.starlink.com",
    "developerAddress": "1 Rocket Road\nHawthorne, CA. 90250",
    "privacyPolicy": "https://www.starlink.com/legal/privacy-policy",
    "genre": "Tools",
    "contentRating": "PEGI 3",
    "released": "Jan 12, 2021",
    "lastUpdatedOn": "May 2, 2025",
    "appId": "com.starlink.mobile",
    "permisions": {
        "Location": [
            "approximate location (network-based)",
            "precise location (GPS and network-based)"
        ],
        "Photos/Media/Files": [
            "modify or delete the contents of your USB storage",
            "read the contents of your USB storage"
        ],
        "Storage": [
            "modify or delete the contents of your USB storage",
            "read the contents of your USB storage"
        ],
        "Camera": [
            "take pictures and videos"
        ],
        "Microphone": [
            "record audio"
        ],
        "Wi-Fi connection information": [
            "view Wi-Fi connections"
        ],
        "Other": [
            "change network connectivity",
            "connect and disconnect from Wi-Fi",
            "control vibration",
            "full network access",
            "prevent device from sleeping",
            "read Google service configuration",
            "run at startup",
            "view network connections"
        ],
        "Uncategorized": [
            "download files without notification",
            "receive data from Internet"
        ]
    }
}