{
    "title": "Campus Coach Running & Trail",
    "description": "<b>Campus Coach: YOUR ROAD & TRAIL RUNNING APP!</b>\r\n\r\nJoin +300K runners and take on your running challenges with Campus Coach, your personalized program to progress in running. Whether you want to start running, run a 10km, prepare for a half-marathon, a marathon or a trail, our tailor-made training plans support you. Campus Coach helps you improve your running speed and endurance, while having fun running. All your run sessions are configured according to your running profile and objective. \r\n\r\n🚀 <b>Your running training program adapted to your goals </b>\r\n\r\nPrepare for your 10km, half-marathon, marathon or trail run with plans specific to your running level. Whether you are a beginner, intermediate or experienced, Campus Coach has the ideal running plan for you. Find your next running race with the integrated FINISHERS search engine (marathon, half-marathon, 10km, trail anywhere in the world).\r\n\r\nCreate a 12-week to 1-year running plan based on your goal and add secondary races throughout your preparation. You will be able to run according to your schedule and your level!\r\n\r\nPlan a full season of running challenges with Campus Coach and start running! \r\n\r\nDepending on your objectives, improve your speed and endurance via work cycles adapted and evolving according to your running and trail running practice.\r\n\r\n🏁 <b>Follow your sessions and progress with Campus Coach</b> 🏁\r\n\r\nAccess various run sessions: intervals, hills, fundamental endurance, intervals, half pace, marathon etc. Your pace is personalized according to your times and your feelings.\r\n\r\nSynchronize your running workouts with your GPS watch (Garmin, Coros, Suunto) and analyze your results (distance, elevation, speed) in your running diary.\r\n\r\nTrack your stats in real time from your GPS or Strava watch to maximize your progress in running, trail running, or running. Each workout will allow you to run better and improve for your marathon, half or trail goal!\r\n\r\nMarathon, half marathon, 10km what is your favorite distance to run? To complement your running practice and prevent injuries so typical of running: we have integrated personalized muscle strengthening sessions for your road or trail practice.\r\n\r\n🏃‍♀️🏃 <b>Join a passionate community</b> \r\n\r\nParticipate in running groups, learn to run better thanks to our experts in running, trail running, nutrition, and mental health. Attend webinars with the best Campus Coaches and share your running exploits on social media.\r\n\r\nFind all the racing CRs (marathon, half-marathon, 10km, trail, etc.)\r\n\r\nAlso come to partner events like the Paris Marathon, the Toulouse Marathon, Run in Lyon, Montreal Marathon and many others. Each marathon, half-marathon, 10km and trail is a new opportunity to surpass yourself and run alongside the best!\r\n\r\n🏆 <b>CAMPUS COACH - The running app designed by runners, for all runners</b>\r\n\r\nCreated by 4 founders passionate about running & trail running, including Running Addict and Ironuman, Campus Coach makes running and the pleasure of running accessible to everyone. Whether for a marathon, a 10km, or a trail, our training plans prepare you to run according to your objective for each competition (5km, 10km, trail, ultra-trail, half-marathon, marathon, etc.).\r\n\r\nAre you ready to push your limits and improve your speed and endurance over the distance of your choice? Campus Coach, your running app, accompanies you, whether in your pocket or via your GPS watch. Take advantage of this to run like never before! And enjoy the best of running with our community of passionate runners.\r\n\r\nCome train seriously, without taking yourself seriously (the Running Addict mantra! 😁\"",
    "summary": "Marathon, 10km, trail, running: running & endurance training plan",
    "installs": "50,000+",
    "score": 4.8688526,
    "ratings": 1558,
    "price": 0,
    "currency": "EUR",
    "developer": "Campus.coach",
    "developerEmail": "team@campus.coach",
    "developerWebsite": "https://www.campus.coach/",
    "developerAddress": null,
    "privacyPolicy": "https://www.campus.coach/legals/charte-de-vie-privee",
    "genre": "Health & Fitness",
    "contentRating": "PEGI 3",
    "released": "Mar 21, 2024",
    "lastUpdatedOn": "Apr 4, 2025",
    "appId": "campus.coach.mobileApp",
    "permisions": {
        "Photos/Media/Files": [
            "modify or delete the contents of your USB storage",
            "read the contents of your USB storage"
        ],
        "Storage": [
            "modify or delete the contents of your USB storage",
            "read the contents of your USB storage"
        ],
        "Camera": [
            "take pictures and videos"
        ],
        "Other": [
            "control vibration",
            "full network access",
            "prevent device from sleeping",
            "view network connections"
        ],
        "Uncategorized": [
            "receive data from Internet"
        ]
    }
}