{
    "title": "Fitbit",
    "description": "See the big picture on your health and fitness journey with the Fitbit app. Find easy ways to get active, sleep better, stress less and eat healthier.\r\n\r\nTrack the stats you care about across health, fitness and sleep, and change your goals as your routines evolve. Stay motivated with energizing workout content for your body and mind. See how far you’ve come with a glance at your personal goal progress and how you stack up to friends and family. Unlock even more possibilities when you sync up with a wearable device like Fitbit tracker or smartwatch and see how your activity, sleep, nutrition and stress all fit together.\r\n\r\nGET MORE ACTIVE: See how small moves add up by using your smartphone to track steps and distance—or pair with a Fitbit tracker or Wear OS by Google smartwatch to record your heart rate, Active Zone Minutes, calories burned and more. Leverage tiles and complications to easily access your stats.It’s a fitness planner in your pocket: Use the app as a diary to set goals and track your progress. Plus, that motivation you’ve been looking for is right in the app. Bring the gym home with a curated list of audio and video workouts that you can do at your own pace, right from your living room.* You’ll find sessions for HIIT, cardio, strength, running, biking, yoga and more.\r\n\r\nTRACK YOUR HEART HEALTH: Understand your overall health by using your watch or tracker to keep tabs on your heart rate 24/7. Monitor your heart rhythm and see your resting heart rate trends, plus time spent in heart rate zones during workouts.\r\n\r\nSLEEP BETTER: Find sleep tools to help you learn about your sleep quality and improve it—from  measuring your sleep duration and sleep stages to understanding your restless time. Set reminders for bedtime and wake-up time to keep your sleeping schedule managed.\r\n\r\nSTRESS LESS: Listen to audio sessions to lessen stress and improve your mood. Use mindfulness to start your day a better way, find moments of calm and set intentions with meditation or get help falling asleep with breathing exercises and relaxing sounds.*\r\n\r\nEAT SMARTER: Keep your diet in check with easy-to-use tools for setting goals. Tracking meals and logging food & water intake lets you see if you’re getting enough protein, fat, fiber and carbs on your way to managing your weight and overall health.\r\n\r\nEVEN MORE WITH FITBIT PREMIUM: Upgrade to Fitbit Premium and get all the guidance, insights and inspiration you need to take your workout routine to the next level. [link: https://www.fitbit.com/global/us/products/services/premium]\r\n\r\n• Your Daily Readiness Score helps you understand when it’s time to go all out and when it’s time for rest & recovery—plus, you’ll get recommended workouts based on your body’s needs.\r\n• Get the support you need across a whole library of workouts to keep your mind and body fit—from strength training, HIIT and cycling to dance cardio, yoga, meditation and more—led by Fitbit’s expert trainers who are ready to coach.\r\n• Perfect your mindfulness practice with a full library of sessions that calm anxiety, prep for sleep and even help you meditate while walking.\r\n• Find new ways to rest & recover with your Sleep Score. Plus, check out your sleep patterns and monthly trends in your Sleep Profile.\r\n• Feed your appetite with access to easy, healthy recipes to help you reach your nutrition goals and bring your wellness full circle.\r\n\r\n\r\n*A Fitbit Premium subscription is required to access the full content library.\r\n\r\nSome Fitbit devices let you handle calls and texts right from your wrist so permissions might be required during setup.",
    "summary": "Fitbit is dedicated to helping people lead healthier, more active lives.",
    "installs": "100,000,000+",
    "score": 3.778009,
    "ratings": 1174325,
    "price": 0,
    "currency": "EUR",
    "developer": "Google LLC",
    "developerEmail": "android@fitbit.com",
    "developerWebsite": "https://support.google.com/fitbit",
    "developerAddress": "1600 Amphitheatre Parkway, Mountain View 94043",
    "privacyPolicy": "http://www.fitbit.com/privacy",
    "genre": "Health & Fitness",
    "contentRating": "PEGI 3",
    "released": "Mar 16, 2012",
    "lastUpdatedOn": "May 2, 2025",
    "appId": "com.fitbit.FitbitMobile",
    "permisions": {
        "Identity": [
            "find accounts on the device"
        ],
        "Calendar": [
            "add or modify calendar events and send email to guests without owners' knowledge",
            "read calendar events plus confidential information"
        ],
        "Contacts": [
            "find accounts on the device",
            "read your contacts"
        ],
        "Location": [
            "approximate location (network-based)",
            "precise location (GPS and network-based)"
        ],
        "SMS": [
            "send SMS messages"
        ],
        "Phone": [
            "directly call phone numbers",
            "read call log",
            "read phone status and identity"
        ],
        "Photos/Media/Files": [
            "modify or delete the contents of your USB storage",
            "read the contents of your USB storage"
        ],
        "Storage": [
            "modify or delete the contents of your USB storage",
            "read the contents of your USB storage"
        ],
        "Camera": [
            "take pictures and videos"
        ],
        "Microphone": [
            "record audio"
        ],
        "Wi-Fi connection information": [
            "view Wi-Fi connections"
        ],
        "Device ID & call information": [
            "read phone status and identity"
        ],
        "Wearable sensors/Activity data": [
            "body sensors (like heart rate monitors)"
        ],
        "Other": [
            "access Bluetooth settings",
            "change your audio settings",
            "control vibration",
            "full network access",
            "measure app storage space",
            "modify system settings",
            "pair with Bluetooth devices",
            "prevent device from sleeping",
            "read Google service configuration",
            "run at startup",
            "send sticky broadcast",
            "view network connections"
        ],
        "Uncategorized": [
            "control media playback and metadata access",
            "modify secure system settings",
            "receive data from Internet"
        ]
    }
}