{
    "title": "TripIt: Travel Planner",
    "description": "Join nearly 20 million travelers on the world's highest-rated travel planner app for trip and itinerary organization!\r\n\r\nTRAVEL ITINERARY\r\n\r\nAs soon as you book a flight, hotel, rental car or other travel plan, simply forward it to plans@tripit.com and we’ll automatically add it to your comprehensive itinerary. Seamlessly sync travel plans to your calendar or share them with anyone you choose.\r\n\r\nRESERVATION DETAILS\r\n\r\nNo more frantically searching through your inbox for important details about your travel plans, like when your flight gets in or the confirmation number for your hotel. Find them in a flash with TripIt — even when you’re offline. \r\n\r\n\r\nUpload PDFs, photos, boarding passes, digital passport QR codes and more to your travel itinerary, so you can track everything in one place.\r\n\r\n\r\nMAPS AND DIRECTIONS\r\n\r\nThe TripIt app includes all the map-related tools you’ll need on-the-go (it’s great for road trips).\r\n\r\n-\tPlot out your entire trip on Google Maps or Apple Maps\r\n-\tQuickly pull up transportation options and driving directions between two points (powered by Rome2Rio)\r\n-\tEasily locate the closest restaurants, parking, ATMs and more\r\n\r\n\r\nTRIPIT PRO\r\n\r\nFor roughly the price of checking your bags, upgrade to TripIt Pro to access exclusive travel perks all year long. When you upgrade, TripIt Pro will do all this for you (and more!):\r\n\r\n• Share real-time flight status alerts and check in reminders\r\n• Notify you if you're eligible for a refund if your fare price drops after booking\r\n• Track your reward programs and alert you if points are expiring\r\n• Navigate you through the airport with interactive maps\r\n\r\n\r\nYour Google Play account will be charged when the purchase is confirmed. Your TripIt Pro subscription will be good for 1 year, and automatically renew each year at $48.99 unless you turn off auto-renew at least 24 hours before your term ends. To manage your subscription, including auto-renew, visit your Play Store Account Settings.\r\n\r\nFREE TRIPIT PRO FOR SAP CONCUR USERS\r\n\r\nIf your company uses SAP Concur, you may receive complimentary TripIt Pro benefits that most travelers have to pay for. Make sure you’re connected to TripIt to get itineraries created for you as soon as you book, and receive a complimentary subscription to TripIt Pro, if you’re eligible.\r\n\r\nFor more information, see the TripIt User Agreement (https://www.tripit.com/uhp/userAgreement) and Privacy Policy (https://www.tripit.com/uhp/privacyPolicy).",
    "summary": "TripIt® from Concur instantly organizes all your travel plans in one place.",
    "installs": "5,000,000+",
    "score": 4.57,
    "ratings": 89086,
    "price": 0,
    "currency": "EUR",
    "developer": "TripIt, Inc.",
    "developerEmail": "support@tripit.com",
    "developerWebsite": "http://www.tripit.com/",
    "developerAddress": "601 108th Ave NE\nSuite 1000\nBellevue, WA 98004",
    "privacyPolicy": "http://www.tripit.com/uhp/privacyPolicy",
    "genre": "Travel & Local",
    "contentRating": "PEGI 3",
    "released": null,
    "lastUpdatedOn": "May 1, 2025",
    "appId": "com.tripit",
    "permisions": {
        "Identity": [
            "add or remove accounts",
            "find accounts on the device"
        ],
        "Calendar": [
            "add or modify calendar events and send email to guests without owners' knowledge",
            "read calendar events plus confidential information"
        ],
        "Contacts": [
            "find accounts on the device",
            "read your contacts"
        ],
        "Location": [
            "approximate location (network-based)",
            "precise location (GPS and network-based)"
        ],
        "Wi-Fi connection information": [
            "view Wi-Fi connections"
        ],
        "Other": [
            "Google Play license check",
            "access Bluetooth settings",
            "control vibration",
            "create accounts and set passwords",
            "full network access",
            "pair with Bluetooth devices",
            "prevent device from sleeping",
            "read Google service configuration",
            "read sync settings",
            "run at startup",
            "toggle sync on and off",
            "view network connections"
        ],
        "Uncategorized": [
            "receive data from Internet"
        ]
    }
}