{
    "title": "Wanderlog - Trip Planner App",
    "description": "The best app to plan a trip, Wanderlog is the easiest-to-use, completely free travel app for planning every kind of trip, including road trips and group travel! Create a trip itinerary, organize flight, hotel, and car reservations, view places to visit on a map, and collaborate with friends. After your trip, share a travel guide to inspire other travelers.\r\n\r\n✈️🛏️ See flights, hotels, and attractions in one place (like TripIt and Tripcase)\r\n🗺️ View road trip plans on a travel map & map your route (like Roadtrippers)\r\n🖇️ Rearrange the order of places easily by drag-and-drop\r\n📍 Planning a road trip? Add unlimited stops for free, optimize your route, view times & distances between places, and export places to Google Maps\r\n🧑🏽‍🤝‍🧑🏽 Planning group travel? Invite friends and collaborate in real-time just (like Google Docs)\r\n🧾 Automatically import reservations by forwarding emails or connecting your Gmail\r\n🏛️ Add things to do from top guides with 1 click (like Tripadvisor and Google Trips/Google Travel)\r\n📃 Access your trip plans offline (Pro)\r\n📝 Add notes and links to your stops\r\n📱 Have your trip plans automatically sync across devices\r\n💵 Set budgets, track expenses, and split bills with a group\r\n\r\n-------\r\n\r\n🗺️ SEE IT ON A MAP\r\n\r\nEvery time you add a place to visit, it’s immediately pinned on your Google Maps-based travel map. No need to pull up different travel apps and websites to organize vacation plans - you can do it all in the Wanderlog trip planner app! Plus, if you’re visiting points in order, lines will connect the different pins on the map so you can see your route (perfect for road trips!). You can also export all your places to Google Maps too.\r\n\r\n🗓️ STORE PLANS OFFLINE\r\n\r\nAll your holiday plans are automatically stored offline on the Wanderlog travel planner app - especially helpful during a road trip with poor signal and international travel.\r\n\r\n🚙 GET ON THE ROAD\r\n\r\nLooking for the best road trip planner? Travelers can plan their driving trips and stops with Wanderlog. See your route on a map, or try our route optimizer to automatically rearrange and plan your route to save travel time. See estimated times & distance traveled between places to make sure it all fits, and total time and distance traveled for a given day to make sure you’re not driving your car too long. Plus, you can add unlimited stops along your road trip for free.\r\n\r\n🧑🏽‍🤝‍🧑🏽 COLLABORATE WITH FRIENDS\r\n\r\nFor group travel planning, add your trip mates with their email address or by sharing a link to the itinerary. Like for Google Docs, everyone can collaborate in real-time. Set permissions and choose whether people can edit or just view your travel plans.\r\n\r\n🗂️ STAY ORGANIZED\r\n\r\nAccess flights, hotels, and attractions in one app. Forward flight and hotel confirmation emails to import them directly into your trip plan, or connect your Gmail to automatically add them. Prefer to keep high-level plans? Make generic lists like ‘Things to do’ and ‘Restaurants’ you want to eat at. Traveling on a tight schedule and want to create a detailed itinerary? Organize your day by adding start (and end) times, perfect for keeping track of tickets and reservations.\r\n\r\n🌎 GET INSPIRATION & INFORMATION\r\n\r\nFor each place, see key info like a description and picture of the place, average user ratings with links to reviews, opening hours, address, website, and phone number. Stay inspired by exploring top travel guides for every city from the web that feature viewpoints, attractions, and restaurants, and from lists from Google Trips and Google Travel, as well as by other Wanderlog users, and add things to do from those guides to your trip plan with 1 click.\r\n\r\n💵 MANAGE TRIP FINANCES\r\nSet a vacation budget for yourself or a group. Take control of your spending and keep track of all expenses. For a group trip, split a bill with other people and easily calculate the cost. Keep a record of who paid for what, how much money everyone owes or is owed, and settle debts between trip mates.",
    "summary": "Map & organize your road trip and travel itinerary: TripIt, Roadtrippers in 1",
    "installs": "1,000,000+",
    "score": 4.56,
    "ratings": 23478,
    "price": 0,
    "currency": "EUR",
    "developer": "Wanderlog",
    "developerEmail": "support@wanderlog.com",
    "developerWebsite": "https://wanderlog.com",
    "developerAddress": "459 Fulton St\nSuite 208\nSan Francisco, CA 94102\nUSA",
    "privacyPolicy": "https://wanderlog.com/privacy",
    "genre": "Travel & Local",
    "contentRating": "PEGI 3",
    "released": "Aug 21, 2019",
    "lastUpdatedOn": "May 5, 2025",
    "appId": "com.wanderlog.android",
    "permisions": {
        "Identity": [
            "find accounts on the device"
        ],
        "Contacts": [
            "find accounts on the device",
            "read your contacts"
        ],
        "Location": [
            "approximate location (network-based)",
            "precise location (GPS and network-based)"
        ],
        "Photos/Media/Files": [
            "modify or delete the contents of your USB storage",
            "read the contents of your USB storage"
        ],
        "Storage": [
            "modify or delete the contents of your USB storage",
            "read the contents of your USB storage"
        ],
        "Camera": [
            "take pictures and videos"
        ],
        "Wi-Fi connection information": [
            "view Wi-Fi connections"
        ],
        "Other": [
            "Google Play license check",
            "control vibration",
            "full network access",
            "prevent device from sleeping",
            "read Google service configuration",
            "reorder running apps",
            "run at startup",
            "view network connections"
        ],
        "Uncategorized": [
            "receive data from Internet"
        ]
    }
}