{
    "title": "iGO Navigation",
    "description": "Join millions of travelers around the world and take the journeys that matter. Using half the storage space of many other navigation apps, iGO Navigation is an offline app that guides you on adventures around the world. \r\nIncluding only the features that help you the most, we do away with distractions – just you and the world around you, because we believe that travel should be experienced between the traveler and the world, not the traveler and their phone.\r\nThe iGO Navigation app is for those who believe in a purer form of discovery, but want a helpful guide to push them in the right direction, whether you’re traveling in your hometown, a new country, or across a continent. The award-winning, full-service app now has improved visualization, accelerated route calculation, reduced storage space requirements, and advanced offline features, making it the best copilot to help you experience the world around you. \r\nFind your inner explorer, and hit the road like a pro. No more getting lost, no more wasting time, no more clogging your phone, no more searching for WiFi, and no more distractions. iGO Navigation: for the journeys that matter.\r\nWhat does iGO Navigation offer?\r\n-\tOver 100 countries, including the U.S., Canada, Mexico, Brazil, Argentina, Germany, Italy, France, Australia, Russia, Turkey, and more\r\n-\tHalf the storage space compared to many other navigation apps, saving room for more important travel necessities, such as photos, videos, and music \r\n-\tFast and diverse route calculation options to find the best route possible\r\n-\tPOIs to help you find restaurants, bars, landmarks, malls, stores, and more\r\n-\tOffline reliability to keep you on track, be it in a crowded city or remote backcountry\r\n-\tPoint addressing to accurately pinpoint hard-to-find locations and to navigate in places that follow non-sequential numbering or don’t have address numbering at all\r\n-\tJunction view to prevent confusion when entering and exiting major roadways\r\n-\tAdvanced Text-To-Speech for hands-free and turn-by-turn directions",
    "summary": "Join millions of travelers around the world and take the journeys that matter.",
    "installs": "1,000,000+",
    "score": 2.88,
    "ratings": 22670,
    "price": 0,
    "currency": "EUR",
    "developer": "NNG Software Developing and Commercial LLC.",
    "developerEmail": "customersupport@igonavigation.com",
    "developerWebsite": "https://www.nng.com/contact-us-igo-navigation-applications/",
    "developerAddress": "H-1037, Budapest, Szépvölgyi út 35-37",
    "privacyPolicy": "https://nng.com/privacy-policy-igo-navigation-applications/",
    "genre": "Maps & Navigation",
    "contentRating": "PEGI 3",
    "released": "Jun 8, 2016",
    "lastUpdatedOn": "Apr 16, 2024",
    "appId": "com.nng.igo.primong.igoworld",
    "permisions": {
        "Contacts": [
            "read your contacts"
        ],
        "Location": [
            "approximate location (network-based)",
            "precise location (GPS and network-based)"
        ],
        "Photos/Media/Files": [
            "modify or delete the contents of your USB storage",
            "read the contents of your USB storage"
        ],
        "Storage": [
            "modify or delete the contents of your USB storage",
            "read the contents of your USB storage"
        ],
        "Other": [
            "Google Play license check",
            "access Bluetooth settings",
            "change your audio settings",
            "disable your screen lock",
            "full network access",
            "pair with Bluetooth devices",
            "prevent device from sleeping",
            "run at startup",
            "view network connections"
        ],
        "Uncategorized": [
            "download files without notification",
            "modify/delete internal media storage contents"
        ]
    }
}