{
    "title": "PSU Wayfinding",
    "description": "PSU Wayfinding is an indoor navigation app for Prince Sultan University.\r\nBMC Masar helps you to find your way to your destination.",
    "summary": "PSU Wayfinding is an indoor navigation application for Prince Sultan University",
    "installs": "50+",
    "score": null,
    "ratings": null,
    "price": 0,
    "currency": "EUR",
    "developer": "NEARMOTION",
    "developerEmail": "abubaker@nearmotion.com",
    "developerWebsite": "http://www.nearmotion.com",
    "developerAddress": null,
    "privacyPolicy": "https://nearmotion.com/psu_policy_privacy.html",
    "genre": "Maps & Navigation",
    "contentRating": "PEGI 3",
    "released": "May 17, 2023",
    "lastUpdatedOn": "May 4, 2025",
    "appId": "com.kontakt.sample.psu",
    "permisions": {
        "Location": [
            "approximate location (network-based)",
            "precise location (GPS and network-based)"
        ],
        "Phone": [
            "directly call phone numbers",
            "read phone status and identity"
        ],
        "Photos/Media/Files": [
            "modify or delete the contents of your USB storage",
            "read the contents of your USB storage"
        ],
        "Storage": [
            "modify or delete the contents of your USB storage",
            "read the contents of your USB storage"
        ],
        "Wi-Fi connection information": [
            "view Wi-Fi connections"
        ],
        "Device ID & call information": [
            "read phone status and identity"
        ],
        "Other": [
            "access Bluetooth settings",
            "draw over other apps",
            "full network access",
            "pair with Bluetooth devices",
            "view network connections"
        ]
    }
}