{
    "title": "Moovit: Bus & Public Transit",
    "description": "Moovit is not just a navigation tool; it is your comprehensive guide to urban transportation. By integrating a wide range of services, Moovit ensures you have access to crucial information for all your commuting needs. Whether you need to find bus times for your morning commute, check train time for an upcoming trip, or track your route using the bus tracker feature, Moovit streamlines your experience. The metro bus app functionality allows you to seamlessly switch between different modes of transport, making it easier than ever to plan your journey. With Moovit, you can confidently navigate the complexities of urban transit and enjoy a smoother travel experience.\r\n\r\nTransportation is essential for urban living. With Moovit, you can effortlessly navigate your city, whether you’re riding the train, subway, bus, light rail, ferry, or using dockless scooters and ride-sharing services like Uber and Lyft. Moovit provides comprehensive urban mobility information in one place, ensuring you have access to the best resources for your journey.\r\nWhy Choose Moovit?\r\nOne-Stop Journey Experience: Easily access train times, bus times, maps, live navigation, and real-time arrival information. Moovit simplifies your travel planning, making it easier to get from point A to B confidently.\r\nReal-Time Arrivals: View real-time updates directly from GPS devices positioned on buses and trains. This feature enhances your experience as a bus tracker, allowing you to avoid wasting time guessing bus or train schedules.\r\nDigital Payments: Conveniently purchase bus and train tickets, validating your digital pass with just a tap (available in supported metro areas). \r\nInstant Alerts: Stay informed about service changes with real-time alerts for emergencies, unexpected disruptions, delays, traffic jams, and construction. \r\nLive Navigation: Get step-by-step directions for your journey, including how long you need to walk to your station, viewing arrival times for your lines, and receiving get-off alerts as you approach your destination. Moovit’s navigation feature ensures you can navigate with ease on the metro bus app.\r\nAugmented Reality Way Finder: Utilize augmented reality to locate your bus or train stop quickly and accurately. This feature makes finding your stop intuitive and straightforward.\r\nCommunity Insights: Moovit’s user community actively reports issues regarding stations, line services, and schedules. \r\nFavorites for Easy Access: Easily access your favorite lines, stations, and places. Moovit provides real-time updates if any changes occur on your frequently used routes, allowing you to stay informed about any potential impacts on your bus time or train time.\r\nBike-Friendly Routes: In addition to public transit options, Moovit offers bike routes to accommodate your travel needs. If you ride bikes (whether personal or shared), you can plan a route that integrates train or bus options. Updated information on bike docking stations is available in real-time, ensuring you have the latest details.\r\nOffline Maps: Moovit provides comprehensive maps of transit stations, routes, and lines, which are available in PDF format for offline use or when you're underground. This feature ensures that you can access transit subway bus times even without an internet connection.\r\n🏆 \"If you need to get anywhere by mass transit, you need Moovit...it will open up a new world for you, even if you just travel domestically.\" - USA Today 🏆\r\nMoovit proudly serves over 930 million users in 3,400+ cities worldwide, collaborating with leading public transit agencies across the U.S. to provide you with the best urban mobility solutions.\r\nWith Moovit, you only need one app to navigate transit in the U.S. and across 112 other countries in 45 languages. Whether you want to check bus times or find the last departures from any stop, Moovit has you covered.\r\nDownload Moovit today—ride with confidence!\r\n\r\nContact us:\r\nhttps://moovitapp.zendesk.com/hc/requests/new\r\nmoovit@Facebook, Twitter",
    "summary": "Bus tracker & transportation stop finder. Metro, subway & train time schedule.",
    "installs": "100,000,000+",
    "score": 3.644963,
    "ratings": 1452224,
    "price": 0,
    "currency": "EUR",
    "developer": "Moovit",
    "developerEmail": "support@moovit.com",
    "developerWebsite": "https://www.moovit.com",
    "developerAddress": "Ilan Ramon 2\nNess Ziona\nIsrael",
    "privacyPolicy": "https://moovit.com/legal/privacy-policy-en-oct-2021",
    "genre": "Maps & Navigation",
    "contentRating": "PEGI 3",
    "released": "Mar 28, 2012",
    "lastUpdatedOn": "Apr 27, 2025",
    "appId": "com.tranzmate",
    "permisions": {
        "Identity": [
            "find accounts on the device"
        ],
        "Contacts": [
            "find accounts on the device"
        ],
        "Location": [
            "approximate location (network-based)",
            "precise location (GPS and network-based)"
        ],
        "Photos/Media/Files": [
            "modify or delete the contents of your USB storage",
            "read the contents of your USB storage"
        ],
        "Storage": [
            "modify or delete the contents of your USB storage",
            "read the contents of your USB storage"
        ],
        "Camera": [
            "take pictures and videos"
        ],
        "Wi-Fi connection information": [
            "view Wi-Fi connections"
        ],
        "Other": [
            "access Bluetooth settings",
            "control Near Field Communication",
            "control vibration",
            "draw over other apps",
            "full network access",
            "pair with Bluetooth devices",
            "prevent device from sleeping",
            "read Google service configuration",
            "run at startup",
            "use accounts on the device",
            "view network connections"
        ],
        "Uncategorized": [
            "receive data from Internet"
        ]
    }
}