{
    "title": "Scootbatt",
    "description": "🛴 Scootbatt: The Ultimate Companion for Electric Scooter Riders 🚀\r\n\r\nDiscover the power of Scootbatt, the must-have app for every electric scooter enthusiast! Whether you're a daily commuter, a weekend explorer, or a passionate scooter rider, Scootbatt is here to elevate your experience to new heights.\r\n\r\n📍 Dashboard for Total Control:\r\nIntroducing our state-of-the-art dashboard feature! Keep a close eye on your scooter's vital information, including battery status, remaining mileage, and total riding time. Stay informed and plan your journeys with confidence.\r\n\r\n⚡ Real-Time Battery Insights:\r\nNever get caught off guard by a drained battery again! With Scootbatt, you can easily monitor your battery's charge level, estimated range, and charging time. Maximize your scooter's potential and conquer the streets with ease.\r\n\r\n🚀 Ride with Confidence:\r\nWe've worked tirelessly to eliminate pesky bugs and optimize performance, ensuring a smooth and reliable experience with every ride. Your safety and satisfaction are our top priorities.\r\n\r\n🛡️ Privacy Protection:\r\nRest easy knowing that Scootbatt is built with your privacy in mind. We adhere to strict data protection guidelines, so your personal information remains safe and secure.\r\n\r\nDon't miss out on the ultimate scooter companion. Download Scootbatt now and unlock the full potential of your electric scooter. Upgrade your ride today! 🛴💨\r\n\r\n⭐ Rate and Review:\r\nLove using Scootbatt? Share your excitement and help us spread the word by leaving a 5-star rating and positive review on the Google Play Store. We appreciate your support!\r\n\r\nStay tuned for exciting updates and new features. Happy scooting! 🛴✨",
    "summary": "Scootbatt makes it easy to get insight into how your E-scooter is operating.",
    "installs": "100,000+",
    "score": 4.478261,
    "ratings": 1730,
    "price": 0,
    "currency": "EUR",
    "developer": "Bastian T. Pedersen",
    "developerEmail": "bastian.tangedal@gmail.com",
    "developerWebsite": "https://github.com/Scootbatt",
    "developerAddress": "93, Paal Bergs vei\nFrogner, Oslo",
    "privacyPolicy": "https://sites.google.com/view/scootbatt-privacy-policy/home",
    "genre": "Tools",
    "contentRating": "PEGI 3",
    "released": "Oct 23, 2020",
    "lastUpdatedOn": "Apr 27, 2025",
    "appId": "com.basse.scootbatt",
    "permisions": {
        "Location": [
            "approximate location (network-based)",
            "precise location (GPS and network-based)"
        ],
        "Other": [
            "Google Play license check",
            "access Bluetooth settings",
            "control vibration",
            "full network access",
            "pair with Bluetooth devices",
            "prevent device from sleeping",
            "view network connections"
        ]
    }
}