{
    "title": "Lime Supply",
    "description": "Lime's mission is to build a future where transportation is shared, affordable and carbon-free. Use the Lime Supply app to join and help power the operations of the world's largest shared electric vehicle company. Use the Lime Supply App to complete various tasks and earn money.\r\n\r\nHOW IT WORKS\r\nDownload the app\r\nCreate an account\r\nFind tasks near you\r\nScan the QR code on the vehicle or enter the plate number\r\nComplete tasks and earn money\r\n\r\nHave a question? Get in touch via support@limebike.com or at https://www.li.me/\r\n\r\n2022 Neutron Holdings, Inc.",
    "summary": "Charge & Earn",
    "installs": "50,000+",
    "score": 4.25,
    "ratings": 309,
    "price": 0,
    "currency": "EUR",
    "developer": "Neutron Holdings, Inc.",
    "developerEmail": "android@li.me",
    "developerWebsite": null,
    "developerAddress": null,
    "privacyPolicy": "https://www.li.me/privacy/",
    "genre": "Tools",
    "contentRating": "PEGI 3",
    "released": "Nov 21, 2022",
    "lastUpdatedOn": "May 5, 2025",
    "appId": "com.lime.supply",
    "permisions": {
        "Location": [
            "approximate location (network-based)",
            "precise location (GPS and network-based)"
        ],
        "Phone": [
            "read phone status and identity"
        ],
        "Photos/Media/Files": [
            "modify or delete the contents of your USB storage",
            "read the contents of your USB storage"
        ],
        "Storage": [
            "modify or delete the contents of your USB storage",
            "read the contents of your USB storage"
        ],
        "Camera": [
            "take pictures and videos"
        ],
        "Wi-Fi connection information": [
            "view Wi-Fi connections"
        ],
        "Device ID & call information": [
            "read phone status and identity"
        ],
        "Other": [
            "access Bluetooth settings",
            "connect and disconnect from Wi-Fi",
            "control vibration",
            "draw over other apps",
            "full network access",
            "pair with Bluetooth devices",
            "prevent device from sleeping",
            "run at startup",
            "view network connections"
        ],
        "Uncategorized": [
            "receive data from Internet"
        ]
    }
}