{
    "title": "Google Earth",
    "description": "Create and collaborate on immersive, data-driven maps from anywhere, with the new Google Earth. See the world from above with high-resolution satellite imagery, explore 3D terrain and buildings in hundreds of cities, and dive in to streets and neighborhoods with Street View's 360° perspectives.",
    "summary": "Examine the planet",
    "installs": "500,000,000+",
    "score": 4.0620613,
    "ratings": 2977613,
    "price": 0,
    "currency": "EUR",
    "developer": "Google LLC",
    "developerEmail": "apps-help@google.com",
    "developerWebsite": "http://www.google.com/earth/",
    "developerAddress": "1600 Amphitheatre Parkway, Mountain View 94043",
    "privacyPolicy": "http://www.google.com/policies/privacy",
    "genre": "Travel & Local",
    "contentRating": "PEGI 3",
    "released": "Feb 22, 2010",
    "lastUpdatedOn": "May 5, 2025",
    "appId": "com.google.earth",
    "permisions": {
        "Identity": [
            "add or remove accounts",
            "find accounts on the device"
        ],
        "Contacts": [
            "find accounts on the device"
        ],
        "Location": [
            "approximate location (network-based)",
            "precise location (GPS and network-based)"
        ],
        "Photos/Media/Files": [
            "modify or delete the contents of your USB storage",
            "read the contents of your USB storage"
        ],
        "Storage": [
            "modify or delete the contents of your USB storage",
            "read the contents of your USB storage"
        ],
        "Camera": [
            "take pictures and videos"
        ],
        "Other": [
            "control vibration",
            "full network access",
            "measure app storage space",
            "prevent device from sleeping",
            "read Google service configuration",
            "view network connections"
        ]
    }
}