{
    "title": "Geocaching®",
    "description": "Join the world’s largest community of creative hiders and outdoor seekers with the official Geocaching® app. With over 3 million cleverly hidden geocache containers worldwide, you can join an active community of outdoor explorers creating, sharing and playing the game of geocaching all around you. Geocaches are created and shared by people like you, who have a passion for hiding treasure, seeking adventure, and sharing the most meaningful and creative hiding spots all over the world. \r\n \r\nWhether you are traveling to a new city, a family out on a neighborhood walk, or a group of friends who know how to appreciate a good scavenger hunt, geocaching is easy enough for anyone to get started. Browse our map to discover hidden cache locations nearby — no matter what city or country you are in. Start by navigating using GPS-enabled directions to within 30 feet of the cache — then your real search begins. Geocaches are hidden out of sight, often disguised, to only be found by the people who are trying to find them.\r\n \r\nGeocaches come in all shapes, sizes, and types — and some may be more cleverly deceptive than you can even imagine. Cache owners will always include a log book for you to sign to record your successful find. Larger containers might also include some treasures to be traded or moved to other cache locations — like with trackable tags, personal keepsakes, and the occasional geocoin hoping to be passed on to the next adventurer. Once you are done with the container, simply place it back exactly as you found it for the next explorer to discover.\r\n \r\nWith a constantly growing community of geocachers there is no limit to how you can get in on the fun. You can play as a family in your neighborhood and parks, add some cache seeking to your jogging or fitness routine, or challenge yourself with some all-terrain caches on a hike near your favorite trails. Use the map to find local events held by the community around the world to learn the best tips and tricks for finding caches and the impact this global game has had on their lives. If you’re lucky enough, they may even share some of the TOTT (tools of the trade!) with you to make sure no treasure gets left behind on your search. \r\n \r\nGet more with Geocaching Premium! Upgrade to access all geocaches and extra features to personalize your experience. Keep track of your personal stats and achievements, search and filter for your favorite types of geocaches, or download caches to your phone to use Trail maps and stay on-trail when offline.\r\n \r\nYou can buy a Premium membership subscription through your Google Play account. Premium membership is available with a monthly or annual subscription. You can subscribe and pay through your Google Play account. Your subscription will automatically renew unless canceled at least 24 hours before the end of the current period.\r\n \r\nTerms of use: https://www.geocaching.com/about/termsofuse.aspx\r\nRefund policy: https://www.geocaching.com/account/documents/refundpolicy",
    "summary": "A global game of hide and seek",
    "installs": "10,000,000+",
    "score": 4.680782,
    "ratings": 149362,
    "price": 0,
    "currency": "EUR",
    "developer": "Groundspeak Inc.",
    "developerEmail": "contact@geocaching.com",
    "developerWebsite": "http://www.geocaching.com/help",
    "developerAddress": "837 N 34th ST\nSTE 300\nSeattle, WA 98103",
    "privacyPolicy": "https://www.geocaching.com/account/documents/privacypolicy",
    "genre": "Health & Fitness",
    "contentRating": "Parental guidance",
    "released": "Apr 15, 2014",
    "lastUpdatedOn": "Apr 29, 2025",
    "appId": "com.groundspeak.geocaching.intro",
    "permisions": {
        "Location": [
            "approximate location (network-based)",
            "precise location (GPS and network-based)"
        ],
        "Photos/Media/Files": [
            "modify or delete the contents of your USB storage",
            "read the contents of your USB storage"
        ],
        "Storage": [
            "modify or delete the contents of your USB storage",
            "read the contents of your USB storage"
        ],
        "Wi-Fi connection information": [
            "view Wi-Fi connections"
        ],
        "Other": [
            "control vibration",
            "full network access",
            "prevent device from sleeping",
            "read Google service configuration",
            "run at startup",
            "view network connections"
        ],
        "Uncategorized": [
            "receive data from Internet"
        ]
    }
}