{
    "title": "LA Metro Map (Offline)",
    "description": "Offline line maps for the Los Angeles metro. It includes a complete set of offline maps for metro, bus, rail and regional maps from the official source.\r\n\r\nNo internet connection required.\r\n\r\nYou can zoom in, zoom out, scroll around. Quick, easy, and there when you need it!\r\n\r\nThis app is excellent for visitors to London and longtime residents alike.\r\n\r\nLine maps included in the app:\r\n- Metro Rail\r\n- Busway\r\n- Regional Rail\r\n- Regional maps\r\n- Downtown Los Angeles\r\n- San Fernando Vally\r\n- San Gabriel Vally\r\n- South Bay / Gateway Cities\r\n- Central LA / Westside\r\n\r\nSupport indie developers! If you have any problems or feedback, please send an email. Thank you!",
    "summary": "The Los Angeles metro in an offline map.",
    "installs": "1,000+",
    "score": null,
    "ratings": null,
    "price": 0,
    "currency": "EUR",
    "developer": "Apptastic Software",
    "developerEmail": "apptastic.software@gmail.com",
    "developerWebsite": "https://apptastic-software.github.io",
    "developerAddress": null,
    "privacyPolicy": "https://apptastic-software.github.io/app/la-metro-map/privacy_policy.html",
    "genre": "Maps & Navigation",
    "contentRating": "PEGI 3",
    "released": "Jan 18, 2020",
    "lastUpdatedOn": "Apr 21, 2025",
    "appId": "com.apptastic.lametromap",
    "permisions": {
        "Other": [
            "full network access",
            "prevent device from sleeping",
            "view network connections"
        ]
    }
}