{
    "title": "Electric Scooter Universal App",
    "description": "The app is a universal app for electric scooter owners made by EScooterNerds (the biggest electric scooter blog in the world), with many different features. \r\n\r\nIt includes tools, tips, calculators, checklists, guides, picker tools, specifications for every scooter models, reviews, a platform for buying and selling used scooters, scooter gear and equipment reviews including locks and accessories, and much, much more.\r\n\r\nNOTE: the app still does not have bluetooth connectivity options, and it is not meant to be a replacement for the specific scooter apps like the Xiaomi, the Segway Ninebot, and the Kugoo apps. Rather, it should be used together with your basic scooter app, to help you know and take care of your scooter better.\r\n\r\nThe app will be especially useful for the most popular electric scooter models like the Xiaomi M365, Xiaomi M365 Pro, Ninebot ES2, Ninebot ES4, Ninebot Max, GoTrax XR Ultra, GoTrax GXL Commuter, GoTrax G4, Glion Dolly, Hiboy Max, Hiboy S2, Kugoo S1 Pro, Kugoo M4 Pro, Kugoo G-Booster, Razor E100, Razor E300, Razor EcoSmart, EMove Cruiser, Inokim OX & OXO, Kaabo Wolf Warrior, Zero, Dualtron, Speedway, NanRobot, Turbowheel, Apollo, EcoReco, Unagi, Swagtron, and many other popular models.\r\n\r\nIn future versions, bluetooth connection, customizations and custom firmware, and hacks for various popular models like the Xiaomi M365 Pro, the Ninebot ES2 and the Ninebot Max, and many others, will be available. For now, those options are still being developed.\r\n\r\nWhether you already own an electric scooter or you are looking to buy one, the app offers many buying tools and resources:\r\n- Electric Scooter Reviews\r\n- Best Electric Scooter Stores\r\n- Discounts, Coupons, and Promotions at the Best Electric Scooter Stores\r\n- Electric Scooter Picker Tool\r\n- Specifications and Parameters for Every Scooter Model\r\n- Platform for Buying and Selling Used Electric Scooters\r\n- Best Helmets For Electric Scooters\r\n- Best Locks For Electric Scooters\r\n- Best Accessories For Electric Scooters\r\n\r\nThere are several important guides for your electric scooter:\r\n- Electric scooter buying guide\r\n- Traffic Laws & Legal Guide\r\n- Electric Scooter Riding Tips\r\n- Safety Tips\r\n- Night Riding Tips\r\n- Repair Tips\r\n- Waterproofing Tips\r\n- Winter Tips\r\n- Troubleshooting Tips\r\n- Electric Scooter FAQ\r\n\r\nAlso, you can use and modify the checklists for the common tasks associated with your scooter:\r\n- Maintenance Checklist\r\n- Cleaning Checklist\r\n- Charging Checklist\r\n- Storing Checklist\r\n\r\nOn top of that, you can also use many tools and calculators:\r\n- Range Calculator\r\n- Commute Calculator\r\n- Power Calculator\r\n- Charge Cost Calculator\r\n- Charge Time Calculator\r\n- Voltage Calculator\r\n- Amp Hours Calculator\r\n- Watt Hours Calculator\r\n- Angle Converter\r\n- Pressure Converter\r\n- Handlebar Height Calculator\r\n\r\nComing in future versions:\r\n- Custom firmware and hacks for popular scooter models\r\n- Platform for buying and selling used scooters\r\n- Measuring trip distance\r\n- Trip planner\r\n- Best repair shops based on your location\r\n- Forum and community (integrated with the EScooterNerds forum)\r\n- Riding groups\r\n- Test drive offers\r\n- Electric scooter ride sharing helper",
    "summary": "Helper app for electric scooter owners, with lists, tips, tools, buy and sell",
    "installs": "100,000+",
    "score": 3,
    "ratings": 315,
    "price": 0,
    "currency": "EUR",
    "developer": "Learning, Education, Improvement Apps & Courses",
    "developerEmail": "matt@escooternerds.com",
    "developerWebsite": "https://escooternerds.com",
    "developerAddress": "Vostanicka 59, Skopje, Macedonia",
    "privacyPolicy": "https://escooternerds.com/privacy-policy/",
    "genre": "Auto & Vehicles",
    "contentRating": "PEGI 3",
    "released": "Feb 18, 2021",
    "lastUpdatedOn": "Apr 30, 2024",
    "appId": "com.escooternerds.electricscooterhelper",
    "permisions": {
        "Photos/Media/Files": [
            "modify or delete the contents of your USB storage",
            "read the contents of your USB storage"
        ],
        "Storage": [
            "modify or delete the contents of your USB storage",
            "read the contents of your USB storage"
        ],
        "Other": [
            "control vibration",
            "draw over other apps",
            "full network access",
            "prevent device from sleeping",
            "run at startup",
            "view network connections"
        ],
        "Uncategorized": [
            "receive data from Internet"
        ]
    }
}