{
    "title": "Wayfinding",
    "description": "Wayfinding is a convenient app designed to help drivers in Muscat, Oman, locate parking lots near their area with ease. The app provides real-time occupancy and vacancy data, ensuring you can always find an available spot when you need it. By using Wayfinding, you can select the nearest parking lot and navigate seamlessly with Google Maps. The app allows you to plan your route by selecting a start and destination point, generating a route that includes the estimated time and distance to your chosen parking lot. It also gives you the ability to check the nearest parking lot that is not occupied, making parking more efficient and stress-free.\r\n\r\nWith Wayfinding, drivers can confidently find and park at the most convenient locations without the hassle of circling around searching for space. The app is designed to save time and reduce frustration by offering a smart and intuitive way to locate parking. Whether you're heading to work, shopping, or any destination, Wayfinding makes parking in Muscat simple and accessible.",
    "summary": "Find nearby parking in Muscat with real-time data and easy navigation.",
    "installs": "50+",
    "score": null,
    "ratings": null,
    "price": 0,
    "currency": "EUR",
    "developer": "CivicSmart, Inc.",
    "developerEmail": "bsubramanya@civicsmart.com",
    "developerWebsite": null,
    "developerAddress": null,
    "privacyPolicy": "https://docs.google.com/document/d/1k-65y_bxroe_WCPZfEiLJHrO4NM6jzCh7TFJ5pkSFNw/edit?usp=sharing",
    "genre": "Travel & Local",
    "contentRating": "PEGI 3",
    "released": "Dec 17, 2024",
    "lastUpdatedOn": "Jan 9, 2025",
    "appId": "com.civicsmart.wayfinding",
    "permisions": {
        "Location": [
            "approximate location (network-based)",
            "precise location (GPS and network-based)"
        ],
        "Other": [
            "Google Play license check",
            "full network access",
            "view network connections"
        ]
    }
}