{
    "title": "Ma Gare SNCF",
    "description": "A 20-minute wait before the next train 🚝? Make life easier at the station and take the time to save time with the In Station app! ⏳\r\n\r\nLooking for a coffee, a moment of shopping or a new hair style? Easily find all the shops, boutiques, services or restaurants in your favourite station in an instant 🛍️\r\n\r\nLost in the station? Thanks to our indoor navigation module already available in nine major SNCF stations (Paris Gare Montparnasse, Paris Gare du Nord, Paris Gare de Lyon, Paris Gare de l'Est, Paris Saint-Lazare, Lyon Part-Dieu, Bordeaux Saint-Jean, Marseille Saint-Charles, Strasbourg), let us guide you step by step 🚉\r\n\r\nNeed a parking space? Book yours before you come to nearly a hundred stations! 🅿️\r\n\r\nForgotten jacket, lost rucksack?  😥\r\nAll is not lost! Declare your lost item directly online in the Lost and found section  😃\r\n\r\nWant a hot and balanced meal before getting on the train? Order via our partner BimbimGo* (available at Paris Gare Montparnasse, Gare de l'Est, Gare de Lyon, Gare du Nord and Gare Saint-Lazare) 😋\r\n\r\nFan of Eric Frechon's LAZARE restaurant located in the heart of Gare Saint-Lazare? Book your table in a few clicks with the In Station App 👨🍳",
    "summary": "At the train station : find all station services and shops at your fingertips",
    "installs": "500,000+",
    "score": 4.284091,
    "ratings": 1860,
    "price": 0,
    "currency": "EUR",
    "developer": "Gares et Connexions",
    "developerEmail": "gcapplicationengare@gmail.com",
    "developerWebsite": "https://pagetelechargement.azurewebsites.net",
    "developerAddress": null,
    "privacyPolicy": "https://www.garesetconnexions.sncf/en/conditions-generales-utilisation/politique-protection-donnees-personnelles",
    "genre": "Travel & Local",
    "contentRating": "PEGI 3",
    "released": "Dec 15, 2016",
    "lastUpdatedOn": "Mar 28, 2025",
    "appId": "com.sncf.digitalfactory.AppliGares",
    "permisions": {
        "Location": [
            "approximate location (network-based)",
            "precise location (GPS and network-based)"
        ],
        "Phone": [
            "read phone status and identity"
        ],
        "Camera": [
            "take pictures and videos"
        ],
        "Wi-Fi connection information": [
            "view Wi-Fi connections"
        ],
        "Device ID & call information": [
            "read phone status and identity"
        ],
        "Other": [
            "access Bluetooth settings",
            "connect and disconnect from Wi-Fi",
            "control vibration",
            "full network access",
            "pair with Bluetooth devices",
            "prevent device from sleeping",
            "reorder running apps",
            "run at startup",
            "view network connections"
        ],
        "Uncategorized": [
            "download files without notification",
            "receive data from Internet"
        ]
    }
}