{
    "title": "GPS Maps & Live Traffic",
    "description": "Discover the most efficient routes to any global destination with our GPS Maps & Live Traffic app. Enjoy seamless navigation and clear directions, guiding you to your target with ease.\r\n\r\nReaching your desired destination quickly and effortlessly can be challenging. Without proper driving directions, getting lost in the city is all too easy. That's where the GPS Maps & Live Traffic app comes in. This app offers live maps, voice navigation, real-time traffic alerts, and precise driving directions to ensure you reach your destination smoothly and efficiently.\r\n\r\nFeatures:\r\n•\tLive Traffic\r\n•\tRoute Finder\r\n•\t3D Maps\r\n•\tVoice Route\r\n•\tTraffic Alerts\r\n•\tDigital Compass\r\n•\tNear By Places\r\n•\tSatellite Maps\r\n•\tWeather Updates\r\n•\tTop Places\r\n\r\nComplete Driving Directions and Voice Navigation:\r\nWith the GPS Maps & Live Traffic app, driving becomes a breeze. Simply use voice commands to get driving directions, thanks to the GPS Voice Route feature. This app helps you find the shortest routes and provides turn-by-turn navigation, ensuring you reach your destination with ease.\r\n\r\nGPS Navigation:\r\nUsing the GPS Maps & Live Traffic app, you can effortlessly pinpoint your location and navigate to your desired destination. Explore new and famous places with the Satellite Map and draw routes on map tiles with travel information. The app ensures you find the safest and fastest routes. The real-time GPS transit map offers excellent journey assistance, free navigation, and accurate GPS directions.\r\n\r\nLive Traffic Updates:\r\nStay informed about current traffic conditions before you leave your location. Understanding the traffic around you helps ensure you reach your destination on time via the shortest route. Real-time traffic alerts provide crucial information about the live traffic conditions in your area.\r\n\r\nNear Places:\r\nUtilize the GPS Maps & Live Traffic app to explore various nearby locations on the map, including mosques, churches, temples, theaters, schools, public transport hubs, fuel stations, hospitals, restaurants, and many more.\r\n\r\nDigital Compass:\r\nAccess the Digital Compass on your maps, camera, and satellite maps for a clear view of GPS directions.\r\n\r\n3D Maps:\r\nThe GPS Maps & Live Traffic app offers stunning 3D maps and live maps for immediate viewing. These 3D maps enable you to track your exact location with pinpoint accuracy, making it easy to navigate your surroundings. Viewing any location in 3D provides a comprehensive and detailed perspective.\r\n\r\nShare Your Location:\r\nFor safety or convenience, effortlessly share your location with others using the GPS Maps & Live Traffic app. This feature ensures that people can quickly find you and reach your location with ease.\r\n\r\nExperience these fascinating features by downloading the GPS Navigation & Live Traffic app today. Share your best experiences with us by leaving a rating and review.",
    "summary": "Make your Journey Comfortable with GPS Maps & Live Traffic",
    "installs": "50,000+",
    "score": 0,
    "ratings": 0,
    "price": 0,
    "currency": "EUR",
    "developer": "Apps Zone World",
    "developerEmail": "appsworldofficial@gmail.com",
    "developerWebsite": "https://appszoneworld.blogspot.com/ads.txt",
    "developerAddress": null,
    "privacyPolicy": "https://appszoneworld.blogspot.com/2023/04/apps-zone-world-privacy-policy.html",
    "genre": "Maps & Navigation",
    "contentRating": "PEGI 3",
    "released": "Apr 11, 2023",
    "lastUpdatedOn": "Apr 21, 2025",
    "appId": "com.gpsmaps.livetraffic",
    "permisions": {
        "Device & app history": [
            "retrieve running apps"
        ],
        "Location": [
            "approximate location (network-based)",
            "precise location (GPS and network-based)"
        ],
        "Wi-Fi connection information": [
            "view Wi-Fi connections"
        ],
        "Other": [
            "full network access",
            "prevent device from sleeping",
            "view network connections"
        ],
        "Uncategorized": [
            "receive data from Internet"
        ]
    }
}