{
    "title": "TomTom GO Navigation",
    "description": "<h1><b>Join +10 million drivers and enjoy the most reliable sat nav app for both car and truck: TomTom GO Navigation</b></h1> Regularly updated maps stored on your phone for GPS navigation without an internet connection, with real-time Live Traffic and Speed Camera Alerts. Install now using the <b>FREE TRIAL</b> offer 😎 \r\n\r\nTOMTOM GO NAVIGATION: ESCAPE TRAFFIC, SAVE TIME & SAVE MONEY 🖤 \r\n✨  Steer clear of traffic and blocked roads in <b>REAL-TIME</b>\r\n👮‍️   Drive hassle-free with <b>SPEED ALERTS</b> and warnings for fixed and mobile speed cameras\r\n📱    Compatible with <b>ANDROID AUTO</b> – Get directions and real-time info on a bigger screen and in surround sound\r\n⛽   Find the cheapest fuel along your route with live information about <b>FUEL PRICES</b>\r\n📵  <b>NO ADS</b>, no distractions, and data <b>PRIVACY</b> at its best. See only what is important on the road\r\n⤴️  Know exactly which lane to take with <b>LANE GUIDANCE</b>, never miss a turn with easy turn-by-turn directions\r\n🅿️  TomTom <b>ROUTEBAR</b> always shows you all relevant warnings and notifications along your route\r\n🚙  Smarter journeys for both cars and trucks, enter your vehicle's dimensions to get personalised guidance\r\n🔋  Save your mobile data and battery using <b>OFFLINE MAPS</b>, while driving with up-to-date GPS navigation\r\n\r\n🚛  Driving a <b>TRUCK?</b> This app offers you all you need:\r\n• Find gas stations to fill up your specific fuel type\r\n• Enter your dangerous cargo information to avoid certain roads\r\n• Easily find truck rest-stops\r\n• Define your desired maximum speed and get an adjusted ETA\r\n\r\nTry our 7-day trial for free and discover all our premium features. \r\n\r\n· The use of this app is governed by the Terms and Conditions at tomtom.com/en_us/legal/.\r\n· Additional laws, regulations, and local restrictions may apply. You use this app at your own risk.\r\n* The Speed Camera Services must only be used in accordance with laws and regulations of the country where you are driving. This functionality is specifically prohibited in some jurisdictions. It is your responsibility to comply with such laws before activating the services. You can enable and disable Speed Camera warnings on TomTom GO Navigation. Learn more at: tomtom.com/en_eu/navigation/mobile-apps/go-navigation-app/disclaimer/\r\n** Offer limited to one free trial period per user.",
    "summary": "GPS, Downloadable Offline Maps, Live Traffic, Speed Cameras & Android Auto",
    "installs": "10,000,000+",
    "score": 3.762918,
    "ratings": 261221,
    "price": 0,
    "currency": "EUR",
    "developer": "TomTom International BV",
    "developerEmail": "tomtom-gonav-support@tomtom.com",
    "developerWebsite": "https://www.tomtom.com/",
    "developerAddress": "De Ruijterkade 154\n1011 AC Amsterdam\nThe Netherlands",
    "privacyPolicy": "https://www.tomtom.com/en_gb/navigation/mobile-apps/go-navigation-app/privacy-policy/",
    "genre": "Maps & Navigation",
    "contentRating": "PEGI 3",
    "released": "Mar 24, 2015",
    "lastUpdatedOn": "Feb 4, 2025",
    "appId": "com.tomtom.gplay.navapp",
    "permisions": {
        "Identity": [
            "find accounts on the device"
        ],
        "Contacts": [
            "find accounts on the device",
            "modify your contacts",
            "read your contacts"
        ],
        "Location": [
            "access extra location provider commands",
            "approximate location (network-based)",
            "precise location (GPS and network-based)"
        ],
        "Photos/Media/Files": [
            "modify or delete the contents of your USB storage",
            "read the contents of your USB storage"
        ],
        "Storage": [
            "modify or delete the contents of your USB storage",
            "read the contents of your USB storage"
        ],
        "Wi-Fi connection information": [
            "view Wi-Fi connections"
        ],
        "Other": [
            "connect and disconnect from Wi-Fi",
            "control vibration",
            "full network access",
            "modify system settings",
            "pair with Bluetooth devices",
            "prevent device from sleeping",
            "run at startup",
            "send sticky broadcast",
            "view network connections"
        ],
        "Uncategorized": [
            "receive data from Internet"
        ]
    }
}