{
    "title": "CoachMePlus",
    "description": "The CoachMePlus Training Platform allows Strength Coaches and Personal Trainers to:\r\n\r\n⊕ Share workouts\r\n⊕ Track Progress\r\n⊕ Monitor Pain/Soreness\r\n⊕ Upload Videos\r\n⊕ Manage Training Loads\r\n⊕ Send Alerts\r\n\r\n<h2><b>Looking for More?</b></h2>\r\nCoachMePlus is the only platform on the market that has multiple solutions based on the size and scope of your organization. With versatile configurations, our platform is designed for you to start small or build into a large enterprise that you’ll never outgrow. \r\n\r\nOur suite of tools fits well in a strength and conditioning environment where coaches and athletes can work together locally or remotely on their workout programming. \r\n\r\nWe provide a full platform for sport scientists with: performance testing, injury tracking and management, athlete-coach communication, wellness, and document storage. \r\n\r\nOur system captures data from XLS, HealthKit, and over 60 high-end wearable and testing devices that provide deeper resolution of performance and fatigue monitoring. \r\n\r\nAll human performance data is captured and centralized in a comprehensive, customizable set of reporting, dashboards, assessments, and alerts where information is communicated to the right people at the right time. \r\n\r\nCoachMePlus is available to high schools, colleges, pro teams, private training facilities, and the military.\r\n\r\n<h2><b>Need an Installation</b></h2>\r\nCome sign up to try a free 14-day trial at <a href=\"https://www.google.com/url?q=https%3A%2F%2Ftry.coachmeplus.com&sa=D&sntz=1&usg=AOvVaw2rL8JrYuzUXUTo3Fa1KivR\">https://try.coachmeplus.com</a>\r\n\r\n<h2><b>Need help?</b></h2>\r\nQuestions? Remarks? Problems? Please reach out to us via chat or email at <a href=\"https://www.google.com/url?q=https%3A%2F%2Fhelp.coachmeplus.com&sa=D&sntz=1&usg=AOvVaw0nlQxiC9igQB4_TLytvQv_\">https://help.coachmeplus.com</a>",
    "summary": "Coach & Athlete Software made to plan, track, & analyze human performance",
    "installs": "10,000+",
    "score": null,
    "ratings": null,
    "price": 0,
    "currency": "EUR",
    "developer": "VIRTUVIA, llc",
    "developerEmail": "info@coachmeplus.com",
    "developerWebsite": "https://coachmeplus.com",
    "developerAddress": "CoachMePlus\nOne Seneca Tower\n24th Floor\n1 W. Seneca St.\nBuffalo, NY 14203",
    "privacyPolicy": "https://coachmeplus.com/privacy-policy/",
    "genre": "Health & Fitness",
    "contentRating": "PEGI 3",
    "released": "Oct 13, 2014",
    "lastUpdatedOn": "Apr 8, 2025",
    "appId": "com.virtuvia.coachmeplus",
    "permisions": {
        "Camera": [
            "take pictures and videos"
        ],
        "Other": [
            "full network access",
            "prevent device from sleeping",
            "view network connections"
        ],
        "Uncategorized": [
            "receive data from Internet"
        ]
    }
}