{
    "title": "AnyTrip: live transit tracker",
    "description": "AnyTrip is a real-time public transport tracking app.  Track trains, buses, ferries and light rail in real-time using our live map.  Search or explore the map to find stops and upcoming departures.\r\n\r\nTrack your public transport trips in real-time with AnyTrip:\r\n• Watch as vehicles travel around the city in real-time using the live map\r\n• Track your trip and arrival times\r\n• See real-time departures from stops and stations\r\n• Real-time bus and train passenger loads\r\n• Save your journeys as favourites\r\n• Check real-time parking availability at selected Transport Park&Ride car parks (in Sydney)\r\n\r\nUpgrade to AnyTrip Plus for:\r\n• Ad free experience\r\n• Unlimited favourite stops\r\n• Theme your maps: choose from 7 different map styles\r\n• Show non-passenger train services on live map\r\n• See a list of transposed train services\r\n\r\nReal-time tracking is available for the following regions:\r\n• Sydney/NSW\r\n• Brisbane/QLD\r\n• Canberra/ACT\r\n• Melbourne/VIC\r\n• Adelaide/SA\r\n• Darwin/NT\r\n• Auckland/NZ\r\n• Christchurch/NZ\r\n• Queenstown/NZ\r\n\r\nLearn more at anytrip.com.au",
    "summary": "Track public transport and follow vehicles with our real-time transit tracker",
    "installs": "50,000+",
    "score": null,
    "ratings": null,
    "price": 0,
    "currency": "EUR",
    "developer": "jxeeno pty ltd",
    "developerEmail": "hello@anytrip.com.au",
    "developerWebsite": "https://anytrip.com.au",
    "developerAddress": "PO Box Q420\nQueen Victoria Building, 1230\nNew South Wales, Australia",
    "privacyPolicy": "https://anytrip.com.au/privacy.html",
    "genre": "Travel & Local",
    "contentRating": "PEGI 3",
    "released": "Oct 30, 2018",
    "lastUpdatedOn": "Oct 7, 2023",
    "appId": "com.jxeeno.anytrip",
    "permisions": {
        "Location": [
            "approximate location (network-based)",
            "precise location (GPS and network-based)"
        ],
        "Photos/Media/Files": [
            "modify or delete the contents of your USB storage",
            "read the contents of your USB storage"
        ],
        "Storage": [
            "modify or delete the contents of your USB storage",
            "read the contents of your USB storage"
        ],
        "Wi-Fi connection information": [
            "view Wi-Fi connections"
        ],
        "Other": [
            "control vibration",
            "draw over other apps",
            "full network access",
            "prevent device from sleeping",
            "read Google service configuration",
            "view network connections"
        ]
    }
}