{
    "title": "Mon Trafic - Info Circulation",
    "description": "🚗 My Traffic - Info Circulation gives you real-time traffic information everywhere in France. Thanks to an interactive map and updated alerts, anticipate your journeys and avoid traffic jams.\r\n\r\n🔍 Data from official sources thanks to open data: we collect information from the Bison Futé service to offer you a precise vision of the road conditions. My Traffic is an independent application and is not affiliated with any government agency.\r\n\r\n📍 My Traffic works everywhere in France: Paris, Marseille, Lyon, Bordeaux, Toulouse, Nantes, Rennes, Lille, Strasbourg and many other cities where traffic can be difficult.\r\n\r\n📢 Find all the traffic information live on the application and on our website https://www.mon-trafic.com.\r\n\r\n📢 IMPORTANT: My Traffic is an independent application that is not affiliated with any government, public organization or official institution. The data comes from the Bison Futé service via open data, but this application is not an official government service. My Traffic is developed by a private company and financed by advertising.",
    "summary": "Real-time traffic info everywhere in France with traffic alerts",
    "installs": "10,000+",
    "score": 4.22,
    "ratings": 350,
    "price": 0,
    "currency": "EUR",
    "developer": "AUTO DIFF",
    "developerEmail": "contact@mon-trafic.com",
    "developerWebsite": "https://www.mon-trafic.com",
    "developerAddress": null,
    "privacyPolicy": "https://www.mon-trafic.com/privacy",
    "genre": "Maps & Navigation",
    "contentRating": "PEGI 3",
    "released": "Sep 7, 2022",
    "lastUpdatedOn": "Jan 28, 2025",
    "appId": "com.montrafic",
    "permisions": {
        "Location": [
            "approximate location (network-based)",
            "precise location (GPS and network-based)"
        ],
        "Photos/Media/Files": [
            "modify or delete the contents of your USB storage",
            "read the contents of your USB storage"
        ],
        "Storage": [
            "modify or delete the contents of your USB storage",
            "read the contents of your USB storage"
        ],
        "Other": [
            "Google Play license check",
            "control vibration",
            "full network access",
            "prevent device from sleeping",
            "read Google service configuration",
            "run at startup",
            "view network connections"
        ],
        "Uncategorized": [
            "receive data from Internet"
        ]
    }
}