{
    "title": "eBike Flow",
    "description": "The eBike Flow app makes the riding experience on your eBike with the smart system from Bosch safer, more personalised and more comfortable. Give your eBike additional protection against theft, plan routes and use smart navigation, personalise your riding modes, customise the display and track your activities. You can also benefit from automatic updates. Make your eBike even smarter with the eBike Flow app.\r\n\r\nThe eBike Flow app at a glance\r\n\r\n✅ Keep your eBike up to date with updates and make use of the latest functions.\r\n✅ Theft protection: Give your eBike additional protection with eBike Lock and eBike Alarm.\r\n✅ Navigation: Use your phone, Kiox 300 or Kiox 500 for navigation.\r\n✅ Route planning: Plan your route in detail or import it from komoot or Strava.\r\n✅ Activity tracking: Track and analyse your riding and fitness data.\r\n✅ Display configuration: Customise the screen layout of Kiox 300, Kiox 500 and Purion 200.\r\n✅ Custom riding modes: Choose from all the riding modes available for your eBike – and customise them in the usual way.\r\n✅ Help Center: Get quick help with questions about your eBike.\r\n\r\nPlease note: The eBike Flow app is only compatible with eBikes with the Bosch smart system.\r\n\r\nAll the information at a glance\r\nThe eBike Flow app gives you a clear overview of all the information about your eBike, such as the distance travelled, current battery status or the next service appointment. This way, you always have an overview and can enjoy your next ride.\r\n\r\nTheft protection with eBike Lock and eBike Alarm\r\neBike Lock and eBike Alarm are the ideal complement to the mechanical lock: eBike Lock is your free additional theft protection. Lock and unlock your eBike automatically using your phone or display as a digital key. Protect your eBike even better with the eBike Alarm premium service: with GPS tracking, notifications and alarm signals on the eBike.\r\n\r\nAlways up to date with updates over-the-air\r\nUpdates ensure that your eBike is always up to date and gets even better. You can simply download new eBike functions and transfer them to your eBike via Bluetooth.\r\n\r\nroute planning\r\nWith the eBike Flow app, you can plan your next Tour to perfection: customise the route with map details and a route profile to suit your needs – or import existing routes from komoot or via GPX.\r\n\r\nNavigation with phone or display\r\nNavigate with your display or use your phone on the handlebar. No matter what you’re riding with, you have all the important riding data at a glance and can conveniently control and stop the navigation via your control unit.\r\n\r\nActivity tracking\r\nThe eBike Flow app records your riding data as soon as you set off. In the statistics, you will find valuable insights into your tour and fitness data – to analyse and share, synchronised with Strava.\r\n\r\nRiding modes perfectly customised to you.\r\nWith the eBike Flow app, you can customise the riding modes to suit you perfectly. Adapt the support, dynamics, maximum torque and maximum speed to your requirements.\r\n\r\nDisplay configuration\r\nCustomise the screen layout of your Kiox 300, Kiox 500 or Purion 200 to suit your preferences. With over 30 customisation options, you decide for yourself what you see on your display while riding.\r\n\r\nFast support with the Help Center\r\nDo you have a question about your eBike? Get the answer from our Help Center. Find explanations about functions and components. If you have any problems, you can contact our support team.",
    "summary": "Smart eBiking with Bosch",
    "installs": "1,000,000+",
    "score": 4.6624475,
    "ratings": 38397,
    "price": 0,
    "currency": "EUR",
    "developer": "Robert Bosch GmbH",
    "developerEmail": "contact@bosch-ebike.com",
    "developerWebsite": "https://www.bosch-ebike.com/en/products/ebike-flow-app",
    "developerAddress": "Robert-Bosch-Platz 1\n70839 Gerlingen-Schillerhoehe",
    "privacyPolicy": "https://flow.bosch-ebike.com/legal/privacy/?region=uk",
    "genre": "Health & Fitness",
    "contentRating": "PEGI 3",
    "released": "Oct 8, 2021",
    "lastUpdatedOn": "Apr 1, 2025",
    "appId": "com.bosch.ebike.onebikeapp",
    "permisions": {
        "Location": [
            "approximate location (network-based)",
            "precise location (GPS and network-based)"
        ],
        "Photos/Media/Files": [
            "modify or delete the contents of your USB storage",
            "read the contents of your USB storage"
        ],
        "Storage": [
            "modify or delete the contents of your USB storage",
            "read the contents of your USB storage"
        ],
        "Camera": [
            "take pictures and videos"
        ],
        "Wi-Fi connection information": [
            "view Wi-Fi connections"
        ],
        "Other": [
            "access Bluetooth settings",
            "change network connectivity",
            "control vibration",
            "full network access",
            "pair with Bluetooth devices",
            "prevent device from sleeping",
            "run at startup",
            "view network connections"
        ],
        "Uncategorized": [
            "receive data from Internet"
        ]
    }
}