{
    "title": "Horaires Transports Paris",
    "description": "Application allowing you to easily consult real-time timetables for public transport in Paris and Ile de France by stop. \r\n\r\nIn particular, it allows:\r\n- Consult the real-time schedules of the next metro, tram and bus passages\r\n- Add stops to favorites, in order to access the next passages more easily\r\n- Be able to compare the next passages between several stops\r\n- Being able to easily refresh schedules \r\n- The lines are colored respecting the color code of the bus / tram\r\n- Consult the official RATP map\r\n- Consult network deviations in real time\r\n\r\nApplication integrating public information accessible from the Ile de France Mobilités portal (https://prim.iledefrance-mobilites.fr).",
    "summary": "Real-time timetables for public transport in Ile de France.",
    "installs": "1,000+",
    "score": 4.121212,
    "ratings": 33,
    "price": 0,
    "currency": "EUR",
    "developer": "Hugo Moreuil",
    "developerEmail": "hmoreuildev@gmail.com",
    "developerWebsite": "https://hmoreuildev.wixsite.com/horaires-transport/post/horaires-transport-paris",
    "developerAddress": "36 avenue Jean Moulin, Paris 75014",
    "privacyPolicy": "https://github.com/ugggo/privacy-policies/blob/main/paris-privacy-policy.txt",
    "genre": "Travel & Local",
    "contentRating": "PEGI 3",
    "released": "Aug 11, 2022",
    "lastUpdatedOn": "Apr 15, 2025",
    "appId": "com.momo.paristram",
    "permisions": {
        "Location": [
            "approximate location (network-based)",
            "precise location (GPS and network-based)"
        ],
        "Other": [
            "full network access",
            "prevent device from sleeping",
            "view network connections"
        ]
    }
}