{
    "title": "MILES Car & Van Sharing",
    "description": "Unlock the road with MILES — your all-in-one mobility solution, offering car sharing, van sharing and flexible car rental options, available 24/7 in a single app!\r\n\r\n\r\n+++ Sign up for free\r\n+++ Flexible rental starting from €0.79/km\r\n+++ Cars & vans available immediately\r\n→ Download the app now and start driving!\r\n\r\n\r\n→ CAR SHARING PER KM\r\n\r\nNo ticking clock — just drive! With MILES, you pay per kilometer, not per minute. Say goodbye to time pressure and enjoy a relaxed ride in your city and beyond. Whether it’s a city car, compact car, van, or SUV, the perfect vehicle is just around the corner, ready for instant rental via the app!\r\n\r\n\r\n→ FLEXIBLE CAR SHARING\r\n\r\n\r\n Whether for daily commutes, road trips, or moving, MILES offers a range of vehicles to fit your needs. Enjoy 24/7 availability, insurance, and fuel or charging included, with flexible rental durations and discounted long-term rates.\r\n\r\n\r\n→ LONG-TERM CAR RENTAL VIA APP\r\n\r\n\r\nSkip the paperwork and enjoy stress-free rentals:\r\nFlexible rental periods (3 hours to 30 days)\r\nWide selection of vehicles\r\n24/7 availability\r\nDiscounted rates for daily & long-term rentals\r\nExtend your trip anytime\r\nNo station, no deposit needed\r\nFuel, parking minutes & unlock fee included\r\n\r\n\r\nGetting started is EASY:\r\nDownload the MILES app, register for free, and get started. \r\n→ OUR PRICES IN A NUTSHELL:\r\nNo registration fee\r\nEnjoy €7 sign-up bonus\r\nRent a car from €0.79/km, vans from €0.98/km\r\nFrom €1 to €2 unlock fee per rental (included in hourly & daily rates)\r\n10 minutes free reservation\r\n\r\n\r\n\r\nEXPLORE MILES CAR SHARING & VAN SHARING IN YOUR CITY:\r\nGermany: Berlin, Potsdam, Hamburg, Munich, Augsburg, Stuttgart, Frankfurt am Main, Cologne, Düsseldorf, Duisburg, Wuppertal & Solingen.\r\n\r\n\r\nServices and availability may vary by location.",
    "summary": "Cars | Rental Cars | Daily Rates",
    "installs": "1,000,000+",
    "score": 4.53,
    "ratings": 18076,
    "price": 0,
    "currency": "EUR",
    "developer": "MILES Mobility GmbH",
    "developerEmail": "hello@miles-mobility.com",
    "developerWebsite": "https://miles-mobility.com/en",
    "developerAddress": null,
    "privacyPolicy": "https://miles-mobility.com/en-de/privacy-policy",
    "genre": "Travel & Local",
    "contentRating": "PEGI 3",
    "released": "Apr 1, 2017",
    "lastUpdatedOn": "Apr 8, 2025",
    "appId": "com.driveby.app",
    "permisions": {
        "Location": [
            "approximate location (network-based)",
            "precise location (GPS and network-based)"
        ],
        "Photos/Media/Files": [
            "modify or delete the contents of your USB storage",
            "read the contents of your USB storage"
        ],
        "Storage": [
            "modify or delete the contents of your USB storage",
            "read the contents of your USB storage"
        ],
        "Camera": [
            "take pictures and videos"
        ],
        "Wi-Fi connection information": [
            "view Wi-Fi connections"
        ],
        "Other": [
            "Google Play license check",
            "access Bluetooth settings",
            "control Near Field Communication",
            "control vibration",
            "full network access",
            "pair with Bluetooth devices",
            "prevent device from sleeping",
            "run at startup",
            "view network connections"
        ],
        "Uncategorized": [
            "receive data from Internet"
        ]
    }
}