{
    "title": "Rent a Bike van Dam",
    "description": "EN:\r\n\r\nThe Rent-a-Bike van Dam app is the easy way to get around. Cycle whenever you want with our 24/7 rental. Find the nearest parking spot, open the bike with the app and start exploring the area right away!\r\n\r\n\r\nHow does the app work?\r\n\r\n1. Download the App and register easy & fast.\r\n2. Find a parking spot and open a bike.\r\n3. Start cycling and discover the area.\r\n4.Pause whenever and wherever you want. Use the app to lock your bike.\r\n5. Park your bike at the parking spot and end your ride in the app.\r\n6. Enjoy your ride!\r\n\r\nNL:\r\n\r\nDe Rent-a-Bike van Dam app is de makkelijke manier om de omgeving te ontdekken. Fiets wanneer jij wilt met onze 24/7 fietsverhuur. Vind de dichtstbijzijnde parking spot, open de fiets en start direct met het ontdekken van de omgeving!\r\n\r\nHoe werkt de app?\r\n\r\n1. Download de App en registreer je gemakkelijk & snel.\r\n2. Vind een parking spot en open eenvoudig een fiets.\r\n3. Start met fietsen en ontdek de omgeving.\r\n4. Pauzeer waar en wanneer je maar wilt. Gebruik de app om je fiets op slot \r\n     te zetten.\r\n5. Parkeer je fiets bij de parking spot en beëindig je rit in de app.\r\n6. Geniet van je rit!",
    "summary": "Reserveer, betaal en open je fiets en begin met fietsen binnen enkele seconden",
    "installs": "5,000+",
    "score": null,
    "ratings": null,
    "price": 0,
    "currency": "EUR",
    "developer": "X-Bike B.V.",
    "developerEmail": "info@rentabikevandam.nl",
    "developerWebsite": "https://www.rentabikevandam.nl/nl/",
    "developerAddress": null,
    "privacyPolicy": "https://rentabikevandam.nl/privacy",
    "genre": "Travel & Local",
    "contentRating": "PEGI 3",
    "released": "Aug 10, 2021",
    "lastUpdatedOn": "Sep 14, 2023",
    "appId": "bike.x.vandam",
    "permisions": {
        "Location": [
            "approximate location (network-based)",
            "precise location (GPS and network-based)"
        ],
        "Other": [
            "access Bluetooth settings",
            "full network access",
            "pair with Bluetooth devices",
            "prevent device from sleeping",
            "view network connections"
        ],
        "Uncategorized": [
            "receive data from Internet"
        ]
    }
}