{
    "title": "PlanMyRoute: Run Route Planner",
    "description": "PlanMyRoute is a route planner that helps you create routes anywhere in the world. Using the app you can plan a route before you go running, road cycling, mountain biking or explore trails on hike.\r\n\r\nPlan your Customized Route\r\nWherever you want to explore an area, plan hikes, or simply walk around, it’s very easy to plan routes in the map and visually follow the path. From the main route planner screen, you can simply type in the location you want to go or even more conveniently use your fingers to draw a route across the map. Once the route is drawn in the map, it will show you useful information such as the distance in Km or Miles. Finally, save the map routes in your profile and you will be able to do the same route any day, ideal for running routines.\r\n\r\nA-B Mode\r\nLoved by many of the users, the route planner has an A-B mode, which allows which lets you pick a start and end location (along with any waypoints across the path), and then select one of the suggested routes that are calculated automatically. This way you can always choose the route you prefer, and find the best way to cross the map.\r\n\r\nMaps\r\nAnother great feature that was requested by users was the ability to choose between different types of maps. PlanMyRoute route planner comes with multiple maps to suite different activities, such as “normal” which shows the classic map style, “satellite” which shows the map from a satellite view, “cycling” which makes the map easier for cycling and “hiking” that as the name suggests, it is meant for hiking routes.\r\n\r\nChoose your route based on the extra information\r\nTo help you have a better understanding of your upcoming adventure, the route planner provides extra information about your route.\r\n\r\nCurrently this includes:\r\n• Road Surface: it shows if the road is paved or unpaved to better understand if its suitable for walking. \r\n• Road Type: it shows what type of road is, such as street, path or major road if for example you want to avoid car traffic or want to ride the bike.\r\n• Elevation profile across your route: This helpful info will help you know whether you need to prepare for hills or not.\r\n• Elevation gain & elevation loss: How much elevation will this route or lose?\r\n• Activity duration: simple but essential information about how long the activity is going to take.\r\n\r\nSnap to road\r\nWhen using the route planner in draw mode to draw out your route, you might find it difficult to draw a route that sticks to the roads and trails. However, with the “Snap to road” feature it will allow you to automatically adjust your hand-drawn routes so that they are aligned along the right roads and trails on your route. This way you will be able to track any footpath or running routes, and map any cycling or hiking roads with no sweat!\r\n\r\nUpgraded Version\r\nAlthough the essential function of planning routes work with the free version, you can opt for a premium service that will unlock additional features that will improve the route planning experience:\r\nThe following features are available if you upgrade:\r\n🌟 Cycling Advanced and Hiking Map Styles: Improve the customization of your routes!\r\n🌟 Snap to road: Easily plan your journey through the roads!\r\n🌟 Calories burn estimation: In order to keep healthy and fit, it is essential to know how many calories you burn!\r\n🌟 Unlimited number of running routes: Draw, plan and save infinite number of routes!\r\n🌟 Sync between devices - Sync your routes with your Google account so that you never lose them, and also have the ability to view them on other devices.\r\n\r\nHope you enjoy the app and happy planning!",
    "summary": "Plan routes for running, hiking or cycling! Track Routes & Footpath in the map!",
    "installs": "100,000+",
    "score": 3.9791667,
    "ratings": 977,
    "price": 0,
    "currency": "EUR",
    "developer": "Yuber Apps",
    "developerEmail": "yubergames@gmail.com",
    "developerWebsite": null,
    "developerAddress": "Calle Aviador Zorita 8, 7-4\n\n28020\n\nMadrid, Spain",
    "privacyPolicy": "https://www.buneme.com/findarun_privacy_policy.html",
    "genre": "Maps & Navigation",
    "contentRating": "PEGI 3",
    "released": "Dec 20, 2018",
    "lastUpdatedOn": "Jan 28, 2022",
    "appId": "com.buneme.fitness.findarun",
    "permisions": {
        "Location": [
            "approximate location (network-based)",
            "precise location (GPS and network-based)"
        ],
        "Wi-Fi connection information": [
            "view Wi-Fi connections"
        ],
        "Other": [
            "control vibration",
            "full network access",
            "prevent device from sleeping",
            "view network connections"
        ],
        "Uncategorized": [
            "receive data from Internet"
        ]
    }
}