{
    "title": "National Express Coach",
    "description": "The brand new National Express Coach app makes managing travel on your mobile easy. Search for journeys, book and store tickets and track your coach in real time.\r\n\r\n- Tickets booked through the app are automatically added to My Bookings and available offline\r\n-Search and book coach travel to 100's of UK towns, cities and airports on the go.\r\n-Use our Coach Tracker to view timetables and track your journey progress as you travel.\r\n-Retrieve your ticket booked on desktop, tablet or mobile to use on your device, or add tickets directly into your Android wallet.\r\n-Share your booking details with Friends and family on Facebook Messenger, WhatsApp, Twitter, or over SMS and email.\r\n-Quickly search your recent journeys and re-book tickets.",
    "summary": "National Express Coach app makes managing travel on your mobile easy.",
    "installs": "1,000,000+",
    "score": 3.9574468,
    "ratings": 11188,
    "price": 0,
    "currency": "EUR",
    "developer": "National Express Ltd",
    "developerEmail": "digital@nationalexpress.com",
    "developerWebsite": "http://www.nationalexpress.com",
    "developerAddress": null,
    "privacyPolicy": "https://www.nationalexpress.com/en/help/privacy-centre",
    "genre": "Maps & Navigation",
    "contentRating": "PEGI 3",
    "released": "May 16, 2014",
    "lastUpdatedOn": "Dec 19, 2024",
    "appId": "com.utrack.nationalexpress",
    "permisions": {
        "Location": [
            "approximate location (network-based)",
            "precise location (GPS and network-based)"
        ],
        "Phone": [
            "read phone status and identity"
        ],
        "Photos/Media/Files": [
            "modify or delete the contents of your USB storage",
            "read the contents of your USB storage"
        ],
        "Storage": [
            "modify or delete the contents of your USB storage",
            "read the contents of your USB storage"
        ],
        "Device ID & call information": [
            "read phone status and identity"
        ],
        "Other": [
            "full network access",
            "prevent device from sleeping",
            "view network connections"
        ],
        "Uncategorized": [
            "receive data from Internet"
        ]
    }
}