{
    "title": "Shell Recharge",
    "description": "We're with you for the journey – wherever and whenever you need to recharge.\r\n\r\nCharging is effortless and smooth with the Shell Recharge app and charge card. Use the navigator features to locate one of the many 500,000 public charging points in the large network spanning across 33 European countries. You can always find a charger that fits your criteria with the easy-to-use and smart filtering options. Join the community of 500k+ app users, who we are helping to find, plug in to, and pay for on-the-go charging.\r\n\r\nFor an uninterrupted charging experience, add your home charge point to the app too. Meaning, wherever you are, at home, on-the-go or at work, and no matter what time it is, you can use the Shell Recharge app to help you charge. Just one app to seamlessly manage all your charging needs, ensuring convenience across every charging destination you encounter.\r\n   \r\nKey features: \r\n▸ Plan your journey\r\n▸ EV driving made easy\r\n▸ Simple pricing and payment\r\n▸ Home charge point management\r\n▸ Extras, e.g personalization and promotions to explore\r\n    \r\n\r\nBy using the Shell Recharge app, you accept our General Terms and Conditions and Privacy Policy.\\nshellrecharge.com\\/en-gb\\/terms-and-conditions \\nshellrecharge.com\\/en-gb\\/privacy-policy\r\n\r\nHelp us to improve the app by sending us feedback or new feature requests directly from the support section in the app. We’d love to hear from you!",
    "summary": "Access one of the largest charging networks in Europe",
    "installs": "1,000,000+",
    "score": 2.84,
    "ratings": 6979,
    "price": 0,
    "currency": "EUR",
    "developer": "Shell EV Charging Solutions BV",
    "developerEmail": "electriccharging@shell.com",
    "developerWebsite": "http://www.shellrecharge.com/",
    "developerAddress": "Rigakade 20\n1013 BC Amsterdam\nThe Netherlands",
    "privacyPolicy": "https://shellrecharge.com/en-gb/privacy-policy",
    "genre": "Maps & Navigation",
    "contentRating": "PEGI 3",
    "released": "May 31, 2014",
    "lastUpdatedOn": "Apr 3, 2025",
    "appId": "com.thenewmotion.thenewmotion",
    "permisions": {
        "Location": [
            "approximate location (network-based)",
            "precise location (GPS and network-based)"
        ],
        "Photos/Media/Files": [
            "modify or delete the contents of your USB storage",
            "read the contents of your USB storage"
        ],
        "Storage": [
            "modify or delete the contents of your USB storage",
            "read the contents of your USB storage"
        ],
        "Camera": [
            "take pictures and videos"
        ],
        "Microphone": [
            "record audio"
        ],
        "Wi-Fi connection information": [
            "view Wi-Fi connections"
        ],
        "Other": [
            "change your audio settings",
            "control Near Field Communication",
            "control vibration",
            "full network access",
            "prevent device from sleeping",
            "run at startup",
            "view network connections"
        ],
        "Uncategorized": [
            "download files without notification",
            "receive data from Internet"
        ]
    }
}