{
    "title": "Vehicleinfo - RTO Information",
    "description": "Vehicleinfo  is an all-in-one app for all your vehicle info needs and RTO vehicle information app. You can Check Challan or Echallan, Buy Insurance, Renew Insurance, Sell car, parivahan or  mparivahan sewa and many more. Manage all your vehicles effortlessly in one place with the Vehicle app.\r\n   \r\n  ✅ RTO Details\r\n  ✅ Vehicle Owner details\r\n  ✅ Check Challans and Pay Online\r\n  ✅ Buy/Renew car Insurance\r\n  ✅ Check Pollution Expiry date & set Reminders\r\n  ✅ Parivahan sewa\r\n  ✅ Buy & sell your vehicle\r\n  ✅ Buy new and second hand car\r\n  ✅ Number plate checker\r\n  ✅ Owner Details \r\n  ✅ Check resale value\r\n\r\nRC Status & Vehicle Information : Perform an instant RC search with just your vehicle number! Our app provides accurate RC status checks and complete details, including the vehicle owner's name, registration date, motor insurance details, and more. You can even use our number plate scanner for a faster RC search experience.\r\n\r\nChallan Check & Status : Never miss a challan payment again! Instantly check your challan status and details with our app. Simply enter your RC number or DL number, or use our number plate scanner to retrieve your challan details. Keep your vehicle fines in check!\r\n\r\n⇒ Insurance: Vehicleinfo provided all types insurance such as comprehensive car insurance, zero debt car insurance, bike insurance, motorcycle insurance, scooter insurance and 3rd party insurance set reminders to not miss and renew insurance with zero commission.\r\n\r\n⇒ Sell Car: Want to sell your car? Sell your car effortlessly online. Don't miss out on the best price! Enjoy instant payments, hassle-free paperwork at your doorstep.\r\n\r\n⇒ RTO Information & Exam Prep\r\nVehicleinfo RTO app provides contact details for RTO offices across India. Plus, prepare for your driving test with our comprehensive RTO exam preparation module. Learn traffic signs, take practice tests, and be ready for your driving licence test.\r\n\r\n⇒ Car Details & Bike Details\r\nStay updated with the latest car details and bike details. Compare models, check prices, features, and specifications. Whether you're looking to buy a new vehicle or just curious about the latest releases, we've got all the info you need. Manage all your vehicles with our app with complete details.\r\n\r\nAdditional Features:\r\nVehicleinfo is the best app to manage all your car records and app has made easier to manage all related features related to car management such as:\r\n\r\n✔ Owner Details\r\n✔ Renew insurance\r\n✔ RC check\r\n✔ Service history check of the car\r\n✔ Sell car\r\n✔ Buy second hand cars at doorstep\r\n✔ Number Plate Checker\r\n✔ Pay challan and check echallan\r\n✔ Parivahan and mparivahan\r\n✔ RTO Vehicle information\r\n✔ Car Loan Calculator\r\n\r\nLoan Facilitation Disclaimer:\r\nThis app helps users find suitable loan options by connecting them with trusted third-party lending partners (e.g., Bajaj Finserv, HDFC Bank, Tata Capital) through Paisabazaar, a leading loan marketplace. Please note that the app does not offer loans directly or make lending decisions. All loan terms, including approval, disbursement, and repayment conditions, are provided by the respective lending partners. Users will be redirected to Paisabazaar to apply for loans.\r\n\r\nThe APR of personal loans usually ranges between 11% to 36%. For example, suppose you avail a personal loan of Rs 4 lakh @ 11% p.a. with a repayment tenure of 5 years and processing fee of 1.5% of loan amount. With these loan details, the processing fee for your loan will be Rs 6,000, total interest cost would be Rs 1,21,818 and the total cost of borrowing will be Rs 5,21,818 and the APR for your loan will be 11.66%.\r\n\r\n\r\nDisclaimer: We do not have any association with any state RTO. All vehicle information about vehicle owners shown in the app are publicly available on the Parivahan website (https://parivahan.gov.in/parivahan/). We are only acting as an intermediary to make this information easily available to the users through the mobile app.",
    "summary": "Vehicleinfo - Car Insurance | Challan | Parivahan | Renew Bike Insurance",
    "installs": "50,000,000+",
    "score": 4.428571,
    "ratings": 424548,
    "price": 0,
    "currency": "EUR",
    "developer": "Vehicleinfo - Bike & Car Insurance | Pay Challan",
    "developerEmail": "support@vehicleinfo.app",
    "developerWebsite": "https://vehicleinfo.app/",
    "developerAddress": "India",
    "privacyPolicy": "https://vehicleinfo.app/privacy_policy",
    "genre": "Auto & Vehicles",
    "contentRating": "PEGI 3",
    "released": "Nov 22, 2017",
    "lastUpdatedOn": "Apr 28, 2025",
    "appId": "com.vehicle.rto.vahan.status.information.register",
    "permisions": {
        "Location": [
            "approximate location (network-based)",
            "precise location (GPS and network-based)"
        ],
        "Photos/Media/Files": [
            "modify or delete the contents of your USB storage",
            "read the contents of your USB storage"
        ],
        "Storage": [
            "modify or delete the contents of your USB storage",
            "read the contents of your USB storage"
        ],
        "Camera": [
            "take pictures and videos"
        ],
        "Microphone": [
            "record audio"
        ],
        "Wi-Fi connection information": [
            "view Wi-Fi connections"
        ],
        "Other": [
            "Google Play license check",
            "change network connectivity",
            "connect and disconnect from Wi-Fi",
            "control vibration",
            "full network access",
            "prevent device from sleeping",
            "read Google service configuration",
            "run at startup",
            "set an alarm",
            "view network connections"
        ],
        "Uncategorized": [
            "download files without notification",
            "receive data from Internet"
        ]
    }
}