{
    "title": "BikeHub",
    "description": "Welcome to BikeHub\r\nFrom now on, you will always know the mileage of your bikes and their parts, and got notified when something needs service. You'll have a detailed history of your bikes and parts service life, documented with photos.\r\n - Connect BikeHub with Strava to find out your bikes and parts mileage and operating time.\r\n - Add parts to your garage - both freshly bought and long owned.\r\n - Check the installed components, see the latest events of a bike and whether a service is in order.\r\n - When you install or remove a part on one of your bikes, register it on BikeHub (you can register past installs and removes too and BikeHub will calculate the exact mileage and operating time of your parts.).\r\n - Set up service intervals for parts requiring frequent service, and receive service notifications when a part needs some attention.\r\n\r\nBe on top of the mileage and service life of your parts, even if you frequently swap them between bikes.",
    "summary": "The ultimate bike maintenance companion",
    "installs": "500+",
    "score": null,
    "ratings": null,
    "price": 0,
    "currency": "EUR",
    "developer": "Awolity",
    "developerEmail": "awolity@gmail.com",
    "developerWebsite": null,
    "developerAddress": null,
    "privacyPolicy": "https://docs.google.com/document/d/1oejOeHNvH1pOTSki-d2t-0K-qmP3cajjsbF3bCyfFX0/edit?usp=sharing",
    "genre": "Lifestyle",
    "contentRating": "PEGI 3",
    "released": "Nov 11, 2023",
    "lastUpdatedOn": "Apr 15, 2025",
    "appId": "com.awolity.bikehub",
    "permisions": {
        "Other": [
            "full network access",
            "prevent device from sleeping",
            "run at startup",
            "view network connections"
        ],
        "Uncategorized": [
            "receive data from Internet"
        ]
    }
}