{
    "title": "Roadtrippers - Trip Planner",
    "description": "DISCOVER THE OPEN ROAD AND THE GREAT OUTDOORS WITH EASE\r\n\r\nRoadtrippers, the #1 road trip planning app in the USA and Canada, now includes the patent-pending AI-powered trip wizard: Roadtrippers Autopilot™.  Whether you’re RVing on your annual campground trip, or planning a weekend trip at a boutique hotel, Roadtrippers Autopilot™ uses the knowledge of over 38 million trips to help get you there. And, with the newly added features from Campendium, Roadtrippers will be your go-to app for planning epic road trips and finding the perfect camping spots. \r\n\r\nENHANCED CAMPING AND RV FEATURES\r\n\r\n∙ Campground Reviews and Insights: Dive into over 150,000 campground reviews, offering perspectives for RVers and campers alike. Discover the best spots, from swanky RV parks to serene, free remote destinations.\r\n∙ Comprehensive Map Overlays: Find the perfect campgrounds with ease using overlays for public land, cell coverage, and wildfire smoke, ensuring you’re always informed and prepared.\r\n∙ Advanced Filtering Options: Tailor your search with new filtering capabilities, including cell service and elevation, to find your ideal campsite every time.\r\n\r\nEXPLORE AND PLAN WITH EASE\r\n\r\n∙ Epic Routes and Places: Uncover millions of unique places, from quirky roadside attractions to breathtaking national parks. Get inspired by pre-made trip guides for once-in-a-lifetime routes.\r\n∙ Customizable Planning: Start with up to three stops or upgrade to add up to 150 stops per trip with our Premium membership. Enjoy RV-friendly GPS navigation, offline maps, trip collaboration, and more.\r\n∙ Seamless Syncing and Navigation: Your saved trips and favorite places sync across devices. Hit the road with confidence using CarPlay for easy navigation.\r\n\r\nJOIN THE ROADTRIPPERS COMMUNITY\r\n\r\nMerging the spirit of Campendium with Roadtrippers, we invite you to embark on road trips and camping adventures that you’ll cherish forever. Whether you’re mapping out a weekend getaway or a cross-country journey, Roadtrippers is here to guide you every mile and every campsite along the way.\r\n\r\nDownload Roadtrippers today and transform your travel dreams into reality. Your next epic adventure awaits!\r\n\r\nTerms of use: https://roadtrippers.com/tos\r\nPrivacy policy: https://roadtrippers.com/privacy-policy\r\n\r\nNote: Designed for discovering and planning road trips in the USA and Canada only.",
    "summary": "With over 38 million trips planned, Roadtrippers makes your trip an adventure.",
    "installs": "1,000,000+",
    "score": 3.0666666,
    "ratings": 8411,
    "price": 0,
    "currency": "EUR",
    "developer": "Roadtrippers",
    "developerEmail": "support@roadtrippers.com",
    "developerWebsite": "https://roadtrippers.com",
    "developerAddress": "131 E McMicken Ave\nCincinnati, OH 45205",
    "privacyPolicy": "https://roadtrippers.com/privacy-policy/",
    "genre": "Travel & Local",
    "contentRating": "PEGI 3",
    "released": "Nov 25, 2013",
    "lastUpdatedOn": "Apr 29, 2025",
    "appId": "com.roadtrippers",
    "permisions": {
        "Contacts": [
            "read your contacts"
        ],
        "Location": [
            "approximate location (network-based)",
            "precise location (GPS and network-based)"
        ],
        "Camera": [
            "take pictures and videos"
        ],
        "Wi-Fi connection information": [
            "view Wi-Fi connections"
        ],
        "Other": [
            "access Bluetooth settings",
            "full network access",
            "pair with Bluetooth devices",
            "prevent device from sleeping",
            "reorder running apps",
            "run at startup",
            "view network connections"
        ],
        "Uncategorized": [
            "receive data from Internet"
        ]
    }
}