{
    "title": "Visit A City",
    "description": "Visit A City - The ultimate travel app for planning your city sightseeing trip:\r\n• Create a customized itinerary and book your tours and activities with just a few taps.\r\n• Discover the must-see landmarks, historical sites, and hidden gems of your destination with our comprehensive guide.\r\n• Browse through a wide range of tours and activities, from guided walking tours to day trips and more.\r\n• With detailed information and reviews, you can easily find the best experiences to suit your interests.\r\n \r\nNo need for multiple apps, Visit A City has everything you need to make the most of your trip. Download now and start exploring!\"",
    "summary": "Visit A City, the ultimate travel companion!",
    "installs": "1,000,000+",
    "score": 4.37,
    "ratings": 19173,
    "price": 0,
    "currency": "EUR",
    "developer": "Visit A City",
    "developerEmail": "team@visitacity.com",
    "developerWebsite": "http://www.visitacity.com",
    "developerAddress": null,
    "privacyPolicy": "https://www.visitacity.com/privacy",
    "genre": "Travel & Local",
    "contentRating": "PEGI 3",
    "released": "Apr 23, 2015",
    "lastUpdatedOn": "Mar 9, 2025",
    "appId": "com.visitacity.visitacityapp",
    "permisions": {
        "Location": [
            "approximate location (network-based)",
            "precise location (GPS and network-based)"
        ],
        "Other": [
            "full network access",
            "prevent device from sleeping",
            "view network connections"
        ],
        "Uncategorized": [
            "receive data from Internet"
        ]
    }
}