{
    "title": "Go Train Track",
    "description": "Get real-time GO train information effortlessly, whether you're commuting from Toronto's Union Station or any other GO station. With GO Train Track, you’ll always have up-to-date schedules, departures, and platform details at your fingertips!\r\n\r\n\r\nUnion Station Departures:\r\nAccess live departure info straight from Union Station’s departure board. Quickly filter by train line or station to see exactly what you need, when you need it.\r\n\r\n\r\nStation-Specific Departures:\r\nGet real-time departure details for any GO station, including platform, number of coaches, and estimated departure times. Set your home station for even faster access, and track your train’s location live on the map!\r\n\r\n\r\nEasy Schedule View:\r\nEasily browse train schedules between any two GO train stations with a clean, intuitive design.\r\n\r\n\r\n12-Hour Clock Option:\r\nPrefer a 12-hour clock format? Simply enable it in the settings for an experience that’s tailored to your preference!",
    "summary": "Real Time GO Train Schedules and Departures",
    "installs": "1,000+",
    "score": null,
    "ratings": null,
    "price": 0,
    "currency": "EUR",
    "developer": "GoTrainTrack",
    "developerEmail": "gotraintrack@vijayraj.ca",
    "developerWebsite": "https://gotraintrack.vijayraj.ca/",
    "developerAddress": null,
    "privacyPolicy": "https://gotraintrack.vijayraj.ca/privacypolicy/",
    "genre": "Maps & Navigation",
    "contentRating": "PEGI 3",
    "released": "Dec 25, 2024",
    "lastUpdatedOn": "Jan 31, 2025",
    "appId": "ca.vijayraj.gotraintrack",
    "permisions": {
        "Photos/Media/Files": [
            "modify or delete the contents of your USB storage",
            "read the contents of your USB storage"
        ],
        "Storage": [
            "modify or delete the contents of your USB storage",
            "read the contents of your USB storage"
        ],
        "Other": [
            "Google Play license check",
            "control vibration",
            "draw over other apps",
            "full network access",
            "prevent device from sleeping",
            "run at startup",
            "view network connections"
        ]
    }
}