{
    "title": "DuckDuckGo Private Browser",
    "description": "The DuckDuckGo app provides the most comprehensive online privacy protection with the push of a button. With one free download, you get an everyday private Internet browser that offers seamless protection while you search and browse, and access to tracking protection for emails you receive and apps you use. Many of these protections are not offered in most popular web browsers by default.\r\n \r\nFEATURE HIGHLIGHTS\r\n<b>Search Privately by Default </b>–  DuckDuckGo Private Search comes built-in, so you can easily search the web without being tracked.\r\n \r\n<b>Block Tracking Cookies While Browsing </b>– Prevent most 3rd-party Internet cookies from tracking you as you browse online.\r\n \r\n<b>Escape Website Trackers Before They Load </b>– Automatically stop most hidden trackers (3rd-party scripts) from loading, which prevents companies from collecting and using any personal data from these trackers. Stay secure with our cutting-edge tracker-blocking technology – 3rd-Party Tracker Loading Protection, which goes above and beyond what you get in most popular web browsers by default.\r\n \r\n<b>Automatically Enforce Encryption </b>– Force many sites you visit to automatically use an encrypted (HTTPS) connection, which helps shield your data from Wi-Fi snoopers and network onlookers like your Internet provider.\r\n \r\n<b>Block Email Trackers (Beta)</b> – Over 85% of emails sent to Duck Addresses (@duck.com) contain trackers that can detect when you’ve opened a message, where you were when you opened it, and what device you were using. Email Protection makes it easy to block most email trackers and hide your existing address when signing up for things online, all without switching email providers.\r\n \r\n<b>Protect Your Privacy in Other Apps</b> – Block most hidden app trackers in other apps day or night, and prevent third-party companies from invading your privacy with App Tracking Protection. This feature uses a VPN connection, but is not a VPN. It works locally on your device and does not collect personal data.\r\n \r\n<b>Escape Fingerprinting </b>– Help stop companies from creating a unique identifier for you by blocking their attempts to combine specific information about your web browser and device settings.\r\n \r\n<b>Block Tracking Cookies </b>– Prevent most third-party cookies from tracking you as you browse online from website to website.\r\n \r\nWe feature many protections not available on most Internet browsers (even incognito browsers), including protection from link tracking, Google AMP tracking, and more.\r\n \r\nEVERYDAY PRIVACY CONTROLS\r\n<b>Tap Fire Button, Burn Data </b>– Clear your tabs and browsing data fast with our Fire Button.\r\n \r\n<b>Signal Your Privacy Preference with Global Privacy Control (GPC) </b>– Built in to our app, GPC intends to help you express your opt-out rights automatically by telling websites not to sell or share your personal information. Whether it can be used to enforce your legal rights (for example, current or future CCPA, GDPR requirements) depends on the laws in your jurisdiction.\r\n \r\nNote about our 3rd-Party Tracker Loading Protection following DuckDuckGo ad clicks: Our 3rd-Party Tracker Protection goes above and beyond what you get in most popular browsers by default, but we’re constantly working to make it more comprehensive. Currently, if an advertiser wants to detect conversions on their own website for our private DuckDuckGo search ads, our 3rd-Party Tracker Loading Protection will not stop bat.bing.com requests from loading on the advertiser’s website following DuckDuckGo ad clicks, but those requests are stopped in all other contexts. This is because DuckDuckGo private search advertising is in partnership with Microsoft. As part of that partnership, viewing ads on DuckDuckGo is anonymous and Microsoft has committed to not profile our users’ ad clicks.\r\n \r\nRead more about this and our free Tracking Protections at https://help.duckduckgo.com/privacy/web-tracking-protections",
    "summary": "Private. Fast. Fewer Ads. DuckDuckGo never tracks you.",
    "installs": "50,000,000+",
    "score": 4.65703,
    "ratings": 2280015,
    "price": 0,
    "currency": "EUR",
    "developer": "DuckDuckGo",
    "developerEmail": "android@duckduckgo.com",
    "developerWebsite": "https://duckduckgo.com/app",
    "developerAddress": "C/O DuckDuckGo\n20 Paoli Pike,\nPaoli PA, 19301",
    "privacyPolicy": "https://duckduckgo.com/privacy.html",
    "genre": "Tools",
    "contentRating": "PEGI 3",
    "released": "Apr 8, 2011",
    "lastUpdatedOn": "May 2, 2025",
    "appId": "com.duckduckgo.mobile.android",
    "permisions": {
        "Location": [
            "approximate location (network-based)",
            "precise location (GPS and network-based)"
        ],
        "Phone": [
            "read phone status and identity"
        ],
        "Photos/Media/Files": [
            "modify or delete the contents of your USB storage",
            "read the contents of your USB storage"
        ],
        "Storage": [
            "modify or delete the contents of your USB storage",
            "read the contents of your USB storage"
        ],
        "Camera": [
            "take pictures and videos"
        ],
        "Microphone": [
            "record audio"
        ],
        "Wi-Fi connection information": [
            "view Wi-Fi connections"
        ],
        "Device ID & call information": [
            "read phone status and identity"
        ],
        "Other": [
            "change your audio settings",
            "full network access",
            "install shortcuts",
            "prevent device from sleeping",
            "run at startup",
            "view network connections"
        ]
    }
}