{
    "title": "Kombo: Train, Bus & Flights",
    "description": "Kombo, France's leading ticket website for all forms of transport: train, bus and plane. \r\n\r\nKombo is new: book all your tickets on a single App!\r\n\r\nTHE BEST ALTERNATIVE TO SNCF CONNECT\r\nThe SNCF monopoly is over! Book tickets for new companies like Trenitalia and Renfe directly on Kombo.\r\nAnd if you're disappointed by SNCF Connect, download our app because we've done everything to make it easy to use! \r\n\r\nWant to pay less: you'll find offers from Flixbus, Blablacar Bus, carpooling and even air travel. \r\nAnd sometimes car hire is cheaper too. \r\n\r\nWHY KOMBO?\r\n- Journeys up to 50% cheaper by comparing train, bus and plane.\r\n- 400 train, bus, plane and car-sharing companies.\r\n- Customer service based in France, available 7 days a week.\r\n- Your tickets directly on your smartphone.\r\n- Over 100,000 possible journeys.\r\n- 1 million visitors per month.\r\n- 4.7/5 on truspilot (1500 reviews)\r\n\r\nHOW TO PAY\r\n- Pay with Apple Pay and Paypal\r\n- Pay less using your vacation vouchers\r\n- Pay in 3X for free with Floa\r\n\r\nWHICH COMPANIES IN FRANCE?\r\n- By train: SNCF, TGV Inoui, Ouigo, Trenitalia, Eurostar, TER, Thalys, Frecciarossa...\r\n- By bus: Flixbus, Blablabus, Alsa, Altibus, National Express...\r\n- By carpool: Blablacar.\r\n\r\nWHICH COMPANIES IN ITALY?\r\n- By train: Trenitalia, Italo, Frecciarossa...\r\n- By bus: Flixbus, Marino Bus, Marozzi, Itabus...\r\n- By carpool: Blablacar.\r\n\r\nWHICH COMPANIES IN SPAIN?\r\n- By train: Ouigo España, Iryo, and soon Renfe\r\n- By bus: Alsa, Socibus, Movelia, Damas, Cambus, Interbus, Linecar, Aisa etc.\r\n- By carpool: Blablacar.\r\n\r\nWHICH OTHER TRAIN COMPANIES?\r\n- In Belgium: SNCB, European Sleeper\r\n- In the Netherlands: NS\r\n- In Switzerland: SBB, CFF, FFS\r\n\r\nWHICH AIRLINES?\r\n- Air France, Easyjet, Transavia, Royal Air Maroc, Air Algérie, Ryanair, Volotea, Vueling, Ita Airways, Iberia...\r\n\r\nWHICH CAR RENTALS? \r\n- Avis, Hertz, Sixt, Europcar, Budget, Enterprise, Ada, Alamo...\r\n\r\nWHAT'S THE DIFFERENCE?\r\n- Compared with Comparabus, Kelbillet, Busradar or Checkmybus, you can buy tickets right on the app, at the best price.\r\n- Compared to Omio, Busbud, SNCF Connect, Trainline, we have more routes because we combine bus, train and plane tickets.\r\n\r\nWHAT ARE THE ADVANTAGES?\r\n- Automatic reimbursement in the event of train delays.\r\n- Offset your CO2 emissions by planting trees.\r\n- Invoice available in 1 click.\r\n\r\nIf you have any questions, contact our customer service department, and we'll get back to you within 4 hours.",
    "summary": "Compare 400 train, bus and plane companies. Secure payment.",
    "installs": "100,000+",
    "score": 4.67,
    "ratings": 2384,
    "price": 0,
    "currency": "EUR",
    "developer": "KOMBO",
    "developerEmail": "contact@kombo.co",
    "developerWebsite": "https://www.kombo.co/",
    "developerAddress": null,
    "privacyPolicy": "https://www.kombo.co/fr/legal",
    "genre": "Travel & Local",
    "contentRating": "PEGI 3",
    "released": "Jun 27, 2019",
    "lastUpdatedOn": "Aug 21, 2024",
    "appId": "com.kombo.kombo",
    "permisions": {
        "Photos/Media/Files": [
            "modify or delete the contents of your USB storage",
            "read the contents of your USB storage"
        ],
        "Storage": [
            "modify or delete the contents of your USB storage",
            "read the contents of your USB storage"
        ],
        "Wi-Fi connection information": [
            "view Wi-Fi connections"
        ],
        "Other": [
            "full network access",
            "prevent device from sleeping",
            "read Google service configuration",
            "view network connections"
        ],
        "Uncategorized": [
            "receive data from Internet"
        ]
    }
}