{
    "title": "Rail Map / Journey planner",
    "description": "NAVITIME Transit allows you to search for routes while looking at the route map. It is a free app that provides safe and secure travel while on overseas holidays, business trips, and other travel scenarios. You can also check the travel times to your destination, transfer stations, the stops on transit routes, and the traffic information with the transfer search.\r\n\r\nNAVITIME Transit: \r\nBy selecting and downloading the country you want to use, you can search routes all over the world using the route maps and railway information maintained by NAVITIME.\r\nOn the route map screen, users can search for their next station or use maps of the area around the station to confirm their current location. This allows users to smoothly plan a trip from their current location to their destination. The street view feature showing the area surrounding stations also allows the user to correctly confirm the location of each station.\r\nNAVITIME offers trip planning for train, subways, buses, ferries, and in-country airplane travel. The app can also be used in offline mode.\r\n\r\nCountries provided by NAVITIME Transit\r\nAsia\r\n- United Arab Emirates (UAE): Dubai\r\n- Armenia\r\n- Azerbaijan\r\n- Bangladesh\r\n- China: Shanghai / Guangzhou / Chengdu / Dalian / Hangzhou / Beijing / Shenyang / Qingdao / Tianjin / Wuhan / Nanjing / Shenzhen / Chongqing / Xi'an / Changchun / Suzhou\r\n- Georgia\r\n- Hong Kong · Macau\r\n- Indonesia: Jakarta / Java / Sumatra\r\n- Israel: Jerusalem Light Rail / Haifa\r\n- India: Mumbai / Delhi\r\n- Iran: Tehran / Mashhad\r\n- Japan: Tokyo / Kyoto / Osaka / JR / Metro\r\n- Cambodia: Phnom Penh\r\n- South Korea (Korea): Seoul / Busan / KTX\r\n- Kazakhstan: Almaty\r\n- Sri Lanka\t\r\n- Myanmar: Yangon\r\n- Mongolia\r\n- Malaysia: Kuala Lumpur\r\n- Philippines: Manila\r\n- Pakistan\r\n- Saudi Arabia\t\r\n- Singapore\r\n- Bangkok, Thailand\r\n- Turkmenistan\r\n- Turkey: Istanbul / Ankara / Izmir / Bursa / Adana / Antalya / Konya / Eskisehir / Gaziantep\r\n- Taiwan: Taipei / Kaohsiung\r\n- Vietnam: Hanoi / Ho Chi Minh\r\n\r\nEurope\r\n- Belgium: Brussels\r\n- Finland: Helsinki\r\n- France: Paris / Toulouse / Marseille / Lyon / Rennes\r\n- Germany: Berlin / Frankfurt / Munich / Hamburg / Düsseldorf\r\n- Italy: Rome / Milan / Turin\r\n- Norway: Oslo\r\n- Spain: Barcelona / Madrid\r\n- Sweden: Stockholm\r\n- Switzerland: Zurich\r\n- United Kingdom: London\r\n\r\nAmerica\r\n- Canada: Vancouver\r\n- Mexico: Mexico City\r\n- USA: New York / Chicago / Boston / Washington, DC / San Francisco / Houston / Los Angeles / San Diego / Seattle / San Jose\r\n\r\nOceania\r\n- Australia: Sydney\r\n\r\n\r\n\r\n- Train / Railway / National Railway / Subway / Metro / MRT / Light Rail / LRT\r\n- Bus\r\n- Airplane / domestic flight\r\n- Ferry",
    "summary": "Just tap on a route map to look up transit information anywhere in the world.",
    "installs": "100,000+",
    "score": 0,
    "ratings": 0,
    "price": 0,
    "currency": "EUR",
    "developer": "NT TRAVEL Co., Ltd.",
    "developerEmail": "contact@navitime.com",
    "developerWebsite": "https://products.navitime.co.jp/service/transit/",
    "developerAddress": null,
    "privacyPolicy": "https://static.aws.navitime.com/privacy-policy/index.html",
    "genre": "Maps & Navigation",
    "contentRating": "PEGI 3",
    "released": "Apr 23, 2017",
    "lastUpdatedOn": "Feb 27, 2025",
    "appId": "com.navitime.transit.global",
    "permisions": {
        "Location": [
            "approximate location (network-based)",
            "precise location (GPS and network-based)"
        ],
        "Photos/Media/Files": [
            "modify or delete the contents of your USB storage",
            "read the contents of your USB storage"
        ],
        "Storage": [
            "modify or delete the contents of your USB storage",
            "read the contents of your USB storage"
        ],
        "Other": [
            "full network access",
            "prevent device from sleeping",
            "run at startup",
            "view network connections"
        ],
        "Uncategorized": [
            "receive data from Internet"
        ]
    }
}