{
    "title": "Delhi Metro Route Map and Fare",
    "description": "Delhi Metro Route Map and Fare is a useful offline app for navigating Bus and Metro transportation options within Delhi and the National Capital Region (NCR). This app is not an official app.\r\n\r\n● Sources of information: - Offline Data developed in the app is team sourced and verified with help of official information on the Delhi Metro Rail Corporation (https://www.india.gov.in/official-website-delhi-metro-rail-corporation-ltd) and for Bus information, it is sourced from Transport department government of Delhi https://transport.delhi.gov.in/sites/default/files/transport_data/trrs21.pdf which is updated regularly in app.\r\n\r\nFeatures of the app (Offline) - \r\n● Metro details - \r\n1. Fare Calculator  \r\n2. Map with lines from source station to destination\r\n3. Route Details\r\n4. Parking Rate\r\n5. First/Last Metro\r\n6. Platform Information\r\n7. Gate Information\r\n● Bus details -\r\n1. Routes and stations\r\n2. Bus number from source station to destination\r\n\r\nFeedback & Improvements - We value your suggestions, feedback, and complaints to continuously improve this product. \r\nHappy traveling!\r\n==========================================================\r\n\r\n● Disclaimer: This app is privately maintained and does not have any official connection or affiliation whatsoever to Any Government entity like DMRC, Transport department government of Delhi, Delhi Metro, Indian Railways or any other Government organization, brand, entity, or app.",
    "summary": "This app provides details of Delhi Route, Fare & Map information of Bus & Metro",
    "installs": "5,000,000+",
    "score": 3.857143,
    "ratings": 82863,
    "price": 0,
    "currency": "EUR",
    "developer": "Appspundit Infotech",
    "developerEmail": "appspundit2014@gmail.com",
    "developerWebsite": "http://www.appspunditinfotech.com",
    "developerAddress": "514, 5th floor Amrit shree\nAshok nagar main road\nUdaipur (Rajasthan)-313001",
    "privacyPolicy": "https://www.appspunditinfotech.com/privacy_delhi.php",
    "genre": "Travel & Local",
    "contentRating": "PEGI 3",
    "released": "Dec 11, 2015",
    "lastUpdatedOn": "Apr 16, 2025",
    "appId": "com.navigator.delhimetroapp",
    "permisions": {
        "Location": [
            "precise location (GPS and network-based)"
        ],
        "Other": [
            "full network access",
            "prevent device from sleeping",
            "run at startup",
            "view network connections"
        ],
        "Uncategorized": [
            "update component usage statistics"
        ]
    }
}