{
    "title": "PedalPro – Fast Bike Fit",
    "description": "🚴‍♂️ <b>Get the most out of your bike with PedalPro! </b>\r\nLove cycling, but hate the soreness? Or maybe you want to ride faster and longer without the pain. PedalPro is here to change the way you bike. With our smart AI, we give you custom improvements to fix your bike posture, so you can ride pain-free and at your best. \r\n\r\n🤖 <b>Meet the PedalPro AI</b>\r\nLet PedalPro unlock your biking best. Just take a photo, and our AI works out the little details of how you sit on your bike. The AI also tells you how to tweak your position for a smoother and better ride. It’s easy to get just right with PedalPro’s help. \r\n\r\n📲 <b>Full of Features to Boost Your Riding</b> \r\n• Easy photo upload to check your position on different types of bikes: road, city, time trial, and triathlon. \r\n• Smart AI to detect key joint points and angles in your posture. \r\n• See how you compare to the ideal posture PedalPro suggests. \r\n• Custom tips and info for your back, elbows, shoulders, hips, ankles and knee settings. \r\n• Step-by-step advice to adjust your bike fit, all from AI recommendations. \r\n\r\nPerfect for all cyclists whether you’re just starting out or you’ve been cycling for years, PedalPro is for you. It’s built for all riders wanting a better fit and a smoother ride. \r\n\r\n👉 Start your ride right now and download PedalPro to step up your biking game. A tap is all it takes to move towards a more efficient and enjoyable ride.",
    "summary": "Analyze and fix your cycling position with PedalPro - Your AI bike fitting app",
    "installs": "50,000+",
    "score": 3.9230769,
    "ratings": 726,
    "price": 0,
    "currency": "EUR",
    "developer": "Steinbacher",
    "developerEmail": "info@pedalpro.io",
    "developerWebsite": "http://pedalpro.io",
    "developerAddress": "Hangstraße 1\n4870 Pfaffing, Austria",
    "privacyPolicy": "http://pedalpro.io/privacy/",
    "genre": "Tools",
    "contentRating": "PEGI 3",
    "released": "Nov 3, 2021",
    "lastUpdatedOn": "Mar 23, 2025",
    "appId": "at.steinbacher.posiclist",
    "permisions": {
        "Photos/Media/Files": [
            "read the contents of your USB storage"
        ],
        "Storage": [
            "read the contents of your USB storage"
        ],
        "Camera": [
            "take pictures and videos"
        ],
        "Other": [
            "control flashlight",
            "full network access",
            "prevent device from sleeping",
            "run at startup",
            "view network connections"
        ]
    }
}