{
    "title": "CycleGo - Indoor Cycling Class",
    "description": "CycleGo is your app to get fit and lose weight at home or the gym. If you have a spin bike ( stationary bike ), a treadmill or a rowing, you are ready to follow our bike virtual trainers and running coach to reach your goals.\r\n\r\nCycleGo is the running and indoor cycling app you need; the sport app to achieve your goals by taking your indoor cycling and treadmill workouts to the next level.\r\n\r\nThe most motivating cycling and running classes to improve your cardio fitness. \r\n\r\nWhat are you waiting for to lose weight and get fit? \r\n\r\n\r\n<b>HOW DOES CYCLEGO WORK?</b>?\r\nTry our bike and treadmill workouts. The virtual cycling trainer and the running coach will guide you in this sport app.\r\n\r\nReady for effective cardio fitness to lose weight and get fit with this running & indoor cycling app?\r\n- Select your avatar and customize it.\r\n- Choose your sport: running or cycling ( spinning ).\r\n- Set the level of your workout.\r\n- Discover the running and cycling plans.\r\n- Choose the music that motivates you the most to do the best cardio fitness.\r\n- Disconnect and enjoy cycling ( spinning ) or running classes with the most personalized landscapes. \r\n\r\nCycleGo is the free running app and virtual cycling app that will motivate you to take your cardio fitness workout to the next level with the run trainer ( running coach ) and bike virtual trainers. The fitness app you need to get fit and lose weight.\r\n\r\nThe running and virtual cycling classes ( spinning ) are easy to follow:\r\n1. You’ll find cycling / spinning classes and treadmill workouts to suit all levels in this sport app.\r\n2. The cycling ( spin class ) and running classes are easy to follow (information constantly displayed on the screen).\r\n3. Audio voice guidance: the bike virtual trainers  and the run trainer ( running coach ) will guide you step by step through your spin class and treadmill workout. \r\n4. Create your own workouts and enjoy running and indoor cycling exercises.\r\n5. Statistics of your indoor workouts. \r\n6. CycleGo works offline. \r\n\r\n🚴‍♀️<b>CYCLING CLASSES</b> \r\nCycle Go is an indoor cycling app to do virtual exercises on your spin bike ( stationary bike ).\r\nYou will enjoy the indoor cycling classes without leaving home with the bike simulator. Get the most out of your stationary bike and get fit with each spin class.\r\n\r\nThe bike simulator you need to do cardio fitness while having a good time following the bike virtual trainers.\r\n\r\n🏃<b>RUNNING CLASSES</b> \r\nYou'll forget you're on a treadmill thanks to this sport app. Discover a new way of running .\r\n\r\nThe run trainer / running coach by voice will guide you step by step through treadmill workouts in this free running app.\r\n\r\nCycleGo is the free running app - sport app you need to prepare your races ( 5k,10k... ). You’ll have no excuse to train and lose weight without leaving home on your treadmill! The running coach / run trainer will help you to achieve your goals.\r\n\r\n\r\n<b>WHY CYCLE GO?\r\nCycleGo is the indoor cycling app and free running app that will motivate you to take your workout to the next level. The fitness app you need to lose weight with your treadmill and spin bike:\r\n1. Download and use several spinning and running workouts for free\r\n2. Access to all the virtual cycling and running classes with the PREMIUM plan and get:\r\n\r\n- Personalized cycling ( spinning ) and running plans: prepare for your races ( 5k,10k...) with the cycling trainer and the running coach ( run trainer ).\r\n- Statistics report in your sport.\r\n- Unlimited access to all the customization of your workout.\r\n\r\nYou can use CycleGo with any stationary bike ( spin bike ) or treadmill from Technogym, Peloton, Bowflex, SoulCycle, NordicTrack, Schwinn, BH, Reebok, Life Fitness…\r\n\r\nStart using this indoor cycling app & free running app and get motivated! \r\n\r\nGet fit and lose weight at home while having fun!</b>",
    "summary": "Bike + Rowing + Treadmill Workouts. Cardio exercise trainer: biking and cycling",
    "installs": "500,000+",
    "score": 4.27,
    "ratings": 11063,
    "price": 0,
    "currency": "EUR",
    "developer": "Sierra Chica Software SL",
    "developerEmail": "hello@sierrachica.com",
    "developerWebsite": "https://www.sierrachica.com",
    "developerAddress": "C/ Marconi 6, 6\n29100 Coin\nSpain",
    "privacyPolicy": "https://cyclego.app/privacy-policy/",
    "genre": "Health & Fitness",
    "contentRating": "PEGI 3",
    "released": "Dec 14, 2018",
    "lastUpdatedOn": "Mar 10, 2025",
    "appId": "com.educaPix.CycleGo",
    "permisions": {
        "Photos/Media/Files": [
            "modify or delete the contents of your USB storage",
            "read the contents of your USB storage"
        ],
        "Storage": [
            "modify or delete the contents of your USB storage",
            "read the contents of your USB storage"
        ],
        "Camera": [
            "take pictures and videos"
        ],
        "Other": [
            "full network access",
            "prevent device from sleeping",
            "view network connections"
        ]
    }
}