{
    "title": "taxi.eu - Taxi App for Europe",
    "description": "Order a taxi from your application Taxi-App in 160 European cities/ 10 countries, calculate the fees and pay cashless. Numerous order options are available.\r\n\r\nWelcome to Taxi.eu, the largest pan-European Taxi community.\r\n\r\nTaxi.eu unites Taxi providers in the largest Taxi community in Europe. Take advantage of over 65,000 Taxis in more than 160 European cities in these countries for your next ride: Germany, Austria, Switzerland, France, Luxembourg, Belgium, the Netherlands, Czech Republic, Denmark, Spain.\r\n\r\nReach your destination by few clicks is now even easier, faster and more reliable.\r\n\r\nFast location determination\r\nUse the simple location function or enter the address from your start point manually.\r\n\r\nNumerous ordering options\r\n\r\nDepending on availability, the following can be ordered\r\nVehicle types: The next available Taxi, a business Taxi (especially high ride comfort), a safe Taxi (with partition), an XXL Taxi (for 5 to 8 people) or a green taxi(with environmentally friendly Engines).\r\n\r\nEquipment options: Baby seat, child seat for 1 to 3 years, child booster seat or driver with foreign language skills. \r\n\r\nCarriage possibilities: Pets, large luggage, folding wheelchairs / walkers / strollers (by multimeter).\r\n\r\nDetermination of costs and travel time Once you enter a destination, the app shows you the estimated cost and the estimated time to reach the destination.\r\n\r\nThe function of favorites\r\nYou can also easily save frequently visited locations as favorites and save a home or work address. This makes future bookings easier and faster.\r\n\r\nPre-order\r\nSimply order your Taxi at a later desired time. When the order is confirmed, the estimated time until the Taxi arrives, the vehicle model and the vehicle's license plate number are displayed.\r\n\r\nFeedback with car number and pickup time. \r\nEven if a trip has been successfully arranged in an immediate order, the time until the arrival of the taxi, the vehicle model and the license plate number of the vehicle are displayed.\r\n\r\nObserving of the journey\r\nYou can watch the approach of the taxi live and thus use the minutes until pickup.\r\n\r\nRoute tracking If you have specified a destination, you can also track the journey to the destination live.\r\nThere will be an alarm when the taxi reaches the destination.\r\n\r\nPay as you want - also cashless\r\nPay conveniently cashless by EC or credit card, Apple Pay, Amazon Pay or Pay Pal. An overview of the usability in cities can be found at www.taxi.eu. \r\n\r\nRating the ride\r\nYou can rate the friendliness of the driver, the service, the condition of the vehicle and your overall satisfaction after the trip.\r\n\r\nTelephone support\r\nDo you have a personal request? In the main menu, you can connect directly with the local Taxi center, which will assist you with all questions about the trip around the clock and advise you, for example, in the case of valuables forgotten in the Taxi.\r\n\r\nAvailability\r\nAs part of the Taxi.eu network, you can also use the Taxi Berlin app to order a Taxi in 160 other European cities in the following countries:\r\n\r\nBelgium (Antwerp, Brussels)\r\nDenmark (Copenhagen)\r\nGermany (Aachen, Augsburg, Bochum, Bonn, Bremen, Chemnitz, Dortmund, Dresden, Duisburg, Düsseldorf, Frankfurt am Main, Freiburg, Hamburg, Hanover, Cologne, Leipzig, Munich, Potsdam, Rostock, Schwerin, Stralsund, Stuttgart, Ulm, Wuppertal, Würzburg, Zwickau)\r\nFrance (Paris, Lyon) \r\nNetherlands (Amsterdam) \r\nSpain (Madrid)\r\nLuxembourg (Luxembourg) \r\nAustria (Graz, Linz, Pasching, Schwechat, Villach, Vöcklabruck, Vienna) \r\nSwitzerland (Zurich) \r\nCzech Republic (Prague)\r\n\r\nFor a complete city overview, visit: https://www.taxi.eu/en/cities\r\n\r\nIf you are in a region in these countries where ordering via app is not possible, the phone number of a regional taxi provider will be displayed.\r\n\r\nWe wish you always a good and safe trip and much joy with the taxi.eu app.",
    "summary": "The taxi app for Europe",
    "installs": "1,000,000+",
    "score": 4.101266,
    "ratings": 12521,
    "price": 0,
    "currency": "EUR",
    "developer": "taxi.eu - fms systems gmbh",
    "developerEmail": "info@taxi.eu",
    "developerWebsite": "http://www.taxi.eu",
    "developerAddress": "Hietzinger Hauptstaße 33\nA-1130 Wien",
    "privacyPolicy": "https://legal.taxi.eu/",
    "genre": "Travel & Local",
    "contentRating": "PEGI 3",
    "released": "Oct 3, 2011",
    "lastUpdatedOn": "Jul 22, 2024",
    "appId": "at.austrosoft.t4me.MB_BerlinTZBEU",
    "permisions": {
        "Location": [
            "approximate location (network-based)",
            "precise location (GPS and network-based)"
        ],
        "Camera": [
            "take pictures and videos"
        ],
        "Wi-Fi connection information": [
            "view Wi-Fi connections"
        ],
        "Other": [
            "control vibration",
            "full network access",
            "prevent device from sleeping",
            "run at startup",
            "view network connections"
        ],
        "Uncategorized": [
            "receive data from Internet"
        ]
    }
}