{
    "title": "Enterprise Car Rental",
    "description": "Enterprise Rent-A-Car brand is part of the world’s largest car rental provider. With over 9,500 car rental locations around the world, it has never been easier to rent a car while on the go. The Enterprise car rental app is your free travel planner across the US, Canada, Europe, Latin America and more. Our award-winning customer service and variety of vehicle options from economy to luxury car rental will keep your travel worry-free. As a commitment to your safety, we follow an industry-leading procedure with our Complete Clean Pledge to clean and sanitize every rental car at Enterprise.\r\n\r\nThe Enterprise car rental app allows you to easily find a rental car, view or modify upcoming reservations to extend your travel plans, get directions to your rental car branch or call roadside assistance for 24/7 help on the road. Stay signed into your Enterprise Plus account on the app to make reservations faster and earn points you can redeem for free rental days.\r\n\r\nMake a car rental reservation:\r\n• Find car rental locations near you for your upcoming travel\r\n• Narrow your search with location and vehicle filters\r\n• Book long term car rental for extended travel plans\r\n• Save rental details to make future reservations even faster\r\n\r\nAccess all your car rental information in one place:\r\n• Easily view the details and information of your rental car and trip\r\n• Quickly reference pick-up or drop-off times for your car rental\r\n• Get directions back to your rental car location\r\n\r\nManage your Enterprise Plus account:\r\n• Earn points on every dollar spent\r\n• View your reward points balance\r\n• Update account details\r\n• Redeem your reward points toward free rental days\r\n\r\nGet help when you need it most:\r\n• Call roadside assistance or our customer support for help\r\n• Find car rental branch details including phone number, address and directions\r\n\r\nDo you have a favorite Enterprise rental car location?\r\n• Make a location your “favorite” in the app\r\n• Quickly access information to reserve a rental car at your most visited location.\r\n\r\nAre you ready for a road trip?\r\n• Find the best road trip cars – choose from a wide selection of cars, trucks, SUV’s and\r\nvans\r\n• Reserve a vehicle at any destination with thousands of rental car locations\r\n• Stay safe with our complete clean pledge. Every vehicle will be cleaned and sanitized.\r\n• Never get stuck on the road with access to 24/7 roadside assistance\r\n\r\nEnterprise is always there when you need us. Now with our rental car app we are making it even easier to experience all the benefits Enterprise has to offer from your mobile phone.\r\n\r\nBy clicking on \"Install\", you consent to the Terms of Use and Privacy Policy including access to or storage of performance and usage device & app related data for analytic purposes by Enterprise Rent-A-Car or its third party providers.",
    "summary": "Easily rent a car at over 9,500 locations with the Enterprise car rental app.",
    "installs": "1,000,000+",
    "score": 4.54,
    "ratings": 47878,
    "price": 0,
    "currency": "EUR",
    "developer": "EAN Services, LLC",
    "developerEmail": "DigitalProductApps@em.com",
    "developerWebsite": "https://www.enterprise.com",
    "developerAddress": "600 Corporate Park Dr., St. Louis, MO 63105",
    "privacyPolicy": "https://privacy.ehi.com/en-us/home.html",
    "genre": "Travel & Local",
    "contentRating": "PEGI 3",
    "released": "Aug 13, 2015",
    "lastUpdatedOn": "Apr 14, 2025",
    "appId": "com.ehi.enterprise.android",
    "permisions": {
        "Calendar": [
            "add or modify calendar events and send email to guests without owners' knowledge",
            "read calendar events plus confidential information"
        ],
        "Location": [
            "approximate location (network-based)",
            "precise location (GPS and network-based)"
        ],
        "Photos/Media/Files": [
            "modify or delete the contents of your USB storage",
            "read the contents of your USB storage"
        ],
        "Storage": [
            "modify or delete the contents of your USB storage",
            "read the contents of your USB storage"
        ],
        "Camera": [
            "take pictures and videos"
        ],
        "Microphone": [
            "record audio"
        ],
        "Wi-Fi connection information": [
            "view Wi-Fi connections"
        ],
        "Other": [
            "control vibration",
            "draw over other apps",
            "full network access",
            "prevent device from sleeping",
            "read Google service configuration",
            "run at startup",
            "view network connections"
        ],
        "Uncategorized": [
            "receive data from Internet"
        ]
    }
}