{
    "title": "Trip Plans",
    "description": "The Trip Plans app lets you view your detailed itinerary from your travel advisor on your device. No data or internet connection? No problem! All your trip details will still be there presented in a beautiful and easy to understand format.\r\n\r\n- See a summary of your trip with how many events you have on each day.\r\n- On each day, view detailed information for each event.\r\n- Quickly pull up phone numbers and navigation for the places on your trip.\r\n- Quickly contact your travel advisor if issues come up.\r\n\r\nYour travel advisor will send you an email with a link to open your specific trip. Bon Voyage!",
    "summary": "View your detailed itinerary from your travel advisor on your device.",
    "installs": "100,000+",
    "score": 4.5,
    "ratings": 1748,
    "price": 0,
    "currency": "EUR",
    "developer": "Travefy",
    "developerEmail": "professional@travefy.com",
    "developerWebsite": "https://travefy.com",
    "developerAddress": "151 N. 8th Street, #300\nLincoln, NE 68508",
    "privacyPolicy": "https://travefy.com/terms-of-use-privacy-policy",
    "genre": "Travel & Local",
    "contentRating": "PEGI 3",
    "released": "Feb 3, 2016",
    "lastUpdatedOn": "Mar 24, 2025",
    "appId": "com.travefy.tripplans",
    "permisions": {
        "Phone": [
            "directly call phone numbers",
            "read phone status and identity"
        ],
        "Photos/Media/Files": [
            "read the contents of your USB storage"
        ],
        "Storage": [
            "read the contents of your USB storage"
        ],
        "Device ID & call information": [
            "read phone status and identity"
        ],
        "Other": [
            "control vibration",
            "full network access",
            "prevent device from sleeping",
            "run at startup",
            "view network connections"
        ],
        "Uncategorized": [
            "receive data from Internet"
        ]
    }
}