{
    "title": "Traffic Cam Viewer",
    "description": "View traffic cameras from around the world in gallery and matrix mode.\r\n\r\nLook at road conditions before leaving home or work.\r\n\r\nConfigure app just once and run to view routes.\r\n\r\nHas cameras in 40+ US states and other countries as well.",
    "summary": "View traffic cams from around the world in gallery and matrix mode.",
    "installs": "100,000+",
    "score": 3.4375,
    "ratings": 1614,
    "price": 0,
    "currency": "EUR",
    "developer": "Robert Chou",
    "developerEmail": "robert.chou@gmail.com",
    "developerWebsite": "https://hit-mob.com",
    "developerAddress": "Robert Chou\nP.O. Box 1974\nDanville, CA 94526",
    "privacyPolicy": "https://hit-mob.com/ip-cam-viewer-android/faq/#8",
    "genre": "Travel & Local",
    "contentRating": "PEGI 3",
    "released": "Jan 31, 2010",
    "lastUpdatedOn": "Jul 20, 2023",
    "appId": "com.rcreations.trafficcams",
    "permisions": {
        "Photos/Media/Files": [
            "modify or delete the contents of your USB storage",
            "read the contents of your USB storage"
        ],
        "Storage": [
            "modify or delete the contents of your USB storage",
            "read the contents of your USB storage"
        ],
        "Microphone": [
            "record audio"
        ],
        "Wi-Fi connection information": [
            "view Wi-Fi connections"
        ],
        "Other": [
            "draw over other apps",
            "full network access",
            "install shortcuts",
            "prevent device from sleeping",
            "run at startup",
            "view network connections"
        ]
    }
}