{
    "title": "Pony - bike & scooter sharing",
    "description": "Pony is a bike & scooter sharing company currently operating in operating in Paris, Brussels, Grenoble, Angers, Bordeaux, Oxford, Namur & Liège\r\n\r\nHow it works:\r\n- Download the app.\r\n- Scan the QR code.\r\n- Ride\r\n\r\nLife’s too short... and you were made to move. Which is why the moment has come for a movement. To unchain the city and give you free rein: whoever you are and wherever you’re going. A movement powered by Pony.\r\n         \r\nNot just getting around.\r\nChanging the way the world goes round.",
    "summary": "Bike & scooter sharing - operating in France, Belgium, Italia and the UK",
    "installs": "100,000+",
    "score": 4.6471963,
    "ratings": 5780,
    "price": 0,
    "currency": "EUR",
    "developer": "Pony Bikes",
    "developerEmail": "aide@getapony.com",
    "developerWebsite": "http://getapony.com",
    "developerAddress": null,
    "privacyPolicy": "https://s3.amazonaws.com/ponybikes-static/privacy.html",
    "genre": "Travel & Local",
    "contentRating": "PEGI 3",
    "released": "Sep 20, 2017",
    "lastUpdatedOn": "Apr 28, 2025",
    "appId": "co.ponybikes.mercury",
    "permisions": {
        "Identity": [
            "find accounts on the device"
        ],
        "Contacts": [
            "find accounts on the device"
        ],
        "Location": [
            "approximate location (network-based)",
            "precise location (GPS and network-based)"
        ],
        "Photos/Media/Files": [
            "modify or delete the contents of your USB storage",
            "read the contents of your USB storage"
        ],
        "Storage": [
            "modify or delete the contents of your USB storage",
            "read the contents of your USB storage"
        ],
        "Camera": [
            "take pictures and videos"
        ],
        "Wi-Fi connection information": [
            "view Wi-Fi connections"
        ],
        "Other": [
            "access Bluetooth settings",
            "control vibration",
            "full network access",
            "pair with Bluetooth devices",
            "prevent device from sleeping",
            "read Google service configuration",
            "run at startup",
            "view network connections"
        ],
        "Uncategorized": [
            "receive data from Internet"
        ]
    }
}