{
    "title": "Bookkaru - Buy Tickets Online",
    "description": "Buy tickets for buses, trains, and flights in Pakistan with the Bookkaru app! Our travel booking platform helps travelers all across Pakistan. With Bookkaru, customers cannot only compare tickets in one simple search but they can also use it as a handy travel planner. Bookkaru saves your time and money so you can love the journey.\r\n\r\nOur app helps you find the best bus, train, or flight tickets for your journey and acts like a travel guide helping you find the best tickets for you. From bus bookings, you can compare and book travel tickets in 500-plus cities.\r\n\r\nBus Ticket Bookings:\r\n-\tBook bus tickets across the country with a wide range of famous bus operators.\r\n-\tLuxury and reliable transport companies for bus bookings.\r\n-\tEasy access for today and tomorrow’s date for quick booking.\r\n-\tInformation on Bus boarding points, seats, and departure dates & times.\r\n\r\nFlight Ticket Bookings:\r\n-\tTravel within Pakistan and abroad.\r\n-\tEconomical flight tickets for one-way and round trips on domestic and international flights.\r\n-\tBook your flights with one click.\r\n\r\nTrain Ticket Bookings:\r\n-\tBook your train tickets without any hassle. \r\n\r\nHotel Reservations:\r\n-\tLargest database of hotels.\r\n-\tWide range of hotels, from standard to luxury.\r\n-\tLowest possible rates of rooms.\r\n-\tFind a deal by setting a maximum price filter as per your budget.\r\n-\tComplete hotel information with pictures, facilities, and descriptions.\r\n\r\nTour Offers:\r\n-\tEasily choose and book holiday packages within the country and across the world.\r\n-\tModified and fixed departure tours for families, businesses, and groups.\r\n\r\nCar Rental Bookings:\r\n-\tFirst-ever online car booking website.\r\n-\tEasily manage your car bookings with the app.\r\n\r\nApp Key Features:\r\n-\tOne-stop travel solution.\r\n-\tBookkaru mobile app is simple to use.\r\n-\tEasily discover your perfect traveling experience.\r\n-\tCompare and book the best travel package of your choice.\r\n-\tView booking details, make cancelations, request e-tickets, and much more.\r\n-\tSecure and easy payment methods.\r\n-\tPay and get instant confirmation by SMS and E-mail.\r\n-\tComplete booking details of customers with the My Bookings option.\r\n-\t24/7 well-trained customer support for all travel-related queries.\r\n\r\nPayment Methods We accept:\r\n-\tJazz Cash\r\n-\tEasypaisa\r\n-\tCredit / Debit Card\r\n-\tBank Al Falah\r\n-\tPayfast\r\n\r\nVisit our website:  https://bookkaru.com",
    "summary": "Buy Bus, Airline, Train, Cinema and  Event Tickets online.",
    "installs": "1,000,000+",
    "score": 4.409091,
    "ratings": 21874,
    "price": 0,
    "currency": "EUR",
    "developer": "Bookkaru",
    "developerEmail": "support@bookkaru.com",
    "developerWebsite": "http://www.bookkaru.com",
    "developerAddress": null,
    "privacyPolicy": "https://bookkaru.com/page/privacy-policy",
    "genre": "Travel & Local",
    "contentRating": "PEGI 3",
    "released": "Jan 18, 2018",
    "lastUpdatedOn": "Dec 5, 2024",
    "appId": "com.bookkaru",
    "permisions": {
        "Location": [
            "approximate location (network-based)",
            "precise location (GPS and network-based)"
        ],
        "Photos/Media/Files": [
            "modify or delete the contents of your USB storage",
            "read the contents of your USB storage"
        ],
        "Storage": [
            "modify or delete the contents of your USB storage",
            "read the contents of your USB storage"
        ],
        "Wi-Fi connection information": [
            "view Wi-Fi connections"
        ],
        "Other": [
            "Google Play license check",
            "control vibration",
            "full network access",
            "prevent device from sleeping",
            "run at startup",
            "view network connections"
        ],
        "Uncategorized": [
            "receive data from Internet"
        ]
    }
}