{
    "title": "LeaseTrack",
    "description": "Are you worried about the extra mileage of a leased car? Looking for a car lease calculator that helps you calculate your lease duration, remaining miles, and estimated overage without the need of a calculator or notebook? Download the LeaseTrack app today to track mileage and avoid extra feeses. \r\n\r\nView your auto lease mileage status quickly and easily. You simply have to enter the current odometer reading and the system will tell you how much under or over mileage you are on that particular day based on your lease. Avoid costly lease termination fees by keeping track of your mileage.\r\n\r\nWith the help of LeaseTrack app, you have to enter basic information about your vehicle, calculate your current allowed mileage, and simply analyze if you are over or under your mileage at a particular point in time. The lease payment calculator app is easy to use and works efficiently to track your car allowed mileage. \r\n\r\nWhen you lease any particular car, there are some predefined terms that you need to consider. Different terms of leasing a car include a vehicle for a fixed number of miles and a month. There are no strict rules for leasing a car but you need to keep in check the defined mileage in months. When you go over extra mileage so you need to pay extra feeses as extra miles on a leased car decreased its lease-end residual value.\r\n\r\nIf you have a lease car or even Company's car and have some kilometers restrictions, you can easily check lease mileage in this car lease calculator app. By having a LeaseTrack app on your phone, you can make tracking lease miles a breeze, and overpaying a thing of the past with this lease mileage calculator app. If you want to avoid paying excess mileage charges so download this car lease app and calculate your mileage easily.\r\n\r\nThere are simple steps to use this car lease calculator app:-\r\n\r\n-\tThe first step is to Signup after installing.\r\n-\tLogin to your account.\r\n-\tYou can have options to add your vehicles.\r\n-\tThere are multiple things you will be allowed to add to your vehicle and \r\n\tdifferent terms. It includes the Vehicles name, miles, and lease terms.\r\n-\tMultiple options are included in lease terms to fulfill all the details. You \r\n\tcan add the start date of the lease, length in months, overage fee, total \r\n\tmiles allowed, starting mileage, and current mileage.\r\n-\tNex option you can add is to Update mileage. You can add current \r\n\tmileage, and current mileage read date. Moreover, you’ll also have a \r\n\tmileage history(including price and date) and you can remove them as \r\n\twell.\r\n\r\nYour feedback is essential for us to improve our lease mileage calculator app. If you have any recommendations let us know. Thanks for downloading and also share the app with your friends.",
    "summary": "Track your lease mileage and avoid paying unnecessary overages",
    "installs": "500+",
    "score": null,
    "ratings": null,
    "price": 0,
    "currency": "EUR",
    "developer": "Zaki Technology",
    "developerEmail": "info@zakitechnology.com",
    "developerWebsite": "https://www.zakitechnology.com/",
    "developerAddress": null,
    "privacyPolicy": "https://pages.flycricket.io/lease-track/privacy.html",
    "genre": "Auto & Vehicles",
    "contentRating": "PEGI 3",
    "released": "Jul 6, 2022",
    "lastUpdatedOn": "Oct 10, 2024",
    "appId": "com.digiwrecks.leasetrack",
    "permisions": {
        "Other": [
            "full network access",
            "prevent device from sleeping",
            "read Google service configuration",
            "view network connections"
        ]
    }
}