{
    "title": "Air Canada + Aeroplan",
    "description": "With the Air Canada + Aeroplan app, seamlessly book flights, manage travel and get the most of your Aeroplan loyalty benefits - all in one place.\r\n\r\n\r\nEVEN BETTER TOGETHER\r\nSign in with Aeroplan to unlock access to loyalty program benefits. Check your points balance, track Elite status progress, view recent transactions, and access popular features like the Aeroplan eStore, car rentals, and hotel bookings — all from the app.\r\n\r\nBOOK YOUR WAY\r\nBook your next trip using cash, redeem Aeroplan points, or use a combination of Points + Cash. You can even cover taxes, fees, and charges entirely with points for a seamless booking experience.\r\n\r\nREAL-TIME UPDATES WITH LIVE ACTIVITIES\r\nStay informed throughout your trip with real-time updates, now available on your Lock Screen and Dynamic Island. Whether it's boarding, gate changes, or flight status updates - get details at a glance without opening the app.\r\n\r\nBAG TRACKING\r\nTrack your checked bags from drop-off to carousel. Real-time notifications keep you informed at every step, letting you know if you need to collect your bag at a connecting airport or when your bag is ready at the carousel after arrival.\r\n\r\nJOURNEY\r\nEffortlessly navigate your day of travel with the Journey, which offers step-by-step guidance with personalized details tailored to your booking, including pre-travel tips, airport arrival and bag drop information, important connection and layover details, and more.\r\n\r\nDYNAMIC BOARDING PASS\r\nAccess your boarding pass quickly within the app or add it to Apple Wallet, either way - it's available for offline use. Push notifications dynamically update your boarding pass with any changes, including seat changes and upgrades, ensuring you're always ready to go. \r\n\r\nNAVIGATE WITH EASE\r\nNavigate busy airports with ease with turn-by-turn directions and walk times. Now available at 12 airports, including Toronto (YYZ), Montreal (YUL), and Vancouver (YVR).\r\n\r\n\r\nREADY TO DOWNLOAD? \r\nBy downloading or updating this App, or setting up your device to do so automatically, you consent to the installation of the App, its future updates and upgrades and to the Air Canada Mobile App “Terms of Use” that govern the use of App that are available here: http://www.aircanada.com/en/mobile/tc_android.html. You can withdraw your consent at any time by uninstalling the App. For help uninstalling, please see https://support.google.com/googleplay/answer/2521768\r\n\r\nIMPORTANT DISCLOSURES\r\nThese functions apply when enabled:\r\n• Location: your location data is used to show the closest airport(s) for booking, and flight status. Location data is also used to present the correct boarding passes at connecting airports, and to provide the current location when using airport maps.\r\n• Wi-Fi connection: used to determine if internet access or a connection is available for onboard Wi-Fi and the wireless entertainment system on Air Canada Rouge flights.\r\n• Calendar: access to your calendar is used to sync flights from your upcoming bookings to your device's calendar.\r\n• Notifications: push notifications are used to send you service messages related to your upcoming travel.\r\n• Camera: add images to the feedback you send to Air Canada.\r\n• Your device and app information (phone model, language, system and app version) is attached to comments you send when an issue is reported via the app.\r\n\r\nPRIVACY POLICY\r\nBy downloading or updating this App, you understand that Air Canada may: collect data about your device in order to serve you the correct software, as well as maintain and develop its services; require that you change some of your device settings to use specific features; collect personal information as detailed in our Privacy Policy (http://www.aircanada.com/en/about/legal/privacy/policy.html)\r\n\r\nAir Canada, PO Box 64239, RPO Thorncliffe, Calgary, Alberta, T2K 6J7 privacy_vieprivee@aircanada.ca\r\n\r\n® Air Canada Rouge, Altitude and Star Alliance: registered trademarks of Air Canada in Canada\r\n®† Aeroplan: registered trademark of Aeroplan Inc.",
    "summary": "Book, Fly, Aeroplan",
    "installs": "5,000,000+",
    "score": 4.64,
    "ratings": 31339,
    "price": 0,
    "currency": "EUR",
    "developer": "Air Canada",
    "developerEmail": "digital@aircanada.ca",
    "developerWebsite": "https://www.aircanada.com",
    "developerAddress": "7373 boul. Côte-Vertu Ouest\nSaint-Laurent, Quebec H4S 1Z3",
    "privacyPolicy": "http://www.aircanada.com/en/about/legal/privacy/policy.html",
    "genre": "Travel & Local",
    "contentRating": "PEGI 3",
    "released": "Dec 15, 2015",
    "lastUpdatedOn": "Apr 29, 2025",
    "appId": "com.aircanada",
    "permisions": {
        "Calendar": [
            "add or modify calendar events and send email to guests without owners' knowledge",
            "read calendar events plus confidential information"
        ],
        "Location": [
            "approximate location (network-based)",
            "precise location (GPS and network-based)"
        ],
        "Photos/Media/Files": [
            "modify or delete the contents of your USB storage",
            "read the contents of your USB storage"
        ],
        "Storage": [
            "modify or delete the contents of your USB storage",
            "read the contents of your USB storage"
        ],
        "Camera": [
            "take pictures and videos"
        ],
        "Wi-Fi connection information": [
            "view Wi-Fi connections"
        ],
        "Other": [
            "access Bluetooth settings",
            "connect and disconnect from Wi-Fi",
            "control Near Field Communication",
            "control vibration",
            "full network access",
            "modify system settings",
            "pair with Bluetooth devices",
            "prevent device from sleeping",
            "reorder running apps",
            "run at startup",
            "view network connections"
        ],
        "Uncategorized": [
            "receive data from Internet"
        ]
    }
}