{
    "title": "Traffic Maps",
    "description": "Traffic maps - directions & road maps application help you to calculate best traffic free routes and time to travel to the destination on maps. You have 2 way to choose. Live map from current location to other location or you also can choose from 2 any address (location). Road maps app will calculate driving directions then Directions on map.\r\nFeatures:\r\nCompass maps : show easy direction from compass magnetic field and also show altitude speed. Compass will guide you at night and provide the accurate direction to travel and reach at destination.\r\n+ Direction:  \r\n- N point to the north\r\n- S point to the south\r\n- W point to the west\r\n- E point to the east\r\nMaps driving directions  is the best find address and location on map. Search anything directly go on search bar from voice speaking or voice assistant option. GPS route map navigation can address and locate friends through map navigation explorer address app. We have used API traffic google maps assistant provide you the accurate driving direction and map address of your target place.\r\nStreet view live with 3D maps allow you to find location and show real time street view live 3d earth map satellite. You will see this feature in location and find near me menu. \r\nMy location require permission about location information and provide you my current location at anywhere. You can easily share your location with others using traffic maps application. This way people will know where you are and they will come to you as fast as possible.\r\nNear me places you can explore various neighborly places likes ATM near me or find restaurants near by. You can also see neighborly place and their comments, User ratings and location details. The radius is from 500 to 50000 m. Example , you search find coffee  near me. The application will auto result coffee address or you can find hotel near by...places to visit near me.\r\nLand area measurement - GPS fields area measure best tool of calculator field, perimeter or area meter on map. You easy calculate for land and survey land.\r\nGPS navigation with google maps driving directions comes you can easily see where you are located and how to reach desired location by using GPS technology. Voice navigation maps will guide detail route finder for you. \r\n+ Support multi language \r\nWe hope Traffic maps - directions & road maps application  will helpful for you. If the application have error  or you want to any feedback . Please contact via our email. \r\nThanks",
    "summary": "Maps use to find shortest routes and directions to any destination in the world",
    "installs": "100,000+",
    "score": 4.0625,
    "ratings": 1460,
    "price": 0,
    "currency": "EUR",
    "developer": "Digital Compass Team",
    "developerEmail": "hangngo101990@gmail.com",
    "developerWebsite": null,
    "developerAddress": "Team HK Mobile",
    "privacyPolicy": "https://suamayhoangvinh.wordpress.com/maps-directions/",
    "genre": "Maps & Navigation",
    "contentRating": "PEGI 3",
    "released": "Jun 30, 2020",
    "lastUpdatedOn": "Jul 16, 2024",
    "appId": "com.mapsnavigation.gpsdirections.traffic",
    "permisions": {
        "Location": [
            "approximate location (network-based)",
            "precise location (GPS and network-based)"
        ],
        "Photos/Media/Files": [
            "modify or delete the contents of your USB storage",
            "read the contents of your USB storage"
        ],
        "Storage": [
            "modify or delete the contents of your USB storage",
            "read the contents of your USB storage"
        ],
        "Wi-Fi connection information": [
            "view Wi-Fi connections"
        ],
        "Other": [
            "control vibration",
            "full network access",
            "prevent device from sleeping",
            "read Google service configuration",
            "view network connections"
        ]
    }
}