{
    "title": "COMMUTE EMPLOYEE APP",
    "description": "Provides Android App for Employees to manage their travel. Enhanced safety features, especially during Female Employee travel & specially abled / expectant mother commute. In device to track real-time location of the vehicle. Automated SMS & Email alerts. Handles all kinds of operations including Shift, Adhoc, Shuttle, Airport etc.",
    "summary": "Employee Transportation Management System for BPO/ITES/IT Companies.",
    "installs": "10,000+",
    "score": null,
    "ratings": null,
    "price": 0,
    "currency": "EUR",
    "developer": "PROFICIO GEOTECHNOLOGIES",
    "developerEmail": "info@proficio.in",
    "developerWebsite": "http://www.proficio.in",
    "developerAddress": null,
    "privacyPolicy": "http://www.proficio.in/PGTPLPrivacy.html",
    "genre": "Maps & Navigation",
    "contentRating": "PEGI 3",
    "released": "May 10, 2022",
    "lastUpdatedOn": "May 2, 2025",
    "appId": "com.proficio.commute",
    "permisions": {
        "Location": [
            "approximate location (network-based)",
            "precise location (GPS and network-based)"
        ],
        "Phone": [
            "directly call phone numbers"
        ],
        "Photos/Media/Files": [
            "modify or delete the contents of your USB storage",
            "read the contents of your USB storage"
        ],
        "Storage": [
            "modify or delete the contents of your USB storage",
            "read the contents of your USB storage"
        ],
        "Camera": [
            "take pictures and videos"
        ],
        "Wi-Fi connection information": [
            "view Wi-Fi connections"
        ],
        "Other": [
            "access Bluetooth settings",
            "change network connectivity",
            "control flashlight",
            "control vibration",
            "draw over other apps",
            "full network access",
            "pair with Bluetooth devices",
            "prevent device from sleeping",
            "view network connections"
        ],
        "Uncategorized": [
            "receive data from Internet"
        ]
    }
}