{
    "title": "JET – scooter sharing",
    "description": "JET is a scooter rental service using a mobile application. You can rent an electric scooter at one of the hundreds of parking lots located around the city and complete the rental wherever it suits you.\r\n\r\nKicksharing, bike sharing... What is it and how does it work?\r\nCall it whatever is convenient for you – in fact, the JET service is a stationless electric scooter rental.\r\n\r\nTo rent a vehicle, you don’t need to visit a pick-up point, communicate with an employee and provide a deposit in the form of a passport or a certain amount of money.\r\n\r\nAll you need to rent:\r\n- Download the application and register in the service. You only need a phone number, registration will take 2-3 minutes.\r\n- Find the electric scooter on the map or at the nearest parking lot.\r\n- Scan QR on the steering wheel, through the built-in function in the app.\r\n\r\nThe rental has started – enjoy your trip! You can find out more about the rules for using the service on the website: https://jetshr.com/rules/\r\n\r\nIn which cities is the service available?\r\nThe service is available in Kazakhstan (Almaty), Georgia (Batumi and Tbilisi), Uzbekistan (Tashkent) and Mongolia (Ulan-Bator).\r\n\r\nYou can rent a scooter in any of these cities through the JET app. The rental rules for different cities may differ, so we recommend that you familiarize yourself with them before renting, but in general, if you used similar rentals such as Urent, Whoosh, VOI, Bird, Lime, Bolt or others, the principle of renting will not be much different.\r\n\r\nIf you want to open the JET service in your city, leave a request on the website: start.jetshr.com\r\n\r\nYou will not find this in other services:\r\n\r\nMULTI RENT\r\nRent an electric scooter for the whole family. To do this, you only need one JET account. You can rent up to 5 scooters with one account. Just open several scooters in sequence by scanning their QR codes.\r\n\r\nWAITING AND RESERVATION\r\nOur application has a waiting and booking function. You can book an electric scooter in the app and it will wait for you for 10 minutes for free. During the rental period, you can close the lock and put the scooter in \"\"standby\"\" mode, the rental will continue, but the lock will be closed. You can go about your business without worrying about the safety of the scooter.\r\n\r\nBONUS ZONES\r\nYou can complete the lease in a special green area and get bonuses for it. To receive bonuses, you must make a lease lasting more than 10 minutes.\r\n\r\nRent price:\r\nThe rental price may vary in different cities. You can see the current rental price in the application by clicking on the electric scooter icon. You can also buy one of the bonus packages, the higher the value of the bonus package, the larger the amount will be credited to your account as bonuses.\r\n\r\nPowerbank station\r\nIs your phone or laptop out of charge? Find a powerbank station on the map in the app and rent it. Just scan the QR code of the station. Charge up - cables are built-in. There are Type-C, micro-USB, and Lightning for iPhone. You can return the charger to any station.\r\n\r\nDownload the JET kicksharing app – a welcome bonus awaits you inside, try the service and leave a review. Your opinion is very important to us. Enjoy your trip!",
    "summary": "Short-term rental of electric scooters",
    "installs": "1,000,000+",
    "score": 4.6857142,
    "ratings": 96013,
    "price": 0,
    "currency": "EUR",
    "developer": "Jet Sharing",
    "developerEmail": "support@jetshr.com",
    "developerWebsite": "https://jetshr.com",
    "developerAddress": null,
    "privacyPolicy": "https://jetshr.com/docs/index.html",
    "genre": "Lifestyle",
    "contentRating": "PEGI 3",
    "released": "Dec 29, 2020",
    "lastUpdatedOn": "Apr 25, 2025",
    "appId": "com.jetscooters",
    "permisions": {
        "Contacts": [
            "read your contacts"
        ],
        "Location": [
            "approximate location (network-based)",
            "precise location (GPS and network-based)"
        ],
        "Phone": [
            "directly call phone numbers",
            "read phone status and identity"
        ],
        "Photos/Media/Files": [
            "modify or delete the contents of your USB storage",
            "read the contents of your USB storage"
        ],
        "Storage": [
            "modify or delete the contents of your USB storage",
            "read the contents of your USB storage"
        ],
        "Camera": [
            "take pictures and videos"
        ],
        "Wi-Fi connection information": [
            "view Wi-Fi connections"
        ],
        "Device ID & call information": [
            "read phone status and identity"
        ],
        "Other": [
            "change network connectivity",
            "connect and disconnect from Wi-Fi",
            "control Near Field Communication",
            "control vibration",
            "full network access",
            "prevent device from sleeping",
            "read Google service configuration",
            "reorder running apps",
            "run at startup",
            "view network connections"
        ],
        "Uncategorized": [
            "receive data from Internet"
        ]
    }
}