{
    "title": "Ride with GPS: Bike Navigation",
    "description": "Elevate your ride experience using the world’s most trusted mobile route planner, audible voice navigation, shareable live tracking and free global community heatmap. Discover your next favorite ride by tapping into our extensive curated route database. Experience the freedom to roam, save battery and navigate off the grid using Offline Maps. Record rides, monitor stats and view your personal ETA in realtime. Train smarter with Bluetooth connectivity to extract more data from your ride.\r\n\r\nTURN-BY-TURN VOICE NAVIGATION\r\n\r\nOne tap and you’re on your way. Get inspired, not lost using turn-by-turn Voice Navigation right from your phone. Keep your eyes on the road and your rides on track with hands-free audible and visual navigational cues. Receive estimated arrival times straight from the Ride with GPS mobile app. No signal? No problem. Enjoy the freedom to navigate beyond the bounds of phone service using downloadable Offline Maps and cue sheets.\r\n\r\nTHE WORLD’S MOST TRUSTED MOBILE ROUTE PLANNER\r\n\r\nCreate new and modify existing routes on the go using the mobile Route Planner’s extensive suite of tools. Explore rich map overlays, embed interactive Points of Interest, examine surface type and analyze elevation details using our powerful planning features. Use our Global Heatmap to locate popular roads and trails, or use your Personal Heatmap to see where you’ve ridden, and where you should ride next.\r\n\r\nSHAREABLE LIVE TRACKING\r\n\r\nShare your real time location with friends, family and followers using Ride with GPS’ shareable live tracking. Stay connected and engage your community using live photos, dot-watching and commenting. Add peace-of-mind to your rides and keep family and friends in the loop with your real time position and estimated completion time. Control access to your live tracking with customizable privacy settings.\r\n\r\nFIND & DOWNLOAD\r\n\r\nDiscover the perfect route and download for offline navigation — whether you’re looking for gravel, smooth pavement or mountain bike trails, explore the best routes and rides across the globe or right from your front door. Planning a trip in a distant location? Open the Ride with GPS mobile app and start exploring. Use filters and search options to hone your results. Download the route for navigation with or without signal. Toggle airplane mode to save data and extend your battery range.\r\n\r\nGLOBAL & PERSONAL HEATMAPS\r\n\r\nFind out where the locals ride! Discover popular routes, well-traveled loops and trails from the larger community using our free Global Heatmap. Plan future excursions by analyzing where you’ve already been — explore your existing ride history with a Personal Heatmap that is uniquely yours. Use the mobile Route Planner with integrated heatmap overlays to create routes from the palm of your hand. Privacy matters, which is why Global Heatmap data is only compiled using publicly-logged rides and Personal Heatmap data is visible only to you.\r\n\r\nBLUETOOTH COMPATIBILITY\r\n\r\nTrain smarter with Bluetooth connectivity. Pair your favorite power meter, heart rate monitor, speed and cadence sensor, or Wear OS device to the Ride with GPS mobile app. Track performance metrics and training progress with accurate, reliable data. Pair with your favorite earbuds for audible turn-by-turn navigation cues. \r\n\r\n3RD PARTY INTEGRATION\r\n\r\nRide with GPS integrates seamlessly across all of your devices — wirelessly sync routes to your favorite head units from Garmin, Wahoo and Hammerhead. Ride safely and with comfort knowing that Ride with GPS is the only 3rd party app compatible with Garmin Varia, which looks back while you ride ahead, notifying you of approaching vehicles via visual and audible alerts within the mobile app.\r\n\r\nStart a free 7-Day Trial today and experience everything we have to offer!\r\n\r\nWant help getting started? Email our support team at info@ridewithgps.com\r\n\r\nFind out more at ridewithgps.com",
    "summary": "Route planning, live tracking, turn by turn navigation for bike rides and runs",
    "installs": "1,000,000+",
    "score": 4.05,
    "ratings": 13559,
    "price": 0,
    "currency": "EUR",
    "developer": "Ride with GPS",
    "developerEmail": "info@ridewithgps.com",
    "developerWebsite": "http://ridewithgps.com",
    "developerAddress": "Ride with GPS\n1733 NE 7th Ave\nPortland, OR 97212",
    "privacyPolicy": "https://ridewithgps.com/privacy",
    "genre": "Health & Fitness",
    "contentRating": "PEGI 3",
    "released": "Feb 15, 2014",
    "lastUpdatedOn": "May 2, 2025",
    "appId": "com.ridewithgps.mobile",
    "permisions": {
        "Location": [
            "access extra location provider commands",
            "approximate location (network-based)",
            "precise location (GPS and network-based)"
        ],
        "Photos/Media/Files": [
            "modify or delete the contents of your USB storage",
            "read the contents of your USB storage"
        ],
        "Storage": [
            "modify or delete the contents of your USB storage",
            "read the contents of your USB storage"
        ],
        "Camera": [
            "take pictures and videos"
        ],
        "Wi-Fi connection information": [
            "view Wi-Fi connections"
        ],
        "Wearable sensors/Activity data": [
            "body sensors (like heart rate monitors)"
        ],
        "Other": [
            "access Bluetooth settings",
            "control Near Field Communication",
            "control vibration",
            "full network access",
            "pair with Bluetooth devices",
            "prevent device from sleeping",
            "read Google service configuration",
            "run at startup",
            "view network connections"
        ],
        "Uncategorized": [
            "receive data from Internet"
        ]
    }
}