{
    "title": "Enel X Way",
    "description": "Enel X Way allows you to easily charge your electric car! You can access over 60.000 public chargers globally or also charge at home with your Enel X Way JuiceBox.\r\nEnel X Way mobile app allows you to manage all your electric or plug-in hybrid car’s charging needs from wherever you are. You can search and filter nearby charging stations based on availability, max charging power, or plug type with the live map. Download the app for free and register in just a few clicks.\r\nEnel X Way is convenient\r\n•\tThe mobile app works on all mobile devices and in all countries!\r\n•\tWith a few clicks, Enel X Way allows you to find the nearest EV charger, choose the best suited rate plan, and customize your charging experience by entering your car model.\r\nEnel X Way is multifunctional\r\n•\tPick the charging station that works for your electric or hybrid car, find charging costs or available hours, and reserve the charging station in advance.\r\n•\tSee your charging history, energy consumption, past invoices, and more.\r\n•\tManage charging at home. Configure one or more Enel X Way JuiceBox chargers directly from the mobile app.\r\n•\tRemotely start / stop charging sessions and monitor charging progress.\r\n•\tUse smart charging features to postpone or delay charging start times and to set duration.\r\n•\tShare your Enel X Way JuiceBox with other users.\r\nDownload the app and start your journey into the world of electric mobility!\r\nFollow us on Facebook at: https://www.facebook.com/enelxglobal.",
    "summary": "Charging stations map",
    "installs": "500,000+",
    "score": 3.29,
    "ratings": 24439,
    "price": 0,
    "currency": "EUR",
    "developer": "Enel X SRL",
    "developerEmail": "enelxway.italy.support@enel.com",
    "developerWebsite": "https://www.enelxway.com/en",
    "developerAddress": null,
    "privacyPolicy": "https://www.mobility.enelx.com/en/app/terms-and-conditions/privacy",
    "genre": "Maps & Navigation",
    "contentRating": "PEGI 3",
    "released": "May 4, 2018",
    "lastUpdatedOn": "Mar 18, 2025",
    "appId": "com.enel.mobile.recharge2",
    "permisions": {
        "Location": [
            "approximate location (network-based)",
            "precise location (GPS and network-based)"
        ],
        "Camera": [
            "take pictures and videos"
        ],
        "Wi-Fi connection information": [
            "view Wi-Fi connections"
        ],
        "Other": [
            "access Bluetooth settings",
            "change network connectivity",
            "connect and disconnect from Wi-Fi",
            "control Near Field Communication",
            "control vibration",
            "full network access",
            "modify system settings",
            "pair with Bluetooth devices",
            "prevent device from sleeping",
            "run at startup",
            "view network connections"
        ],
        "Uncategorized": [
            "receive data from Internet"
        ]
    }
}