{
    "title": "Metro Paris Map: Offline map o",
    "description": "The Paris Metro in an offline map. Zoom in, zoom out, scroll around. Quick, easy, and there when you need it!\r\n\r\nThanks for your support :)\r\n\r\nAs always, if you have any problems, please PLEASE email us!",
    "summary": "A super simple Paris metro map. No muss, no fuss.",
    "installs": "500,000+",
    "score": 4.4736843,
    "ratings": 2257,
    "price": 0,
    "currency": "EUR",
    "developer": "Subway Maps by LithoByte, Co.",
    "developerEmail": "ephherd@gmail.com",
    "developerWebsite": null,
    "developerAddress": "PO Box 347\nNew York, NY 10032",
    "privacyPolicy": "https://elliotschrock.com/app-privacy-policy/",
    "genre": "Maps & Navigation",
    "contentRating": "PEGI 3",
    "released": "Nov 17, 2016",
    "lastUpdatedOn": "Dec 5, 2023",
    "appId": "com.thryvinc.parismap",
    "permisions": {
        "Photos/Media/Files": [
            "modify or delete the contents of your USB storage",
            "read the contents of your USB storage"
        ],
        "Storage": [
            "modify or delete the contents of your USB storage",
            "read the contents of your USB storage"
        ],
        "Other": [
            "full network access",
            "prevent device from sleeping",
            "run at startup",
            "view network connections"
        ]
    }
}