{
    "title": "Find My Parked Car",
    "description": "<b>Find My Parked Car</b>\r\nKeep forgetting your parking location? Find My Parked Car allows you to save your exact parking location and view it at a later time when needed. After parking your car, press the park button and your location will be saved. When you need to get back to your car, open the app to see its location on the map.\r\n\r\n<b>Automatic Parking Detection</b>\r\nThe app can detect parking location without any interaction, and even offer walking directions on the way back.\r\n\r\n<b>Features</b>\r\n• Save parking location with a single tap\r\n• Automatic Parking Detection using Bluetooth or device sensors\r\n• Do Not Disturb while driving\r\n• Take a picture of the parking location\r\n• Set an alarm for metered parking\r\n• Write a note with the floor number or street name\r\n• Wear OS support (both round and rectangular watches)\r\n• Turn-by-turn walking navigation\r\n• Parking history\r\n• Customizable theme\r\n\r\n<b>Become a beta tester</b>\r\nhttp://bit.ly/find-my-parked-car-beta",
    "summary": "Never forget your parking location again! Now with Automatic Parking Detection.",
    "installs": "1,000,000+",
    "score": 4.275862,
    "ratings": 10873,
    "price": 0,
    "currency": "EUR",
    "developer": "Ofir Miron",
    "developerEmail": "ofirmironinc@gmail.com",
    "developerWebsite": "https://www.ofirmiron.com/",
    "developerAddress": "250 W El Camino Real\nApt 3209\nSunnyvale, CA 94087",
    "privacyPolicy": "https://ofirmiron.com/findmycar/privacy",
    "genre": "Maps & Navigation",
    "contentRating": "PEGI 3",
    "released": "Sep 15, 2015",
    "lastUpdatedOn": "Jul 17, 2022",
    "appId": "com.ofirmiron.findmycarandroidwear",
    "permisions": {
        "Location": [
            "approximate location (network-based)",
            "precise location (GPS and network-based)"
        ],
        "Photos/Media/Files": [
            "modify or delete the contents of your USB storage",
            "read the contents of your USB storage"
        ],
        "Storage": [
            "modify or delete the contents of your USB storage",
            "read the contents of your USB storage"
        ],
        "Other": [
            "control vibration",
            "full network access",
            "pair with Bluetooth devices",
            "prevent device from sleeping",
            "read Google service configuration",
            "run at startup",
            "view network connections"
        ]
    }
}