{
    "title": "Easy Lease Rider App",
    "description": "Easy Lease is a platform providing Fleets on lease to its customers. This is a mobile app specially developed for riders including Motorcycle Riders, RSA Riders and Recovery Agents, enabling them to perform several activities.\r\n\r\n \r\n\r\nRiders can sign-in to the application, view, and manage their Ride. They can see their bike details and receive notification and information from Easy lease portal or Easy Lease customers. There are multiple activities that a user can perform through this mobile application.\r\n\r\n \r\n\r\nHere is a quick overview of the activities users can perform through the mobile application.\r\n\r\n \r\n\r\nBike Check-in and Checkout process:\r\n\r\nUpon receiving a bike, the users (Riders, RSA Riders, and Recovery Agents) can perform the ‘Check-out’ process through this application in a quick way. Similarly, during Bike servicing, the user can ‘Check in’ through the mobile app and receive a job card within the app.\r\n\r\n \r\n\r\nService booking:\r\n\r\nUsers can book service for the assigned bike through this mobile application. They can locate the nearest workshop, book service according to schedule, get reminders, and job card details, book a complaint, re-open a job card, and complete a job card.\r\n\r\n \r\n\r\nAccident-Breakdown Service Request:\r\n\r\nThrough the functionalities of this mobile application, the Rider can book accident service or breakdown service easily. This app will send the location data to the RSA agent or the Recovery agent based on Rider’s request. This will also help a rider to receive necessary assistance as quickly as possible.\r\n\r\n \r\n\r\nAt the time a Rider books a Breakdown or Accident service, the RSA Rider/Recovery Agent will receive the notification and request details. The RSA Rider/Recovery Agent can accept or reject their requests.\r\n\r\n \r\n\r\nService Updates:\r\n\r\nOnce the RSA Rider/Recovery Agent will accept the request from the rider, they will be able to see the request details, location, and images within the app itself.\r\n\r\n \r\n\r\nRider behavior and Reward:\r\n\r\nThis app also helps the users in tracking their Riding Behavior, it will help them to track their data and improve accordingly. Also, Easy Lease portal provides rewards to its users based on several parameters. They will be able to see their earned rewards points and redeem them against various items accordingly.\r\n\r\n \r\n\r\nSimilarly, on completion of an Accident/Breakdown request, the application will be providing reward points to the RSA Rider/Recovery Agent. They will be able to see their reward points and redeem them against various items as well.\r\n\r\n \r\n\r\nFeedback option:\r\n\r\nUsers can provide their valuable feedback to Easy Lease on all services performed through the application.",
    "summary": "Enabling Riders to perform multiple activities within a single application.",
    "installs": "10,000+",
    "score": null,
    "ratings": null,
    "price": 0,
    "currency": "EUR",
    "developer": "Easy Lease Motorcycle Rental LLC",
    "developerEmail": "easyleasedubai@gmail.com",
    "developerWebsite": null,
    "developerAddress": null,
    "privacyPolicy": "https://customer-iot.easylease.ae/privacy_policy.html",
    "genre": "Auto & Vehicles",
    "contentRating": "PEGI 3",
    "released": "Feb 4, 2023",
    "lastUpdatedOn": "Apr 28, 2023",
    "appId": "com.ridersupport.app.easylease",
    "permisions": {
        "Identity": [
            "find accounts on the device"
        ],
        "Contacts": [
            "find accounts on the device"
        ],
        "Location": [
            "approximate location (network-based)",
            "precise location (GPS and network-based)"
        ],
        "Photos/Media/Files": [
            "modify or delete the contents of your USB storage",
            "read the contents of your USB storage"
        ],
        "Storage": [
            "modify or delete the contents of your USB storage",
            "read the contents of your USB storage"
        ],
        "Camera": [
            "take pictures and videos"
        ],
        "Microphone": [
            "record audio"
        ],
        "Wi-Fi connection information": [
            "view Wi-Fi connections"
        ],
        "Other": [
            "control vibration",
            "create accounts and set passwords",
            "full network access",
            "prevent device from sleeping",
            "run at startup",
            "view network connections"
        ],
        "Uncategorized": [
            "receive data from Internet"
        ]
    }
}