{
    "title": "Mobilityways",
    "description": "The sustainable travel tool incorporating carpooling app Liftshare, and Liftshare For Work employer communities; plus coming soon are CommuteJournal for logging multi-modal commutes, and the rewards engine to encourage sustainable commutes, CommuteBoost.\r\n\r\nThe Mobilityways app hosts:\r\n\r\nLiftshare – The carpooling network that enables members of the public to easily find sharers and discover personal CO2e savings.\r\n\r\nLiftshare For Work employer communities – For sustainable and affordable commuting with work colleagues.\r\n\r\nCommute Journal - For logging multi-modal commutes, including lift-sharing.\r\n\r\nCommuteBoost - To reward employees for using sustainable commuting modes.\r\n\r\nLiftshare is the UK & Ireland’s largest public car sharing network, with almost 700,000 members. It’s a free-to-use journey matching platform for drivers and passengers taking both regular and one-off journeys. Liftshare provides a journey cost estimate to help sharers know how much to contribute.\r\n\r\nLiftshare members save £1034 a year, on average. They cut their fuel costs in half by sharing with just one other person. The Liftshare app displays your personal CO2e savings so you can see how much your sharing is helping the environment.\r\n\r\nUse the app to find and review journey matches, message other members and ask to share. There are also regular member rewards available for Liftshare public members from our select partners.\r\n\r\nLiftshare for Work utilises the Liftshare platform to enable sharing between colleagues and reduce an organisation’s commuting emissions. These employer-led and -branded Liftshare communities provide a closed/private car share scheme for employees (with public matches optional).\r\n\r\nThe user will receive all the tried and tested features of the Liftshare app, and can see personal as well as community CO2e savings. The employer can monitor lift-sharing stats, measure site and company-wide CO2 emission reduction, plus manage members.\r\n\r\nWith the addition of Liftshare parking permits, members can authenticate their journey in the app to receive a priority parking space at work on the day they car share. Ideal for organisations looking to reduce congestion and parking problems on-site, as well as reward sustainable commuting.\r\n\r\nCommuteJournal is a privacy-first tool that logs multi-modal legs of your commute and provides a carbon saving reporting. Modes that can be logged are: walking, running, cycling, driving, car sharing, bus and train.\r\n\r\nEmployers providing the tool, gain collective data on viable transport routes and can identify gaps in provision to develop sustainable commuting options. Discover trends in employees’ travel habits, with real-time data for speedy analysis of new initiatives.\r\n\r\nUsing CommuteJournal with the CommuteBoost rewards engine encourages participation in sustainable travel initiatives with rewards and incentives set against specific challenges.\r\n\r\nCommute Boost is a rewards engine where users can collect boosts for using sustainable travel modes. Employers can set targeted rewards that work for both the company and its staff – from additional annual leave to parking spaces, or even merchandise.\r\n\r\nChallenges can be set daily, weekly, monthly or ongoing. For example, Bike Week could be used to promote active travel and encourage physical wellbeing. Or those who carpool could receive preferential parking every day. Employees choose which challenges to join and can view colleagues who are taking part in the challenge.\r\n\r\nCommuteBoost enables employers to incentivise the specific sustainable commuting action and modal shift required, per organisation or site. Plus, directly track the success of new initiatives with daily data.",
    "summary": "Easily find fellow carpoolers with Liftshare, and Liftshare For Work communities",
    "installs": "5,000+",
    "score": null,
    "ratings": null,
    "price": 0,
    "currency": "EUR",
    "developer": "Liftshare.com Ltd",
    "developerEmail": "support@mobilityways.com",
    "developerWebsite": "https://www.mobilityways.com/",
    "developerAddress": null,
    "privacyPolicy": "https://www.mobilityways.com/privacy-policy/",
    "genre": "Health & Fitness",
    "contentRating": "PEGI 3",
    "released": "Aug 8, 2024",
    "lastUpdatedOn": "Apr 23, 2025",
    "appId": "com.mobilityways.app",
    "permisions": {
        "Location": [
            "approximate location (network-based)",
            "precise location (GPS and network-based)"
        ],
        "Photos/Media/Files": [
            "modify or delete the contents of your USB storage",
            "read the contents of your USB storage"
        ],
        "Storage": [
            "modify or delete the contents of your USB storage",
            "read the contents of your USB storage"
        ],
        "Camera": [
            "take pictures and videos"
        ],
        "Microphone": [
            "record audio"
        ],
        "Wi-Fi connection information": [
            "view Wi-Fi connections"
        ],
        "Other": [
            "connect and disconnect from Wi-Fi",
            "control vibration",
            "draw over other apps",
            "full network access",
            "prevent device from sleeping",
            "read Google service configuration",
            "run at startup",
            "view network connections"
        ],
        "Uncategorized": [
            "receive data from Internet"
        ]
    }
}