{
    "title": "calimoto — Motorcycle GPS",
    "description": "Join over three million motorcyclists and start your adventure with calimoto now! Plan rides, navigate, save your trips, and get inspired by other bikers — all with one app.\r\n\r\nExperience the thrill of riding on the world’s most winding roads! With our unique twisty roads algorithm and special motorcycle map, you'll always find the perfect route. With the Round Trip Planner, you can easily plan a route, save it, and take off.\r\n\r\nTop 5 calimoto features: \r\n\r\n1. Trip Planner: Create custom routes and round trips — in the app and on the web.\r\n2. Turn-by-turn voice navigation: with caution point alerts.\r\n3. Points of interest (POIs): Add gas stations, restaurants, biker meet-ups, and more to your route.\r\n4. GPX feature: Import planned and completed rides from navigation devices into the app.\r\n5. Offline maps: Save maps on your phone and navigate without the internet.\r\n\r\nAdvantages of calimoto\r\nDon’t feel like long planning sessions? Choose from tens of thousands of routes ridden by other bikers — worldwide!\r\n\r\nActivate the recording mode to get an overview of key data like speed, elevation, and more after each ride. Share your experiences in the community or on social media. Sync your rides across all your devices and add your motorcycle to your own mobile garage. Plus, enjoy terrain and satellite views, and benefit from additional routing profiles!\r\n\r\nBecome a Premium member now and get access to worldwide offline maps, navigation, speed limits, caution point alerts, and lean angle and acceleration analysis.\r\n\r\nDownload the calimoto app now and let the riding fun begin!\r\n\r\nTerms of Use (T&C): https://calimoto.com/en/information/terms-of-use\r\nPrivacy Policy: https://calimoto.com/en/information/privacy-policy",
    "summary": "Navigation, route planner, and tracking for motorcyclists — even offline!",
    "installs": "1,000,000+",
    "score": 4.3659673,
    "ratings": 47560,
    "price": 0,
    "currency": "EUR",
    "developer": "calimoto GmbH",
    "developerEmail": "support@calimoto.com",
    "developerWebsite": "http://calimoto.com",
    "developerAddress": "Babelsberger Straße 12\n14473 Potsdam",
    "privacyPolicy": "https://calimoto.com/information/privacy-policy",
    "genre": "Maps & Navigation",
    "contentRating": "PEGI 3",
    "released": "May 24, 2017",
    "lastUpdatedOn": "May 5, 2025",
    "appId": "com.calimoto.calimoto",
    "permisions": {
        "Location": [
            "approximate location (network-based)",
            "precise location (GPS and network-based)"
        ],
        "Photos/Media/Files": [
            "modify or delete the contents of your USB storage",
            "read the contents of your USB storage"
        ],
        "Storage": [
            "modify or delete the contents of your USB storage",
            "read the contents of your USB storage"
        ],
        "Wi-Fi connection information": [
            "view Wi-Fi connections"
        ],
        "Other": [
            "change your audio settings",
            "control vibration",
            "full network access",
            "install shortcuts",
            "pair with Bluetooth devices",
            "prevent device from sleeping",
            "read Google service configuration",
            "run at startup",
            "view network connections"
        ],
        "Uncategorized": [
            "receive data from Internet"
        ]
    }
}