{
    "title": "Capital Bikeshare",
    "description": "Capital Bikeshare is DC, Virginia, and Maryland’s bike share system, and the first large scale bikeshare in the nation. Capital Bikeshare (CaBi) has thousands of bikes at hundreds of stations across Washington DC, Arlington, Alexandria, Tysons, Reston, Silver Spring, Takoma Park, Bethesda and Chevy Chase. Best of all, it’s available 24/7.\r\n\r\nCaBi consists of a fleet of specially designed, sturdy and durable bikes that are locked into a network of docking stations throughout the city. The bikes can be unlocked from one station and returned to any other station in the system, making them ideal for one-way trips. People use bike share to commute to work, meet friends for dinner, or simply cruise around and see new sights. After signing up, all trips under 30 minutes are free.\r\nThe CaBi App lets you purchase rides, unlock a bike, and ride right away. You can also view all station locations, see available bikes and docks, and get walking directions to them to start your ride.\r\n\r\nThe Capital Bikeshare app also shows upcoming public transit departures, including WMATA Metrorail, Metrobus, and shuttle lines, DC Circulator buses, Fairfax Connector buses, Montgomery RideOn buses, Alexandria DASH buses, Prince George’s County TheBus buses, Arlington Regional Transit buses, VRE trains, and the Silver Line Express. \r\n\r\nWithin the app, you can purchase the following:\r\nSingle Ride\r\nAccess Pass\r\nMembership\r\n\r\nHappy riding!",
    "summary": "The official bikeshare system for DC, Maryland, and Virginia",
    "installs": "100,000+",
    "score": 5,
    "ratings": 1691,
    "price": 0,
    "currency": "EUR",
    "developer": "Lyft, Inc.",
    "developerEmail": "app@capitalbikeshare.com",
    "developerWebsite": "http://www.capitalbikeshare.com",
    "developerAddress": null,
    "privacyPolicy": "https://www.lyft.com/privacy",
    "genre": "Travel & Local",
    "contentRating": "PEGI 3",
    "released": "Jun 14, 2017",
    "lastUpdatedOn": "May 2, 2025",
    "appId": "com.motivateco.capitalbikeshare",
    "permisions": {
        "Identity": [
            "find accounts on the device"
        ],
        "Calendar": [
            "read calendar events plus confidential information"
        ],
        "Contacts": [
            "find accounts on the device",
            "read your contacts"
        ],
        "Location": [
            "approximate location (network-based)",
            "precise location (GPS and network-based)"
        ],
        "Phone": [
            "directly call phone numbers",
            "read phone status and identity"
        ],
        "Photos/Media/Files": [
            "modify or delete the contents of your USB storage",
            "read the contents of your USB storage"
        ],
        "Storage": [
            "modify or delete the contents of your USB storage",
            "read the contents of your USB storage"
        ],
        "Camera": [
            "take pictures and videos"
        ],
        "Wi-Fi connection information": [
            "view Wi-Fi connections"
        ],
        "Device ID & call information": [
            "read phone status and identity"
        ],
        "Other": [
            "access Bluetooth settings",
            "allow Wi-Fi Multicast reception",
            "connect and disconnect from Wi-Fi",
            "control Near Field Communication",
            "control vibration",
            "draw over other apps",
            "full network access",
            "pair with Bluetooth devices",
            "prevent device from sleeping",
            "read Google service configuration",
            "run at startup",
            "view network connections"
        ],
        "Uncategorized": [
            "receive data from Internet"
        ]
    }
}