{
    "title": "eBike Connect",
    "description": "The eBike Connect app is the control center for your eBike. You can connect to your eBike view ebike information, perform assist settings and firmware update on eBike. Our after-sales team can also be contacted via the app. Provide you with better riding experience and services.",
    "summary": "The eBike Connect app is the control center for your eBike.",
    "installs": "10,000+",
    "score": null,
    "ratings": null,
    "price": 0,
    "currency": "EUR",
    "developer": "MAGENE",
    "developerEmail": "magenedv@magene.com",
    "developerWebsite": "https://www.magene.com/",
    "developerAddress": null,
    "privacyPolicy": "https://www.magene.cn/protocol/2023120101/en/privacyProtocol.html",
    "genre": "Tools",
    "contentRating": "PEGI 3",
    "released": "Dec 14, 2023",
    "lastUpdatedOn": "Aug 13, 2024",
    "appId": "com.magene.ebikeconnect",
    "permisions": {
        "Location": [
            "approximate location (network-based)",
            "precise location (GPS and network-based)"
        ],
        "Photos/Media/Files": [
            "read the contents of your USB storage"
        ],
        "Storage": [
            "read the contents of your USB storage"
        ],
        "Wi-Fi connection information": [
            "view Wi-Fi connections"
        ],
        "Other": [
            "access Bluetooth settings",
            "control vibration",
            "full network access",
            "pair with Bluetooth devices",
            "view network connections"
        ]
    }
}