{
    "title": "LA Metro - Map & Route Planner",
    "description": "LA Metro is the navigation app that makes travelling by LA Metro transit in Los Angeles simple 🚇\r\n\r\nFrom the Hollywood Walk of Fame to the Santa Monica, cheering on the Lakers or rooting for the Dodgers, whether you’re a Los Angeles native on your commute to work or sightseeing fresh from LAX we’ll show you the best way to get where you’re going in Los Angeles. We make taking the Metro easy. You’ll be a TAP tapping pro in no time\r\n\r\n\r\n🗺 Tap, tap, tap!\r\nPan and zoom your way across Los Angeles with ease using our simple, interactive maps. We’ll even show your route on the map\r\n\r\n🚝 Plan journeys, sharpish\r\nSearch for stations and find your way using the world’s fastest route planner\r\n\r\n🌍 No internet? No problem\r\nMaps and journey planning even work offline\r\n\r\n🔄 Regular map updates\r\nAuto-magic updates keep our maps always up-to-date and box fresh\r\n\r\n📍 Every step of the way\r\nStep-by-step guide means you’ll never get lost again\r\n\r\n🌟 Save your faves\r\nFrom finding your way back home, to taking the stress out of commuting, and all the places in-between. Your personal Shortcuts are never more than a swipe away\r\n\r\n⏱ See the next trains\r\nDeparture Boards take the guess work out of travelling. No more wasted time stuck on crowded platforms\r\n\r\n\r\nLA Metro VIP features:\r\n\r\n📣 An ad-free experience\r\nProper VIP treatment, with no ads, ever\r\n\r\n🏃‍♂️ Priority support\r\nProblem with the app? We’ll be there to help you out\r\n\r\n\r\n\r\nWe’re the world's number one for transit apps, check out our world-famous Tube Map London, New York Subway Map and Paris Metro Map apps today 🌍\r\n\r\nVisiting Boston, Washington or New York soon? We’ve got you covered there too. Take our apps with you, just search Mapway on Google Play",
    "summary": "Map & Route Planner for the LA Metro",
    "installs": "5,000+",
    "score": null,
    "ratings": null,
    "price": 0,
    "currency": "EUR",
    "developer": "Mapway",
    "developerEmail": "support@mapway.com",
    "developerWebsite": "http://mapway.com",
    "developerAddress": "Mapway Limited\nDalton Place\n29 John Dalton Street\nManchester\nM2 6DS",
    "privacyPolicy": "https://www.mapway.com/mapway-privacy-policy-and-permissions/",
    "genre": "Maps & Navigation",
    "contentRating": "PEGI 3",
    "released": "Sep 9, 2021",
    "lastUpdatedOn": "Dec 13, 2024",
    "appId": "com.mapway.losangelesmetro",
    "permisions": {
        "Location": [
            "approximate location (network-based)",
            "precise location (GPS and network-based)"
        ],
        "Wi-Fi connection information": [
            "view Wi-Fi connections"
        ],
        "Other": [
            "control vibration",
            "full network access",
            "prevent device from sleeping",
            "view network connections"
        ],
        "Uncategorized": [
            "receive data from Internet"
        ]
    }
}