{
    "title": "Itinerate - Travel planner",
    "description": "Discover a new horizon of travel planning with Itinerate. Your one-stop solution for planning, organizing, and visualizing your travel journeys.\r\n\r\n- Seamlessly weave your entire trip in one hub. Rely on data from travel giants like Yelp, Foursquare, Here, Google Places, and beyond.\r\n\r\n- Collaborate in real-time, build, and share your travel plans with loved ones, ensuring everyone is on the same page. You can also now export your entire trip into PDF format.\r\n\r\n- Engage with your journey plans in an aesthetically pleasing, interactive timeline.\r\n\r\n- Pin essential information for each destination, including accommodations, activities, dining spots, notes, and more. Access everything offline and on the go.\r\n\r\n- Visualize your trip timeline and saved locations on interactive, intuitive maps.\r\n\r\n- Dive deep into detailed data about businesses, activities, hotels, and flights with comprehensive descriptions, images, and reviews.\r\n\r\n- Forward any reservation to the generated email address provided, and Itinerate will import them into the app for further use and organization.\r\n\r\n- Uncover trip statistics like travel distance, commute time, total nights, and more.\r\n\r\n- Get fast access to useful shortcuts such as directions on Google Maps or a place's website.\r\n\r\n- Find and book flights, hotels, and activities directly within the app, then add them to your timeline for a holistic view.\r\n\r\n- Experience the app on all Android devices, in all orientations, with a user-friendly interface.\r\n\r\nWhile updates may not always be swift due to me being a solo developer, your satisfaction is my priority. Please reach out with feedback or feature requests either in the Support section or email me at application.craftsman@gmail.com. Thank you for your understanding!\r\n\r\nTake a closer look at all the features and screenshots on the landing page:\r\nhttps://itinerate.app\r\n\r\nLearn about how we respect and protect your data in our privacy policy:\r\nhttps://itinerate.app/privacy-policy/",
    "summary": "Plan and visualize your travel adventures, all in one place.",
    "installs": "10,000+",
    "score": 4.090909,
    "ratings": 568,
    "price": 0,
    "currency": "EUR",
    "developer": "Sean Blahovici",
    "developerEmail": "application.craftsman@gmail.com",
    "developerWebsite": "https://itinerate.app",
    "developerAddress": "1910 Rue Gilford, Montréal, QC H2H 1G7",
    "privacyPolicy": "https://itinerate.app/privacy-policy/",
    "genre": "Travel & Local",
    "contentRating": "PEGI 3",
    "released": "Dec 8, 2020",
    "lastUpdatedOn": "Apr 6, 2025",
    "appId": "com.blahovici.itinerate",
    "permisions": {
        "Location": [
            "approximate location (network-based)",
            "precise location (GPS and network-based)"
        ],
        "Wi-Fi connection information": [
            "view Wi-Fi connections"
        ],
        "Other": [
            "Google Play license check",
            "full network access",
            "prevent device from sleeping",
            "read Google service configuration",
            "view network connections"
        ],
        "Uncategorized": [
            "receive data from Internet"
        ]
    }
}