{
    "title": "Rentop: Bike & Car Rentals",
    "description": "Rentop is a vehicle sharing platform where travellers can rent vehicles from local owners. Free to join & no annual fees.\r\n\r\nRentop makes vehicle sharing easy! Instantly rent and ride great vehicles like scooters, bikes and bicycles. \r\n\r\nOur vehicle sharing platform provides users with simple on-demand rentals, by the hour or day or months. Vehicle owners can make quick money to offset the high cost of vehicle ownership by sharing their vehicle on Rentop’s platform.\r\n\r\nJoining is easy. Just download the app and start renting a wide variety of vehicles on our platform, from a Honda Activa to a Harley Davidson-no subscription is required. \r\n\r\nWe believe in sustainability and sharing to build a better tomorrow. Sharing leads to fewer vehicles on the road, which means less traffic and less pollution. \r\n\r\nRentop helps you earn while sitting at home and putting your idle vehicles to use. Most importantly, it helps riders find vehicles to fulfil their needs and inspire their next adventure.",
    "summary": "Rent Scooter,Bike & Cars",
    "installs": "10,000+",
    "score": null,
    "ratings": null,
    "price": 0,
    "currency": "EUR",
    "developer": "Plixr Technologies Private Limited",
    "developerEmail": "support@rentop.in",
    "developerWebsite": null,
    "developerAddress": null,
    "privacyPolicy": "https://rentop.in/privacy-policy/",
    "genre": "Auto & Vehicles",
    "contentRating": "PEGI 3",
    "released": "Feb 16, 2023",
    "lastUpdatedOn": "Jun 13, 2024",
    "appId": "com.rentop",
    "permisions": {
        "Location": [
            "approximate location (network-based)",
            "precise location (GPS and network-based)"
        ],
        "Phone": [
            "directly call phone numbers",
            "read phone status and identity"
        ],
        "Photos/Media/Files": [
            "modify or delete the contents of your USB storage",
            "read the contents of your USB storage"
        ],
        "Storage": [
            "modify or delete the contents of your USB storage",
            "read the contents of your USB storage"
        ],
        "Camera": [
            "take pictures and videos"
        ],
        "Microphone": [
            "record audio"
        ],
        "Wi-Fi connection information": [
            "view Wi-Fi connections"
        ],
        "Device ID & call information": [
            "read phone status and identity"
        ],
        "Other": [
            "control vibration",
            "full network access",
            "prevent device from sleeping",
            "run at startup",
            "view network connections"
        ],
        "Uncategorized": [
            "receive data from Internet"
        ]
    }
}