{
    "title": "Online Ticket Booking",
    "description": "Online ticket booking application is an all in one application for book tickets online for bus, flights, train, movies, cabs and hotels.We ensure to add all popular services available in market and with a single click user can choose their favorite online service partner without instaling serveral application. We are trying to launch instant app for each application.\r\n\r\nCoupons and deals are most highlighted part of our application which ensure to provide all popular stores deals and coupons that helps\r\nusers to get all latest deals and coupons without browsing and save time.\r\n\r\nWe include services such as\r\n\r\n* Online Bus ticket booking\r\n* Online Train ticket booking\r\n* Online Flight ticket booking\r\n* Online Movie ticket booking\r\n* Online Hotel booking\r\n* Online Cab booking\r\n\r\nOnline Bus ticket booking helps to book your bus from all popular services such as\r\n\r\n* RedBus offers\r\n* Travelyaari\r\n* TicketGoose\r\n* Yatra\r\n* Paytm\r\n* Abhibus\r\n* Karnataka SRTC\r\n* Kerala SRTC\r\n* TNSRTC\r\n* BMTC\r\n* BusIndia.\r\n\r\nOnline Train ticket booking helps to book your trains from all popular services such as\r\n\r\n* IRCTC\r\n* RailYatri\r\n* ClearTrip\r\n* Live Train Status\r\n* Goibibo\r\n* Yatra\r\n* MakeMyTrip\r\n* Ixigo\r\n\r\nOnline Flight ticket booking helps to book your flights from all popular services such as\r\n\r\n* MakeMyTrip\r\n* ClearTrip\r\n* CheapFlights\r\n* Yatra\r\n* Whizz\r\n* Expedia\r\n* Ixigo\r\n* Goibibo\r\n* Via\r\n* AirIndia\r\n* Qatar Airways\r\n* AirAsia\r\n* Indigo\r\n* Etihad\r\n* SpiceJet\r\n* Jet Airways.\r\n\r\nOnline Movie ticket booking helps to book your movie tickets from all popular services such as\r\n\r\n* BookMyShow\r\n* TicketNew\r\n* Justickets\r\n* PVR\r\n* Cinepolis\r\n* Jazz Cinemas.\r\n\r\nOnline Hotel booking helps to book your hotel rooms from all popular services such as\r\n\r\n* Fab Hotels\r\n* Trivago\r\n* Agoda\r\n* ClearTrip\r\n* Booking\r\n* MakeMytrip\r\n* RedBus\r\n* Expedia\r\n* Goibibo\r\n* Yatra\r\n* Oyo\r\n* Via\r\n* Ixigo\r\n* Treebo Hotels\r\n\r\nOnline Cab booking helps to book your cabs from all popular services such as\r\n\r\n* Uber\r\n* Ola\r\n* Meru Cabs\r\n* ZoomCars\r\n* Goibibo\r\n* EasyCabs\r\n* MyTaxiIndia\r\n\r\nGet Coupons and deals from all popular stores such as\r\n\r\n* Uber\r\n* Swiggy\r\n* Dominos Pizza\r\n* Myntra\r\n* BookMyShow\r\n* Zomato\r\n* Pizza Hut\r\n* Paytm\r\n* Amazon\r\n* ClearTrip\r\n* Freecharge\r\n* Flipkart\r\n* Yatra\r\n* FreshMenu\r\n* Nykaa\r\n* MakeMyTrip\r\n* Zivame\r\n* ZoomCar\r\n* Paytm Bus\r\n* Goibibo\r\n* Mobikwik\r\n* Nearbuy\r\n* FernsnPetals\r\n* FoodPanda\r\n* Grofers\r\n* Cafe Coffee Day\r\n* PhonePe\r\n* Jabong\r\n* Koovs\r\n* ShopClues\r\n* Paytm Movies\r\n\r\nDisclaimer:\r\n1. All websites featured in the app have gone through a permission process, making sure content is reproduced post contact via email, telephone, affiliate management services, etc. If the owners of any of the websites are to notice any violation of terms & conditions, please bring to our notice immediately via email.\r\n2. All content on the app is third-party content owned by the respective website. Each website follows independent terms of use and privacy policies. Please read their terms & conditions carefully before use. In case you have a concern, you could get in touch with us via email. Action will be taken within 60 minutes\r\n\r\n\r\nDeveloped by, Rons Technologies",
    "summary": "Book your all ticket online by using this all in one online ticket booking app",
    "installs": "1,000,000+",
    "score": 0,
    "ratings": 0,
    "price": 0,
    "currency": "EUR",
    "developer": "Rons Tech",
    "developerEmail": "ronstechnologies@gmail.com",
    "developerWebsite": "http://ronstech.co.in/",
    "developerAddress": "iTechniqz Solutions\nKakkanatt Complex\nThellakom P.O\nKottayam",
    "privacyPolicy": "http://ronstech.co.in/privacy-policy.html",
    "genre": "Travel & Local",
    "contentRating": "PEGI 3",
    "released": "Jul 15, 2016",
    "lastUpdatedOn": "Dec 10, 2024",
    "appId": "com.ronstech.onlineticket",
    "permisions": {
        "Location": [
            "approximate location (network-based)",
            "precise location (GPS and network-based)"
        ],
        "Photos/Media/Files": [
            "modify or delete the contents of your USB storage",
            "read the contents of your USB storage"
        ],
        "Storage": [
            "modify or delete the contents of your USB storage",
            "read the contents of your USB storage"
        ],
        "Other": [
            "control vibration",
            "full network access",
            "prevent device from sleeping",
            "view network connections"
        ]
    }
}