{
    "title": "Metro Route Map Guide",
    "description": "Metro Route Map for route map fare and parking station gate info.\r\nDisclaimer :-\r\nMetro Route Map Guide is Not a Government entity\r\nMetro Route Map Guide is a privately maintained and managed application. It is not government entity.  It has no official connection or affiliation with Delhi Metro, DMRC, Delhi Transport Corporation, or any related organizations. All the content in this app is intended for general information purposes use only. While we strive to provide accurate and up-to-date information, users are encouraged to verify details with official sources.",
    "summary": "NCR Delhi Metro - Route Map ,Fare, Timing, Bus Service, Station Gate Info",
    "installs": "500,000+",
    "score": null,
    "ratings": null,
    "price": 0,
    "currency": "EUR",
    "developer": "Sensible Labs",
    "developerEmail": "sensiblelab@gmail.com",
    "developerWebsite": null,
    "developerAddress": null,
    "privacyPolicy": "https://sensiblelabs.in/privacy-policy.php",
    "genre": "Travel & Local",
    "contentRating": "PEGI 3",
    "released": "Oct 11, 2018",
    "lastUpdatedOn": "Jan 28, 2025",
    "appId": "com.sensiblelabs.delhimetroguide",
    "permisions": {
        "Wi-Fi connection information": [
            "view Wi-Fi connections"
        ],
        "Other": [
            "control vibration",
            "full network access",
            "prevent device from sleeping",
            "run at startup",
            "view network connections"
        ],
        "Uncategorized": [
            "receive data from Internet"
        ]
    }
}