{
    "title": "RER info",
    "description": "Except for RER A and B, this application allows you to search the times of upcoming trains RER C, D, E, as well as suburban trains H, J, K, L, N, P, R and U passing at the station of your choice, in real-time, in all the region of Île de France.\r\nThe application uses an access to the API Temps Réel Transilien http://api.transilien.com.\r\nTimes are provided only for the following lines: C, D, E, H, J, K, L, N, P, R, U.",
    "summary": "Lists the next trains passing at the station of your choice in Île de France.",
    "installs": "50,000+",
    "score": 3.57,
    "ratings": 254,
    "price": 0,
    "currency": "EUR",
    "developer": "Sebastian Timocea",
    "developerEmail": "sebastian.timocea@gmail.com",
    "developerWebsite": null,
    "developerAddress": null,
    "privacyPolicy": "https://docs.google.com/document/d/1iJon-3-PAJxW_0Uql0LKxcIT5NHxgNeibd5k7HtGzGA/edit?usp=sharing",
    "genre": "Maps & Navigation",
    "contentRating": "PEGI 3",
    "released": "May 8, 2016",
    "lastUpdatedOn": "Jan 26, 2020",
    "appId": "com.argenti.rerinfo",
    "permisions": {
        "Location": [
            "approximate location (network-based)",
            "precise location (GPS and network-based)"
        ],
        "Photos/Media/Files": [
            "modify or delete the contents of your USB storage",
            "read the contents of your USB storage"
        ],
        "Storage": [
            "modify or delete the contents of your USB storage",
            "read the contents of your USB storage"
        ],
        "Other": [
            "control vibration",
            "full network access",
            "view network connections"
        ]
    }
}