{
    "title": "Getaround",
    "description": "Rent cars by the hour, day or week and unlock them with the app. No subscription is needed. As the world's leading carsharing platform, Getaround boasts over 5 million users and more than 70,000 vehicles in over 300 cities.\r\n\r\nGetaround makes carsharing easy! Instantly rent and unlock great cars from your phone with the Getaround app.\r\n\r\nDrive confidently knowing comprehensive insurance covers every carsharing trip.\r\n\r\nChoose your perfect car safely:\r\n\r\nReliable and flexible, Getaround helps you rent a luxury car 24 hours a day, 7 days a week, without the time-consuming paperwork, queues and counters. Ideal for saving time when you're out of town for a few days.\r\n\r\nJoining is easy. Just download the app and start renting a wide variety of cars on our platform, from a Toyota to a Tesla, no subscription is required. Insurance is never a problem. Getaround offers multiple protection plans - or use your own insurance to save even more.\r\n\r\nA car for each need: family cars for vacations, vans for moving days, compact cars for city trips, luxury vehicles for business meetings, minibuses for road trips with friends, etc.\r\n\r\nUse Getaround for every occasion: weekend getaways, visiting friends, moving houses, business travel, city tours, shopping trips, road trips with friends, client meetings, etc.\r\n\r\nSelect your perfect car using filters by car type, equipment, number of seats and price.\r\n\r\nRent a car in just a few taps on Getaround app:\r\n\r\n1. Search for cars nearby\r\n2. Choose the one that fits your needs\r\n3. Rent it through the app\r\n4. Unlock/lock it with your smartphone\r\n5. Drop it off when done\r\n\r\nGetaround across Europe:\r\n\r\n- France: Paris, Lyon, Bordeaux, Marseille, Toulouse, Montpellier, Nice, Avignon, Aéroport Roissy-Charles de Gaulle, Paris Orly\r\n- Germany: Berlin, Berlin Tegel Airport, Hamburg, Munich, Stuttgart, Frankfurt\r\n- Spain: Barcelona, Barcelona El Prat Airport, Madrid, Madrid Barajas Airport\r\n- Belgium: Brussels, Antwerp\r\n- Austria: Vienna, Salzburg\r\n\r\nGetaround for Car Owners:\r\n\r\n- Rent out effortlessly using Getaround Connect technology\r\n- Manage your rentals easily directly through the app\r\n \r\nHow it works?\r\n \r\n1. List your car: enter key details about your vehicle, and we will contact you to schedule the installation of our device\r\n2. Receive bookings: once we verify their identity, drivers can reserve your car for the times you specify as available\r\n3. Renting made easy: drivers can find your car and use their phone to unlock it independently, or inspect and sign the contract directly with you\r\n4. Get paid: funds are transferred to your bank account within five working days after each rental\r\n\r\n\r\nGetaround for Businesses:\r\n\r\n- Pay with personal or business credit cards\r\n- Receipts available\r\n- Premium cars available for business appointments\r\n\r\nQuestions? Visit https://getaround.com/help for assistance",
    "summary": "Car rental - carsharing",
    "installs": "1,000,000+",
    "score": 4.404561,
    "ratings": 49356,
    "price": 0,
    "currency": "EUR",
    "developer": "Getaround",
    "developerEmail": "android@getaround.com",
    "developerWebsite": "https://en.getaround.com",
    "developerAddress": null,
    "privacyPolicy": "https://en.getaround.com/privacy",
    "genre": "Travel & Local",
    "contentRating": "PEGI 3",
    "released": "May 2, 2012",
    "lastUpdatedOn": "Apr 29, 2025",
    "appId": "com.c4mprod.voiturelib",
    "permisions": {
        "Location": [
            "approximate location (network-based)",
            "precise location (GPS and network-based)"
        ],
        "Phone": [
            "read phone status and identity"
        ],
        "Photos/Media/Files": [
            "modify or delete the contents of your USB storage",
            "read the contents of your USB storage"
        ],
        "Storage": [
            "modify or delete the contents of your USB storage",
            "read the contents of your USB storage"
        ],
        "Camera": [
            "take pictures and videos"
        ],
        "Microphone": [
            "record audio"
        ],
        "Wi-Fi connection information": [
            "view Wi-Fi connections"
        ],
        "Device ID & call information": [
            "read phone status and identity"
        ],
        "Other": [
            "access Bluetooth settings",
            "change your audio settings",
            "control Near Field Communication",
            "control vibration",
            "full network access",
            "pair with Bluetooth devices",
            "prevent device from sleeping",
            "read Google service configuration",
            "run at startup",
            "view network connections"
        ],
        "Uncategorized": [
            "receive data from Internet"
        ]
    }
}