{
    "title": "Bee Network",
    "description": "Say yellow to the Bee Network app, brought to you by Transport for Greater Manchester. You can find your nearest stop, get live departure times, track your bus, plan a journey and buy and use tram tickets.\r\n\r\nUse the Bee Network app to:\r\n•\tTrack bus live locations\r\n•\tFind your nearest stops and departure times, save your favourites for quick access\r\n•\tPlan your journey on public transport or by active travel \r\n•\tBuy and display tram, bus and multi modal tickets\r\n•\tView active, purchased and expired tickets\r\n•\tRate your journey\r\n\r\n\r\nBUS TRACKING\r\nView the live locations of buses on a map and track them along the route to your stop. You can also see the locations of subsequent buses and where they are currently are on the route. \r\n\r\n\r\nLIVE TRAVEL UPDATES\r\nGet live departure times for bus, tram and train. Find your nearest stop, select it as a ‘favourite’ and stay updated.\r\n\r\n\r\nJOURNEY PLANNING\r\nYou can plan public transport journeys on buses, trams and trains as well as active travel via cycling, cycle hire and walking. Filter results by travel mode or step-free access. Park and ride options are provided when available.\r\n\r\nWe will let you know the right ticket for your journey and either give you the option to buy it in the app or provide you with pricing information and instructions for other retail channels.\r\n\r\n\r\nBUY, SAVE AND DISPLAY TICKETS FROM THE APP\r\nYou can buy selected bus and tram tickets on the Bee Network app, including our new Bee AnyBus+Tram tickets and use the app to display or scan your ticket when boarding or for inspection.\r\n\r\nYou can now pay easily with Apple Pay and Google Pay as well as the option to save your payment details, to make it quicker and easier when you’re buying your tickets.\r\n\r\n\r\nRATE YOUR JOURNEY\r\nLet us know about your bus and tram journeys in Greater Manchester. We will use your feedback to shape the Bee Network.\r\n\r\n\r\nFor further information go to beenetwork.com\r\n\r\nPlease note that you must have a valid ticket to travel on public transport otherwise you are liable for a Penalty Fare.\r\n\r\nIf you are using the app to buy and display tickets for travel, make sure your phone has enough battery to display your ticket for the duration of your journey.\r\n\r\nBee Network: Powered by Transport for Greater Manchester.\r\nEvery journey. Every day.",
    "summary": "Official TfGM travel app",
    "installs": "100,000+",
    "score": null,
    "ratings": null,
    "price": 0,
    "currency": "EUR",
    "developer": "Transport for Greater Manchester",
    "developerEmail": "hello@beenetwork.com",
    "developerWebsite": null,
    "developerAddress": null,
    "privacyPolicy": "https://tfgm.com/privacy-policy",
    "genre": "Travel & Local",
    "contentRating": "PEGI 3",
    "released": "Aug 31, 2023",
    "lastUpdatedOn": "Apr 21, 2025",
    "appId": "com.tfgm.beenetwork",
    "permisions": {
        "Location": [
            "approximate location (network-based)",
            "precise location (GPS and network-based)"
        ],
        "Photos/Media/Files": [
            "modify or delete the contents of your USB storage",
            "read the contents of your USB storage"
        ],
        "Storage": [
            "modify or delete the contents of your USB storage",
            "read the contents of your USB storage"
        ],
        "Camera": [
            "take pictures and videos"
        ],
        "Microphone": [
            "record audio"
        ],
        "Wi-Fi connection information": [
            "view Wi-Fi connections"
        ],
        "Other": [
            "control Near Field Communication",
            "control vibration",
            "draw over other apps",
            "full network access",
            "modify system settings",
            "prevent device from sleeping",
            "read Google service configuration",
            "run at startup",
            "view network connections"
        ],
        "Uncategorized": [
            "receive data from Internet"
        ]
    }
}