{
    "title": "Scooter Moto Rent",
    "description": "We offer you an app to reserve electrical and gasoline motorbikes. With Scooter Moto Rent, now renting a motorbike is easy and fast. You'll be able to choose between multiple brands and CC.\r\n\r\nWe are based in Barcelona and Mallorca.\r\n\r\nUse the bike as long as you need. The delivery of the bike is done at the same agency you took your bike from.\r\n\r\nTwo helmets are included with each rental.",
    "summary": "Rent motorbikes for hours, days or weeks",
    "installs": "5,000+",
    "score": 5,
    "ratings": 15,
    "price": 0,
    "currency": "EUR",
    "developer": "Sharing Moto Rent",
    "developerEmail": "barcelonamotorent@gmail.com",
    "developerWebsite": null,
    "developerAddress": null,
    "privacyPolicy": "https://barcelona-moto-rent.com/aviso-legal-politica-privacidad/",
    "genre": "Travel & Local",
    "contentRating": "PEGI 3",
    "released": "Sep 25, 2020",
    "lastUpdatedOn": "Aug 30, 2024",
    "appId": "com.sharingmotorent",
    "permisions": {
        "Other": [
            "full network access",
            "prevent device from sleeping",
            "run at startup",
            "view network connections"
        ]
    }
}