{
    "title": "Car service tracker",
    "description": "Track all your car services with this cool car service record app!\r\n\r\n• Car service management: add car repairs, insurances, fines and other expenses. You may separately specify spare parts and labor cost. Attach photos to your car maintenance log. Put in service and make photos of everything that is important: oil producer and grade, payment bill or even the face of the service man! Service operations and paperwork expenses are accounted separately. Usually car services costs are much more interesting to track but it is also important not to forget about insurance expiration date.\r\n\r\n• Car service reminder: set up reminders for regular operations like oil change, filters change, brake fluid change, insurance etc. If you are searching for oil change tracker then that's it. You may set reminders by date or by mileage. When the date of the reminder is close you'll receive notifications about services. Mileage is not necessary field to input car service, but if you put it then you'll receive reminders based on mileage as well as on date - what happens first.\r\n\r\n• Car expenses manager: see detailed expense plots by months or by years of ownership. If you want to know how much money car needs for the maintenance or how costs grow from year to year then put all the information in this service log and see the graphics. Taxes, fines, insurance are calculated to the separate plot values.\r\n\r\n• Full support for several cars. Add cars to the garage and track expenses and services for each one. Set up reminders for the cars. See what car maintenance becomes too expensive and may be that's a good idea to buy newer one. \r\n\r\n• For those who use miles as the distance unit. It is full support for miles in this app. Currency is auto detected by the operation system.\r\n\r\n• About mileage tracking. Of course it is not easy to put in mileage for the service operations because you have too look on the dashboard and put many digits. So in this app mileage is optional. But for operation like oil change it is more likely that you'll put it into form. Based on this mileage data reminders generation algorithm will try to predict mileage for the present day and notify you.\r\n\r\n• Backup to Google account (Google Drive) is fully supported. All data may be fully saved to the Google Drive for your Google account and then restored on any device. Images attached to service records are also fully backed up.",
    "summary": "Track vehicle maintenance with reminders! Car service record app with analytics",
    "installs": "100,000+",
    "score": 3.8846154,
    "ratings": 978,
    "price": 0,
    "currency": "EUR",
    "developer": "Aleksey Mikheev",
    "developerEmail": "alexispras@gmail.com",
    "developerWebsite": "https://d3039b595.app-ads-txt.com",
    "developerAddress": null,
    "privacyPolicy": "https://car-notes.flycricket.io/privacy.html",
    "genre": "Auto & Vehicles",
    "contentRating": "PEGI 3",
    "released": "Mar 11, 2021",
    "lastUpdatedOn": "Nov 16, 2024",
    "appId": "com.cars.android.carapps.carnotes",
    "permisions": {
        "Identity": [
            "add or remove accounts",
            "find accounts on the device"
        ],
        "Contacts": [
            "find accounts on the device"
        ],
        "Photos/Media/Files": [
            "modify or delete the contents of your USB storage",
            "read the contents of your USB storage"
        ],
        "Storage": [
            "modify or delete the contents of your USB storage",
            "read the contents of your USB storage"
        ],
        "Other": [
            "full network access",
            "pair with Bluetooth devices",
            "prevent device from sleeping",
            "run at startup",
            "view network connections"
        ]
    }
}