{
    "title": "Carpool by Mpact",
    "description": "Are you looking for a carpool partner? A driver or a passenger? With the dynamic carpool app, developed by Mpact, carpooling has never been quicker and easier.\r\n\r\nJe can easily search for frequent or occasional rides, in Belgium or Europe. Via Carpool.be and Eurostop.\r\n\r\nYou can share your experiences after your carpool trip. By giving your carpool partner a rating, other users can rely on his/her services in the future.\r\n\r\nFunctions:\r\n1.      Ad frequent or occasional trips\r\n2.      Search for trips\r\n3.      Send messages\r\n4.      Rate other users\r\n5.      Manage your own trips and profile\r\n\r\n“Everyone has a reason to carpool from time to time. We just want to make it easier, that’s why we developed this app.”",
    "summary": "The dynamic carpool app by Mpact helps you to carpool.",
    "installs": "5,000+",
    "score": 0,
    "ratings": 0,
    "price": 0,
    "currency": "EUR",
    "developer": "Mpact vzw",
    "developerEmail": "carpool@mpact.be",
    "developerWebsite": "http://www.carpool.be",
    "developerAddress": null,
    "privacyPolicy": "http://www.carpool.be/brussels/common/privacy",
    "genre": "Maps & Navigation",
    "contentRating": "PEGI 3",
    "released": "Sep 29, 2014",
    "lastUpdatedOn": "Apr 24, 2025",
    "appId": "be.taxistop.carpool",
    "permisions": {
        "Location": [
            "approximate location (network-based)",
            "precise location (GPS and network-based)"
        ],
        "Photos/Media/Files": [
            "modify or delete the contents of your USB storage",
            "read the contents of your USB storage"
        ],
        "Storage": [
            "modify or delete the contents of your USB storage",
            "read the contents of your USB storage"
        ],
        "Camera": [
            "take pictures and videos"
        ],
        "Microphone": [
            "record audio"
        ],
        "Wi-Fi connection information": [
            "view Wi-Fi connections"
        ],
        "Other": [
            "control vibration",
            "draw over other apps",
            "full network access",
            "prevent device from sleeping",
            "read Google service configuration",
            "run at startup",
            "view network connections"
        ],
        "Uncategorized": [
            "receive data from Internet"
        ]
    }
}