{
    "title": "Charge Point - EV Charging App",
    "description": "Charge Point is an EV charging app through which you can locate the nearby EV charging stations. Charge Point is an EV charging app which allows you to find smart chargers for electric vehicles, nearby. It  has an enhanced search feature to locate EV Charging Station by Proximity, charger type, price & availability. You can reserve charging session and pay through integrated payment gateway from your smartphone per convenience\r\n \r\nCharge Point has a quick and easy log-in with an interactive and easy-to-navigate interface for electric car charging stations.\r\n \r\nFEATURES OF CHARGE POINT, EV CHARGING STATION APP\r\n•\tReal-time status of EV charging stations\r\n•\tNearest EV Charger Locator\r\n•\tCharger reliability and hassle payments\r\n•\tBest Customer Experience\r\n•\tEasy to use Intuitive UI\r\n•\tE2E Billing Lifecycle\r\n•\tReliable Charging Network\r\n•\tIdentity-based authentication with AD\r\n•\tSupports Open Industry Standards\r\n \r\nSTEPS TO USE THE CHARGE POINT, EV CHARGING APP\r\n•\tDownload the Charge Point app from Play Store\r\n•\tSign up easily with OTP\r\n•\tEnable the GPS and search the nearest electric vehicle charging station\r\n•\tSearch the preferred location to see all the electric vehicle charging station\r\n•\tGet Search filters with various parameters for the best EV charging station near me\r\n•\tRecharge your wallet with minimum clicks\r\n \r\nCharge Point is a comprehensive app designed to make EV charging more accessible and convenient. By providing you with real-time information on available charging stations, the ability to reserve a spot ahead of time, and the ability to manage their charging sessions and payments directly from the app, Charge Point makes it easier for EV drivers to charge their vehicles and stay on the road.\r\n \r\nAll in one EV charge online app where you can navigate, view, and reserve an electric vehicle charging station.",
    "summary": "Charge your EV Online with Charge Point",
    "installs": "1,000+",
    "score": null,
    "ratings": null,
    "price": 0,
    "currency": "EUR",
    "developer": "Chargepoint",
    "developerEmail": "shiva@thee-go.com",
    "developerWebsite": "https://www.theego.com.np/",
    "developerAddress": null,
    "privacyPolicy": "https://telioev.web.app/privacy-policy-chargepoint",
    "genre": "Auto & Vehicles",
    "contentRating": "PEGI 3",
    "released": "Nov 21, 2024",
    "lastUpdatedOn": "Nov 21, 2024",
    "appId": "com.chargepoint.theegoev",
    "permisions": {
        "Location": [
            "approximate location (network-based)",
            "precise location (GPS and network-based)"
        ],
        "Phone": [
            "directly call phone numbers",
            "read phone status and identity"
        ],
        "Photos/Media/Files": [
            "modify or delete the contents of your USB storage",
            "read the contents of your USB storage"
        ],
        "Storage": [
            "modify or delete the contents of your USB storage",
            "read the contents of your USB storage"
        ],
        "Camera": [
            "take pictures and videos"
        ],
        "Wi-Fi connection information": [
            "view Wi-Fi connections"
        ],
        "Device ID & call information": [
            "read phone status and identity"
        ],
        "Other": [
            "control vibration",
            "full network access",
            "prevent device from sleeping",
            "run at startup",
            "view network connections"
        ],
        "Uncategorized": [
            "receive data from Internet"
        ]
    }
}