{
    "title": "Eurostar Trains",
    "description": "Eurostar and Thalys have joined forces under the Eurostar name and a single new-look app. Discover the very best deals, destination inspiration, and manage every booking with ease. Our app helps make your high-speed train trip simple, fast, and fun. And it’s available in English, French, Dutch, and German.\r\n\r\nHere's what you can do with our app:\r\n\r\nBOOK TICKETS\r\nSnap up seats to over 100 destinations in France, Belgium, the Netherlands, and Germany. \r\n\r\nSTORE TICKETS\r\nKeep your tickets safe and sound in the app or in your Google Wallet. \r\n\r\nGRAB CHEAP FARES\r\nFind the cheapest fares with our Low Fare Finder. \r\n\r\nMANAGE BOOKINGS\r\nManage your bookings on the go and change your travel dates, seats, or travel arrangements. \r\n\r\nMANAGE CLUB EUROSTAR POINTS\r\nCheck your points balance or spend your points.\r\n\r\nACCESS CLUB EUROSTAR BENEFITS\r\nAccess exclusive discounts and benefits using your digital membership card. \r\n\r\nRECEIVE LIVE NOTIFICATIONS\r\nAllow notifications to receive live travel information and exclusive offers.\r\n\r\nBEAT THE QUEUES\r\nCertain Club Eurostar members can use the app to get access to our priority gates (depending upon your membership level). \r\n\r\nACCESS OUR EXCLUSIVE LOUNGES\r\nCertain Club Eurostar members can use the app to get entry to our exclusive lounges (depending upon your membership level).\r\n\r\n\r\nSo, what are you waiting for? Download the Eurostar app now and take your trip even further.",
    "summary": "Book tickets to travel Europe",
    "installs": "1,000,000+",
    "score": 4.787671,
    "ratings": 16908,
    "price": 0,
    "currency": "EUR",
    "developer": "Eurostar International Limited",
    "developerEmail": "mobile.feedback@eurostar.com",
    "developerWebsite": "http://www.eurostar.com",
    "developerAddress": null,
    "privacyPolicy": "https://www.eurostar.com/uk-en/privacy-policy",
    "genre": "Travel & Local",
    "contentRating": "PEGI 3",
    "released": "Aug 23, 2011",
    "lastUpdatedOn": "May 4, 2025",
    "appId": "com.eurostar.androidapp",
    "permisions": {
        "Calendar": [
            "add or modify calendar events and send email to guests without owners' knowledge",
            "read calendar events plus confidential information"
        ],
        "Location": [
            "approximate location (network-based)",
            "precise location (GPS and network-based)"
        ],
        "Wi-Fi connection information": [
            "view Wi-Fi connections"
        ],
        "Other": [
            "control Near Field Communication",
            "control vibration",
            "full network access",
            "prevent device from sleeping",
            "run at startup",
            "view network connections"
        ],
        "Uncategorized": [
            "download files without notification",
            "receive data from Internet"
        ]
    }
}