{
    "title": "Route Planner, Delivery, MyWay",
    "description": "MyWay Route Planner is an routing app that builds the most efficient routes. MyWay app helps you save up to 30% of your time and money on fuel by providing an optimized stop sequence.\r\n\r\nMyWay route optimizer solves all your routing problems and uses the best route optimization algorithms. The app combines the most up-to-date maps, addresses, and places databases from Google Maps, Mapbox, Here, TomTom, ArcGis, and OpenStreetMap into one route planner. It is suitable for individuals, small businesses, and enterprises. The app can work as a delivery route planner, sales route planner, property management, trip planner, roadtrip planner, travel planner, and healthcare visits planner, and it has features that will work for every industry.\r\n\r\nMyWay Route Planner features:\r\n- Route Optimizer up to 200 stops.\r\n- Optimise routes up to 10000 miles.\r\n- Easy to import your addresses (Search, from Map Marker, GPS, by Photo, Multi-Line Import, Voice, Excel, CSV, from Phonebook, by Web-Link, from other users, etc.)\r\n- Every Stop has Priority, Time Window, Time at Stop, Tracking ID, Color, Stop Type, and many other parameters that help you manage and prioritize them.\r\n- Routes sharing and tracking.\r\n- Support car, van, small truck (lorry), truck, motorcycle, bicycle, and walking routes. For every driver out there.\r\n- Live traffic and historic traffic. Other route conditions (like weather) are also taken into account.\r\n- Circuit routes, one-way routes, pickup/delivery routes, and all route scenarios.\r\n- Smart route maker. Optimized and manual route creator.\r\n- Delivery-specific features like proof of delivery (photo, signature, notes, etc.).\r\n- Sales-specific features like favorites and connection to your Phonebook.\r\n- Route history with all information about every route (routes export and reports).\r\n- Route building settings (allow u-turns, side of the road, access points, etc.)\r\n- One-click navigation to every stop with your favourite navigation app like Google Maps, Apple Maps, Waze, MapsMe, Here WeGo, Organic Maps, etc.\r\n\r\nMyWay delivery route planner works as a route optimizer and helps delivery drivers and couriers deliver more. We work for every true road warrior out there.\r\nMyWay sales routes builder helps sales person in a field run like a rabbit and builds very efficient sales routes (with sales navigator onboard).\r\nDo you need to plan a circuit route, one-way route, or daily routes? MyWay routing app can help you with any of these.\r\n\r\nMyWay free route planner allows you to optimize an unlimited number of routes, up to 15 stops per route, with all features available.\r\nPremium allows you to optimize an unlimited number of routes, up to 200 stops per route, with all features available.\r\n\r\nTerms of Service: https://apps.proalab.com/policies/myway-terms.html\r\nPrivacy Policy: https://apps.proalab.com/policies/myway-privacy.html\r\n\r\nIf you have a support query, please get in touch with us by email: support@mywayroute.com\r\n\r\nMyWay is the Route Planner app you have always been looking for. Install it today!",
    "summary": "Delivery Route Planner that builds efficient circuit routes and save your money.",
    "installs": "10,000+",
    "score": 0,
    "ratings": 0,
    "price": 0,
    "currency": "EUR",
    "developer": "Proalab Limited",
    "developerEmail": "support@mywayroute.com",
    "developerWebsite": "https://www.mywayroute.com",
    "developerAddress": "Lydia Avenue, Northcote, Auckland, New Zealand, 0629",
    "privacyPolicy": "https://mywayroute.com/privacy",
    "genre": "Maps & Navigation",
    "contentRating": "PEGI 3",
    "released": "Jun 20, 2024",
    "lastUpdatedOn": "May 2, 2025",
    "appId": "com.proalab.mywayapp",
    "permisions": {
        "Contacts": [
            "read your contacts"
        ],
        "Location": [
            "approximate location (network-based)",
            "precise location (GPS and network-based)"
        ],
        "Photos/Media/Files": [
            "modify or delete the contents of your USB storage",
            "read the contents of your USB storage"
        ],
        "Storage": [
            "modify or delete the contents of your USB storage",
            "read the contents of your USB storage"
        ],
        "Camera": [
            "take pictures and videos"
        ],
        "Other": [
            "full network access",
            "prevent device from sleeping",
            "view network connections"
        ]
    }
}