{
    "title": "Citi Bike",
    "description": "The official app for Citi Bike, NYC’s bike share system.\r\n\r\nCiti Bike consists of a fleet of specially designed, sturdy and durable bikes that are locked into a network of docking stations throughout the city. Our bikes can be unlocked from one station and returned to any other station in the system, making them ideal for one-way trips. Bike share is a greener, healthier way to get around — whether you’re commuting, running errands, meeting friends, or exploring in a new city.\r\nThe Citi Bike app gives you access to thousands of bikes in your area — unlock and pay directly from the app and get going.\r\n\r\nThe Citi Bike app also shows upcoming public transit departures, including MTA subway trains, shuttles, local, limited, & express buses, LIRR commuter rail trains, Metro-North commuter rail trains, PATH rapid transit trains, Bee-Line local & express buses, NYC Ferries, the Staten Island Ferry, the AirTrain JFK, the AirTrain Newark, the Roosevelt Island Tramway, and NJT commuter rail trains, light rail trains, & buses.\r\n\r\nWithin the app, you can purchase the following Citi Bike passes:\r\nSingle ride\r\nAccess pass\r\nMembership\r\n\r\nHappy riding!",
    "summary": "The Citi Bike app is the perfect co-pilot for your biking adventures in the city",
    "installs": "1,000,000+",
    "score": 4.0444446,
    "ratings": 5543,
    "price": 0,
    "currency": "EUR",
    "developer": "Lyft, Inc.",
    "developerEmail": "app@citibikenyc.com",
    "developerWebsite": "http://www.citibikenyc.com",
    "developerAddress": null,
    "privacyPolicy": "https://www.lyft.com/privacy",
    "genre": "Maps & Navigation",
    "contentRating": "PEGI 3",
    "released": "May 8, 2018",
    "lastUpdatedOn": "May 2, 2025",
    "appId": "com.citibikenyc.citibike",
    "permisions": {
        "Identity": [
            "find accounts on the device"
        ],
        "Calendar": [
            "read calendar events plus confidential information"
        ],
        "Contacts": [
            "find accounts on the device",
            "read your contacts"
        ],
        "Location": [
            "approximate location (network-based)",
            "precise location (GPS and network-based)"
        ],
        "Phone": [
            "directly call phone numbers",
            "read phone status and identity"
        ],
        "Photos/Media/Files": [
            "modify or delete the contents of your USB storage",
            "read the contents of your USB storage"
        ],
        "Storage": [
            "modify or delete the contents of your USB storage",
            "read the contents of your USB storage"
        ],
        "Camera": [
            "take pictures and videos"
        ],
        "Wi-Fi connection information": [
            "view Wi-Fi connections"
        ],
        "Device ID & call information": [
            "read phone status and identity"
        ],
        "Other": [
            "access Bluetooth settings",
            "allow Wi-Fi Multicast reception",
            "connect and disconnect from Wi-Fi",
            "control Near Field Communication",
            "control vibration",
            "draw over other apps",
            "full network access",
            "pair with Bluetooth devices",
            "prevent device from sleeping",
            "read Google service configuration",
            "run at startup",
            "view network connections"
        ],
        "Uncategorized": [
            "receive data from Internet"
        ]
    }
}