{
    "title": "Harvic scooter",
    "description": "This is a smart electric scooter APP. The detailed information of the scooter can be viewed through the APP, the parameters of the scooter can be set, and functions such as firmware upgrade are also supported.",
    "summary": "This is a smart electric scooter APP.",
    "installs": "1,000+",
    "score": null,
    "ratings": null,
    "price": 0,
    "currency": "EUR",
    "developer": "LebiTEC",
    "developerEmail": "895901747@QQ.COM",
    "developerWebsite": null,
    "developerAddress": null,
    "privacyPolicy": "http://www.lebitec.com/index.php/yinsi/",
    "genre": "Tools",
    "contentRating": "PEGI 3",
    "released": "Jan 7, 2025",
    "lastUpdatedOn": "Jan 7, 2025",
    "appId": "com.scooter.harvic",
    "permisions": {
        "Location": [
            "precise location (GPS and network-based)"
        ],
        "Other": [
            "Google Play license check",
            "access Bluetooth settings",
            "control vibration",
            "full network access",
            "pair with Bluetooth devices"
        ]
    }
}