{
    "title": "Virtuo: Hassle-free Car Rental",
    "description": "Experience car rental on your terms. With Virtuo your phone is your key! Wave goodbye to car rental counter queues, paperwork and hidden fees - just unlock and drive. Choose from a selection of premium cars that are cleaned after every rental and available 24/7.\r\n \r\n<b>1. BOOK</b> \r\nBook the car you want to hire in just a few clicks on our app. \r\n\r\n<b>2. UNLOCK</b> \r\nForget physical keys - unlock the car via the app and enjoy a seamless experience.\r\n \r\n<b>3. DRIVE</b> \r\nPress the start button and hit the road!\r\n\r\n\r\nOur premium cars are available for rental in the major cities in the UK, France, Germany, Spain, Italy and Portugal. More cities and countries coming soon!\r\n\r\n \r\n<b>CAR HIRE DELIVERY TO YOUR DOOR</b> \r\nWe’ve gone one step further with our car delivery option. You can select, book and have a Mercedes delivered to your door. Our car rental delivery service is available in London zones 1-3 as well as in Paris, Barcelona, Madrid and Milan. Save time and stress by having your car delivered.\r\n\r\n<b>PREMIUM CARS</b> \r\nBook from a selection of premium cars. In the UK, you can rent a Mercedes A-Class or Mercedes GLA, from 1 to 90 days with a generous 150 miles per day included. In France, you can rent even more car models (BMW, Tesla or Peugeot). Trip to the sea? Adventure to the countryside? Whatever the occasion we have a car for you.\r\n\r\n<b>SIGN UP IN MINUTES</b> \r\nYou can sign up to Virtuo in just a few clicks. Upload your licence and a selfie and we will take care of the rest. With everything done in the app before hand there is no need to wait around in the airport or in car rental offices. You just show up, unlock the car and go - it really is that simple!\r\n \r\n<b>STATE OF THE ART TECHNOLOGY</b> \r\nOur next generation technology puts you in control of the whole process via our application. Book and unlock your car in just a few clicks. All cars come with Apple CarPlay, GPS, Bluetooth, rear view camera, cruise control and many more options that will make your trip one to remember. \r\n\r\n<b>RELIABLE AND FLEXIBLE</b> \r\nChoose one of our three levels of protection and enjoy your trip with total peace of mind. With Virtuo you can rent a premium car 24/7. Modify or cancel your rental free of charge up to 3 hours before your rental start time (24 hours at an airport). \r\n \r\n<b>THE BEST VALUE FOR MONEY</b> \r\nNo more paperwork, no more queues and no more counters, our application really is hassle free. Book and rent a Mercedes from 1-90 days at an unbeatable price. Perfect for a couple of days out of the city, a week away or a month long road trip. There really is no need to own a car!\r\n \r\n <b>ROAD TRIP SPECIALISTS</b>\r\nWhether you are going on holiday, running errands or escaping the city; we are your perfect partner to hit the road. Add up to 4 drivers free of charge and share the driving experience. If your plans change and you want to rent your Mercedes a little longer, just extend your duration or add extra mileage in the application. With Virtuo, anything is possible.\r\n\r\n <b>HOLIDAY EXPERTS</b>\r\nOur Mercedes cars are perfect for a holiday. You can hop in a car in just a few clicks and be on your way. Our generous mileage package and the option to add more means that no destination is off limits. If you’re travelling with the family and need a baby seat then that's no issue; just add it on when confirming your booking.\r\n\r\n <b>24/7 CUSTOMER SERVICE</b>\r\nCustomer service is at the heart of what we do. We are proud to offer 24/7 assistance via our help centre where you can reach our team. Our customer service team are prepped and ready to help with any issues you may have. We’re in it together.\r\n\r\n\r\n<b>WE’D LOVE TO CONNECT WITH YOU</b> \r\nFind out more at https://www.govirtuo.com/uk\r\nFollow us on Twitter https://twitter.com/virtuo_uk \r\nLike us on Facebook at https://www.facebook.com/VirtuoUK/\r\nHave a question? Visit https://www.govirtuo.com/uk/faq",
    "summary": "Need a hassle-free city escape? Book a premium hire car for pick up or delivery",
    "installs": "1,000,000+",
    "score": 4.517778,
    "ratings": 7726,
    "price": 0,
    "currency": "EUR",
    "developer": "Virtuo Technologies",
    "developerEmail": "contact@govirtuo.com",
    "developerWebsite": "http://www.govirtuo.com",
    "developerAddress": null,
    "privacyPolicy": "https://www.govirtuo.com/en/legal/privacy-policy",
    "genre": "Travel & Local",
    "contentRating": "PEGI 3",
    "released": "Mar 8, 2016",
    "lastUpdatedOn": "Apr 6, 2025",
    "appId": "com.virtuo.customer",
    "permisions": {
        "Contacts": [
            "read your contacts"
        ],
        "Location": [
            "approximate location (network-based)",
            "precise location (GPS and network-based)"
        ],
        "Photos/Media/Files": [
            "modify or delete the contents of your USB storage",
            "read the contents of your USB storage"
        ],
        "Storage": [
            "modify or delete the contents of your USB storage",
            "read the contents of your USB storage"
        ],
        "Camera": [
            "take pictures and videos"
        ],
        "Microphone": [
            "record audio"
        ],
        "Wi-Fi connection information": [
            "view Wi-Fi connections"
        ],
        "Other": [
            "access Bluetooth settings",
            "control Near Field Communication",
            "control vibration",
            "full network access",
            "pair with Bluetooth devices",
            "prevent device from sleeping",
            "read Google service configuration",
            "run at startup",
            "view network connections"
        ],
        "Uncategorized": [
            "receive data from Internet"
        ]
    }
}