{
    "title": "NextCharge",
    "description": "For your convenience, NextCharge\r\n⋆ available in: English, French, Italian, Spanish, German\r\n⋆ 200,000+ charge points\r\n⋆ Includes itinerary, reviews, status & more!\r\n\r\n“The future is Near, NextCharge is here” Available for You.\r\n\r\nNobody ever said that going Electric Vehicle would be easy. But an app, you may rely on in EV situations, makes it easier.\r\nFrom the very first click of your smart phone icon 'NextCharge' you will be transported to an easy-to-use ‘charging station finder’\r\n\r\nThe clean, readable interface of NextCharge will make reading and mapping station locations simple. You will notice your app is displayed in 2 views: map or list. This gives you a choice.\r\n\r\nUsing ‘map mode’ you can easily find stations within your current area. Zoom-out for more charging station locations. Our grid mapping system decreases your wait time, for stations to load, and ensures mapped stations won’t be missed.\r\n\r\nUsing ‘list mode’ you will see that the description and status of the station are neatly displayed. Along with some basic information: time, distance (mi. or Km), and plug types with their corresponding photo.\r\n\r\nSelecting a station from the list or a plug icon from the map ultimately yields the same results.\r\nA station, selected from the list, displays all of the charging stations provided information.\r\nA plug icon, selected from the map, will display a description box below. Select by touching. \r\n\r\nInformation Includes:\r\n● Provider ● Address ● km/mi ● Logo\r\n\r\nClicking the blue information box may display more:\r\n● Access ● Plug Type ● Energy ● Price ● Contact\r\n\r\nInfo box can be dropped or closed by tapping. \r\n\r\nIcons provide you access to add photos of a charging station, comment or review. You are able to share station information using the ‘networking’ icon.\r\n\r\nThe red icon on the left allows for a direct request to delete or update a station.\r\n\r\nBack to map vs list – yield same results:\r\nBy clicking any listed station you will be provided with the same information.\r\n\r\nThe top right icon, once opened, displays all the features of NextCharge: Settings, basic & contact information.  \r\n\r\nSome important features for Electric Vehicle drivers are displayed in an easy to use ‘button’ format. \r\n\t\r\n▷ Add Stations enables users to help develop the always growing network of electric charging stations. You may: add or request removal of a station and change or update information.  *To maintain our quality of service, all data is approved before changes are made.*\r\n▷ Itinerary is an absolutely brilliant aspect for any EV driver. You may plan to take a long journey; mapping ahead of time to avoid any charging issues. Allows personalization for your trip.\r\n▷ Settings offer what is important to you, customization and convenient service. This includes station’s *real time status* public or private access and connectors.\r\n▷ Nearest stations is a navigated map of your surrounding locations. May be zoomed in or out for more stations\r\n▷ Going back to “Search” allows you to specify an exact location and if it does not exist on our map feel free to add a station.\r\n\r\n*Real Time Status* is a quick and easy way to see the status of any station. It makes finding your NextCharge quick and easy. Clicking the “info” button will show you the colour coded legend of the mapped plugs.",
    "summary": "NextCharge EV - Find charging stations for electric vehicle",
    "installs": "100,000+",
    "score": 4.06,
    "ratings": 5620,
    "price": 0,
    "currency": "EUR",
    "developer": "Go Electric Stations",
    "developerEmail": "support@nextcharge.app",
    "developerWebsite": "https://nextcharge.app",
    "developerAddress": null,
    "privacyPolicy": "https://nextcharge.app/apps/map/apis/terms/v1.3/privacy.php?lang=en",
    "genre": "Maps & Navigation",
    "contentRating": "PEGI 3",
    "released": "Jun 2, 2013",
    "lastUpdatedOn": "Apr 30, 2025",
    "appId": "com.goelectricstations.nextcharge",
    "permisions": {
        "Location": [
            "approximate location (network-based)",
            "precise location (GPS and network-based)"
        ],
        "Photos/Media/Files": [
            "read the contents of your USB storage"
        ],
        "Storage": [
            "read the contents of your USB storage"
        ],
        "Camera": [
            "take pictures and videos"
        ],
        "Wi-Fi connection information": [
            "view Wi-Fi connections"
        ],
        "Other": [
            "control Near Field Communication",
            "full network access",
            "read Google service configuration",
            "run at startup",
            "view network connections"
        ],
        "Uncategorized": [
            "receive data from Internet"
        ]
    }
}