{
    "title": "OneBusAway",
    "description": "Never miss the bus again!\r\n\r\nOneBusAway serves up fresh, real-time transit information in the following regions:\r\n\r\n* Rogue Valley, Oregon (RVTD)\r\n* San Diego, California (SDMTS)\r\n* Seattle/Tacoma/Puget Sound, Washington (Sound Transit, KCM, Pierce Transit, Intercity Transit, and more)\r\n* Spokane, Washington\r\n* Tampa Bay, Florida (HART)\r\n* Washington, D.C. (WMATA)\r\n* York Region Transit, Canada (YRT / Viva)\r\n\r\n* More coming soon!\r\n\r\nFind nearby stops on a map, choose from a list of favorite stops, add shortcuts to your phone's home screen, and set reminders for frequently used trips.\r\n\r\n- Like hacking things?  OneBusAway is open-source!  Find out how you can help at http://onebusaway.org.\r\n\r\n- Problems with arrival times?  Real-time arrival information comes from your local transit agency.  Please tap on the arrival time and select \"Report problem with trip\" to tell them what went wrong.  Or, reach them via email by tapping \"Menu->Help->Contact Us\".\r\n\r\n- Problems with the app itself (e.g., crashes)?  Please submit a crash report if prompted, or email us via android-app@onebusaway.org.\r\n\r\n- Want a sneak-peak at new versions?  Sign up to be a beta tester at http://bit.ly/oba-android-beta.\r\n\r\n- Want to know why we request certain device permissions?  Find out at http://bit.ly/OBA-Android-permissions.",
    "summary": "Your open-source app for real-time transit information",
    "installs": "1,000,000+",
    "score": 5,
    "ratings": 10088,
    "price": 0,
    "currency": "EUR",
    "developer": "OneBusAway",
    "developerEmail": "android-app@onebusaway.org",
    "developerWebsite": "http://www.onebusaway.org/",
    "developerAddress": null,
    "privacyPolicy": "http://onebusaway.org/privacy/",
    "genre": "Maps & Navigation",
    "contentRating": "PEGI 3",
    "released": null,
    "lastUpdatedOn": "Nov 8, 2024",
    "appId": "com.joulespersecond.seattlebusbot",
    "permisions": {
        "Location": [
            "approximate location (network-based)",
            "precise location (GPS and network-based)"
        ],
        "Phone": [
            "read phone status and identity"
        ],
        "Photos/Media/Files": [
            "modify or delete the contents of your USB storage",
            "read the contents of your USB storage"
        ],
        "Storage": [
            "modify or delete the contents of your USB storage",
            "read the contents of your USB storage"
        ],
        "Wi-Fi connection information": [
            "view Wi-Fi connections"
        ],
        "Device ID & call information": [
            "read phone status and identity"
        ],
        "Other": [
            "control vibration",
            "full network access",
            "install shortcuts",
            "mock location sources for testing",
            "prevent device from sleeping",
            "run at startup",
            "view network connections"
        ],
        "Uncategorized": [
            "receive data from Internet"
        ]
    }
}