{
    "title": "Car Collector",
    "description": "Built by collectors for collectors, Car Collector combines the ultimate car database with a secure and anonymous global off-marketplace for the rarest and most exclusive cars on the planet.\r\n\r\nDISCOVER - Explore our vast database to discover detailed information on any vehicle.\r\n\r\nMANAGE - Efficiently organise all the important details of your car collection in one place.\r\n\r\nTRADE - Immerse yourself in our exclusive, carefully curated off-marketplace for discreet transactions with specialized support.\r\n\r\nGain access to an exclusive, worldwide platform featuring a carefully curated global off-marketplace via the Car Collector app. Premium users can explore a carefully curated off-marketplace that features the most exclusive vehicles from across the world. With select specialists from the Car Collector team on hand for support, you can enjoy unparalleled access to the world’s most incredible cars and tap into a global Car Collector network, where you can buy and sell discreetly, with absolute confidence. Our team of car specialists can help review all of a vehicle’s data and documentation before registering a purchase enquiry, and potentially adding the vehicle to your collection.\r\n\r\nFree users can enjoy an all-encompassing database where they can find their own vehicles, while Premium users can discover potential future acquisitions. Browse our expansive database to know everything about a car’s specification. Enjoy exploring each and every detail, choosing between different eye-catching models to save to your Wishlist, or add cars that you own to your Private Collection.\r\n\r\nDesigned by a team of car collectors, our integrated suite of features, tools and options are built to optimise your collection. Digitalise your entire car collection, together in one place. Upload your cars’ information, images, documentation and relevant history to keep your collection organised and accessible, no matter where you are. Give your Collection Manager access to your account, or arrange for one of our specialists to upload your entire collection’s details for you.",
    "summary": "The one stop solution for enthusiasts and collectors worldwide!",
    "installs": "50,000+",
    "score": 3.5,
    "ratings": 69,
    "price": 0,
    "currency": "EUR",
    "developer": "Car Collector",
    "developerEmail": "support@carcollector.app",
    "developerWebsite": "https://www.carcollector.app",
    "developerAddress": "Rüeggisingerstr 140\nEmmen\n6032\nSwitzerland",
    "privacyPolicy": "https://www.carcollector.app/privacy-policy/",
    "genre": "Lifestyle",
    "contentRating": "PEGI 3",
    "released": "Jun 28, 2023",
    "lastUpdatedOn": "Dec 9, 2024",
    "appId": "com.carcollector.app",
    "permisions": {
        "Photos/Media/Files": [
            "modify or delete the contents of your USB storage",
            "read the contents of your USB storage"
        ],
        "Storage": [
            "modify or delete the contents of your USB storage",
            "read the contents of your USB storage"
        ],
        "Camera": [
            "take pictures and videos"
        ],
        "Microphone": [
            "record audio"
        ],
        "Wi-Fi connection information": [
            "view Wi-Fi connections"
        ],
        "Other": [
            "Google Play license check",
            "control Near Field Communication",
            "control vibration",
            "full network access",
            "prevent device from sleeping",
            "view network connections"
        ],
        "Uncategorized": [
            "receive data from Internet"
        ]
    }
}