{
    "title": "RISER - the motorcycle app",
    "description": "Unlock the Full Potential of Your Motorcycle Moments before, during and after your ride outs with RISER!\r\n\r\nRISER is your motorcycle companion designed to enhance every ride and connect riders across the globe. Our vision is to seamlessly transform your motorcycle memories into shareable adventures, enabling you to make the most out of every moment spent with your bike.\r\n\r\nJoin the Global RISER community and be part of this extraordinary journey!\r\n\r\nADVENTURE ROUTING: \r\nDiscover and conquer the finest routes worldwide, customized to your preferences. RISER's intelligent algorithms, combined with community-sourced insights and curvy road detection , ensure unparalleled riding experiences.\r\n\r\nPACK RIDE: \r\nEffortlessly organize group rides, receive real-time notifications. For example, someone  falls  behind, or let your Pack know if they should watch out or that you need a break. Please note: For unlimited Pack Ride access (beyond 30 minutes), the Pack Leader  must be a RISER PRO member.\r\n\r\nTRACKING: \r\nRISER tracks your rides and stores them in your personal roadbook. Add your Photos, get stats about your rides and if you want to share them, no problem. \r\n\r\nNEWSFEED & FRIENDS: \r\nStay inspired by following fellow riders' activities, connect with friends, and share your best two-wheeled moments.\r\n\r\nGETAWAYS: \r\nPlan exciting trips with your friends or make new riding companions through Getaways. Unite with the global RISER community to expand your connections!\r\n\r\nAMBASSADORS: \r\nDiscover RISER AMBASSADORS and their featured Getaways. Connect with experts through the RISER app, RISER JOURNAL, and our Social Media for exclusive tips and insights.\r\n\r\nUpgrade to RISER PRO for:\r\n\r\n*PACK RIDE: Ride together, stay together!\r\n*ADVENTURE ROUTING PRO: Use your personal preferences to find supercurvy routes \r\n*LIVE TRACKING: Share your live position on a map by sharing a Live Tracking link\r\n*OFFLINE MAPS: Don’t get lost with Offline Maps even in the most remote areas\r\n*REWIND: Relive and share your route through an interactive 3D map animation with reWind\r\n\r\nReady to transform your motorcycle adventures? Join RISER today and redefine your riding experience. Say goodbye to boring routes and hello to a new motorcycle experience!\"\r\n\r\nRISER PRO is available with a monthly, half yearly or annual subscription ($8.99/month, $34,99/6 month or $59.99/year). You can subscribe and pay through your Google Playstore account. Payment will be charged to Playstore account at confirmation of purchase. Your subscription will automatically renew unless cancelled at least 24 hours before the end of the current period. Your account will be charged for renewal within 24 hours prior to the end of the current period. Subscriptions may be managed by the user and auto-renew may be turned off after purchase by going to the ‘Manage Subscription’ page in settings. Any unused portion of a free trial period, if offered, will be forfeited when the user purchases a subscription to that publication, where applicable. The subscription will renew at the same cost.\r\n\r\nTerms of service: https://riserapp.com/terms/\r\nPrivacy policy: https://riserapp.com/privacy/\r\n\r\nContinued use of GPS running in the background may decrease battery life.",
    "summary": "Discover awesome routes, find likeminded riders and share unforgettable moments!",
    "installs": "100,000+",
    "score": 3.6041667,
    "ratings": 2684,
    "price": 0,
    "currency": "EUR",
    "developer": "RISER Gmbh",
    "developerEmail": "support@riserapp.com",
    "developerWebsite": "http://www.riserapp.com",
    "developerAddress": "Franz-Josefs-Kai 49 / 22, 1010 Vienna, Austria",
    "privacyPolicy": "https://riserapp.com/privacy/",
    "genre": "Maps & Navigation",
    "contentRating": "Parental guidance",
    "released": "Sep 5, 2016",
    "lastUpdatedOn": "May 4, 2025",
    "appId": "com.riserapp",
    "permisions": {
        "Location": [
            "approximate location (network-based)",
            "precise location (GPS and network-based)"
        ],
        "Phone": [
            "read phone status and identity"
        ],
        "Photos/Media/Files": [
            "modify or delete the contents of your USB storage",
            "read the contents of your USB storage"
        ],
        "Storage": [
            "modify or delete the contents of your USB storage",
            "read the contents of your USB storage"
        ],
        "Camera": [
            "take pictures and videos"
        ],
        "Wi-Fi connection information": [
            "view Wi-Fi connections"
        ],
        "Device ID & call information": [
            "read phone status and identity"
        ],
        "Other": [
            "full network access",
            "prevent device from sleeping",
            "run at startup",
            "view network connections"
        ],
        "Uncategorized": [
            "receive data from Internet"
        ]
    }
}