{
    "title": "Yoga | Down Dog",
    "description": "With Down Dog you get a brand new yoga practice every time you come to your mat. Unlike following pre-recorded videos, Down Dog won’t make you do the same workout over and over again. With over 60,000 different configurations, Down Dog gives you the power to build a yoga practice you love!\r\n\r\nBEGINNER FRIENDLY\r\nStart in the comfort of your own home at our Beginner 1 Level and begin your yoga journey!\r\n\r\nMULTIPLE PRACTICE TYPES\r\nExplore Vinyasa, Hatha, Gentle, Restorative, and Yin.\r\n\r\nRELIEVE YOUR BACK PAIN\r\nAll our practices work to strengthen and stretch your back - if you want more, you can use the Boost feature to specifically target Backbends, Back Strength, or Low Back Stretches.\r\n\r\nCHOOSE VOICES\r\nChoose from 6 different yoga teachers to be guided by a voice you love.\r\n\r\nDYNAMIC CHANGING MUSIC\r\nMusic that rises and falls with your breathing.\r\n\r\nSYNC BETWEEN DEVICES\r\nAutomatically syncs across all your devices.\r\n\r\nBOOST FEATURE\r\nSelect a primary and a secondary boost from among 19 different body areas to really focus your practice on a specific spot. Vary up your routine by rotating through them all.\r\n\r\nLIKED AND EXCLUDED POSES\r\n\"Like\" poses to increase the probability they will appear in your practice. \"Dislike\" poses and they will never appear in your practice.\r\n\r\nTRANSITION SPEED AND HOLD LENGTH\r\nDesign a pace that works for you by varying the Transition Speed (amount of time to move between one pose and another) and Hold Length (amount of time you spend in the pose).\r\n\r\nMULTIPLE LANGUAGES\r\nIn addition to our 6 English speaking voices, all yoga practices are available in 6 other languages!\r\n\r\n“I LOVE your app. I am a physician and I recommend it to my patients all the time, for those suffering from anxiety and panic disorder to those with low back pain. I can’t thank you enough for bringing yoga back into my life- making it so accessible, approachable, and convenient.” -James\r\n\r\n“Love it, as always. You guys have changed my life. I’m not a T-Rex anymore and I can move without back pain. Thank you :)” -Sharon\r\n\r\n“Restorative mode is perfect for my 71 year old body!” -Margaret\r\n\r\n“I am absolutely thrilled with the quality of this practice. I felt like I was in a studio and I was really sweaty and challenged. Well done!” -Emily\r\n\r\n“After just one Yin session, I can feel a *huge* difference in my flexibility.” - Alexandra\r\nDown Dog's terms and conditions can be found at https://www.downdogapp.com/terms\r\nDown Dog's privacy policy can be found at https://www.downdogapp.com/privacy",
    "summary": "A new workout every time!",
    "installs": "5,000,000+",
    "score": 4.881983,
    "ratings": 352418,
    "price": 0,
    "currency": "EUR",
    "developer": "Yoga Buddhi Co.",
    "developerEmail": "help@support.downdogapp.com",
    "developerWebsite": "https://www.downdogapp.com",
    "developerAddress": "2170 Harrison St.\nApt 3\nSan Francisco, CA 94110",
    "privacyPolicy": "https://www.downdogapp.com/privacy",
    "genre": "Health & Fitness",
    "contentRating": "PEGI 3",
    "released": "Feb 29, 2016",
    "lastUpdatedOn": "Oct 24, 2024",
    "appId": "com.downdogapp",
    "permisions": {
        "Other": [
            "full network access",
            "prevent device from sleeping",
            "view network connections"
        ],
        "Uncategorized": [
            "receive data from Internet"
        ]
    }
}