{
    "title": "Citygo - Covoiturage",
    "description": "Discover Citygo, the urban carpooling application that will change the way you get around the city and the outskirts. Optimize your daily journeys: save money and act for the environment by sharing your journeys of less than 80 kilometers.\r\n\r\nThanks to Citygo, easily connect with drivers or passengers who want to take the same trip as you. Live a friendly experience and meet people who transport you.\r\n\r\nDownload the Citygo short-distance carpooling application now for more inclusive mobility. Join the community of those who move the world forward, one ride at a time. \r\n\r\nCITYGO FOR DRIVERS\r\n\r\nDo you have a car? Share the cost of your trips and your carbon footprint with Citygo! Quickly find passengers on your route: \r\n- Suggest your trips in just a few clicks, even at the last minute.\r\n- Receive requests from passengers who want to share your ride.\r\n- Choose your passenger with confidence by consulting their profile.\r\n- Receive your winnings via the app or in cash directly from the passenger.\r\n- Share your route and your playlist for a friendly experience.\r\n\r\nWith Citygo, save €150 per month on average. Gasoline, insurance, parking, the cost of your journeys is amortized.\r\nBecause your safety is our priority, the Women Only option allows female drivers to carpool safely with other women.\r\nUse Citygo for more economical and ecological driving, with better management of your daily transport expenses.\r\n\r\nCITYGO FOR PASSENGERS\r\n\r\nDo you need to travel? Travel comfortably and at low prices with Citygo. No more hassle in public transport and overpriced taxis. \r\nEasily find drivers to take you to your destination: \r\n- Enter your route and use the “immediate” option to find a carpool even at the last minute.\r\n- Receive responses from drivers, view their profiles and choose your ride with confidence.\r\n- Take a seat on the passenger side and enjoy a comfortable and friendly journey to your destination.\r\n- Pay securely on the app with a bank card or directly in cash to the driver.\r\n\r\nWith Citygo, you can save between 20 and 60 minutes on your daily trips in major cities and suburbs. \r\nTake advantage of a simple and practical method of travel, without the constraints of metro, RER or buses.\r\n\r\nDownload the Citygo carpooling app now and discover a new way to get around the city while contributing to a more sustainable and responsible future.\r\nFind Citygo in the outskirts of Paris, Lille, Lyon, Marseille, and soon in all the largest metropolises. \r\n\r\nNeed information, a comment, an idea to improve the Citygo application?\r\nDo not hesitate to contact our customer service at support@citygo.me\r\nOur website: https://www.citygo.io/\r\n\r\nNote: Continued use of GPS in the background can significantly reduce battery life. Citygo turns off automatically when it is in the background or when you are driving after a few minutes: this is low-consumption geolocation innovation.",
    "summary": "More than an app, a new way to get around town.",
    "installs": "1,000,000+",
    "score": 4.6620927,
    "ratings": 29811,
    "price": 0,
    "currency": "EUR",
    "developer": "Citygo SAS",
    "developerEmail": "support@citygo.me",
    "developerWebsite": "https://www.citygo.io",
    "developerAddress": null,
    "privacyPolicy": "https://www.citygo.io/privacy-policy",
    "genre": "Maps & Navigation",
    "contentRating": "PEGI 3",
    "released": "Dec 16, 2015",
    "lastUpdatedOn": "Apr 30, 2025",
    "appId": "com.citygoo",
    "permisions": {
        "Location": [
            "approximate location (network-based)",
            "precise location (GPS and network-based)"
        ],
        "Photos/Media/Files": [
            "read the contents of your USB storage"
        ],
        "Storage": [
            "read the contents of your USB storage"
        ],
        "Camera": [
            "take pictures and videos"
        ],
        "Wi-Fi connection information": [
            "view Wi-Fi connections"
        ],
        "Other": [
            "connect and disconnect from Wi-Fi",
            "full network access",
            "prevent device from sleeping",
            "run at startup",
            "view network connections"
        ],
        "Uncategorized": [
            "receive data from Internet"
        ]
    }
}