{
    "title": "Moova: Stand Up & Move More",
    "description": "Do you find yourself glued to your chair for hours on end? Feeling stiff, sluggish, or experiencing back pain? It's time to stand up and move with Moova!\r\n\r\nMoova is the #1 app for integrating hourly movement breaks into your day. Whether you're working from home, in the office, or simply relaxing, Moova makes it easy to prioritize your well-being with personalized stand up reminders and a variety of engaging activities which improve mobility and keeps you free of tension even on busy days.\r\n\r\nRegular Activity Breaks are the key to a healthy deskbound lifestyle!\r\n\r\nHourly activity breaks can:\r\n• Increase flexibility and mobility in muscles and joints\r\n• Relieve tension and pain in the back, neck, hips, and shoulders\r\n• Reduce blood sugar levels more effectively than a 30-minute workout\r\n• Improve posture, energy and sleep quality\r\n• Boost circulation, metabolism, and core strength\r\n• Enhance balance, coordination, and stress reduction\r\n• Accelerate muscle recovery\r\n• And more!\r\n\r\nA sit-stand desk is just the beginning. To achieve good posture, eliminate tension, and boost metabolism, you must incorporate more movement into your desk routine. Move more!\r\n\r\nMoova reminds you to stand up, stretch, move, breathe, and take walking breaks for better mental & physical health and reduced sitting time. Fitting in these short bursts of movement each hour can have a huge impact on your quality of life.\r\n\r\nEvery time you take a short break with us, you invest in your long-term health and longevity.\r\n\r\nSitting too long increases the risk of chronic health problems, such as heart disease, diabetes and all-cause cancers. It can also affect mental health.\r\n\r\nPerfect for quick work breaks, office workouts, desk exercises, or when you're on the couch watching Netflix or gaming.\r\n\r\n<b>Features Designed to Get You Moving</b>\r\n[ BREAK TIMER ]\r\n• Get prompted to take breaks at a regular interval during your most inactive hours. See when it’s time for your next break.\r\n\r\n[ CUSTOMIZABLE BREAK REMINDERS ]\r\n• Receive notification reminders tailored to your schedule, ensuring you maintain regular movement without disrupting your work routine.\r\n\r\n[ GUIDED ACTIVITY BREAKS ]\r\n• Discover easy-to-follow, accessible desk exercises for all fitness levels. No equipment needed—move, walk, breathe anytime, anywhere.\r\n\r\n[ EASY-TO-FOLLOW DESK EXERCISE ROUTINES]\r\n• Access guided office workout routines, desk exercise reminders and movements designed to improve mobility and combat stiffness, ideal for those long days at the office desk.\r\n\r\n[ ACTIVE HOUR ACTIVITY TRACKER ]\r\n• Track your progress with daily movement and sedentary patterns snapshots, providing a deeper insight into your physical activity through daily, weekly, and monthly breakdowns.\r\n\r\n[ PERSONALIZED DAILY PLAN ]\r\n• Escape sedentary habits with a daily movement plan just for you. Add Break Timers to stay active during work, TV, or gaming. Easily plan your daily Move sessions with activities like a morning stretch session or regular walk after each meal.\r\n\r\n[ BREATHWORK]\r\n• Revitalize your mind with targeted breathing exercises. Enhance focus and reduce stress by incorporating mindful breathwork into your routine.\r\n\r\n<b>More Features</b>\r\n• Integration with Google Fit 📱🔗 \r\n• Scientific backing 🧪📚 \r\n• Office-friendly routines 🪑🧘‍♂️\r\n\r\nThe #1 alternative to Wakeout!\r\n\r\n▶ What Users Are Saying ◀\r\n• \"The office workouts are perfect for keeping me from getting sore from sitting all day.\"\r\n• \"Game changer for my lower back pain.\" \r\n• \"This app has improved my stiffness and tension significantly.\"\r\n• \"Having ADHD, the reminders are perfect for helping me break hyperfocus and ensure I take time to care for myself while working hard.\"\r\n\r\nDon't let long hours at your desk take a toll on your health. Download Moova today and unlock a steady flow of feel-good moments.\r\n\r\n<b>Feedback and Support</b>\r\nQuestions or feedback? Get support at support@getmoova.app.\r\n\r\n<b>Terms and Conditions</b>\r\nhttps://www.getmoova.app/terms\r\n\r\n<b>Privacy Policy</b>\r\nhttps://www.getmoova.app/privacy",
    "summary": "The active break timer, increase daily activity & mobility with regular movement",
    "installs": "10,000+",
    "score": 0,
    "ratings": 0,
    "price": 0,
    "currency": "EUR",
    "developer": "Better Primate Labs LTD",
    "developerEmail": "support@getmoova.app",
    "developerWebsite": "https://getmoova.app",
    "developerAddress": "RM 7B One Capital Place\n18 Luard Rd\nWan Chai, Hong Kong",
    "privacyPolicy": "https://stretchminder.app/privacy",
    "genre": "Health & Fitness",
    "contentRating": "PEGI 3",
    "released": "May 23, 2022",
    "lastUpdatedOn": "Feb 26, 2025",
    "appId": "app.stretchminder.android",
    "permisions": {
        "Device & app history": [
            "retrieve running apps"
        ],
        "Location": [
            "approximate location (network-based)"
        ],
        "Photos/Media/Files": [
            "modify or delete the contents of your USB storage",
            "read the contents of your USB storage"
        ],
        "Storage": [
            "modify or delete the contents of your USB storage",
            "read the contents of your USB storage"
        ],
        "Camera": [
            "take pictures and videos"
        ],
        "Wi-Fi connection information": [
            "view Wi-Fi connections"
        ],
        "Other": [
            "control vibration",
            "draw over other apps",
            "full network access",
            "prevent device from sleeping",
            "read Google service configuration",
            "run at startup",
            "view network connections"
        ],
        "Uncategorized": [
            "receive data from Internet"
        ]
    }
}