{
    "title": "서울자전거 따릉이",
    "description": "It is an app for public bicycles (Seoul Bicycle-Ttareungi) operated by Seoul Metropolitan City that allows you to sign up for membership and purchase, rent, return, and check rental offices.\r\n\r\nIt was prepared to promote the use of bicycles as a means of transportation to solve the problems of traffic congestion, air pollution, and high oil prices in Seoul, and to improve the quality of life for a healthy society and citizens.\r\n\r\n\r\nEligibility ｜ 13 years old or older (13 years old requires membership registration)\r\nOperating Hours ｜ 24/7\r\nFees ｜1 hour pass: 1 day pass 1,000 won / Commuter pass 3,000 won per week, 1 month 5,000 won, 6 months 15,000 won, 1 year pass 30,000 won\r\n                     2-hour pass: 1 day pass 2,000 won / Commuter pass 4,000 won per week, 1 month 7,000 won, 6 months 20,000 won, 1 year pass 40,000 won\r\n\r\n\r\n01. Purchase a ticket\r\nYou can purchase it on the ‘Seoul Bike Homepage’ or the ‘Seoul Bike-Ttareungi’ app.\r\nYou can download the app from the smartphone app store and install it.\r\n02. Rent\r\n - After taking the QR code, you can use Ttareungi.\r\n03. Safe driving\r\nBe sure to check the condition of the brakes, tires and chains before driving.\r\nFor the safety of users while driving, wear safety gear, such as a helmet, and obey traffic laws.\r\nPlease refrain from using earphones for safe driving.\r\n04. Return\r\nYou can return it to any Saul bicycle rental office in downtown Seoul.\r\nIf you lock the bicycle lock, it will be returned.\r\n(Be sure to check whether it is processed normally through the voice message 'Returned' and guidance text!)\r\n※ Inquiries: 1599-0120\r\n※ Website: www.bikeseoul.com\r\n\r\naccess rights\r\n1. Location (required function for bicycle rental)\r\n  – To check my location on the map of the rental station within the app\r\n      ※ If the authority is not set, the map is displayed centered on the city hall of Seoul, and it is possible to inquire about the basic rental office.\r\n   - Use of location information when linking with Bluetooth when renting a bicycle\r\n     ※ When connecting via Bluetooth, location information is a required function, and bicycle rental is not possible if the relevant part is not set.\r\n\r\n2. Storage space (required function for bicycle rental)\r\n  - Used for the purpose of checking the application push transmission history\r\n  - After QR shooting, it is used for the purpose of reading data about the relevant details, etc.\r\n    ※ Even if you refuse to set the storage space, there is no problem in using the app, but you cannot rent it.\r\n\r\n3. Phone\r\n   - Used for the purpose of checking app information\r\n      ※ There is no problem in using the app even if the phone setting is rejected\r\n\r\n4. Camera (required function for bicycle rental)\r\n   - Purpose of QR shooting for bicycle rental\r\n      ※ When the corresponding function is not set, the default",
    "summary": "Public bicycle operated by Seoul (Seoul Bike - This ttareung) app is available only to subscription and ticket purchase, rental, return, rentals, etc. OK.",
    "installs": "1,000,000+",
    "score": 1.6,
    "ratings": 10719,
    "price": 0,
    "currency": "EUR",
    "developer": "서울특별시",
    "developerEmail": "15990120@sisul.or.kr",
    "developerWebsite": "https://www.bikeseoul.com/",
    "developerAddress": "문의전화 : 120\n\n서울특별시 중구 세종대로 110",
    "privacyPolicy": "https://www.bikeseoul.com/app/use/moveUseMenuClauseInfo.do?tabInfo=2",
    "genre": "Maps & Navigation",
    "contentRating": "PEGI 3",
    "released": "Sep 17, 2015",
    "lastUpdatedOn": "Apr 27, 2025",
    "appId": "com.dki.spb_android",
    "permisions": {
        "Device & app history": [
            "retrieve running apps"
        ],
        "Identity": [
            "find accounts on the device"
        ],
        "Contacts": [
            "find accounts on the device"
        ],
        "Location": [
            "approximate location (network-based)",
            "precise location (GPS and network-based)"
        ],
        "Phone": [
            "read phone status and identity"
        ],
        "Photos/Media/Files": [
            "modify or delete the contents of your USB storage",
            "read the contents of your USB storage"
        ],
        "Storage": [
            "modify or delete the contents of your USB storage",
            "read the contents of your USB storage"
        ],
        "Camera": [
            "take pictures and videos"
        ],
        "Wi-Fi connection information": [
            "view Wi-Fi connections"
        ],
        "Device ID & call information": [
            "read phone status and identity"
        ],
        "Other": [
            "access Bluetooth settings",
            "change network connectivity",
            "close other apps",
            "connect and disconnect from Wi-Fi",
            "control flashlight",
            "control vibration",
            "draw over other apps",
            "full network access",
            "install shortcuts",
            "pair with Bluetooth devices",
            "prevent device from sleeping",
            "run at startup",
            "uninstall shortcuts",
            "view network connections"
        ],
        "Uncategorized": [
            "close other apps",
            "receive data from Internet"
        ]
    }
}