{
    "title": "Free2move | Car Share & Rental",
    "description": "Free2move! Thousands of cars are at your fingertips. Our cars free-float around inside major city centers, making it easy for you to hop into the first one that catches your eye. Car-sharing is a new way of car rental. No car rental offices, no paperwork, and no waiting lines. Parking and fueling/charging are free. All the perks – no strings attached. That's the Free2move car-sharing app. \r\n\r\nYou can use Free2move for...\r\n\r\n<b><font color=\"#1E0046\">• SHORT TRIPS</font></b>\r\nCar-sharing as you know it best: Super short spontaneous trips for chores, commutes, and outings in the city.\r\n\r\n<b><font color=\"#1E0046\">• MEDIUM TRIPS</font></b>\r\nMedium-length trips for an afternoon or a day – out in nature or to visit your favourite outlet shopping centre. \r\n\r\n<b><font color=\"#1E0046\">• LONG TRIPS</font></b>\r\nLong trips up to 30 days for holiday travels – or simply so that you can keep a car for yourself (you pay per km). \r\n\r\n<b><font color=\"#1E0046\">• AIRPORTS</font></b>\r\nTo get to or away from the airport. Our cars are available at several major airports in Europe's top destinations.\r\n\r\n<b><font color=\"#1E0046\">• BUSINESS TRIPS</font></b>\r\nCar-sharing offers you a comfortable and cost-effective way to travel for business – with premium cars and convenient travel invoicing.\r\n\r\n<b><font color=\"#1E0046\">• CORPORATE PERKS</font></b>\r\nAn affordable corporate mobility perk. Offer your teams car-sharing – a comfortable way to travel for business and your travel admin an easier way to manage travel claims.\r\n\r\n\r\nWe care about improving life in cities. Studies say that car-sharing reduces private car ownership and traffic congestion in cities. Each shared car takes up to 11 cars off the streets. \r\n\r\nEnjoy the largest electric car-sharing fleet in Europe with Free2move. Our mission: To grow our electric fleet every year. Join the movement now.\r\n\r\n<b><font color=\"#1E0046\">•  FIND CAR-SHARING IN YOUR CITY NOW:</font></b>\r\nAmsterdam, Berlin, Cologne, Dusseldorf, Frankfurt, Hamburg, Madrid, Milan, Munich, Paris, Rome, Stuttgart, Turin, Vienna, <a href=\"https://www.google.com/url?q=https%3A%2F%2Fwww.free2move.com%2Fen-US%2Ffree-floating-car-sharing-washington&sa=D&sntz=1&usg=AOvVaw0SKrtwh9tERLNcUoNuSHTF\"><font color=\"#1E0046\">Washington</font></a>.",
    "summary": "Car-sharing app - car rental in your city | Rent a car - All you need is the app",
    "installs": "1,000,000+",
    "score": 3.7538462,
    "ratings": 80023,
    "price": 0,
    "currency": "EUR",
    "developer": "Free2move SAS",
    "developerEmail": "app@free2move.com",
    "developerWebsite": "https://www.free2move.com",
    "developerAddress": null,
    "privacyPolicy": "https://www.free2move.com/de/en/legal#privacy",
    "genre": "Travel & Local",
    "contentRating": "PEGI 3",
    "released": "Jul 25, 2018",
    "lastUpdatedOn": "May 5, 2025",
    "appId": "com.car2go",
    "permisions": {
        "Location": [
            "approximate location (network-based)",
            "precise location (GPS and network-based)"
        ],
        "Photos/Media/Files": [
            "read the contents of your USB storage"
        ],
        "Storage": [
            "read the contents of your USB storage"
        ],
        "Camera": [
            "take pictures and videos"
        ],
        "Other": [
            "access Bluetooth settings",
            "control vibration",
            "full network access",
            "pair with Bluetooth devices",
            "prevent device from sleeping",
            "run at startup",
            "view network connections"
        ],
        "Uncategorized": [
            "receive data from Internet"
        ]
    }
}