{
    "title": "NG Scooter",
    "description": "With NG Scooter, environmentally friendly transportation is now everywhere! You can experience this unique ride wherever you want. All you need to do is download the app and start riding.",
    "summary": "NG Scooter is now everywhere!",
    "installs": "1,000+",
    "score": null,
    "ratings": null,
    "price": 0,
    "currency": "EUR",
    "developer": "NGSCOOTER",
    "developerEmail": "info@ngscooter.com",
    "developerWebsite": "https://ngscooter.com",
    "developerAddress": null,
    "privacyPolicy": "https://ngmicromobility.com/",
    "genre": "Travel & Local",
    "contentRating": "PEGI 3",
    "released": "Sep 25, 2024",
    "lastUpdatedOn": "Feb 22, 2025",
    "appId": "com.ng.scooter",
    "permisions": {
        "Location": [
            "approximate location (network-based)",
            "precise location (GPS and network-based)"
        ],
        "Camera": [
            "take pictures and videos"
        ],
        "Other": [
            "Google Play license check",
            "full network access",
            "prevent device from sleeping",
            "run at startup",
            "view network connections"
        ],
        "Uncategorized": [
            "receive data from Internet"
        ]
    }
}