{
    "title": "Car Location",
    "description": "Parked Car Location\r\n\r\nFound a nice parking spot you want to remember it for next time?\r\nDon’t remember where you parked? You often ask yourself where is my car?\r\nHas finding your parking location been hard lately?\r\n\r\nWith Parked Car Location app it becomes easy to not only track your current parking spot, but to save all locations you have  parked in the past.\r\nThis beautifully designed and simple \"find my car\" app is exactly the solution to remind you where you parked.\r\n\r\nYou may save your precise parking position with Parked Car Location and view it whenever you need to in the future. After you've parked, click the \"Save Parking\" option to remember your location. Open the app to view the location of your automobile on a map when you need to return to it.\r\n\r\nImportant Features\r\n\r\n• Save Parking Spot\r\n• Make a Parking History containing all previous parking spots you have left your car\r\n• Share your Parking spot with family and friends.\r\n• Locate the exact spot of where you parked your car\r\n• Create a Profile for your car with information and photo\r\n• Set Parking Meter Alarms so you don’t get overcharged\r\n• Great navigation flow & experience by utilizing Google Maps \r\n\r\nClick on “Save Parking Spot” button and immediately save your car’s location.\r\nWhen you come back to the app click find and quickly see the spot where you parked!\r\n\r\nParking Meter Alarm/Timer \r\n\r\nWith this feature you can quickly and easily set a reminder in order to avoid forgetting your parked car get overcharged!\r\n\r\nCar Profile \r\nCustomize your profile to much your style, by adding Brand, Model & plate name and even your own Car image!\r\n\r\nParking Locations History \r\nParking GPS Location app, remembers all the previous parking places.\r\nThis way you can keep all favorite parking spots in one place and park there in the future!\r\n\r\nSharing Parking Car Locations\r\n\r\nEasily share where you parked your car so your friends can find a good parking spot to park their cars too!\r\n\r\nWhere I parked? where is my car? Find my car? Find my vehicle? Keep forgetting your parking location?\r\nNever been easier!",
    "summary": "Easily remember where you Parked! Find your car easily.",
    "installs": "10,000+",
    "score": 0,
    "ratings": 0,
    "price": 0,
    "currency": "EUR",
    "developer": "DigitalBox Studios",
    "developerEmail": "digitalboxstudios@protonmail.com",
    "developerWebsite": null,
    "developerAddress": null,
    "privacyPolicy": "http://go4gamechannel.blogspot.com/2019/02/privacy-policy-panos-karagiannis-built.html",
    "genre": "Maps & Navigation",
    "contentRating": "PEGI 3",
    "released": "Sep 25, 2022",
    "lastUpdatedOn": "Dec 17, 2022",
    "appId": "com.carparking.location",
    "permisions": {
        "Location": [
            "approximate location (network-based)",
            "precise location (GPS and network-based)"
        ],
        "Camera": [
            "take pictures and videos"
        ],
        "Microphone": [
            "record audio"
        ],
        "Other": [
            "full network access",
            "run at startup",
            "set an alarm",
            "view network connections"
        ]
    }
}