{
    "title": "Sports Tracker Running Cycling",
    "description": "Sports Tracker is not only one of the best fitness apps around, it’s the original sports app. For over a decade, Sports Tracker has helped millions of fitness fans around the world get inspired through exercise, and it can help you too -- whether it’s running, cycling, walking, hiking, mountain biking, skiing, or other sports activities that power your passion.\r\n\r\n\r\nTrack your training using powerful GPS and maps, analyze everything from calories burned to average speed and altitude, and monitor your progress as you work towards your fitness goals. Best of all, you don’t have to go it alone! Sports Tracker is the social sports tracking application and service that started it all. Powerful social features let you share your workout progress and photos with friends and followers, motivating you to stay on track with your training.\r\n\r\n\r\n\r\n<b>FANTASTIC FEATURES TO GET YOU FIT</b>\r\nSports Tracker for Android comes with powerful social features in addition to award-winning GPS tracking capabilities, making it the most feature-packed, easy to use fitness app available:\r\n - Track and analyze your workout performances\r\n - Monitor your fitness progress\r\n - Record data in your Workout Diary for progress analysis and back it up on Sports Tracker’s online service\r\n - Track calories burned, average training and cycling speed, running pace, altitude and more\r\n - Use GPS maps, time and distance calculators\r\n - Get voice feedback during training\r\n - Follow friends who inspire and motivate you and see their progress on your social feed\r\n - Encourage friends by commenting and liking their updates, right from your home screen\r\n - Share your progress, photos, workouts, favorite running and cycling maps and more with friends on Sports Tracker, Facebook, and Twitter\r\n - Prefer a private workout? No problem! There’s no pressure to share.\r\n\r\n\r\n\r\n<b>EXPLORE NEW ROUTES ON FASCINATING HEATMAPS <b>\r\n-Explore and find new routes anywhere you are\r\n-Choose your favourite map type (terrain, satellite or hybrid) \r\n-Plan your route beforehand and adjust distance to match your fitness level \r\n-Easily save your favorite routes to run, hike, MTB or bike in any area \r\n-Follow your route in the app to stay on track \r\n-Analyze your route-specific performance with the “On this route” feature\r\n-Find Heatmaps for your sport type: trail running maps, Mountain Bike routes, most common trails in national parks or a new exactly 10K road run in your neighborhood\r\n-See the local’s favourite routes when traveling and discover hidden treasures you wouldn’t find in a travel guide\r\n\r\n\r\n\r\n<b>HEART RATE MONITORING</b>\r\nTake your training to the next level with the Sports Tracker Bluetooth Heart Rate Monitor – available separately at https://sports-tracker.com/shop\r\n\r\n\r\n\r\n<b>FREE ONLINE SERVICE AT WWW.SPORTS-TRACKER.COM</b>\r\nSports Tracker is the most powerful social sports tracking solution available for Android when used with the full-featured online service at www.sports-tracker.com.\r\n\r\nThe free online service offers automatic workout backup, detailed maps and analysis views, friends' workouts and lots more.\r\n\r\nReady to have fun getting fit so that you can be your personal best? Download Sports Tracker today and join the world’s first and the best social sports app community.\r\n\r\nHere's the solution how to continue if tracking happens to stop while working out: http://bit.ly/tracking-stop</b></b>",
    "summary": "Track your walking, running and fitness activity WITH FREE INDOOR workout tips.",
    "installs": "10,000,000+",
    "score": 3.385675,
    "ratings": 230791,
    "price": 0,
    "currency": "EUR",
    "developer": "Suunto",
    "developerEmail": "support@sports-tracker.mail.helpshift.com",
    "developerWebsite": "http://www.sports-tracker.com",
    "developerAddress": "Tammiston kauppatie 7 B\n01510 Vantaa\nFinland",
    "privacyPolicy": "https://community.sports-tracker.com/en/privacy-policy",
    "genre": "Health & Fitness",
    "contentRating": "Parental guidance",
    "released": "Jun 30, 2011",
    "lastUpdatedOn": "Apr 10, 2025",
    "appId": "com.stt.android",
    "permisions": {
        "Location": [
            "approximate location (network-based)",
            "precise location (GPS and network-based)"
        ],
        "Photos/Media/Files": [
            "modify or delete the contents of your USB storage",
            "read the contents of your USB storage"
        ],
        "Storage": [
            "modify or delete the contents of your USB storage",
            "read the contents of your USB storage"
        ],
        "Camera": [
            "take pictures and videos"
        ],
        "Wi-Fi connection information": [
            "view Wi-Fi connections"
        ],
        "Other": [
            "access Bluetooth settings",
            "control vibration",
            "full network access",
            "pair with Bluetooth devices",
            "prevent device from sleeping",
            "run at startup",
            "view network connections"
        ],
        "Uncategorized": [
            "receive data from Internet"
        ]
    }
}