{
    "title": "Carla Car Rental - Rent a Car",
    "description": "Carla is a car rental app that compares global and local companies, including Hertz, Avis, Budget Car Rental, Dollar, Thrifty, Sixt, and Fox Rent a Car. 🚗 Featured on USA TODAY, Techcrunch, Boston Globe, Travel Pulse, and AutoRental News. Better than car sharing, you can get instant confirmation of your car rental booking and see deals without extra fees. \r\n\r\nGet Instant Confirmation. \r\n\r\nCompare All Brands and Book the Best Deals. Book your rental car and pay at your own pace after drop-off. \r\n \r\nUse car rental near me feature to see all companies open now near you.   \r\n \r\nHow can Carla help you to book your next trip? 🏝️\r\n \r\n• 6.5M+ rental cars selected annually. 🏎️\r\n• See all rental cars near you on the map. Check if the branches are open or not. 📍\r\n• Instant confirmation: Get your voucher email right after booking. ✅\r\n• Under 25 fee waived: We're waiving under 25 at participating companies. 2️⃣5️⃣\r\n• Book now and pay later in monthly payments with Affirm. 💸\r\n• One-way rentals: Drop off at a different location. ➡️\r\n• Skip the line at the counter 🏃‍♂\r\n• Last minute deals 🔜\r\n• 24/7 customer service: Don't wait on the line for hours. We're here to help in seconds. ℹ️\r\n\r\n<font color=\"#FF9033\"><b>What Users Say about Carla</b></font> \r\n\r\n\"Very easy to navigate, and the whole process was simple from start to finish and great selection and price.\"\r\n\r\n\"Easy setup and easy to find a rental. Customer service was great in helping with an issue I had. Ginny did a fantastic job making sure things were resolved. Highly recommend.\"\r\n\r\n\"Extremely flexible app; provides a multitude of options from locations to common car rental services like Hertz or car sharing apps like Turo. Can easily narrow down your preferred car using filters for car types and rental services. The ability to choose any time for both pick up and drop off helps with flexible scheduling, which could be a headache otherwise. The only gripe I have is not being able to filter through car make or manufacturer.\"\r\n \r\n<b>How to Rent a Car Avoiding Under 25 Fee</b>\r\n \r\nThe fee for those under 25 will be waived if you're renting from Surprise Suppliers on the Carla app. Enter your age before searching for cars on Carla and make a reservation with Surprise Suppliers. The supplier will be disclosed after your booking. The supplier will be one of the major car rental companies. There will be no young renters fee at the counter with an under 25 fee waiver unique to Carla. Make sure you book a rental car on Carla saying \"under 25 fee waived\" or \"no under 25 fee\".\r\n \r\nYou can rent a car at 20,000 locations worldwide from all major companies like Avis, Budget, Dollar, Fox, Sixt, Hertz, Thrifty, Europcar, and many local businesses. \r\n \r\n<font color=\"#FF9033\"><b>WHY USE CARLA?</b></font> \r\n<font color=\"#B15B1F\">★</font> Rent a car you want. <b> Save up to $55 on your first road trip by using code \"NEWSTART\"</b>.\r\n<font color=\"#B15B1F\">★</font> <b>No hidden costs or fees</b>.\r\n<font color=\"#B15B1F\">★</font> <b>Hire a car</b> in a few seconds anywhere, anytime, from the airport, nearby, locally, or far away, for any occasion and budget.\r\n<font color=\"#B15B1F\">★</font> <b>Discover great deals</b>.\r\n<font color=\"#B15B1F\">★</font> All reservations in one app.\r\n \r\n <font color=\"#FF9033\"><b>TALK TO US! </b></font>\r\nContact us for feedback, suggestions, and issues – we'd love to help!\r\nYou can also find us on:\r\n<b>Website:</b>  https://www.rentcarla.com/\r\n<font color=\"#B15B1F\">★</font>  <font color=\"#d42828\">Instagram: </font> https://www.instagram.com/rentcarla \r\n \r\n<b>Install NOW!</b>",
    "summary": "Car Rental Booking App. Find a rental car deal nearby or at the airport.",
    "installs": "500,000+",
    "score": 4.12766,
    "ratings": 15634,
    "price": 0,
    "currency": "EUR",
    "developer": "Carla Car Rental - Rent a Car | Kasaba Teknoloji",
    "developerEmail": "carla@rentcarla.com",
    "developerWebsite": "https://rentcarla.com",
    "developerAddress": null,
    "privacyPolicy": "https://rentcarla.com/privacy-policy",
    "genre": "Travel & Local",
    "contentRating": "PEGI 3",
    "released": "Jun 30, 2016",
    "lastUpdatedOn": "May 2, 2025",
    "appId": "com.mobikasaba.carlaandroid",
    "permisions": {
        "Location": [
            "approximate location (network-based)",
            "precise location (GPS and network-based)"
        ],
        "Phone": [
            "read phone status and identity"
        ],
        "Photos/Media/Files": [
            "modify or delete the contents of your USB storage",
            "read the contents of your USB storage"
        ],
        "Storage": [
            "modify or delete the contents of your USB storage",
            "read the contents of your USB storage"
        ],
        "Camera": [
            "take pictures and videos"
        ],
        "Wi-Fi connection information": [
            "view Wi-Fi connections"
        ],
        "Device ID & call information": [
            "read phone status and identity"
        ],
        "Other": [
            "control flashlight",
            "control vibration",
            "full network access",
            "prevent device from sleeping",
            "run at startup",
            "view network connections"
        ],
        "Uncategorized": [
            "receive data from Internet"
        ]
    }
}