{
    "title": "adidas Running: Run Tracker",
    "description": "Make daily fitness a priority with adidas Running. Track your progress to get in shape and hit your fitness goals when you download and take part in the ultimate health and fitness community!\r\n\r\nThe adidas Running app is the perfect tool for any type of runner, cyclist, or athlete. Whether you are a beginner runner who is looking for a new running trainer to help you hit your fitness goals or a seasoned running pro looking for new fitness challenges, adidas Running has you covered.\r\n\r\nJoin over 170 million people who use adidas Running to track over 90 sports and activities. Whether it's for activities like hiking and cycling, marathon training, or at home workouts, your fitness log lets you track your stats seamlessly.\r\n\r\nTrack all of your sports and activities in one place with walking distance, exercise routines, weight loss and so much more. Dive into a new fitness challenge or virtual race to stay motivated and crush your running and fitness goals.\r\n\r\nLog minutes, miles and calories burned to monitor your health and fitness journey stats over time. Follow other athletes, join sports clubs near you and keep yourself motivated on your daily fitness routines!\r\n\r\nADIDAS RUNNING FEATURES\r\n\r\nTHE FITNESS APP FOR ALL ACTIVITIES\r\n- Choose from 90+ sports & activities\r\n- Running, biking, swimming & more. Our fitness log is perfect for tracking any passion\r\n\r\nTRAINING FOR ALL FITNESS LEVELS\r\n- Beginner running challenges help you start running no matter your fitness level\r\n- Track new fitness goals to continue to improve\r\n- Recharge your current fitness plan to build off previous gains\r\n\r\nTRACK RUNNING DISTANCE & ACTIVITY\r\n- Track running distance, biking distance & more daily fitness metrics\r\n- Monitor overall health & fitness, track heart rate, pace, calories burned, & cadence\r\n- Start running with your own plan: set distance, duration, & consistency\r\n\r\nWEAR OS COMPATIBILITY\r\n- Link your adidas Running account to your favorite wearable device for a personal health monitor\r\n- Weight loss & daily fitness progress monitoring\r\n- Improve overall health & fitness with convenient insight on all your devices\r\n\r\nHALF-MARATHON & MARATHON TRAINING (PREMIUM)\r\n- With a running coach & detailed tools, start running with your own training plan for that next 5k, 10k or marathon\r\n- Improve performance & build endurance while preparing for your run\r\n\r\nMORE PREMIUM BENEFITS\r\n- Run plans & personalized training for races (weight loss, 5K, 10K, half-marathon, marathon)\r\n- Running, walking & cycling with interval training. Train with your personal running coach!\r\n- Personal records to mark your achievements\r\n- Auto-pause when you stop moving.\r\n\r\nAPP USAGE INFO & PREMIUM MEMBERSHIP DETAILS\r\nThe adidas Running app by Runtastic is free to download & use. Some features, such as your running training plans, are unlocked only with the purchase of a Premium Membership. Your Membership renews automatically if you do not cancel it within 24 hours prior to the end of the subscription period. The renewal of your Premium Membership will be charged to your account up to 24 hours before your current Membership expires. The cancellation of an in-app Membership subscription is not permitted. The option to disable the automatic renewal of your Premium Membership is available to you in your Google Play account settings.\r\n\r\n**Available on mobile, Wear OS, and other wearable devices. Two tiles are supported in Wear OS: a statistics tile to see your progress over the past six months and a launch tile to quick start a specific sport type. We also support three different complications: Start Activity, Weekly Distance, and Number of Weekly Activities.\r\n\r\nDo you have further questions about our apps? Contact us via https://help.runtastic.com/hc/en-us\r\nRuntastic Terms of Service: https://www.runtastic.com/in-app/iphone/appstore/terms\r\nRuntastic Privacy Policy: https://www.runtastic.com/privacy-notice",
    "summary": "Run into summer with the adidas Running app: fitness, workout, & running tracker",
    "installs": "50,000,000+",
    "score": 4.584195,
    "ratings": 1603619,
    "price": 0,
    "currency": "EUR",
    "developer": "Adidas Runtastic",
    "developerEmail": "support.android@runtastic.com",
    "developerWebsite": "http://www.runtastic.com",
    "developerAddress": "Pluskaufstrasse 7\n4061 Pasching\nAUSTRIA",
    "privacyPolicy": "https://www.runtastic.com/privacy-notice",
    "genre": "Health & Fitness",
    "contentRating": "PEGI 3",
    "released": "May 12, 2010",
    "lastUpdatedOn": "Feb 4, 2025",
    "appId": "com.runtastic.android",
    "permisions": {
        "Identity": [
            "add or remove accounts",
            "find accounts on the device"
        ],
        "Contacts": [
            "find accounts on the device",
            "read your contacts"
        ],
        "Location": [
            "approximate location (network-based)",
            "precise location (GPS and network-based)"
        ],
        "Photos/Media/Files": [
            "modify or delete the contents of your USB storage",
            "read the contents of your USB storage"
        ],
        "Storage": [
            "modify or delete the contents of your USB storage",
            "read the contents of your USB storage"
        ],
        "Camera": [
            "take pictures and videos"
        ],
        "Microphone": [
            "record audio"
        ],
        "Wi-Fi connection information": [
            "view Wi-Fi connections"
        ],
        "Wearable sensors/Activity data": [
            "body sensors (like heart rate monitors)"
        ],
        "Other": [
            "Google Play license check",
            "access Bluetooth settings",
            "change system display settings",
            "connect and disconnect from Wi-Fi",
            "control vibration",
            "create accounts and set passwords",
            "disable your screen lock",
            "full network access",
            "modify global animation speed",
            "pair with Bluetooth devices",
            "prevent device from sleeping",
            "read Google service configuration",
            "reorder running apps",
            "run at startup",
            "use accounts on the device",
            "view network connections"
        ],
        "Uncategorized": [
            "control media playback and metadata access",
            "receive data from Internet"
        ]
    }
}