{
    "title": "GPS Route Planner",
    "description": "GPS Route planner is a powerful route finder app for planning routes between A to B destinations with GPS navigation on a map. GPS navigator helps you to get driving direction and finds driving routes using voice navigation on the road map. Plan your road trips and execute them on time and everywhere with the free navigation app. With route tracker, you can find the shortest traffic routes between multiple stops and get distance and time for your trip. You can easily add multi-stops during your road trip and get traffic alerts during your trips.  The route planner will navigate the correct driving direction for your trip and also help you to find nearby places. Plan a great road trip! GPS route optimizer now brings you the opportunity to track a route with multi-stop route planner capabilities. Find the best route directions for your road trips with this GPS route finder. Create and optimize your driving routes with route optimizer so you can spend less time driving and more time doing. Record your routes and complete your deliveries faster and get home earlier with a route planner app .\r\n\r\nThis is the best GPS route planner app, which has been designed to make it easier for you to plan road routes and get live traffic updates on your road trip. The location tracker app with car navigation is the best tool to find the shortest way on the roads. Search for different places and destinations with the help of the GPS navigator app. This GPS route tracker gives you the ability to find road routes by your destinations A to B with GPS navigation and as well as its unique ability to add multi-stops on your routes.\r\n\r\nGPS Router tracker app has a feature of the quickest delivery route planner which provides the shortest routes for deliveries. Add your destination address for deliveries & list of multi stops you need to make, then this GPS navigation app will navigate the routes that avoid heavy traffic jams and give you the best delivery route. A multi-stop route planner also provides estimated time arrival for your trips. This is the best road trip planner and GPS route planner for employees of courier companies and everyone.\r\n\r\n💢Top Features of Route Planner App💢\r\n\r\n⏩Multi-stop Route Planner: You can add different multi-stop for your road trip.\r\n\r\n💠GPS Route Finder: With a trip planner you can plans routes and find the best routes directions in your destination.\r\n\r\n🔸Short Route Planner: Finds the shortest routes for your road trip between multiple locations with GPS navigation.\r\n\r\n🌕Traffic Updates ➤: This GPS route tracker finds driving directions and provides live traffic updates,and traffic alerts.\r\n\r\n⬛ Trip Planner: With route planner you can plan your road trip and Navigate your world faster and easier with GPS navigation.\r\n\r\n🏴Place near me: GPS voice navigation finds nearby places, quickly find near me Hotels, Petrol stations, shops, ATM, nearby bars, and many more.\r\n\r\n⭕Quick Deliveries Route: Delivery route planner  creates the quickest multi-stop delivery routes and helps to build deliveries routes for delivery staff.\r\n\r\nGet best GPS navigation for car, driving direction, and delivery routes with this best GPS tracker and navigation app. See driving routes and navigate to destination step by step with a detailed guide. Find the direction of your route easily with a GPS route finder app. Make your own trip memorable with the GPS route planner. Just draw your trip route on the map and GPS route tracker will navigate you the best driving routes with live traffic updates.",
    "summary": "GPS route planner is the app to find shortest routes to your destination",
    "installs": "1,000,000+",
    "score": 4.08,
    "ratings": 8241,
    "price": 0,
    "currency": "EUR",
    "developer": "AimzSol Technology",
    "developerEmail": "aimzsoltechnology@gmail.com",
    "developerWebsite": "https://aimzsol.store/",
    "developerAddress": "Grande Palm Ct, San Diego, CA 92101",
    "privacyPolicy": "https://gpsroute.aimzsol.store/privacy-policy.html",
    "genre": "Maps & Navigation",
    "contentRating": "PEGI 3",
    "released": "Mar 3, 2020",
    "lastUpdatedOn": "Aug 20, 2024",
    "appId": "com.gps.maps.navigation.routeplanner",
    "permisions": {
        "Location": [
            "approximate location (network-based)",
            "precise location (GPS and network-based)"
        ],
        "Wi-Fi connection information": [
            "view Wi-Fi connections"
        ],
        "Other": [
            "full network access",
            "prevent device from sleeping",
            "reorder running apps",
            "view network connections"
        ],
        "Uncategorized": [
            "receive data from Internet"
        ]
    }
}