{
    "title": "Busbud: Bus & Train Tickets",
    "description": "<b>Hello, traveler. Going places? Discover seamless, smart train and bus travel with Busbud – your go-to bus & train app for booking tickets effortlessly!</b>\r\n\r\n<b>Experience a user-friendly interface that makes finding the best schedules and cheap tickets a breeze. Whether it’s a quick hop to the next city or a carefully planned vacation, finding the best bus, train, or carpool routes has never been easier.</b>\r\n\r\n<b>With over 2 million bus, train, ferry, and carpool routes across 89+ countries, we're sure to have the perfect option for your next journey.</b>\r\n \r\n<b>Your Trip, Your Way</b>\r\n📍Avoid long lines at the counter and book tickets on-the-go with our intuitive bus & train app\r\n📍Compare and Find cheap bus tickets and train tickets from 2,200+ carriers\r\n📍Manage your entire trip right from your phone, from booking to boarding.\r\n\r\n<b>The Features You're Looking For</b>\r\n📍Scan your e-ticket for quick and easy boarding.\r\n📍Sort by earliest, latest, cheapest, or fastest train and bus routes\r\n📍Find the nearest bus stops and schedule\r\n📍Book a trip with amenities like Wi-Fi, toilet, and power outlets\r\n📍View boarding requirements and luggage limits\r\n📍Save your account details for even faster bookings in the future. \r\n\r\n<b>Busbud Takes You Further</b>\r\n📍Book tickets in 89+ countries across the globe\r\n📍Access over 2 million train, ferry, car pool and bus routes \r\n📍Compare trips with popular carriers across the world\r\n\r\n<b>With a wide range of trusted carriers, you can choose the best option for any journey including (but not limited to):</b> \r\n\r\n<b>Top Bus Operators: Greyhound, FlixBus, ALSA, National Express, Megabus, Aircoach, RedCoach, Trailways, OurBus, Interscape, ADO, Eldo Coaches, Eagle Liner, Intercity Xpress, Citiliner Plus, Delta Coaches, JetSet Express, New York Trailways, Go Buses, Rider Express, Rede Expressos, Budgetliner, Pine Hill Trailways, Jefferson Lines, Salt Lake Express, Northwestern Stage Lines, Barons Bus and more.</b>\r\n\r\n<b>Top Train Operators: Amtrak, Via Rail, Eurostar, Renfe, Italo, Deutsche Bahn, Trenitalia and more.</b>\r\n\r\n<b>Book With Confidence</b>\r\n📍Plans changed? No problem. Enjoy flexible one-tap cancellations where available.\r\n📍Got questions? Our dedicated customer support team is ready to assist you.\r\n\r\n<b>So Many Reasons To Choose Busbud</b>\r\n\r\n<b>Help The Planet</b>\r\nChoosing train or bus travel reduces your carbon footprint. With Busbud, you're supporting sustainable travel options that help decrease CO₂ emissions globally.\r\n\r\n<b>See The Sights</b>\r\nEnjoy panoramic views from your window seat as you explore new destinations. Bus and train travel lets you appreciate the journey as much as the destination.\r\n\r\n<b>Work On-The-Go</b>\r\nStay productive while you travel. Many buses offer free Wi-Fi, so you can get work done or stream your favorite shows during the ride.\r\n\r\n<b>Relax and Ride</b>\r\nSit back, unwind, and let us take care of the logistics. Whether you're daydreaming, listening to music, or catching up on sleep, your trip will be smooth and comfortable.\r\n\r\n<b>Smart & Easy Travel</b> \r\nOur app is praised for its seamless booking process and intuitive design. It is super easy it is to find the best train and bus tickets and schedules without the usual hassle.\r\n\r\n<b>Busbud. Your way to go places.</b>\r\n\r\n<b>Contact</b>\r\nPlans changed? No problem. Get in touch with our customer service team via chat or email, and we’ll sort everything out for you.\r\n\r\n<b>Support: https://help.busbud.com/hc\r\nWebsite: https://www.busbud.com/en</b>\r\n\r\n<b>Follow Busbud</b>\r\nInstagram: https://www.instagram.com/busbud/ \r\nFacebook: https://www.facebook.com/Busbud/",
    "summary": "Easily compare and book bus & train travel in USA, Europe, and LATAM",
    "installs": "1,000,000+",
    "score": 4.7647057,
    "ratings": 17000,
    "price": 0,
    "currency": "EUR",
    "developer": "Busbud",
    "developerEmail": "support@busbud.com",
    "developerWebsite": "http://www.busbud.com",
    "developerAddress": "5425, avenue Casgrain\nMontréal, QC H2T 1X6",
    "privacyPolicy": "https://www.busbud.com/en/privacy-policy/",
    "genre": "Travel & Local",
    "contentRating": "PEGI 3",
    "released": "Jun 22, 2015",
    "lastUpdatedOn": "Apr 8, 2025",
    "appId": "com.busbud.android",
    "permisions": {
        "Location": [
            "approximate location (network-based)",
            "precise location (GPS and network-based)"
        ],
        "Phone": [
            "read phone status and identity"
        ],
        "Photos/Media/Files": [
            "modify or delete the contents of your USB storage",
            "read the contents of your USB storage"
        ],
        "Storage": [
            "modify or delete the contents of your USB storage",
            "read the contents of your USB storage"
        ],
        "Wi-Fi connection information": [
            "view Wi-Fi connections"
        ],
        "Device ID & call information": [
            "read phone status and identity"
        ],
        "Other": [
            "full network access",
            "prevent device from sleeping",
            "run at startup",
            "view network connections"
        ],
        "Uncategorized": [
            "receive data from Internet"
        ]
    }
}