{
    "title": "Bluebikes",
    "description": "Bluebikes is metro-Boston’s public bike share system. With thousands of bikes available 24/7 at hundreds of stations throughout Metro-Boston, Bluebikes is one of the most popular bike shares in the country.\r\n\r\nUse the app to find your closest station and purchase a pass. Then unlock one of Bluebikes' safe, sturdy, easy to ride bikes, and get riding right away. When you’re done riding, simply return the bike to an available dock at any station in the network. The app will show you all station locations, with real-time bike and dock availability, and you can save your favorites for later reference. Tap a station pin or location and the app will show you the best route to get there.\r\n\r\nIdeal for one-way trips, commutes to work or school, running errands, meeting friends for dinner, going to a game, or just cruising around metro-Boston to see the sights. All trips under 45 minutes are included for members (the app will track your time for you). Take as many rides as you want during the term of your pass.\r\n\r\nEnjoy the ride!",
    "summary": "Bluebikes is metro-Boston’s public bike share system.",
    "installs": "100,000+",
    "score": 4.4,
    "ratings": 1464,
    "price": 0,
    "currency": "EUR",
    "developer": "Lyft, Inc.",
    "developerEmail": "app@bluebikes.com",
    "developerWebsite": "http://www.bluebikes.com",
    "developerAddress": null,
    "privacyPolicy": "https://www.lyft.com/privacy",
    "genre": "Travel & Local",
    "contentRating": "PEGI 3",
    "released": "Jul 11, 2017",
    "lastUpdatedOn": "May 2, 2025",
    "appId": "com.motivateco.hubway",
    "permisions": {
        "Identity": [
            "find accounts on the device"
        ],
        "Calendar": [
            "read calendar events plus confidential information"
        ],
        "Contacts": [
            "find accounts on the device",
            "read your contacts"
        ],
        "Location": [
            "approximate location (network-based)",
            "precise location (GPS and network-based)"
        ],
        "Phone": [
            "directly call phone numbers",
            "read phone status and identity"
        ],
        "Photos/Media/Files": [
            "modify or delete the contents of your USB storage",
            "read the contents of your USB storage"
        ],
        "Storage": [
            "modify or delete the contents of your USB storage",
            "read the contents of your USB storage"
        ],
        "Camera": [
            "take pictures and videos"
        ],
        "Wi-Fi connection information": [
            "view Wi-Fi connections"
        ],
        "Device ID & call information": [
            "read phone status and identity"
        ],
        "Other": [
            "access Bluetooth settings",
            "allow Wi-Fi Multicast reception",
            "connect and disconnect from Wi-Fi",
            "control Near Field Communication",
            "control vibration",
            "draw over other apps",
            "full network access",
            "pair with Bluetooth devices",
            "prevent device from sleeping",
            "read Google service configuration",
            "run at startup",
            "view network connections"
        ],
        "Uncategorized": [
            "receive data from Internet"
        ]
    }
}