{
    "title": "Browser TV Web - BrowseHere",
    "description": "TV browser BrowseHere is one of the most UI refined TV internet web ad-block Videoplay browsers available for free for TCL Android TV and Android TV box and Android Set-top Box. You can easily stream movies, TV shows, anime, videos, download content seamlessly and surf the web without ads. With built-in Android TV OS support, it is fully functional with the TV remote. It includes features such as bookmarks, browsing history, search engines shortcut, fast downloading and cookies blockers.\r\n\r\nMain features:\r\n\r\n★It is FREE\r\nNo in-app purchases. Use at your pleasure.\r\n\r\n★Web Video Player: Play video on the web\r\nEnjoy videos on the big screen with features like bookmark and subtitles. And easier to operate by remote.\r\n\r\n★Voice Input: Speak & Search in any language\r\nSay goodbye to typing with your remote! We now support you to search for stuff using your voice. And it supports any language you speak!\r\n\r\n★Integrated IPTV Player: Watch live TV channels from your IPTV provider\r\nIMPORTANT! BrowseHere doesn't provide any TV sources. You need to add a playlist from your IPTV provider to be able to watch live TV channels.\r\n\r\n★Ad Blocker: Say goodbye to annoying ads\r\nBrowseHere's built-in ad-blocking technology is more efficient than other free adblocker browsers. If the switch is turned on, BrowseHere will automatically block annoying ads. Disruptive pop-up, video and banner ads.\r\n\r\n★Download\r\nDownload files in all formats—APKs, videos, images, and more—directly from the internet by browsing websites, entering URLs, or using short codes like those in the Downloader app, all at fast speeds. Enjoy a streamlined download process with trackable status, allowing you to manage downloaded files seamlessly. Our powerful and reliable security checks ensure safe downloads every time.\r\n\r\n★Free Movies & Animes\r\nNo need to search for free content, you can now embrace brilliant FREE content from the World Wide Web on our home page.\r\n\r\n★Keeping up with the Trendings\r\nWe now deliver the trending searches. This feed offers an unfiltered view of top and breaking news articles from around the world.\r\n\r\n★Bookmarks\r\nBookmarks help save your favorite websites and provide quick navigation for revisiting later on.\r\n\r\n★History\r\nThe history list helps with recollection. Both will save you time looking for your favorite websites.\r\nWe respect your privacy. The app itself does not collect or share any user information such as location or cookies.\r\n\r\n★Input from Mobile Phone\r\nWith the QR Code webpage, you send to URL address to the TV without a remote and keyboard on your television (only specific TV models supported).\r\n\r\n★You May Interest: Personalized content recommendations\r\nEliminate the dilemma of choosing movies and TV series with our intelligent content recommender. Build your unique viewing vibe across various genres with content curated just for you. Experience the convenience and excitement of the smart \"You May Interest\" feature, making your watching experience a wonderful one.\r\n\r\nOther features:\r\n\r\n*Quick search by Google search engine\r\n*Webpage Zoom in and Zoom out\r\n*Scroll Mode for faster webpage up and down\r\n*No more physical mouse needed\r\n\r\nYour feedback is valuable for BrowseHere Browser.\r\n\r\nWhenever you have any issues or suggestions while using BrowseHere, you can join our Telegram channel: https://t.me/browsehere\r\n\r\nCompatibility with all TVs and set-top boxes.\r\nSupported TVs and Streaming devices Models (include but are not limited to the following Android TV OS and Fire OS devices):\r\n\r\nTCL Android TV (Beyond TV, Union TV, Smart TV)\r\nSony TV\r\nXIAOMI TV\r\nMi TV Stick\r\nMi Box\r\nAirTV TV\r\nAT&T TV\r\nEPSON TV\r\nHisense TV\r\nJBL TV\r\nNVIDIA TV\r\nPHILIPS TV\r\nSONY TV\r\nSKYWORTH TV\r\nAmazon Fire TV/ Fire Stick\r\nAmazon Fire TV Cube\r\nMeCool Android TV Box\r\nMI BOX\r\nT95\r\nPendoo\r\nDynalink\r\nX88 PRO 20\r\nHKMLC\r\nMYPIN\r\nH96 MAX\r\nA95X\r\nEasytone smart tv box\r\nNokia Smart TV\r\nHitachi TV\r\nAkai TV\r\nRealme TV\r\nToshiba TV\r\nBlaupunkt\r\nSatelit\r\nKivi TV\r\nMeCool Android TV Box\r\nDynalink\r\nGeotex\r\nBeelink\r\nMecool\r\nX96\r\nX88",
    "summary": "AdBlock Web Browser for smart TV, Websites, Video, TV Shows, Cartoon, Movies",
    "installs": "10,000,000+",
    "score": 3.88,
    "ratings": 146925,
    "price": 0,
    "currency": "EUR",
    "developer": "Shenzhen TCL New Technology Co., Limited",
    "developerEmail": "browse.here@tcl.com",
    "developerWebsite": "https://www.tcl.com",
    "developerAddress": null,
    "privacyPolicy": "https://www.tcl.com/us/en/terms-privacy",
    "genre": "Tools",
    "contentRating": "PEGI 3",
    "released": "May 24, 2021",
    "lastUpdatedOn": "Apr 18, 2025",
    "appId": "com.tcl.browser",
    "permisions": {
        "Location": [
            "approximate location (network-based)",
            "precise location (GPS and network-based)"
        ],
        "Photos/Media/Files": [
            "modify or delete the contents of your USB storage",
            "read the contents of your USB storage"
        ],
        "Storage": [
            "modify or delete the contents of your USB storage",
            "read the contents of your USB storage"
        ],
        "Camera": [
            "take pictures and videos"
        ],
        "Microphone": [
            "record audio"
        ],
        "Wi-Fi connection information": [
            "view Wi-Fi connections"
        ],
        "Other": [
            "change your audio settings",
            "full network access",
            "prevent device from sleeping",
            "read Google service configuration",
            "view network connections"
        ],
        "Uncategorized": [
            "read TV channel/program information",
            "write TV channel/program information"
        ]
    }
}