{
    "title": "A Better Routeplanner (ABRP)",
    "description": "A Better Routeplanner is the world's most appreciated service to plan, learn and dream about Electric Vehicles - EVs. Simply select your vehicle model, enter your destination and hit plan to get a full trip plan including charge stops and trip duration.\r\nWhen you are ready to drive it, just go to driving mode and use ABRP as a real-time plan follow-up tool and even navigator, replan as necessary and get continuously updated information about your trip.",
    "summary": "Simply a better way to learn and plan your trips with an Electric Vehicle.",
    "installs": "1,000,000+",
    "score": 4.7222223,
    "ratings": 11441,
    "price": 0,
    "currency": "EUR",
    "developer": "Iternio Planning AB",
    "developerEmail": "contact@iternio.com",
    "developerWebsite": "https://abetterrouteplanner.com",
    "developerAddress": "Scheelevägen 15\n22370 Lund\nSWEDEN",
    "privacyPolicy": "https://iternio.com/index.php/integrity-policy/",
    "genre": "Maps & Navigation",
    "contentRating": "PEGI 3",
    "released": "Dec 20, 2019",
    "lastUpdatedOn": "Apr 23, 2025",
    "appId": "com.iternio.abrpapp",
    "permisions": {
        "Calendar": [
            "add or modify calendar events and send email to guests without owners' knowledge",
            "read calendar events plus confidential information"
        ],
        "Location": [
            "approximate location (network-based)",
            "precise location (GPS and network-based)"
        ],
        "Photos/Media/Files": [
            "modify or delete the contents of your USB storage",
            "read the contents of your USB storage"
        ],
        "Storage": [
            "modify or delete the contents of your USB storage",
            "read the contents of your USB storage"
        ],
        "Camera": [
            "take pictures and videos"
        ],
        "Wi-Fi connection information": [
            "view Wi-Fi connections"
        ],
        "Other": [
            "access Bluetooth settings",
            "control vibration",
            "draw over other apps",
            "full network access",
            "pair with Bluetooth devices",
            "prevent device from sleeping",
            "read Google service configuration",
            "run at startup",
            "view network connections"
        ],
        "Uncategorized": [
            "receive data from Internet"
        ]
    }
}