{
    "title": "SeatBoost",
    "description": "SeatBoost\r\n\r\nUpgrade your seat when you fly with SeatBoost’s live, last-minute auctions.\r\n\r\n**HOW IT WORKS**\r\n\r\n- Download the free SeatBoost app\r\n- Starting 24 hours before your flight, check if your flight is eligible\r\n- Join the live auction for your desired class and bid for an upgrade\r\n- You can bid for yourself as well as for your traveling companions\r\n- Pay only if you win\r\n- Winners receive their upgrade automatically at the end of the auction \r\n\r\n**AVAILABLE AIRLINES**\r\n\r\nSeatBoost is currently available on TAP Air Portugal, with more airlines coming soon! To find out when SeatBoost partners with new airlines sign up for our email list at www.seatboost.com. \r\n\r\n**QUESTIONS**\r\nContact us at <a href=\"https://www.google.com/url?q=https%3A%2F%2Fwww.seatboost.com%2Fcontact-us&sa=D&sntz=1&usg=AOvVaw1x1xmMe2Sic2zjT8PYQ2Y_\">www.seatboost.com/contact-us.</a>\r\n\r\nPersonal data disclosure: <a href=\"https://www.google.com/url?q=https%3A%2F%2Fwww.seatboost.com%2Fprivacy-policy%2F%23purposes-for-which-we-will-use-your-personal-data&sa=D&sntz=1&usg=AOvVaw3bNyXPtR1f6kyvvekTL3ou\">www.seatboost.com/privacy-policy/#purposes-for-which-we-will-use-your-personal-data.</a>",
    "summary": "SeatBoost auctions for seating upgrades",
    "installs": "100,000+",
    "score": 4.4666667,
    "ratings": 656,
    "price": 0,
    "currency": "EUR",
    "developer": "SeatBoost Inc.",
    "developerEmail": "resolutions@seatboost.com",
    "developerWebsite": "http://seatboost.com",
    "developerAddress": null,
    "privacyPolicy": "http://seatboost.com/privacy-policy/",
    "genre": "Travel & Local",
    "contentRating": "PEGI 3",
    "released": "Sep 30, 2019",
    "lastUpdatedOn": "Apr 21, 2025",
    "appId": "com.seatboost.ma_v2",
    "permisions": {
        "Identity": [
            "find accounts on the device"
        ],
        "Contacts": [
            "find accounts on the device"
        ],
        "Photos/Media/Files": [
            "modify or delete the contents of your USB storage",
            "read the contents of your USB storage"
        ],
        "Storage": [
            "modify or delete the contents of your USB storage",
            "read the contents of your USB storage"
        ],
        "Camera": [
            "take pictures and videos"
        ],
        "Wi-Fi connection information": [
            "view Wi-Fi connections"
        ],
        "Other": [
            "control flashlight",
            "control vibration",
            "full network access",
            "prevent device from sleeping",
            "run at startup",
            "use accounts on the device",
            "view network connections"
        ],
        "Uncategorized": [
            "receive data from Internet"
        ]
    }
}