{
    "title": "Hola Barcelona",
    "description": "Download our app, with it you can get around and visit Barcelona without worrying about anything: search for routes and transport alternatives, find the most emblematic places in the city, buy transport tickets to get around and carry them comfortably with you in the app. What are you waiting for?\r\n\r\nThe best transport options at the best price - guaranteed\r\nBuy your travel cards for public transport (metro, bus, train and tram), tourist bus, cable car passes, plus tickets for tours and excursions with exclusive discounts here. The best price guaranteed to visit Barcelona, travelling by public transport and tourist transport!  \r\nWe are the official shop: the best prices are guaranteed, 100% secure purchase process and customer service on hand to resolve any issues and answer any questions you may have. \r\n\r\nYour cards and tickets, always available\r\nStore your transport cards and tickets in the app's wallet and forget about printing or saving emails. You can also add your online shopping! \r\n\r\nAll the information in a single app\r\nAll the information you need on public transport, the Barcelona Bus Turístic and the Montjuïc Cable Car in a single app: routes, stops, timetables, prices, etc. Just enjoy yourself and don't waste time searching for information!\r\n\r\nExplore the best sites and discover new ones\r\nWith our smart guide you can forget about printed ones. You can also download routes to visit the city and see the sights in 2, 3, 4 and 5 days. \r\nWe’re with you on your visit to the most emblematic places in Barcelona: Sagrada Familia, Park Güell, Casa Batlló, Las Ramblas, La Pedrera, Port Olímpic, Montjuïc Castle, the Magic Fountain, and more. Simply decide what you want to visit, and we'll help you get there!\r\n\r\nYou’ll never get lost!\r\nSave your favourite sites and find transport options with ease. No matter where you go, you'll always know how to get back!",
    "summary": "All the transport you need to visit Barcelona. Buy tickets at the best price.",
    "installs": "100,000+",
    "score": 4.369565,
    "ratings": 633,
    "price": 0,
    "currency": "EUR",
    "developer": "Transports Metropolitans de Barcelona",
    "developerEmail": "webmaster@tmb.cat",
    "developerWebsite": "https://www.tmb.cat/",
    "developerAddress": null,
    "privacyPolicy": "https://www.tmb.cat/ca/politica-privadesa",
    "genre": "Maps & Navigation",
    "contentRating": "PEGI 3",
    "released": "Nov 3, 2022",
    "lastUpdatedOn": "Apr 3, 2025",
    "appId": "com.holabarcelona",
    "permisions": {
        "Location": [
            "approximate location (network-based)",
            "precise location (GPS and network-based)"
        ],
        "Photos/Media/Files": [
            "modify or delete the contents of your USB storage",
            "read the contents of your USB storage"
        ],
        "Storage": [
            "modify or delete the contents of your USB storage",
            "read the contents of your USB storage"
        ],
        "Camera": [
            "take pictures and videos"
        ],
        "Other": [
            "control Near Field Communication",
            "control vibration",
            "full network access",
            "prevent device from sleeping",
            "run at startup",
            "view network connections"
        ],
        "Uncategorized": [
            "receive data from Internet"
        ]
    }
}