{
    "title": "SNCB International",
    "description": "Book your Eurostar, TGV, ICE and IC train tickets on your smartphone.\r\n \r\nBook your international train tickets to thousands of European destinations such as London, Paris, Amsterdam and Cologne easily via the SNCB International app. You can now travel with your mobile train tickets on your smartphone.\r\n \r\nBOOK YOUR INTERNATIONAL TICKETS\r\n \r\n\t•\tBook tickets for Eurostar, TGV, ICE and IC trains.\r\n\t•\tWith your mobile train ticket, you can travel to thousands of European destinations such as London, Paris, Amsterdam and Cologne.\r\n\t•\tSecure payment by credit card and with the Bancontact app.\r\n \r\nYOUR MOBILE TICKET\r\n \r\n\t•\tGet your mobile train tickets sent straight to your smartphone in barcode form.\r\n\t•\tView or scan your mobile train tickets (no internet connection needed).\r\n\t•\tDownload a PDF version of your ticket via the \"My tickets\" tab if needed.\r\n\t•\tExchange your train tickets at our Contact Centre using the \"click-to-call\" function in the “My tickets” tab (open 7 days a week).\r\n \r\nNEW FEATURES\r\n \r\n\t•\tBrand-new look and design.\r\n\t•\tMore info on train stations.\r\n\t•\tLink your MyTrain account to the app! You will always have the bookings that you made online, through the Contact Center and though the app at hand!\r\n\t•\tAlways find the lowest fares in our fare calendar\r\n\t•\tConsult the timetables of thousands of trains in Europe and get real-time info.\r\n\t•\tLeave a review or give feedback about the app.",
    "summary": "Book train tickets for Eurostar, TGV and ICE on your smartphone",
    "installs": "500,000+",
    "score": 4.42,
    "ratings": 5132,
    "price": 0,
    "currency": "EUR",
    "developer": "SNCB / NMBS",
    "developerEmail": "internet-int@b-rail.be",
    "developerWebsite": "https://www.b-europe.com/EN/Contact",
    "developerAddress": null,
    "privacyPolicy": "https://www.b-europe.com/EN/Legal/Privacy",
    "genre": "Travel & Local",
    "contentRating": "PEGI 3",
    "released": "Nov 21, 2012",
    "lastUpdatedOn": "Jan 7, 2025",
    "appId": "com.nmbs",
    "permisions": {
        "Location": [
            "approximate location (network-based)",
            "precise location (GPS and network-based)"
        ],
        "Phone": [
            "directly call phone numbers",
            "read phone status and identity"
        ],
        "Photos/Media/Files": [
            "modify or delete the contents of your USB storage",
            "read the contents of your USB storage"
        ],
        "Storage": [
            "modify or delete the contents of your USB storage",
            "read the contents of your USB storage"
        ],
        "Wi-Fi connection information": [
            "view Wi-Fi connections"
        ],
        "Device ID & call information": [
            "read phone status and identity"
        ],
        "Other": [
            "full network access",
            "prevent device from sleeping",
            "read Google service configuration",
            "run at startup",
            "view network connections"
        ],
        "Uncategorized": [
            "monitor and control all app launching",
            "receive data from Internet"
        ]
    }
}