{
    "title": "Car Rental・Budget Rent A Car",
    "description": "Rent a car with our car rental app and avail the best rent cars deals. Search, compare & get the best offers on car rental prices from thousands of locations worldwide. Find the best car rental deals among the popular car rental companies globally like OuiCar, La centrale, Avis location voiture, Turo voiture location, Hertz location de voiture, Rentalcars com, Driiveme, Virtuo location de voiture, Wecar, Citiz location voitures, Free2move, Goldcar, Zipcar, Economy bookings, National car rental, Alamo rent a car, Budget car rental, Ubeeqo rent car, Share now car2go Carsharing, toosla location vehicule, Drivy, Sixt location de voiture, Yolcu360, Getaround Autopartage, Europcar, Enterprise car rental, Ada, Zoom car, and many more. Renting cars are more easier now. Last minute rental car deals are available with us.\r\n\r\nWhy rent a car with the Car Rental App?\r\n➤ Compare rent cars deals from top rental cars companies easily.\r\n➤ Hire a car that suits your need. Filter the search results and select the best cheap rental cars for you.\r\n➤ Use the cheap car rental near me option to find the nearest location.\r\n➤Discover cars at any time. We provide low cost car rental deals.\r\n➤ Get detailed information about the rent vehicles and make the choice that’s right for you to get the best renting cars.\r\n➤ Work with major inter national car hire companies including OuiCar, Avis location voiture, Turo voiture location, Sixt location de voiture, National car rental, Europcar, Goldcar, Zipcar, Economy bookings, Alamo rent a car, Budget car rental, Enterprise car rental, Rentalcars com, Getaround autopartage, Driiveme, Free2move, Share now car2go carsharing, Yolcu360, Citiz location voitures, Virtuo location de voiture, Hertz location de voiture, Ubeeqo rent car, Ada, Toosla location vehicule, Drivy, and more.\r\n➤ Car hire services are readily available:\r\n\t◉ Weekly car rental\r\n\t◉ Monthly car rental\r\n        ◉ Last minute rental car \r\n        ◉ Luxury car rental\r\n        ◉ Low cost car rentals\r\n\r\nLast minute rental car is also available with us. Plan at any time, we provide you with the best low cost car rental available in your location.\r\n\r\nThis is the most convenient car rental app for rent a car of any category in any corner of the world. Get the best car rental deals always with us.",
    "summary": "Get low cost car rentals with us. Hire cheap rental cars at any time, anywhere.",
    "installs": "100,000+",
    "score": 0,
    "ratings": 0,
    "price": 0,
    "currency": "EUR",
    "developer": "Hotels, Flights & Cars Booking by Traveldealo",
    "developerEmail": "daviesjohn9496@gmail.com",
    "developerWebsite": null,
    "developerAddress": null,
    "privacyPolicy": "https://lmstay.notion.site/Privacy-Policy-adfc4883f7d7424c88ab25ded2d3a5f2?pvs=4",
    "genre": "Travel & Local",
    "contentRating": "PEGI 3",
    "released": "Nov 26, 2021",
    "lastUpdatedOn": "Apr 8, 2025",
    "appId": "com.rentals.caronline",
    "permisions": {
        "Location": [
            "approximate location (network-based)",
            "precise location (GPS and network-based)"
        ],
        "Wi-Fi connection information": [
            "view Wi-Fi connections"
        ],
        "Other": [
            "change network connectivity",
            "control vibration",
            "full network access",
            "prevent device from sleeping",
            "run at startup",
            "view network connections"
        ],
        "Uncategorized": [
            "receive data from Internet"
        ]
    }
}