{
    "title": "Share Ride",
    "description": "• Real-time Google GPS navigation, Traffic, Turn by Turn and find what you need by getting the latest Information on businesses, including stores Hotels pharmacies and other important places.\r\n\r\n• Share Ride is a transportation app, Request a ride, And drive with our platform and earn and get paid, the best yet, with many features providing you with up to date services, Weather, Traffic, and much more with Google maps.\r\n\r\n• Our services are exciting and genuine; navigate the world with our apps,\r\nAvailable Nation Wide.",
    "summary": "Share Ride on Google maps.",
    "installs": "1,000+",
    "score": null,
    "ratings": null,
    "price": 0,
    "currency": "EUR",
    "developer": "Share Ride Inc.",
    "developerEmail": "shareridecompanyinc@gmail.com",
    "developerWebsite": "https://sharerideinc.com/",
    "developerAddress": null,
    "privacyPolicy": "https://sharerideinc.com/privacy_policy",
    "genre": "Travel & Local",
    "contentRating": "PEGI 3",
    "released": "Dec 22, 2023",
    "lastUpdatedOn": "Jun 4, 2024",
    "appId": "com.shareridecustomer",
    "permisions": {
        "Location": [
            "approximate location (network-based)",
            "precise location (GPS and network-based)"
        ],
        "Photos/Media/Files": [
            "modify or delete the contents of your USB storage",
            "read the contents of your USB storage"
        ],
        "Storage": [
            "modify or delete the contents of your USB storage",
            "read the contents of your USB storage"
        ],
        "Camera": [
            "take pictures and videos"
        ],
        "Wi-Fi connection information": [
            "view Wi-Fi connections"
        ],
        "Other": [
            "full network access",
            "prevent device from sleeping",
            "view network connections"
        ],
        "Uncategorized": [
            "receive data from Internet"
        ]
    }
}