{
    "title": "PARIS METRO BUS MAP OFFLINE",
    "description": "Key features:\r\n1. Offline maps from official sources.\r\n2. Usable even no internet connection and Wi-Fi lost.\r\n3. Can zoom in, zoom out and scroll vertical and horizontal.\r\n4. Easy to use. Quick to find your place.\r\n5. Without charge.\r\n6. Bookmark and customize maps and web pages by yourself.\r\n7. Local guide and local foods guide.\r\n\r\nThis app includes:\r\n1. PARIS METRO, TRAM MAP\r\n2. PARIS BUS MAP\r\n3. PARIS NIGHT BUS MAP\r\n4. PARIS RER, TRANSILIEN\r\n5. PARIS TRAVEL GUIDE BOOK\r\n6. PARIS AIRPORT ACCESS",
    "summary": "An offline map and travel guide of Paris Metro Bus",
    "installs": "1,000+",
    "score": 0,
    "ratings": 0,
    "price": 0,
    "currency": "EUR",
    "developer": "Software Play Store",
    "developerEmail": "usehttps@gmail.com",
    "developerWebsite": "https://mytripnavi.com",
    "developerAddress": "Sweden",
    "privacyPolicy": "https://mytripnavi.com/legal/privacypolicy/",
    "genre": "Maps & Navigation",
    "contentRating": "PEGI 3",
    "released": "Aug 28, 2022",
    "lastUpdatedOn": "Nov 18, 2024",
    "appId": "com.flapoon.appp.paris",
    "permisions": {
        "Photos/Media/Files": [
            "modify or delete the contents of your USB storage",
            "read the contents of your USB storage"
        ],
        "Storage": [
            "modify or delete the contents of your USB storage",
            "read the contents of your USB storage"
        ],
        "Other": [
            "full network access",
            "prevent device from sleeping",
            "view network connections"
        ],
        "Uncategorized": [
            "receive data from Internet"
        ]
    }
}