{
    "title": "Tramway Strasbourg",
    "description": "Application allowing easy consultation by stops of the real-time timetables of public transport in the Strasbourg conurbation. \r\n\r\nIt allows in particular to: \r\n- Consult the schedules in real time of the next tram and bus passages \r\n- Put stops in favorites, in order to have easier access to the next passages \r\n- To be able to compare the next passages between several stops \r\n- Ability to easily refresh schedules \r\n- The lines are colored respecting the color code of the bus / tram \r\n- To consult the official plan of the CTS \r\n- To consult the deviations of the network in real time \r\n\r\nFind this same application also on iOS: https://apps.apple.com/fr/app/tramway-strasbourg/id333494939 \r\n\r\nApplication reusing public information accessible from the Open Data portal of the CTS.\r\n\r\nThis application doesn’t represent a government entity.",
    "summary": "Real time schedules of Strasbourg's public transport",
    "installs": "10,000+",
    "score": 4.72,
    "ratings": 206,
    "price": 0,
    "currency": "EUR",
    "developer": "Hugo Moreuil",
    "developerEmail": "hmoreuildev@gmail.com",
    "developerWebsite": null,
    "developerAddress": "36 avenue Jean Moulin, Paris 75014",
    "privacyPolicy": "https://hmoreuildev.wixsite.com/horaires-transport/post/strastram",
    "genre": "Travel & Local",
    "contentRating": "PEGI 3",
    "released": "Jul 8, 2019",
    "lastUpdatedOn": "Jan 26, 2024",
    "appId": "com.momo.hugomoreuil.strastram",
    "permisions": {
        "Location": [
            "approximate location (network-based)",
            "precise location (GPS and network-based)"
        ],
        "Other": [
            "full network access",
            "prevent device from sleeping",
            "view network connections"
        ],
        "Uncategorized": [
            "receive data from Internet"
        ]
    }
}