{
    "title": "Autel Charge - EV Charging",
    "description": "The Autel Charge application bring you an excellent experience when you're charging on Autel MaxiCharger at home or on the road. \r\n\r\n The advantages of our intelligent charging solutions for home use include:\r\n• Scan the QR code on your home charger to streamline the setup and configuration process. \r\n• Link Autel charge card to start and stop charging via it.\r\n• Fast and convenient charging via the Autostart feature. \r\n• Schedule charging sessions during off-peak times to reduce electricity costs. \r\n• View real-time charging statistics including: Power usage, energy costs, charging amperage, charge duration and much more! \r\n• View monthly energy consumption details. \r\n• Set your local energy prices to calculate charging costs using home chargers. \r\n• Distribute charging power evenly within a charger group to maximize charging efficiency within limited total charging power via dynamic load balancing.\r\n• Home Charger Sharing supporting sharing home chargers with other drivers for extra revenue.\r\n• Fast and convenient self-service invoicing for reimbursement of charging costs. \r\n• Convenient management of charge records by exporting charge history as Excel files by month. \r\n\r\nWhen on the road, the Autel Charge application offers the following features: \r\n• Start and stop charging using your Autel Charge card or by scanning the QR code on the public charger. \r\n• Displays the availability status of public chargers on the map. (available, in-use, out of order, etc.)\r\n• Filter chargers displayed on the map by desired connector types. \r\n• Filter by required charging power on the map. \r\n• View site information within the map including pictures, address, energy prices, hours of operation, quantity of chargers and connectors. \r\n• Navigate to a desired site using the integrated navigation map. \r\n• Link your credit card to streamline the payment process using public chargers. \r\n• Scan QR code to start and stop the charger with just one tap.",
    "summary": "Easily control Autel MaxiCharger to enjoy an excellent charging journey.",
    "installs": "50,000+",
    "score": 4.48,
    "ratings": 1297,
    "price": 0,
    "currency": "EUR",
    "developer": "Autel New Energy Co., Ltd",
    "developerEmail": "support@autel.com",
    "developerWebsite": "https://autelenergy.com/",
    "developerAddress": null,
    "privacyPolicy": "https://evcharging.autel.com/app/privacy-policy.html",
    "genre": "Auto & Vehicles",
    "contentRating": "PEGI 3",
    "released": "Dec 31, 2021",
    "lastUpdatedOn": "Apr 12, 2025",
    "appId": "com.autel.charge",
    "permisions": {
        "Device & app history": [
            "read sensitive log data",
            "retrieve running apps"
        ],
        "Location": [
            "approximate location (network-based)",
            "precise location (GPS and network-based)"
        ],
        "Phone": [
            "read phone status and identity"
        ],
        "Photos/Media/Files": [
            "modify or delete the contents of your USB storage",
            "read the contents of your USB storage"
        ],
        "Storage": [
            "modify or delete the contents of your USB storage",
            "read the contents of your USB storage"
        ],
        "Camera": [
            "take pictures and videos"
        ],
        "Microphone": [
            "record audio"
        ],
        "Wi-Fi connection information": [
            "view Wi-Fi connections"
        ],
        "Device ID & call information": [
            "read phone status and identity"
        ],
        "Other": [
            "access Bluetooth settings",
            "change network connectivity",
            "connect and disconnect from Wi-Fi",
            "control Near Field Communication",
            "control flashlight",
            "control vibration",
            "full network access",
            "pair with Bluetooth devices",
            "prevent device from sleeping",
            "read Google service configuration",
            "reorder running apps",
            "view network connections"
        ],
        "Uncategorized": [
            "receive data from Internet"
        ]
    }
}