{
    "title": "Google Go",
    "description": "<b>Google Go</b> is a lighter, faster way to search, with search results optimised to save up to 40% data.\r\n\r\nGet answers quickly and reliably with Google Go, even on slow connections and smartphones with low space. At 12MB in size, it’s fast to download and saves space on your phone.\r\n\r\n<b>Type less, discover more.</b> Save time by tapping your way through trending queries and topics, or by using your voice to say what you’re looking for.\r\n\r\n<b>Make Google read it.</b> Point your camera at text or listen to any web page. Words are highlighted as they are read, so you can easily follow along.\r\n\r\n<b>Search and translate with your camera.</b> See a word you don’t understand on a sign, form, or product? With Google Lens, just point your camera to translate or search for it.\r\n\r\n<b>Everything you need in one app.</b> Easily and quickly access your favorite apps and websites, as well as images, videos and information on the things you care about - all from Google Go.\r\n\r\n<b>Don’t miss out on what’s popular and trending.</b> Explore the latest trending topics just by tapping Search.\r\n\r\n<b>Find the perfect greetings to share with loved ones.</b> Tap on “Images” or “GIFs” to find the best photos and animated greetings to liven up your chats.\r\n\r\n<b>Easily switch between languages.</b> Set a second language to switch your search results to or from at any time.\r\n\r\nWhatever you are looking for on the internet, Google Go makes it fast and easy for you to find!",
    "summary": "Everything you need in one app",
    "installs": "1,000,000,000+",
    "score": 4.344021,
    "ratings": 1657679,
    "price": 0,
    "currency": "EUR",
    "developer": "Google LLC",
    "developerEmail": "apps-help@google.com",
    "developerWebsite": "https://www.google.com/search/about/",
    "developerAddress": "1600 Amphitheatre Parkway, Mountain View 94043",
    "privacyPolicy": "http://www.google.com/policies/privacy",
    "genre": "Tools",
    "contentRating": "PEGI 3",
    "released": "Aug 19, 2019",
    "lastUpdatedOn": "Apr 30, 2025",
    "appId": "com.google.android.apps.searchlite",
    "permisions": {
        "Identity": [
            "add or remove accounts",
            "find accounts on the device"
        ],
        "Calendar": [
            "read calendar events plus confidential information"
        ],
        "Contacts": [
            "find accounts on the device",
            "read your contacts"
        ],
        "Location": [
            "precise location (GPS and network-based)"
        ],
        "SMS": [
            "edit your text messages (SMS or MMS)",
            "read your text messages (SMS or MMS)",
            "send SMS messages"
        ],
        "Phone": [
            "directly call any phone numbers",
            "directly call phone numbers"
        ],
        "Photos/Media/Files": [
            "modify or delete the contents of your USB storage",
            "read the contents of your USB storage"
        ],
        "Storage": [
            "modify or delete the contents of your USB storage",
            "read the contents of your USB storage"
        ],
        "Camera": [
            "take pictures and videos"
        ],
        "Microphone": [
            "record audio"
        ],
        "Wi-Fi connection information": [
            "view Wi-Fi connections"
        ],
        "Other": [
            "access Bluetooth settings",
            "connect and disconnect from Wi-Fi",
            "control vibration",
            "full network access",
            "measure app storage space",
            "modify system settings",
            "pair with Bluetooth devices",
            "prevent device from sleeping",
            "read Google service configuration",
            "reorder running apps",
            "run at startup",
            "set an alarm",
            "view network connections"
        ],
        "Uncategorized": [
            "control media playback and metadata access",
            "download files without notification",
            "receive data from Internet"
        ]
    }
}