{
    "title": "Moovance",
    "description": "Moovance is the application that encourages you to move and follows you on all your trips. It allows you to measure your carbon footprint and helps you reduce it. Just by moving, you can finance ecological projects and enjoy exclusive advantages at our partners, or get money directly into your bank account!\r\n\r\nMEASURE YOUR CARBON FOOTPRINT\r\nWhether you're driving, taking the bus/tram or riding your bike, the app automatically takes your journeys into account thanks to artificial intelligence. This allows you to receive a fairly accurate estimate of your CO2 emissions.\r\n\r\nCOLLECT POINTS MOOVES\r\nWhen you validate a journey, you are offered Mooves. These are points that are awarded to you. To earn even more, the application encourages you to adopt a cleaner mobility by favoring \"greens\" trips.\r\n\r\nCONVERT YOUR MOOVES INTO CASH BACK \r\nYes it's possible, you can now convert your Mooves into euro!\r\n\r\nENJOY ADVANTAGES AT OUR PARTNERS\r\nGo to the \"benefits\" tab to use your Mooves with our partners. You can then take advantage of exclusive discounts.\r\n\r\nSUPPORT ENVIRONMENTAL PROJECTS\r\nBecause we only have one planet but not some much time to make things happen. Moovance allows you to support committed projects just by moving. You can give your Mooves points in the \"actions\" tab of the application.  \r\n\r\nAll reasons are good to join Moovance so don't wait any longer and join us!\r\nTo answer any comments or questions, we remain available at contact@moovance.fr",
    "summary": "Move, act and be rewarded, now it's possible!",
    "installs": "500,000+",
    "score": 4.290854,
    "ratings": 38306,
    "price": 0,
    "currency": "EUR",
    "developer": "Moovance Solutions",
    "developerEmail": "contact@moovance.fr",
    "developerWebsite": "https://moovance.fr/",
    "developerAddress": null,
    "privacyPolicy": "https://www.moovance.fr/legal/privacy",
    "genre": "Travel & Local",
    "contentRating": "PEGI 3",
    "released": "Nov 20, 2021",
    "lastUpdatedOn": "Apr 30, 2025",
    "appId": "com.moovance",
    "permisions": {
        "Location": [
            "approximate location (network-based)",
            "precise location (GPS and network-based)"
        ],
        "Camera": [
            "take pictures and videos"
        ],
        "Microphone": [
            "record audio"
        ],
        "Wearable sensors/Activity data": [
            "body sensors (like heart rate monitors)"
        ],
        "Other": [
            "control vibration",
            "full network access",
            "prevent device from sleeping",
            "read Google service configuration",
            "run at startup",
            "view network connections"
        ],
        "Uncategorized": [
            "receive data from Internet"
        ]
    }
}