{
    "title": "Moto Roads Rentals",
    "description": "Motorcycle rental and scooter hire solutions in Europe and around the world.\r\n\r\nNew motorcycle rental models:\r\nBMW, Harley Davidson, Triumph, Honda, Yamaha, Suzuki, Kawasaki, Ducati, Aprilia, Royal Enfield, and Vespa rentals. \r\n\r\nInstant motorcycle rental booking:\r\nBook online your motorcycle rental. It takes a couple of minutes only. \r\n\r\nEasy motorcycle rental management: \r\nSign-in and benefit from your Motoroads account - keep track and receive reminders on your motorcycle rental bookings, earn great discounts for repetitive rentals. \r\n\r\n24/7 customer support:\r\nAll bookings via our motorcycle rental application receive fast, reliable, and dedicated service by email or telephone.\r\n\r\nCustomer reviews:\r\nRead what customers say about our motorcycle rental service. Leave your valuable feedback with one click.\r\n\r\nReliable motorcycle rental company:\r\nOver 20 years of experience in the motorbike rental field. We know what do you expect from us and how to deliver it.",
    "summary": "Motorcycle rental in Europe  - Barcelona, ​​Malaga, Paris, Milan, Lisbon, Faro",
    "installs": "5,000+",
    "score": null,
    "ratings": null,
    "price": 0,
    "currency": "EUR",
    "developer": "Motoroads",
    "developerEmail": "booking@motoroads.com",
    "developerWebsite": "https://www.motoroads.com/",
    "developerAddress": null,
    "privacyPolicy": "https://www.motoroads.com/privacy-notice.aspx",
    "genre": "Travel & Local",
    "contentRating": "PEGI 3",
    "released": "Oct 23, 2020",
    "lastUpdatedOn": "Jan 13, 2024",
    "appId": "com.motoroads.moto",
    "permisions": {
        "Photos/Media/Files": [
            "modify or delete the contents of your USB storage",
            "read the contents of your USB storage"
        ],
        "Storage": [
            "modify or delete the contents of your USB storage",
            "read the contents of your USB storage"
        ],
        "Camera": [
            "take pictures and videos"
        ],
        "Other": [
            "full network access",
            "prevent device from sleeping",
            "view network connections"
        ]
    }
}