{
    "title": "Charge Assist",
    "description": "Charge Assist is the perfect assistant for your electric vehicle - making EV charging as simple and quick as possible.\r\n\r\nThe app helps you to find publicly accessible chargers across the world. Charge Assist offers the fastest growing selection of chargers available in an app, with new chargers being added all the time!\r\n\r\nSimply navigate towards a charger of your choice, start charging and pay automatically after your session ends. View a charger’s availability, its tariffs, the progress of your charge session and a host of other relevant information with just a few taps.\r\n\r\nWith Charge Assist, you can:\r\n• Navigate to EV chargers worldwide\r\n• Start and stop charge sessions\r\n• View charging progress\r\n• Filter based on power type and other features\r\n• Scan QR codes to start charging immediately\r\n• See charging tariffs\r\n• See an overview of your previous charge sessions\r\n• Use our Smart Charging technology\r\n\r\nCharge Assist supports any modern payment method you may need, including credit cards, Apple Pay, Google Pay, and conventional EV charge cards.\r\n\r\nHave feedback for us? Let us know by sending an email to hello@chargeassist.app!",
    "summary": "The EV charging assistant",
    "installs": "50,000+",
    "score": 2,
    "ratings": 258,
    "price": 0,
    "currency": "EUR",
    "developer": "GreenFlux Smart Charging",
    "developerEmail": "hello@chargeassist.app",
    "developerWebsite": "http://www.chargeassist.app",
    "developerAddress": "Joan Muyskenweg 22, 1096 CJ Amsterdam",
    "privacyPolicy": "https://www.chargeassist.app/privacy-policy/",
    "genre": "Auto & Vehicles",
    "contentRating": "PEGI 3",
    "released": "Nov 19, 2018",
    "lastUpdatedOn": "Feb 13, 2025",
    "appId": "com.greenflux.charge.assist",
    "permisions": {
        "Location": [
            "approximate location (network-based)",
            "precise location (GPS and network-based)"
        ],
        "Phone": [
            "read phone status and identity"
        ],
        "Camera": [
            "take pictures and videos"
        ],
        "Device ID & call information": [
            "read phone status and identity"
        ],
        "Other": [
            "control vibration",
            "full network access",
            "prevent device from sleeping",
            "view network connections"
        ],
        "Uncategorized": [
            "receive data from Internet"
        ]
    }
}