{
    "title": "AutoScout24: Buy & sell cars",
    "description": "<b>Don't miss a great deal:</b>\r\nWith one of the best car apps. hether you're looking for used cars, new cars, motorbikes, vans, caravans, motorhomes. Create car classifieds, receive price reductions, new car offers or changes of your favorite cars - you'll get all the important information from our car app via push to your mobile phone. On top of that, the AutoScout24 features such as notepad & search filters will help you to find your new car easily. The AutoScout24 app is the must-have app for car fans searching for their next car.\r\n\r\n<b>Everything quick. Everything for your convenience.</b>\r\nWith the AutoScout24 app, buying a car is easy, whether you’re searching for used cars, new cars  motorbikes, vans, caravans or motorhomes of all brands! You can even sell your car with your mobile phone. Checking the value of your car is free of charge, so you will start with the perfect sales value. Interested in buying a car? That's possible too! As soon as you find your favorite new or used car, discuss it with your friends via WhatsApp. AutoScout360° brings you an additional fun feature - that's the virtual, mobile test drive. You can visit cars online and zoom in for a detailed preview.\r\n\r\n<b><u>AutoScout24 App Highlights:</u></b>\r\n✅ Over 2 million used & new cars\r\n✅ Find cars, motorbikes, vans or caravans with our search features\r\n✅ Visit cars online – with AutoScout360°\r\n✅ Save your favorite cars to share with your friends\r\n✅ Get notified of price changes immediately\r\n✅ Sell your used car with our AutoScout24 App\r\n\r\n🚗<b><u>AutoScout24 is the biggest marketplace for cars in Europe</u></b>\r\nWith our AutoScout24 app you have access to a car marketplace with over 2 million available car offers. Whether new cars, used cars, motorbikes, vans, caravans or motorhomes. From Audi, BMW & Ford to Mercedes & Tesla to VW, with the AutoScout24 app you'll find the right vehicle for you!\r\n \r\n🔭<b><u>AutoScout360° - save our time & visit cars online</u></b>\r\nTake a virtual seat in the car of your choice with AutoScout360°. You save valuable time and it will be easier for you to select the right car you want to see live!\r\n \r\n🕓<b><u>Always up to date with the AutoScout24 App</u></b>\r\nPrice drops, latest car offers & changes to bookmarked cars - via push directly from our car app to your mobile phone. Features such as notepad & search favorites will help you to find your car easily.\r\n\r\n📝<b><u>Save your favorite cars & share it!</u></b>\r\nSave your favorite cars on your notepad, receive related price information, compare your bookmarked car offers or share them with friends..\r\n \r\n📱<b><u>Contact car dealers directly and get fair dealer reviews</u></b>\r\nEvery car dealer rating on our car marketplace is authentic & verified. Check out the reviews on your mobile or get in contact with car dealers directly from our mobile app.\r\n \r\n💵<b><u>AutoScout24: Sell your car easily & professionally with your mobile phone</u></b>\r\nYou want to sell your car via app? With AutoScout24, it's easy to create your car classified ad. Whether VW, Audi, BMW, Mercedes, Ford or Tesla, just upload pictures, get your value check free of charge and reach millions of interested people!\r\n \r\nWe hope you enjoy using our car & used car app. If you have any questions, praise or criticism, feel free to send us an email at apps-com@autoscout24.com",
    "summary": "Find over 2 million new & used cars, vans or motorcycles",
    "installs": "10,000,000+",
    "score": 4.608524,
    "ratings": 594036,
    "price": 0,
    "currency": "EUR",
    "developer": "AutoScout24 GmbH",
    "developerEmail": "apps-de@autoscout24.com",
    "developerWebsite": "http://www.autoscout24.de",
    "developerAddress": null,
    "privacyPolicy": "http://about.autoscout24.com/de-de/au-company/au-company-privacy.aspx",
    "genre": "Auto & Vehicles",
    "contentRating": "PEGI 3",
    "released": "Jun 23, 2010",
    "lastUpdatedOn": "May 5, 2025",
    "appId": "com.autoscout24",
    "permisions": {
        "Identity": [
            "add or remove accounts",
            "find accounts on the device"
        ],
        "Contacts": [
            "find accounts on the device"
        ],
        "Location": [
            "approximate location (network-based)"
        ],
        "Phone": [
            "read phone status and identity"
        ],
        "Photos/Media/Files": [
            "modify or delete the contents of your USB storage",
            "read the contents of your USB storage"
        ],
        "Storage": [
            "modify or delete the contents of your USB storage",
            "read the contents of your USB storage"
        ],
        "Camera": [
            "take pictures and videos"
        ],
        "Wi-Fi connection information": [
            "view Wi-Fi connections"
        ],
        "Device ID & call information": [
            "read phone status and identity"
        ],
        "Other": [
            "control vibration",
            "create accounts and set passwords",
            "full network access",
            "prevent device from sleeping",
            "read Google service configuration",
            "read sync settings",
            "run at startup",
            "toggle sync on and off",
            "view network connections"
        ],
        "Uncategorized": [
            "receive data from Internet"
        ]
    }
}