{
    "title": "OVO Charge",
    "description": "Charge Anywhere – EV charging made simple across the UK & Europe\r\nFind and pay for over 34,000 UK EV chargers and 400,000+ chargers across Europe with Charge Anywhere. Found in the OVO Charge app, Charge Anywhere provides easy access to reliable, real-time charging for everyone - you don’t need to be an OVO customer.\r\n\r\nKey features for effortless EV charging:\r\n🚗 Find chargers near you – Search through hundreds of thousands of charging points in the UK and Europe. Filter by car model, connector type, charger speed, and more to find the right charger for you.\r\n⚡ Real-time availability – Check if chargers are available, broken, or occupied, helping you avoid wait times and unreliable chargers.\r\n⭐ Community ratings & reviews – Access feedback from the Charge Anywhere community, with ratings and reviews on charger reliability.\r\n💳 In-app charging & payment – Start, stop, and pay for charging within the app, or use the Charge Anywhere RFID Card for offline charging at remote points.\r\n🌍 Supported charging networks – Charge with trusted networks like Ionity, Osprey, FastNed, and 600+ more, for seamless charging wherever you travel.\r\n\r\nPricing options and boost subscriptions:\r\n💰 Transparent pricing – View network-set prices for every charger. No markups, just clear, upfront pricing.\r\n🔥 Boost discounts for extra savings:\r\nLight Boost: £2/month for 10% off all your charging and exclusive rewards.\r\nTurbo Boost: £8/month for 15% off all your charging, route planning, and rewards.\r\n\r\nWhy choose Charge Anywhere?\r\nSave time and travel confidently with live charger status, verified reviews, and easy access to your favourite networks across the UK and Europe. Charge Anywhere makes sure you have a hassle-free charging experience whenever you’re on the road.\r\n\r\nDownload the OVO Charge app now to access Charge Anywhere and join the future of EV charging across the UK and Europe.",
    "summary": "Charge Anywhere: EV charging made simple across the UK & Europe",
    "installs": "100,000+",
    "score": 2.6060605,
    "ratings": 460,
    "price": 0,
    "currency": "EUR",
    "developer": "Bonnet Ltd",
    "developerEmail": "contact@joinbonnet.com",
    "developerWebsite": "https://joinbonnet.com",
    "developerAddress": null,
    "privacyPolicy": "https://www.joinbonnet.com/privacy-policy",
    "genre": "Auto & Vehicles",
    "contentRating": "PEGI 3",
    "released": "Apr 19, 2021",
    "lastUpdatedOn": "Apr 1, 2025",
    "appId": "com.bonnet",
    "permisions": {
        "Location": [
            "approximate location (network-based)",
            "precise location (GPS and network-based)"
        ],
        "Photos/Media/Files": [
            "modify or delete the contents of your USB storage",
            "read the contents of your USB storage"
        ],
        "Storage": [
            "modify or delete the contents of your USB storage",
            "read the contents of your USB storage"
        ],
        "Camera": [
            "take pictures and videos"
        ],
        "Microphone": [
            "record audio"
        ],
        "Wi-Fi connection information": [
            "view Wi-Fi connections"
        ],
        "Other": [
            "control flashlight",
            "control vibration",
            "full network access",
            "prevent device from sleeping",
            "read Google service configuration",
            "reorder running apps",
            "run at startup",
            "view network connections"
        ],
        "Uncategorized": [
            "receive data from Internet"
        ]
    }
}