{
    "title": "Charge Hub",
    "description": "Intelligent, smart charging, at it's very best.  Providing integration between the EV Charging hardware, Charge Station Owner, electrical network, and Driver's vehicle (and calendar), to provide the ultimate charging experience.  The Charge Hub platform ensures security, reliability and scalability, with an unprecedented up-time availability of 99.9%.\r\n\r\nCurrently available in both Australia and New Zealand.",
    "summary": "Electric Vehicle Charging Network",
    "installs": "1,000+",
    "score": 0,
    "ratings": 0,
    "price": 0,
    "currency": "EUR",
    "developer": "Charge Hub",
    "developerEmail": "support@chargehub.solutions",
    "developerWebsite": "https://chargehub.solutions",
    "developerAddress": null,
    "privacyPolicy": "https://www.chargehub.solutions/privacy-policy",
    "genre": "Auto & Vehicles",
    "contentRating": "PEGI 3",
    "released": "Mar 7, 2023",
    "lastUpdatedOn": "Apr 1, 2025",
    "appId": "au.chargehub.app",
    "permisions": {
        "Calendar": [
            "add or modify calendar events and send email to guests without owners' knowledge",
            "read calendar events plus confidential information"
        ],
        "Location": [
            "approximate location (network-based)",
            "precise location (GPS and network-based)"
        ],
        "Photos/Media/Files": [
            "modify or delete the contents of your USB storage",
            "read the contents of your USB storage"
        ],
        "Storage": [
            "modify or delete the contents of your USB storage",
            "read the contents of your USB storage"
        ],
        "Camera": [
            "take pictures and videos"
        ],
        "Wi-Fi connection information": [
            "view Wi-Fi connections"
        ],
        "Other": [
            "control vibration",
            "full network access",
            "prevent device from sleeping",
            "run at startup",
            "view network connections"
        ],
        "Uncategorized": [
            "download files without notification",
            "receive data from Internet"
        ]
    }
}