{
    "title": "EnBW mobility+: EV charging",
    "description": "<b>Welcome to Germany's best e-mobility provider!</b>\r\n\r\nEnBW mobility+ is the smart all-in-one solution for your e-mobility. Our Electric Vehicle (EV) copilot offers three functions in one app: \r\n1.\tEasily find charging stations nearby\r\n2.\tCharge your EV via App, charging card or AutoCharge\r\n3.\tSimple payment process \r\n\r\n<b>Everywhere. Always charging stations nearby.</b>\r\n\r\nFind the nearest charging stations in your area. It doesn’t matter if your EV trip leads you to Germany, Austria, Switzerland or other neighboring countries in Europe – with the EnBW mobility+ App you can easily find the next charging station in our widespread charging network. Thanks to a multitude of EnBW chargers and roaming partners you can reliably reach any destination with your EV. An interactive map allows you to find available charging stations near you. Numerous filters are available, such as charging power, number of charging points, price, points of interest, or barrier-free access. \r\n\r\nWith Apple CarPlay/Android Auto, the EnBW mobility+ app can be easily connected to the display in your car. This makes finding the nearest charging station even easier.\r\n\r\n<b>Simple. Charge and pay.</b>\r\n\r\nWith the EnBW mobility+ App, you can conveniently start the charging process for your EV and, if you wish, pay directly via your smartphone. Basically, set up your EnBW mobility+ account and choose one of our charging tariffs. You can switch between our tariffs at any time to accommodate your needs. Now all you have to do is to select a payment method and you’re ready to go! Use the app to monitor your charging progress and stop the charge once you have enough energy for your trip. You prefer a charging card? No worries. Just order your charging card via the app. \r\n\r\n<b>It’s even easier with AutoCharge!</b>\r\n\r\nPlug, charge, drive on! With AutoCharge, your charging process at EnBW fast charging stations starts automatically. After a one-off activation in the EnBW mobility+ App, you only have to plug in the charging plug and off you go - without app or charging card.\r\n\r\n<b>Full price transparency at any time</b>\r\n\r\nYou can always keep an eye on your charging costs and current account balance with the EnBW mobility+ app. With a price filter, you can set your individual price limit. You can view and check your monthly bills at any time in the app.\r\n\r\n<b>Award winning. The number one app.</b>\r\n\r\n<b>Connect: best e-mobility provider</b>\r\n\r\nEnBW mobility+ wins once again the test as Germany’s best e-mobility provider and impresses in various categories. \r\n\r\n<b>COMPUTER BILD: best charging app</b>\r\n\r\nIn COMPUTER BILD's charging app comparison 2024, the EnBW mobility+ App takes first place thanks to its ease of use and excellent filtering functions.\r\n\r\n<b>AUTO BILD: charging app usability</b>\r\n\r\nThe EnBW mobility+ app has once again established itself as an exceptional provider among the independent charging apps. Particularly noted are the excellent usability, the useful filtering options, and the outstanding charging network coverage with over 800,000 charging points in Europe.\r\n\r\n<b>AUTO BILD: largest fast-charging network</b>\r\n\r\nEnBW mobility+ scores with the largest fast-charging network in Germany in the current e-mobility Excellence Report. With more than 5,000 fast-charging points in Germany, EnBW is far ahead of other charging network operators.\r\n\r\n<b>Elektroautomobil: triple victory for our tariffs</b>\r\n\r\nThe magazine 'elektroautomobil' has awarded our tariffs as the test winner three times, praising especially our “coherent overall package of high availability of charging points, the well-designed app, and the fair charging prices”.\r\n\r\nHelp us improve and send your comments and feedback to mobility@enbw.com!\r\nThank you for your support! \r\nHave a safe journey. \r\n\r\nThe EnBW mobility+ Team\r\n\r\nP.S. Never use our app whilst driving. Always respect the traffic regulations and drive responsibly.",
    "summary": "Find a charging station, charge your EV and conveniently pay with the app",
    "installs": "1,000,000+",
    "score": 3.9705882,
    "ratings": 22503,
    "price": 0,
    "currency": "EUR",
    "developer": "EnBW AG",
    "developerEmail": "mobility@enbw.com",
    "developerWebsite": "https://www.enbw.com/mobility-app",
    "developerAddress": "Durlacher Allee 93\n76131 Karlsruhe\nGermany",
    "privacyPolicy": "https://evstorageprod.blob.core.windows.net/public-documents/datenschutz.html",
    "genre": "Maps & Navigation",
    "contentRating": "PEGI 3",
    "released": "May 14, 2017",
    "lastUpdatedOn": "Apr 29, 2025",
    "appId": "com.enbw.ev",
    "permisions": {
        "Location": [
            "approximate location (network-based)",
            "precise location (GPS and network-based)"
        ],
        "Camera": [
            "take pictures and videos"
        ],
        "Wi-Fi connection information": [
            "view Wi-Fi connections"
        ],
        "Other": [
            "control flashlight",
            "control vibration",
            "draw over other apps",
            "full network access",
            "prevent device from sleeping",
            "run at startup",
            "view network connections"
        ],
        "Uncategorized": [
            "receive data from Internet"
        ]
    }
}