{
    "title": "Booking.com: Hotels and more",
    "description": "Save on your next trip with the Booking.com app! Find great hotel or apartment deals and book in just a few minutes. You can also book flights, rental cars, and more through the app.\r\n\r\n- Book your whole trip in one app\r\n- Stay flexible with free cancellation (available at most properties)\r\n- 24/7 customer service in more than 40 languages\r\n- No booking or credit card fees\r\n- Chat directly with your property in the app\r\n- Enjoy mobile-only discounts\r\n- Use filters to easily find the perfect place out of millions of available accommodations\r\n- Get paperless confirmation of your reservation — no printing required\r\n- Manage your bookings on the go, making changes whenever and wherever you want\r\n- Discover local attractions and make the most of your trip\r\n- Share your experience and get local advice on our Travel Communities forums\r\n\r\nAccess millions of accommodations.\r\n\r\nFrom cozy country homes to funky city apartments, find the perfect place out of millions of available accommodations. Our app offers hotels, apartments, bed and breakfasts and more.\r\n\r\nQuickly find the perfect place to stay.\r\n\r\nFilter hotels by price, review score, WiFi quality, and other things important to you. Search cheap hotels by city, attraction, landmark, or hotel name. Special requests? Pet-friendly hotels? We have filters for everything. You can also compare your favorite accommodation options side by side to ensure you get the best price and quality.\r\n\r\nDeals for any budget.\r\n\r\nDiscover daily accommodation deals and save on your next hotel, apartment, or villa booking. \r\nGet exclusive mobile-only discounts of 10% or more on select properties when you book in the app. Find your ideal accommodation at an ideal price. \r\n\r\nStay flexible with free cancellation.\r\n\r\nChange of plans? Not a problem. You can cancel for free at most hotels, apartments and other properties on Booking.com. And the app makes things even easier — it only takes a few taps to cancel, and you’re free to find a place that better suits your needs. \r\n\r\nLast-minute travel.\r\n\r\nHeading somewhere in a hurry? With the app, you can quickly book hotels at the last minute (as well as far in advance).  Finding a place in short order has never been easier. Our app allows you to search for properties nearby, fill in a few details, and secure your reservation. You can also change, cancel, or make additional reservations on the go.\r\n\r\nJet off with the perfect flight.\r\n\r\nBook domestic or international flights on the go with ease. The app allows you to search thousands of airfare deals per day. Plane tickets available for all major airlines and destinations.\r\n\r\nHit the road with car rentals.\r\n\r\nCar hire has recently been added to the app. Whether you just need a ride to explore your destination, or you’re going on an epic road trip, the Booking.com app can help. Rent a car from all the major companies and hit the road!\r\n\r\nReserve taxis with ease.\r\n\r\nBook in advance for a seamless connection from the airport to your destination. You can also book taxis to and from other pick-up points, such as hotels and local attractions.\r\n\r\nFind and book a great experience.\r\n\r\nWhether you’re looking for attraction or museum tickets, culinary tours, or helicopter rides, you can book experiences online in minutes, with free cancellation on many options. \r\n\r\nGet and share tips with other travelers.\r\n\r\nConnect with fellow travelers, share your experiences, and get local advice on the best accommodations, attractions, and more. Discover new experiences and plan your trip with our app.",
    "summary": "Book your whole trip in one app",
    "installs": "500,000,000+",
    "score": 4.753849,
    "ratings": 4635345,
    "price": 0,
    "currency": "EUR",
    "developer": "Booking.com Hotels & Vacation Rentals",
    "developerEmail": "customer.service@booking.com",
    "developerWebsite": "http://www.booking.com/apps.html?source=googleplay",
    "developerAddress": null,
    "privacyPolicy": "http://www.booking.com/content/privacy.html",
    "genre": "Travel & Local",
    "contentRating": "PEGI 3",
    "released": "Feb 4, 2011",
    "lastUpdatedOn": "May 6, 2025",
    "appId": "com.booking",
    "permisions": {
        "Identity": [
            "add or remove accounts",
            "find accounts on the device"
        ],
        "Calendar": [
            "add or modify calendar events and send email to guests without owners' knowledge",
            "read calendar events plus confidential information"
        ],
        "Contacts": [
            "find accounts on the device"
        ],
        "Location": [
            "approximate location (network-based)",
            "precise location (GPS and network-based)"
        ],
        "Phone": [
            "read phone status and identity"
        ],
        "Photos/Media/Files": [
            "modify or delete the contents of your USB storage",
            "read the contents of your USB storage"
        ],
        "Storage": [
            "modify or delete the contents of your USB storage",
            "read the contents of your USB storage"
        ],
        "Camera": [
            "take pictures and videos"
        ],
        "Wi-Fi connection information": [
            "view Wi-Fi connections"
        ],
        "Device ID & call information": [
            "read phone status and identity"
        ],
        "Other": [
            "control Near Field Communication",
            "control flashlight",
            "create accounts and set passwords",
            "full network access",
            "install shortcuts",
            "prevent device from sleeping",
            "read Google service configuration",
            "read sync settings",
            "reorder running apps",
            "run at startup",
            "set an alarm",
            "toggle sync on and off",
            "use accounts on the device",
            "view network connections"
        ],
        "Uncategorized": [
            "receive data from Internet"
        ]
    }
}