{
    "title": "MakeMyTrip Hotels, Flight, Bus",
    "description": "Embark on unforgettable adventures with <b>MakeMyTrip – India’s #1 Travel app</b> and your ultimate travel companion! 🌍✈️ \r\nWhether you're jetting off for a dream vacation or planning a quick getaway, we've got you covered every step of the way. From booking flights to reserving hotels, and exploring holiday packages to securing bus and train tickets, MakeMyTrip offers a seamless travel experience tailored to your needs. Plus, with our exclusive discounts and unbeatable deals, traveling has never been more affordable. Join millions of happy travelers and let MakeMyTrip take you on a journey to explore the world. \r\n\r\n<b>First-time User? We have amazing offers for you!</b>\r\n<b>Use Code WELCOMEMMT</b>\r\n✅Get Flat 12% off On First Flight Booking\r\n✅Enjoy flat 20% off on your first hotel and homestays booking\r\n\r\n<b>Affordable Flight Bookings at Your Fingertips!✈️</b>\r\nSign up & get affordable flights at a flat 12% off!\r\nFind the best yet cheapest flights with a single tap on our exclusive flight booking app. \r\nEnjoy hassle-free transactions with multiple payment options. \r\nGet amazing deals on international flight booking. \r\nUnlock special discounts and offers from leading banks on every flight booking. \r\nGrab the most affordable flight tickets. Lock flight ticket prices & book later. \r\nBook flights with domestic airlines like Indigo, Akasa Air, SpiceJet, Air India, etc. and international airlines like Lufthansa, Emirates, Singapore Airlines, Qatar Airways, etc.\r\nStay informed about flight status and gate changes only on the MakeMyTrip flight booking app. \r\n\r\n<b>Steal Unbelievable Offers on the Best Hotel Booking App!🏨</b>\r\nBook your first hotel or homestay with MakeMyTrip and get a flat 20% off.  \r\nExplore a diverse range of domestic and international hotels suiting every budget and preference.\r\nAccess exclusive discounts on top-rated hotels only on our hotel booking app.\r\nSelect hotels, compare prices, and book the one you want in a few simple clicks.\r\nGet 1000+ unique & exciting hotel booking offers daily on corporate hotel booking, couple-friendly OYO Rooms, domestic hotels, international hotels, resort booking, and whatnot. \r\nSearch your desired hotel by name or use filters like amenities, price, ratings, location, etc.\r\nRead genuine user reviews only on our hotel booking app. \r\nAvail of no-cost EMIs on your next domestic or international hotel booking. \r\nExplore our MMT luxe properties that offer premium & ultra-luxury hotels in India, Maldives, Malaysia, Paris, Dubai, etc.\r\n\r\n<b>Save Big on Hourly Bookings only on MakeMyTrip!🏨</b>\r\nSave crazy on your next hotel booking. Book hourly stays for 3,6 or 9 hours.\r\nWith MakeMyTrip hourly stays, save up to 60% on hotel accommodation \r\nAvail flexible check-ins & check-outs on our hourly room booking app\r\n\r\n<b>Seamless IRCTC Train Ticket Bookings Await!🚆</b>\r\nBook train tickets on our IRCTC-authorized train booking app and get offers on every booking\r\nCheck PNR status, live train status & seat availability with our train booking app\r\nBook Tatkal train tickets, sleeper tickets, etc., or anything you want. \r\n\r\n<b>Book Bus the Easiest Way🚌</b>\r\nBook bus tickets hassle-free only on our bus booking app. \r\nBook luxury buses or affordable buses and get unlimited offers\r\nCheck bus availability, photos, real-time updates, & reviews on our bus booking app. \r\n\r\n<b>Book Intercity Cabs Online🚖</b>\r\nBook outstation cabs, airport transfers & intra-city cabs at the most reasonable prices only on our cab booking app. \r\n\r\n<b>Escape, Unwind, Explore: Unveiling the Magic of Holiday Packages!🗺️</b>\r\nBook holiday packages for top destinations and avail amazing deals with EMI payments. \r\nChoose a package as per your requirements from our available honeymoon packages, family packages, adventure packages, and a lot more. \r\nCustomize packages as per your convenience and have a fun trip!",
    "summary": "Get Incredible Travel Discounts on Hotel, Flight, Bus, Cab & IRCTC Train Booking",
    "installs": "100,000,000+",
    "score": 4.45,
    "ratings": 2143072,
    "price": 0,
    "currency": "EUR",
    "developer": "MakeMyTrip—Hotel, Flight, IRCTC Authorised Partner",
    "developerEmail": "PlayStoreFeedback@makemytrip.com",
    "developerWebsite": "https://www.makemytrip.com/",
    "developerAddress": "MakeMyTrip\nDLF Building No. 5 Tower C, DLF Cyber City, DLF Phase 2, Sector 25, Gurugram, Haryana 122002\nIndia",
    "privacyPolicy": "https://www.makemytrip.com/legal/in/eng/privacy_policy.html",
    "genre": "Travel & Local",
    "contentRating": "PEGI 3",
    "released": "Apr 17, 2012",
    "lastUpdatedOn": "Apr 26, 2025",
    "appId": "com.makemytrip",
    "permisions": {
        "Contacts": [
            "read your contacts"
        ],
        "Location": [
            "approximate location (network-based)",
            "precise location (GPS and network-based)"
        ],
        "SMS": [
            "read your text messages (SMS or MMS)",
            "receive text messages (SMS)",
            "send SMS messages"
        ],
        "Phone": [
            "directly call phone numbers",
            "read phone status and identity"
        ],
        "Photos/Media/Files": [
            "modify or delete the contents of your USB storage",
            "read the contents of your USB storage"
        ],
        "Storage": [
            "modify or delete the contents of your USB storage",
            "read the contents of your USB storage"
        ],
        "Camera": [
            "take pictures and videos"
        ],
        "Microphone": [
            "record audio"
        ],
        "Wi-Fi connection information": [
            "view Wi-Fi connections"
        ],
        "Device ID & call information": [
            "read phone status and identity"
        ],
        "Other": [
            "Google Play license check",
            "change network connectivity",
            "change your audio settings",
            "connect and disconnect from Wi-Fi",
            "control Near Field Communication",
            "control vibration",
            "create accounts and set passwords",
            "full network access",
            "prevent device from sleeping",
            "read Google service configuration",
            "read sync settings",
            "reorder running apps",
            "run at startup",
            "toggle sync on and off",
            "view network connections"
        ],
        "Uncategorized": [
            "download files without notification",
            "receive data from Internet"
        ]
    }
}