{
    "title": "Movacar",
    "description": "A rental car for only €1? How does that work?\r\nCar rental companies need to transfer thousands of vehicles from A to B every day to distribute their fleet across locations. With Movacar, you can take a transfer ride and use it as a super cheap travel option for you and your friends - for only 1 €! We offer different types of vehicles (cars, vans, campers, e-cars...) every day on routes within Germany and Europe. Whether you're planning a cheap city break or a short holiday in Europe, download the Movacar App, sign up and find your €1 rental car today!",
    "summary": "Movacar offers One Way Rental Cars for only 1 Euro.",
    "installs": "50,000+",
    "score": 4.6,
    "ratings": 176,
    "price": 0,
    "currency": "EUR",
    "developer": "Target Mobility GmbH",
    "developerEmail": "service@movacar.de",
    "developerWebsite": "https://www.movacar.de",
    "developerAddress": "Target Mobility GmbH\nz.H. Eustach von Wulffen\nEiderstedter Weg 5b\n14129 Berlin",
    "privacyPolicy": "https://www.movacar.de/datenschutz",
    "genre": "Travel & Local",
    "contentRating": "PEGI 3",
    "released": "Sep 15, 2022",
    "lastUpdatedOn": "Dec 3, 2024",
    "appId": "com.movacar",
    "permisions": {
        "Location": [
            "approximate location (network-based)",
            "precise location (GPS and network-based)"
        ],
        "Photos/Media/Files": [
            "modify or delete the contents of your USB storage",
            "read the contents of your USB storage"
        ],
        "Storage": [
            "modify or delete the contents of your USB storage",
            "read the contents of your USB storage"
        ],
        "Camera": [
            "take pictures and videos"
        ],
        "Microphone": [
            "record audio"
        ],
        "Wi-Fi connection information": [
            "view Wi-Fi connections"
        ],
        "Other": [
            "control vibration",
            "full network access",
            "prevent device from sleeping",
            "view network connections"
        ],
        "Uncategorized": [
            "receive data from Internet"
        ]
    }
}