{
    "title": "MiniRobot",
    "description": "MiniRobot is an intelligent mobile phone application control software developed for Mini intelligent balance vehicle products, It enables your balance car with the phone seamlessly, Open mobile control of the new era of entertainment, It have “Analog remote control” “Remote control walking”” Parameter setting\"Other functions.\r\nGuangzhou Lebi Computer Co., Ltd. is a technology company dedicated to creating smart, sports, leisure and entertainment products. Minrobot is an electric balance car developed and designed by Lebi Technology. It is an intelligent robot that combines Internet thinking and robotics technology. \"Minirobot\" uses advanced gyro self-balancing technology to control the robot's forward and backward movement through the front and back of the human's center of gravity, and control the steering through the left and right swing of the joystick. It is also equipped with wifi , Bluetooth interface, and GPS. It can connect to the Internet anytime, anywhere, and personal travel. Into the era of intelligence.",
    "summary": "MiniRobot, M3, Balance car, Electric vehicle",
    "installs": "500,000+",
    "score": 3.11,
    "ratings": 2817,
    "price": 0,
    "currency": "EUR",
    "developer": "LebiTEC",
    "developerEmail": "lebitec@163.com",
    "developerWebsite": "http://www.lebitec.com/",
    "developerAddress": null,
    "privacyPolicy": "http://www.lebitec.com/index.php/yinsi/",
    "genre": "Tools",
    "contentRating": "PEGI 3",
    "released": "Jan 17, 2017",
    "lastUpdatedOn": "Apr 22, 2025",
    "appId": "com.loby.balance.car.google",
    "permisions": {
        "Location": [
            "precise location (GPS and network-based)"
        ],
        "Other": [
            "access Bluetooth settings",
            "control vibration",
            "full network access",
            "pair with Bluetooth devices"
        ]
    }
}