{
    "title": "Renal Traveller",
    "description": "Renal Traveller is a dialysis treatment booking application dedicated to creating a world where dialysis does not limit travel. With Renal Traveller, booking dialysis treatments is free and easy, enabling patients to confidently explore new destinations with the assurance of uncompromised care.\r\n\r\nRenal Traveller simplifies the booking process without requiring medical documents or payments from patients. The responsibility for collecting necessary medical documents rests with the clinics. Once your booking is confirmed, the clinic will contact you directly to request any required medical documents for your treatment. Additionally, all payments are handled directly between you and the clinic, according to the clinic’s available payment options.",
    "summary": "Quick Dialysis: Choose, Book, Go.",
    "installs": "500+",
    "score": null,
    "ratings": null,
    "price": 0,
    "currency": "EUR",
    "developer": "Renal Traveller",
    "developerEmail": "info@renaltraveller.com",
    "developerWebsite": "https://www.renaltraveller.com/",
    "developerAddress": null,
    "privacyPolicy": "https://renaltraveller.com/privacy",
    "genre": "Travel & Local",
    "contentRating": "PEGI 3",
    "released": "Jun 6, 2024",
    "lastUpdatedOn": "Jan 29, 2025",
    "appId": "com.therenaltraveller.renaltraveller",
    "permisions": {
        "Contacts": [
            "modify your contacts",
            "read your contacts"
        ],
        "Location": [
            "approximate location (network-based)",
            "precise location (GPS and network-based)"
        ],
        "Photos/Media/Files": [
            "modify or delete the contents of your USB storage",
            "read the contents of your USB storage"
        ],
        "Storage": [
            "modify or delete the contents of your USB storage",
            "read the contents of your USB storage"
        ],
        "Camera": [
            "take pictures and videos"
        ],
        "Microphone": [
            "record audio"
        ],
        "Other": [
            "control vibration",
            "draw over other apps",
            "full network access",
            "prevent device from sleeping",
            "read Google service configuration",
            "run at startup",
            "view network connections"
        ],
        "Uncategorized": [
            "receive data from Internet"
        ]
    }
}