{
    "title": "Via Metro STL",
    "description": "With a few taps, book an on-demand ride in the app and our technology will pair you with other people headed your way. No detours, no delays.\r\n \r\nHow it works:\r\n- Book a ride on your phone.\r\n- Get picked up on a nearby corner.\r\n- Share your ride with others.\r\n- Save cash and reduce carbon emissions. \r\n\r\nWhat we’re about:\r\nSHARED.\r\nOur corner-to-corner algorithm matches people headed in the same direction. This means you’re getting the convenience and comfort of a private ride with the efficiency, speed, and affordability of a public one.\r\n\r\nAFFORDABLE.\r\nAggregating people into one vehicle brings down prices. Enough said. Eligible users can also pay using pre-tax transit dollars through approved commuter benefit debit cards. \r\n\r\nSUSTAINABLE.\r\nSharing rides reduces the number of vehicles on the roads, bringing down congestion and CO2 emissions. With a couple of taps, you get to do your part to make your city a little bit greener and cleaner, every time you ride.\r\n\r\nQuestions? Reach out at support-stl@ridewithvia.com.\r\n\r\nLoving your experience so far? Throw us a 5-star rating. You’ll have our eternal gratitude.",
    "summary": "Easy, affordable, shared rides in St. Louis",
    "installs": "1,000+",
    "score": null,
    "ratings": null,
    "price": 0,
    "currency": "EUR",
    "developer": "Via Transportation Inc.",
    "developerEmail": "support-stl@ridewithvia.com",
    "developerWebsite": null,
    "developerAddress": null,
    "privacyPolicy": "https://ridewithvia.com/legal/privacy",
    "genre": "Travel & Local",
    "contentRating": "PEGI 3",
    "released": "Oct 28, 2024",
    "lastUpdatedOn": "Apr 21, 2025",
    "appId": "com.ridewithvia.lou.saintlouis",
    "permisions": {
        "Location": [
            "approximate location (network-based)",
            "precise location (GPS and network-based)"
        ],
        "Phone": [
            "directly call phone numbers"
        ],
        "Photos/Media/Files": [
            "read the contents of your USB storage"
        ],
        "Storage": [
            "read the contents of your USB storage"
        ],
        "Camera": [
            "take pictures and videos"
        ],
        "Wi-Fi connection information": [
            "view Wi-Fi connections"
        ],
        "Other": [
            "control vibration",
            "full network access",
            "prevent device from sleeping",
            "read Google service configuration",
            "run at startup",
            "view network connections"
        ],
        "Uncategorized": [
            "receive data from Internet"
        ]
    }
}