{
    "title": "MyFitnessPal: Calorie Counter",
    "description": "Track progress toward your health, nutrition, fitness, and weight loss goals with MyFitnessPal. This all-in-one food tracker, calorie counter, macro tracker, and fitness tracker is like having <b>a nutrition coach, meal planner, fitness tracker & food diary</b> with you every day.\r\n\r\nMyFitnessPal is a health and nutrition app that helps you learn about your food habits, monitor your diet and conquer your health goals.\r\n\r\n<b>Download our health and nutrition app and start your free 30-day Premium trial</b> to gain access to exclusive food & intermittent fasting tracker and fitness logging tools, expert guidance, and the calorie counter. You’ll soon discover why MyFitnessPal is the #1 nutrition, weight loss and food tracker in the U.S and has been featured in the New York Times, Wall Street Journal, the Today Show, and U.S. News & World Report.\r\n\r\n\r\n<b>MORE THAN A CALORIE \r\nCOUNTER & DIET JOURNAL</b>\r\n\r\nMyFitnessPal, the leading health and nutrition app, is like having a fitness tracker, macros counter, diet planner, and nutrition coach at your fingertips.\r\n\r\n■ <b>Log Food</b> – Easy-to-use planner tools that makes food tracking quick and simple\r\n■ <b>Track Activity</b> – Add workouts and steps with the fitness tracker and planner\r\n■ <b>Customize Your Health & Fitness Goals</b> – Weight loss, weight gain, weight maintenance, nutrition & fitness\r\n■ <b>See Your Fitness Progress</b> – Track at a glance, or analyze your diet & macros in detail\r\n■ <b>Learn From a Registered Dietitian</b> – Meal Plans customized for your target calories and macros, whether you’re into weight loss or weight gain —with access to our Meal Planner, macro tracker, and Calorie Counter tools\r\n■ <b>Stay Inspired</b> – 500+ healthy recipes for a healthy diet and 50 workouts keep fitness routines fresh and fun \r\n■ <b>Connect with the MyFitnessPal Community</b> – Find friends and motivation in our active MyFitnessPal forums\r\n\r\n<b>A CLOSER LOOK AT FEATURES & BENEFITS</b>\r\n\r\n<b>Gain Valuable Health Insights Through Food Logging</b>\r\nIt’s not just a calorie counter for weight loss, diet trends, or a fast route to fat loss—it’s a health & nutrition app and planner that helps you hold yourself accountable.\r\n\r\n■ One of the Largest Food Databases – Calorie Counter for over 14 million foods (including restaurant dishes)\r\n■ Fast & Easy Food Tracker & Planner Tools – Type to search, add foods from your history, or scan a barcode or entire meal with your phone’s camera\r\n■ Calorie Counter – Follow your food intake with the calorie counter and see your daily progress\r\n■ Macro Tracker – See carbs, fat & protein breakdown by gram or percentage—no need for a separate carb tracker!\r\n■ Nutrition Tracker and Insights – Analyze nutrition intake and set specific goals for macros, cholesterol, sodium, fiber & more\r\n■ Water Tracker –  Make sure you’re staying hydrated\r\n\r\n<b>Customize Your App Experience</b>\r\nChoose your settings and achieve your goals with MyFitnessPal\r\n\r\n■ Custom Goals – Follow your energy intake by meal or day with the calorie counter, set goals with the macro tracker & more\r\n■ Personalized Dashboards – Pick health,  fitness, and diet stats you want to see at a glance\r\n■ Net Carbs Mode/Carb Tracker – To simplify a low-carb or keto diet, view net (not total) carbs\r\n■ Protein and Calorie Counter – Set your protein goals and track how much you eat during the day\r\n■ Add Your Own Meals/Food Tracker – Save recipes and meals for quick logging and keep tabs on your diet \r\n■ Count Calories From Exercise – Decide how your activities, workouts, fitness and diet affect daily calorie goals\r\n■ Connect 50+ Apps & Devices – From smartwatch, fitness trackers and other health and fitness apps\r\n■ Track With Wear OS – A calorie counter, water tracker, and macro tracker on your watch. Add complications to the home screen for faster logging, and the tile for tracking different nutrients at-a-glance.\r\n\r\nView our terms & conditions and privacy policy: https://www.myfitnesspal.com/privacy-and-terms",
    "summary": "Log food, nutrition, and macros, find high-protein recipes, and lose weight",
    "installs": "100,000,000+",
    "score": 4.35443,
    "ratings": 2820351,
    "price": 0,
    "currency": "EUR",
    "developer": "MyFitnessPal, Inc.",
    "developerEmail": "androidfeedback@myfitnesspal.com",
    "developerWebsite": "http://www.myfitnesspal.com",
    "developerAddress": "100 Congress Ave\nSuite 400\nAustin, TX 78701",
    "privacyPolicy": "https://www.myfitnesspal.com/privacy-policy",
    "genre": "Health & Fitness",
    "contentRating": "PEGI 3",
    "released": "Apr 26, 2010",
    "lastUpdatedOn": "Apr 30, 2025",
    "appId": "com.myfitnesspal.android",
    "permisions": {
        "Identity": [
            "find accounts on the device"
        ],
        "Contacts": [
            "find accounts on the device",
            "read your contacts"
        ],
        "Phone": [
            "read phone status and identity"
        ],
        "Photos/Media/Files": [
            "modify or delete the contents of your USB storage",
            "read the contents of your USB storage"
        ],
        "Storage": [
            "modify or delete the contents of your USB storage",
            "read the contents of your USB storage"
        ],
        "Camera": [
            "take pictures and videos"
        ],
        "Microphone": [
            "record audio"
        ],
        "Wi-Fi connection information": [
            "view Wi-Fi connections"
        ],
        "Device ID & call information": [
            "read phone status and identity"
        ],
        "Other": [
            "change your audio settings",
            "control flashlight",
            "control vibration",
            "full network access",
            "prevent device from sleeping",
            "reorder running apps",
            "run at startup",
            "use accounts on the device",
            "view network connections"
        ],
        "Uncategorized": [
            "receive data from Internet"
        ]
    }
}