{
    "title": "Stagecoach Bus",
    "description": "Getting the bus has never been easier thanks to the Stagecoach Bus app. Use the app to see bus information on your mobile, plan your journey, check when your bus will arrive, search for the right mobile ticket for you and buy securely on your phone all in one place. \r\n\r\nWe’ve listened to you and made lots of improvements including.\r\n• New bus tracker map view\r\n• New menu for easy navigation\r\n• Clear bus times now with expected times\r\n• Simple journey planning - easily search for locations, buses and stops\r\n• Easy access to tickets\r\n• Quickly save favourite services, stops and journeys\r\n\r\nA big thank you to customers who helped with the improvements. If you have any more suggestions for how we can make this app even better, just get in touch with your thoughts.\r\n\r\nApp Features:\r\n\r\n*Interactive map*\r\nWe’ve made it easier to travel on our buses with a new interactive map, showing all of our services and stops – simply tap on a bus or stop to find your journey information.\r\n\r\n*Latest bus information*\r\nCheck when your bus will arrive and how far away from you it is. \r\n\r\n*Find the right stop for you*\r\nView your nearest bus services and stops wherever you are, which buses stop there and what routes they take.\r\n\r\n*Favourites*\r\nSave your favourite journeys, bus services and stops to make journey planning even easier.\r\n\r\n*Mobile tickets:*\r\nBuy mobile tickets safely and securely and your tickets will appear instantly on your phone ready to use.  Simply activate your ticket when you're ready to board and show it to the driver.\r\n\r\nStagecoach buses run in the following areas:\r\nAberdeenshire\r\nAlton and Petersfield\r\nAlyth \r\nBlairgowrie and Coupar Angus\r\nAndover and Salisbury\r\nArbroath Montrose and the Mearns Coast\r\nAshford\r\nAviemore\r\nAyrshire and Arran\r\nBarnsley\r\nBarrow and Furness\r\nBasingstoke\r\nBedfordshire\r\nBlackwater Valley\r\nCaithness\r\nCambridgeshire\r\nCanterbury\r\nCardiff\r\nCarlisle \r\nPenrith and Wigton\r\nCheltenham\r\nCheshire\r\nChesterfield\r\nChichester and Bognor Regis\r\nCirencester\r\nClackmannanshire \r\nFalkirk and Stirling\r\nDoncaster\r\nDover\r\nDronfield\r\nDumfries and Galloway\r\nDundee\r\nDunfermline and West Fife\r\nEastbourne\r\nEast Devon\r\nEdinburgh\r\nFolkestone\r\nForest of Dean\r\nForfar and Brechin\r\nFort William\r\nGainsborough\r\nGlasgow\r\nGlenrothes \r\nLeven and Kirkcaldy\r\nGloucester\r\nGreater Exeter\r\nGrimsby \r\nCleethorpes\r\nGuildford and South Surrey\r\nGwent\r\nHartlepool\r\nHastings\r\nHerefordshire\r\nHighland Perthshire\r\nHull\r\nInverness\r\nKendal and The Lakes\r\nLancashire \r\nLeicestershire \r\nLincoln\r\nManchester\r\nMansfield\r\nMerseyside\r\nMerthyr Tydfil\r\nMilton Keynes\r\nMoray\r\nMorecambe and Lancaster\r\nNewark\r\nNewcastle upon Tyne\r\nNorfolk\r\nNorthamptonshire\r\nNorth Cornwall\r\nNorth Devon\r\nOrkney\r\nOxfordshire\r\nPerth\r\nPeterborough\r\nPlymouth\r\nPortsmouth and Havant\r\nPowys\r\nRetford\r\nRhondda Cynon Taf\r\nRotherham\r\nSalford\r\nScunthorpe\r\nSheffield\r\nSkegness\r\nSkye\r\nSomerset\r\nSouth Hams\r\nSouth Perthshire\r\nSouth Shields\r\nStaffordshire\r\nSt Andrews Cupar and the East Neuk\r\nStockport\r\nStroud\r\nSunderland\r\nSwindon\r\nTameside\r\nTeesside\r\nTeignbridge\r\nTewkesbury\r\nThanet\r\nTorbay\r\nWakefield\r\nWarwickshire and Coventry\r\nWest Cumbria\r\nWest Devon\r\nWest Perthshire\r\nWigan\r\nWinchester\r\nWorcestershire\r\nWorksop\r\nWorthing and Brighton",
    "summary": "Journey planner, live bus tracking and buy mobile tickets",
    "installs": "1,000,000+",
    "score": 4.48,
    "ratings": 50880,
    "price": 0,
    "currency": "EUR",
    "developer": "Stagecoach Services Limited",
    "developerEmail": "app@stagecoachbus.com",
    "developerWebsite": "http://www.stagecoachbus.com",
    "developerAddress": "Stagecoach Group,\n10 Dunkeld Road,\nPerth,\nPH1 5TW",
    "privacyPolicy": "https://www.stagecoachbus.com/privacy-policy",
    "genre": "Maps & Navigation",
    "contentRating": "PEGI 3",
    "released": "Nov 21, 2022",
    "lastUpdatedOn": "Apr 28, 2025",
    "appId": "com.stagecoach.stagecoachbus",
    "permisions": {
        "Location": [
            "approximate location (network-based)",
            "precise location (GPS and network-based)"
        ],
        "Photos/Media/Files": [
            "modify or delete the contents of your USB storage",
            "read the contents of your USB storage"
        ],
        "Storage": [
            "modify or delete the contents of your USB storage",
            "read the contents of your USB storage"
        ],
        "Camera": [
            "take pictures and videos"
        ],
        "Wi-Fi connection information": [
            "view Wi-Fi connections"
        ],
        "Other": [
            "control Near Field Communication",
            "control vibration",
            "draw over other apps",
            "full network access",
            "prevent device from sleeping",
            "read Google service configuration",
            "run at startup",
            "view network connections"
        ],
        "Uncategorized": [
            "receive data from Internet"
        ]
    }
}