{
    "title": "CarSwitch | Used Cars in UAE",
    "description": "CarSwitch in UAE (Dubai, Abu Dhabi & Sharjah) is your ultimate platform for buying and selling used cars. We've crafted a seamless experience that caters to sellers and buyers, ensuring that your journey with us is smooth, secure, and satisfying.\r\n\r\nBUYERS - YOUR SMOOTHEST BUYING EXPERIENCE\r\nBuying a used car? Leave the headache to us and focus on your new ride. With a 4.8 rating on Google, we've made buying a used car easy and enjoyable. From test drive to transfer, we're with you at every step. Certified inspections and secure online payments ensure your purchase is safe and secure.\r\n\r\nSELLERS - YOUR SMOOTHEST SELLING EXPERIENCE\r\nSelling a used car? We make it hassle-free! We care for everything, so you can focus on what matters - getting a fair deal. Sold your used car with absolute ease, we promise! From valuation to transfer, we're with you at every step. With certified valuations and secure online payments, CarSwitch is your trusted partner in selling your second hand car.\r\n\r\nWHY CHOOSE CARSWITCH?\r\n\r\n- Your smoothest buying experience\r\n4.8 rating on Google. We have made it easy, we promise!\r\n\r\n- Your expert advisors\r\nWe handle valuation to sale for sellers, and for buyers, we guide from the test drives to transfer. We're with you every step of the way.\r\n\r\n- Your trusted partner\r\nCertified inspections, online payments ... safe and secure.\r\n\r\nDownload CarSwitch now and join the revolution in buying and selling used cars in UAE. Your next car or your next buyer is just a click away!",
    "summary": "Buying or selling a used car? Let us take over.",
    "installs": "100,000+",
    "score": 4.75,
    "ratings": 8649,
    "price": 0,
    "currency": "EUR",
    "developer": "carswitch",
    "developerEmail": "developers@carswitch.com",
    "developerWebsite": "https://carswitch.com",
    "developerAddress": null,
    "privacyPolicy": "https://carswitch.com/privacypolicy-app",
    "genre": "Auto & Vehicles",
    "contentRating": "PEGI 3",
    "released": "Apr 27, 2017",
    "lastUpdatedOn": "Apr 8, 2025",
    "appId": "com.glowfishlabs.carswitch",
    "permisions": {
        "Phone": [
            "directly call phone numbers"
        ],
        "Photos/Media/Files": [
            "modify or delete the contents of your USB storage",
            "read the contents of your USB storage"
        ],
        "Storage": [
            "modify or delete the contents of your USB storage",
            "read the contents of your USB storage"
        ],
        "Camera": [
            "take pictures and videos"
        ],
        "Wi-Fi connection information": [
            "view Wi-Fi connections"
        ],
        "Other": [
            "control vibration",
            "draw over other apps",
            "full network access",
            "prevent device from sleeping",
            "read Google service configuration",
            "run at startup",
            "view network connections"
        ],
        "Uncategorized": [
            "download files without notification",
            "receive data from Internet"
        ]
    }
}