{
    "title": "Traffic Flow",
    "description": "Taksiautoilijoille ja muille taksiliikenteen ammattilaisille kohdennettu sovellus \r\n\r\nMaatieteellisesti sovellus palvelee pääkaupunkiseudun taksiliikennettä  \r\n\r\nKyseisellä sovelluksella ei voi tilata takseja \r\n\r\nSisältää Taxi Point:n ajo-oikeuskaupan \r\n\r\nToimii linkkinä kuljettajien ja taksiyritysten välillä \r\n\r\nMahdollistaa kohdennetun alueellisen viestinnän rajatuille kuljettajaryhmille \r\n\r\n \r\n\r\nMiten voisimme palvella teitä paremmin? Lisätietoa toiminnastamme löydät: https://www.taxipoint.fi/",
    "summary": "Sujuvampaa liikennevirtaa",
    "installs": "1,000+",
    "score": null,
    "ratings": null,
    "price": 0,
    "currency": "EUR",
    "developer": "Taxi Point Oy",
    "developerEmail": "support@taxipoint.fi",
    "developerWebsite": "https://www.taxipoint.fi/",
    "developerAddress": null,
    "privacyPolicy": "https://www.taxipoint.fi/privacy/",
    "genre": "Travel & Local",
    "contentRating": "PEGI 3",
    "released": "Dec 3, 2021",
    "lastUpdatedOn": "Oct 17, 2024",
    "appId": "com.fi.taxipoint",
    "permisions": {
        "Location": [
            "approximate location (network-based)",
            "precise location (GPS and network-based)"
        ],
        "Photos/Media/Files": [
            "modify or delete the contents of your USB storage",
            "read the contents of your USB storage"
        ],
        "Storage": [
            "modify or delete the contents of your USB storage",
            "read the contents of your USB storage"
        ],
        "Wi-Fi connection information": [
            "view Wi-Fi connections"
        ],
        "Other": [
            "Google Play license check",
            "change network connectivity",
            "connect and disconnect from Wi-Fi",
            "control vibration",
            "full network access",
            "prevent device from sleeping",
            "read Google service configuration",
            "run at startup",
            "view network connections"
        ],
        "Uncategorized": [
            "receive data from Internet"
        ]
    }
}