{
    "title": "YallaMotor",
    "description": "Introducing the YallaMotor mobile app – your ultimate destination for finding new, used, and certified cars in the UAE, KSA, Egypt, and other GCC countries. With our vast marketplace boasting over tens of thousands of vehicles listed by both individual sellers and dealers, we're confident that the perfect car for you awaits! 👍🚘\r\n\r\nStay ahead in the car-buying game by checking our app daily. Our sellers are constantly adding their vehicles, ensuring a steady stream of fresh options. For your convenience, take advantage of our quick and advanced filters. Narrow down your search by price, make, model, area, condition, kilometers, and year, bringing you closer to your dream car with ease.\r\n\r\nExplore a diverse range of renowned brands like Toyota, Nissan, Mitsubishi, Chevrolet, Hyundai, Kia, BMW, Ford, Honda, Audi, Mercedes Benz, and Lexus. And for those seeking something more exotic, we have Bentley, Rolls Royce, Ferrari, Lotus, Aston Martin, Lamborghini, and even electric vehicles from Tesla and other esteemed manufacturers.\r\n\r\nExperience the following features on our app:\r\n✔️ Save cars to your favorites list for quick access\r\n✔️ Set up alerts for your preferred search criteria\r\n✔️ View captivating images, engaging videos, and detailed information about each vehicle\r\n✔️ Connect directly with sellers via Phone, WhatsApp, or SMS\r\n✔️ Collaborate with our expert partners to inspect any car\r\n✔️ Seamlessly and securely import cars from the UAE to your home country\r\n\r\nIn Dubai alone, our app boasts an impressive inventory of over 13,000 up-to-date used cars. Meanwhile, if you're located in Abu Dhabi, you can browse through more than 2,500 cars. And for other emirates like Sharjah, Ajman, Al Ain, Fujairah, Ras Al Khaimah, and Umm Al Quwain, choose from over 9,000 used cars listed.\r\n\r\nBut that's not all! YallaMotor now empowers sellers to effortlessly list their cars directly from the app in just three simple steps. Monitor the performance of your ads, make edits as needed, and unlock greater visibility and reach with our SUPER & HYPER packages.\r\n\r\nDon't miss out on the opportunity to sell your car hassle-free. List it for FREE on YallaMotor and start receiving calls from potential buyers immediately.\r\n\r\nDiscover the joy of seamless car shopping and selling with the YallaMotor app. Download now and embark on an extraordinary automotive journey. Your perfect car is just a tap away!",
    "summary": "Find, compare and buy your next dream Car in UAE, KSA and across the GCC",
    "installs": "100,000+",
    "score": 3.7777777,
    "ratings": 836,
    "price": 0,
    "currency": "EUR",
    "developer": "YallaMotor",
    "developerEmail": "moderators@yallamotor.com",
    "developerWebsite": "https://uae.yallamotor.com/",
    "developerAddress": null,
    "privacyPolicy": "https://uae.yallamotor.com/policy-privacy",
    "genre": "Lifestyle",
    "contentRating": "PEGI 3",
    "released": "Mar 27, 2022",
    "lastUpdatedOn": "Apr 24, 2025",
    "appId": "com.app.yallamotorV2",
    "permisions": {
        "Location": [
            "precise location (GPS and network-based)"
        ],
        "Photos/Media/Files": [
            "modify or delete the contents of your USB storage",
            "read the contents of your USB storage"
        ],
        "Storage": [
            "modify or delete the contents of your USB storage",
            "read the contents of your USB storage"
        ],
        "Camera": [
            "take pictures and videos"
        ],
        "Microphone": [
            "record audio"
        ],
        "Other": [
            "control vibration",
            "full network access",
            "prevent device from sleeping",
            "run at startup",
            "view network connections"
        ],
        "Uncategorized": [
            "receive data from Internet"
        ]
    }
}