{
    "title": "Dott",
    "description": "Download the app, spot a nearby Dott scooter or bike and ride in the great wide open – your way. \r\n\r\nMeet Dott\r\nOur affordable, convenient and safe rides make green travel an easy choice for people in Europe. Just sign up, ride freely through traffic jams and arrive at your destination on time – for a fraction of the cost of a taxi or car share.\r\n\r\nHow it works\r\nOur brightly colored vehicles are convenient, climate neutral and available 24/7 to quickly zip you where you want to be. \r\n\r\nTo get started:\r\n1. Download the Dott app\r\n2. Open the map to find a nearby vehicle \r\n3. Scan the QR code to unlock – and you’re off!\r\nPro tip: Select a pass or discount after unlocking to save on your ride.\r\n\r\nTo end your ride:\r\n1. Open the app \r\n2. Find a dedicated parking spot on the map\r\n3. Continue on your day!\r\n\r\nSave with a Dott pass or pay per ride\r\nChoose your preferred discount right before you start a ride to save on travel. Explore Dott passes to save per day, week or month — or just pay as you go for now and choose one next time you ride. You can pick from promos you’ve added, referral bonuses you've earned, or limited-time local deals – it’s up to you!\r\n\r\nSafety first\r\nTake care of yourself and others when on the move:\r\n* Ride in bike lanes or on the road\r\n* Always park in dedicated parking areas\r\n* Protect your head – wear a helmet\r\n* Keep your eyes on the road\r\n* Check out our FAQs for more tips under Help & contact in the app\r\n\r\nWhy choose Dott?\r\nWe’re on a mission to free our cities with clean rides for everyone. With our affordable and accessible rides, we’re driven towards making the places we call home less polluted and congested. By switching up your travel today, you’re making a positive impact on generations to come.\r\n\r\nRide with Dott whenever you're:\r\n* Meeting a friend for dinner\r\n* Commuting to work\r\n* Heading to class\r\n* Going on a date\r\n* Exploring your city on your day off, or sightseeing in other countries\r\n\r\nWhere you’ll find us\r\nDott is currently available in 7 countries across Europe and counting. Want to see Dott in your city? Drop us a line at support@ridedott.com.\r\n\r\nHappy riding!",
    "summary": "The electric scooter platform that gets you from a to b to c on your schedule.",
    "installs": "1,000,000+",
    "score": 4.4512196,
    "ratings": 79447,
    "price": 0,
    "currency": "EUR",
    "developer": "Dott",
    "developerEmail": "playstore@ridedott.com",
    "developerWebsite": "http://www.ridedott.com",
    "developerAddress": null,
    "privacyPolicy": "https://www.ridedott.com/privacy",
    "genre": "Travel & Local",
    "contentRating": "PEGI 3",
    "released": "Apr 5, 2019",
    "lastUpdatedOn": "Apr 30, 2025",
    "appId": "com.ridedott.rider",
    "permisions": {
        "Location": [
            "approximate location (network-based)",
            "precise location (GPS and network-based)"
        ],
        "Phone": [
            "read phone status and identity"
        ],
        "Photos/Media/Files": [
            "read the contents of your USB storage"
        ],
        "Storage": [
            "read the contents of your USB storage"
        ],
        "Camera": [
            "take pictures and videos"
        ],
        "Microphone": [
            "record audio"
        ],
        "Wi-Fi connection information": [
            "view Wi-Fi connections"
        ],
        "Device ID & call information": [
            "read phone status and identity"
        ],
        "Other": [
            "control Near Field Communication",
            "control vibration",
            "full network access",
            "prevent device from sleeping",
            "read Google service configuration",
            "run at startup",
            "view network connections"
        ],
        "Uncategorized": [
            "receive data from Internet"
        ]
    }
}