{
    "title": "Freedo Rentals Bike Rental App",
    "description": "Freedo was founded on the simple idea of enabling FREEDOM in mobility by offering exclusive self-drive\r\n    <b>two-wheelers on rent</b>. Freedo for a sustainable tomorrow aims to reduce dependence on personal vehicles and\r\n    Owner-ship by introducing User-ship through shared vehicles, and in the process leaving the planet a bit healthier.\r\n\r\n    \r\n\r\n    Being the best <b>bike rental app </b>, Freedo reduces dependence on personal vehicles for the daily commute or outdoor\r\n    travel and makes mobility hassle-free. Whether you want to travel to the office or other locations, you can take our\r\n    <b>bikes or scooters on rent </b>and make your first or last-mile journeys smooth, affordable, and convenient! \r\n \r\n\r\n    We are currently operational in the below-mentioned cities: \r\n\r\n    • Noida\r\n\r\n    • Delhi\r\n\r\n    • Gurugram\r\n\r\n    • Ghaziabad\r\n\r\n    • Hyderabad\r\n\r\n    • Jaipur\r\n\r\n    • Bengaluru\r\n\r\n    • Faridabad\r\n\r\n    • Goa\r\n\r\n    • Vijayawada\r\n\r\n    • Kolkata\r\n\r\n    • Vadodara\r\n\r\n    \r\n\r\n    <b>Safe Bike Rentals </b>: For us, your safety and security are above everything. To ensure this motive, our staff\r\n    properly sanitizes all <b>rental two-wheelers </b> before delivering them to our clients. So, stay assured! All our\r\n    <b>rental bikes and scooters </b> are disinfected enabling you to commute safely with a reliable and assured\r\n    <b>2 wheeler rental app! </b> \r\n\r\n\r\n    P.S: If we are not operational in your city, please write down to us at contact@freedo.rentals. We'll surely aim for it.\r\n    \r\n\r\n\r\n    <b>Why Choose Freedo? </b> \r\n\r\n    • <b>Freedom to choose </b>: Select from a wide range of serviced and sanitized <b>two-wheeler rentals </b> with flexible\r\n    plans starting from a day. \r\n\r\n    • <b>Freedom from ownership hassles </b>: Own a vehicle without owning the hassles of ownership like EMIs, insurance, and\r\n    paperwork. \r\n\r\n    • <b>Freedom from maintenance </b>: Free monthly service and maintenance with the option of doorstep delivery. \r\n\r\n    • <b>Freedom from hefty rental charges </b>: We are providing reliable, and affordable <b>bike rentals </b> with the best\r\n    pricing in the market. \r\n\r\n\r\n    <b>How does Freedo work? </b> \r\n\r\n    Freedo offers a wide and exceptional range of <b>two-wheelers on rent </b>. You can choose a bike or scooter of your\r\n    choice on our <b>bike hire app </b> and go to the preferred location without any hassle. \r\n\r\n    Choose your ride on an hourly, daily, weekly, or monthly basis, and get your vehicle at the desired location. \r\n    <b>Our Salient Features </b>: \r\n\r\n    The idea behind coming up with <b>two-wheeler rentals </b> is to give travellers freedom in mobility. Eliminate the hassle\r\n    of owning a personal vehicle. Take a smart route for your travel needs with our <b>bike and scooter rentals. </b> \r\n\r\n    To meet the expectations, we come with significant features including: \r\n\r\n    • Safe and sanitized vehicle\r\n\r\n    • Instant and secure payments\r\n\r\n    • Complementary Helmet\r\n\r\n    • Fully insured ride\r\n\r\n    • 24*7 assistance\r\n\r\n    Travel to your desired location by booking affordable and reliable two-wheelers on our <b>scooter rent app </b>. Whether\r\n    you want a monthly <b>bike rental</b>or <b>scooter on rent </b> for a day, you get it all at the Freedo\r\n    <b>bike hire app! </b> \r\n\r\n\r\n    <b>Our Vision </b> \r\n\r\n    To democratize micro-mobility as a service by removing all roadblocks between people and mobility. \r\n\r\n\r\n    <b>Our Mission </b> \r\n\r\n    \"Helping commuters and travelers get to exactly where they need to go through innovative solutions.\" \r\n\r\n    End your search for a <b>rental scooty near me </b> at Freedo. Choose Freedom to Move, Choose Freedo! Download the Freedo\r\n    <b>bike rental app </b> for easier booking and exclusive deals on <b>two wheeler rental services </b>. \r\n",
    "summary": "Rent bike or scooter from the most affordable & reliable vehicle rental company",
    "installs": "500,000+",
    "score": null,
    "ratings": null,
    "price": 0,
    "currency": "EUR",
    "developer": "Freedo Rentals",
    "developerEmail": "contact@freedo.rentals",
    "developerWebsite": "https://freedo.rentals/",
    "developerAddress": null,
    "privacyPolicy": "https://freedo.rentals/privacy-policy",
    "genre": "Travel & Local",
    "contentRating": "PEGI 3",
    "released": "Sep 15, 2023",
    "lastUpdatedOn": "Apr 29, 2025",
    "appId": "com.heerofreedo",
    "permisions": {
        "Location": [
            "approximate location (network-based)",
            "precise location (GPS and network-based)"
        ],
        "Phone": [
            "directly call phone numbers"
        ],
        "Photos/Media/Files": [
            "modify or delete the contents of your USB storage",
            "read the contents of your USB storage"
        ],
        "Storage": [
            "modify or delete the contents of your USB storage",
            "read the contents of your USB storage"
        ],
        "Camera": [
            "take pictures and videos"
        ],
        "Wi-Fi connection information": [
            "view Wi-Fi connections"
        ],
        "Other": [
            "full network access",
            "prevent device from sleeping",
            "run at startup",
            "view network connections"
        ],
        "Uncategorized": [
            "receive data from Internet"
        ]
    }
}