{
    "title": "GPS Maps and GPS Directions",
    "description": "GPS Maps and GPS Directions - Explore the World!\r\n\r\nEmbark on a journey of discovery and navigation like never before with the gps navigation app. This driving directions app combines the power of GPS maps, offline navigation, detailed directions, and an intuitive compass. Whether you're a traveler, explorer, or simply someone who enjoys understanding the world around them, this gps navigation local app is your passport to a richer, more immersive navigation and exploration experience.\r\n\r\nThe gps location app is designed for exploring the map of the world with live street view, real-time navigation on satellite maps. Easy to use will help you to reach your target destination\r\n\r\nThe main features in the navigation maps app:\r\n➡️ GPS Maps:\r\n- With 3D GPS Maps, you can access detailed maps and navigation instructions\r\n- This feature is especially handy when traveling in remote areas or internationally\r\n- Different map types – You can choose different types of maps as you like: traffic maps, satellite maps, street view\r\n\r\n➡️ Directions and Navigation:\r\n- Never get lost again. The gps navigation map direction app provides turn-by-turn directions and navigation assistance, ensuring that you reach your destination effortlessly. \r\n- Whether you're on foot, cycling, or driving, this gps navigation app is your reliable guide.\r\n\r\n➡️ Compass:\r\n- Discover your sense of direction with the built-in compass feature. The compass helps you find your bearings and navigate accurately, making it a valuable tool for outdoor adventurers and urban explorers alike.\r\n\r\n➡️ Nearby Places:\r\n- Explore your surroundings with ease. The maps directions app offers recommendations for nearby points of interest, including restaurants, attractions, hotels, and more. Find what you need, whether it's a cozy cafe or a historical monument, and get there without hassle.\r\n- Add place to favorite\r\n\r\n➡️ World Tour:\r\n- Embark on a virtual world tour from the comfort of your device. Explore famous cities, natural wonders, and iconic landmarks with 3D visuals that make you feel like you're really there. \r\n- Maps of many place around the world: Tokyo, US, Uk, France...\r\n\r\n➡️ History:\r\n- The smart maps app saves the direction history\r\n\r\nThe map gps navigation app is your ultimate navigation and exploration companion. Whether you're charting a course to a new adventure, uncovering the history of a place, or simply finding your way around town, this offline maps with gps app is your reliable and informative guide. \r\n\r\nUse the maps gps app today and embark on a journey of discovery and navigation that will enrich your travel experiences and broaden your horizons. Your next adventure awaits!",
    "summary": "Offline maps for driving directions, gps navigation. Smart GPS Maps with compass",
    "installs": "1,000,000+",
    "score": null,
    "ratings": null,
    "price": 0,
    "currency": "EUR",
    "developer": "Shuree Studio",
    "developerEmail": "abdallahshure99@gmail.com",
    "developerWebsite": "https://shureestudio.netlify.app/",
    "developerAddress": null,
    "privacyPolicy": "https://shureestudio.netlify.app/policy",
    "genre": "Maps & Navigation",
    "contentRating": "PEGI 3",
    "released": null,
    "lastUpdatedOn": "Feb 20, 2025",
    "appId": "com.live.earth.gps.map.navigationstreet.livestreetview",
    "permisions": {
        "Location": [
            "approximate location (network-based)",
            "precise location (GPS and network-based)"
        ],
        "Wi-Fi connection information": [
            "view Wi-Fi connections"
        ],
        "Other": [
            "connect and disconnect from Wi-Fi",
            "full network access",
            "prevent device from sleeping",
            "read Google service configuration",
            "view network connections"
        ],
        "Uncategorized": [
            "receive data from Internet"
        ]
    }
}