{
    "title": "YEGO Mobility",
    "description": "Why YEGO?\r\nDownload YEGO and start riding the most stylish electric motorbikes in France and Spain. Our vintage look stands out on the streets. It’s impossible not to spot a YEGO!\r\n\r\nMove with ease and style around the city:\r\n- YEGO is for everyone: locals and tourists.\r\n- YEGO is sharing. You will find two helmets to ride with whomever you choose.\r\n- YEGO is always with you. Enjoy your ride to the office, gym or your favourite café.\r\n- YEGO is the best of both worlds. Ride freely as you would with your own motorbike, but with fewer worries — simply enjoy the ride while respecting the city’s traffic rules.\r\n- YEGO is green. Our motorbikes are electric, and we take care of recharging them.\r\n- YEGO is convenient. Move around the city up to 50 km/h.\r\n- YEGO is easy. Pay as you go. It will only cost you the time of your ride. The insurance is included.\r\n- YEGO is international. Ride in Paris, Bordeaux, Toulouse, Valencia, Sevilla, Barcelona and Malaga.\r\n\r\nHow does it work?\r\nDownload the app and create an account in a few minutes.\r\nYou’ll need your driving licence, ID, and payment method. Once we validate the account, you’re ready to go!\r\n\r\nBook your YEGO\r\nBook through the app. You have 15 free minutes to get to the motorbike.\r\n\r\nMove freely in the city\r\nUnlock the motorbike through the app and open the top case: you’ll find 2 helmets to travel with whom you prefer. Enjoy the ride!\r\n\r\nPark and finish your ride\r\nPark following the rules in any authorised place for motorbikes within YEGO's operative area. Put the helmets back and finish your ride on the app\r\n\r\nRide green, ride with style, ride YEGO\r\n\r\n*In some cities, you will also find bikes and scooters. You can ride them even if you don’t have a driving licence!",
    "summary": "Ride green, ride with style",
    "installs": "500,000+",
    "score": 4.78392,
    "ratings": 10674,
    "price": 0,
    "currency": "EUR",
    "developer": "YEGO Urban Mobility SL",
    "developerEmail": "support@rideyego.com",
    "developerWebsite": "http://www.rideyego.com",
    "developerAddress": null,
    "privacyPolicy": "https://yugo-assets.s3.amazonaws.com/legal/privacy_policy_en.html",
    "genre": "Travel & Local",
    "contentRating": "PEGI 3",
    "released": "Jan 12, 2017",
    "lastUpdatedOn": "Apr 14, 2025",
    "appId": "com.getyugo.app",
    "permisions": {
        "Location": [
            "approximate location (network-based)",
            "precise location (GPS and network-based)"
        ],
        "Photos/Media/Files": [
            "modify or delete the contents of your USB storage",
            "read the contents of your USB storage"
        ],
        "Storage": [
            "modify or delete the contents of your USB storage",
            "read the contents of your USB storage"
        ],
        "Camera": [
            "take pictures and videos"
        ],
        "Microphone": [
            "record audio"
        ],
        "Wi-Fi connection information": [
            "view Wi-Fi connections"
        ],
        "Other": [
            "control vibration",
            "draw over other apps",
            "full network access",
            "prevent device from sleeping",
            "read Google service configuration",
            "run at startup",
            "view network connections"
        ],
        "Uncategorized": [
            "download files without notification",
            "receive data from Internet"
        ]
    }
}