{
    "title": "Android Accessibility Suite",
    "description": "Android Accessibility Suite is a collection of accessibility apps that help you use your Android device eyes-free or with a switch device.\r\n\r\nAndroid Accessibility Suite includes:\r\n• Accessibility Menu: Use this large on-screen menu to lock your phone, control volume and brightness, take screenshots, and more.\r\n• Select to Speak: Select items on your screen and hear them read aloud.\r\n• TalkBack screen reader: Get spoken feedback, control your device with gestures, and type with the on-screen braille keyboard.\r\n\r\nTo get started:\r\n1. Open your device's Settings app.\r\n2. Select Accessibility.\r\n3. Select Accessibility Menu, Select to Speak, or TalkBack.\r\n\r\nAndroid Accessibility Suite requires Android 6 (Android M) or later. To use TalkBack for Wear, you'll need Wear OS 3.0 or later.\r\n\r\nPermissions Notice\r\n• Phone: Android Accessibility Suite observes the phone state so it can adapt announcements to your call status.\r\n• Accessibility Service: Because this app is an accessibility service, it can observe your actions, retrieve window content, and observe text that you type.\r\n• Notifications: When you allow this permission, TalkBack can notify you about updates.",
    "summary": "Includes TalkBack, Accessibility Menu, and more.",
    "installs": "10,000,000,000+",
    "score": 4.1081204,
    "ratings": 4076793,
    "price": 0,
    "currency": "EUR",
    "developer": "Google LLC",
    "developerEmail": "apps-help@google.com",
    "developerWebsite": "https://developer.android.com/guide/topics/ui/accessibility",
    "developerAddress": "1600 Amphitheatre Parkway, Mountain View 94043",
    "privacyPolicy": "http://www.google.com/policies/privacy",
    "genre": "Tools",
    "contentRating": "PEGI 3",
    "released": null,
    "lastUpdatedOn": "Apr 28, 2025",
    "appId": "com.google.android.marvin.talkback",
    "permisions": {
        "Location": [
            "approximate location (network-based)",
            "precise location (GPS and network-based)"
        ],
        "Phone": [
            "read phone status and identity"
        ],
        "Photos/Media/Files": [
            "modify or delete the contents of your USB storage",
            "read the contents of your USB storage"
        ],
        "Storage": [
            "modify or delete the contents of your USB storage",
            "read the contents of your USB storage"
        ],
        "Camera": [
            "take pictures and videos"
        ],
        "Microphone": [
            "record audio"
        ],
        "Device ID & call information": [
            "read phone status and identity"
        ],
        "Other": [
            "access Bluetooth settings",
            "change your audio settings",
            "control vibration",
            "draw over other apps",
            "full network access",
            "measure app storage space",
            "modify system settings",
            "pair with Bluetooth devices",
            "prevent device from sleeping",
            "read Google service configuration",
            "run at startup",
            "view network connections"
        ],
        "Uncategorized": [
            "enable or disable app components",
            "send package removed broadcast"
        ]
    }
}