{
    "title": "First Bus",
    "description": "Plan a journey, buy a great value mobile ticket (mTicket) or find where your bus is with live bus times – you can do all this and more with the First Bus App, making bus travel even easier.\r\n\r\nPLAN YOUR JOURNEY\r\nWith our door to door route planner you can check your quickest route to work or plan a new adventure and help you to get around at the weekend. Just enter a destination to view your route options and we’ll show you which of our bus services can get you there with step-by-step instructions.\r\n\r\nCHECK LIVE BUS TIMES\r\nThe First Bus App is the best way to get live bus times and route information. You can save your favourite stops, routes and locations and revisit recently searched journeys. The map shows the bus stops nearby where you can see live updates to check where and when your bus is coming letting you head to your bus stop just before your bus is due.\r\n\r\nBUY YOUR MOBILE TICKET (MTICKET)\r\nYou can buy your great value bus ticket on the First Bus App before you travel so with mTickets there’s no need to carry cash or worry about having the right change. Some of our tickets are cheaper on the app so get it downloaded for our best bus ticket prices. Payments are secure and there’s a handy ‘buy again’ button with one-tap checkout making repeat purchases even quicker and easier to do.\r\n\r\nThe app also features:\r\n• Tickets for Heathrow RailAir, Buses of Somerset and First Kernow.\r\n• Payments via Visa, Mastercard, PayPal, Google Pay and Apple Pay.\r\n• The ability to gift tickets to a child or young person.",
    "summary": "Plan bus journeys, buy great value mobile tickets and check live bus times.",
    "installs": "1,000,000+",
    "score": 3.8441558,
    "ratings": 67482,
    "price": 0,
    "currency": "EUR",
    "developer": "FIRSTBUS",
    "developerEmail": "app@firstbus.co.uk",
    "developerWebsite": "https://www.firstbus.co.uk/",
    "developerAddress": "First Bus (Digital Retail / Commercial)\nFirstGroup PLC\n8th Floor\nThe Point\n37 North Wharf Road\nLondon, W2 1AF\n",
    "privacyPolicy": "https://www.firstbus.co.uk/privacy-policy",
    "genre": "Maps & Navigation",
    "contentRating": "PEGI 3",
    "released": "Oct 12, 2012",
    "lastUpdatedOn": "Mar 20, 2025",
    "appId": "com.firstgroup.first.bus",
    "permisions": {
        "Location": [
            "approximate location (network-based)",
            "precise location (GPS and network-based)"
        ],
        "Phone": [
            "read phone status and identity"
        ],
        "Photos/Media/Files": [
            "modify or delete the contents of your USB storage",
            "read the contents of your USB storage"
        ],
        "Storage": [
            "modify or delete the contents of your USB storage",
            "read the contents of your USB storage"
        ],
        "Camera": [
            "take pictures and videos"
        ],
        "Wi-Fi connection information": [
            "view Wi-Fi connections"
        ],
        "Device ID & call information": [
            "read phone status and identity"
        ],
        "Other": [
            "control Near Field Communication",
            "control vibration",
            "full network access",
            "prevent device from sleeping",
            "read Google service configuration",
            "run at startup",
            "view network connections"
        ],
        "Uncategorized": [
            "receive data from Internet"
        ]
    }
}