{
    "title": "Eleglide - Electric bike",
    "description": "Experience more than you ever thought possible. The Eleglide app will enhance your riding experience by providing you with easy access to important information such as battery life, distance traveled, and speed. You can also use the app to customize your bike settings and track your progress over time. With a user-friendly interface and a range of helpful features, our app is the perfect companion for Eleglide riders.",
    "summary": "Eleglide - Lead the Way Forward",
    "installs": "5,000+",
    "score": 2.3333333,
    "ratings": 63,
    "price": 0,
    "currency": "EUR",
    "developer": "HUIZHOU JIYUN E-COMMERCE CO., LTD.",
    "developerEmail": "app@geekbuying.com",
    "developerWebsite": "https://eleglide.com/",
    "developerAddress": null,
    "privacyPolicy": "https://api.eleglide.com/v1/Copywriting/PrivacyPolicy",
    "genre": "Tools",
    "contentRating": "PEGI 3",
    "released": "Jun 20, 2023",
    "lastUpdatedOn": "Jul 8, 2024",
    "appId": "com.geekbuy.eleglide",
    "permisions": {
        "Location": [
            "approximate location (network-based)",
            "precise location (GPS and network-based)"
        ],
        "Other": [
            "access Bluetooth settings",
            "full network access",
            "pair with Bluetooth devices",
            "view network connections"
        ]
    }
}