{
    "title": "STIB-MIVB",
    "description": "About this app\r\nThe STIB-MIVB app is all you need to get around Brussels by metro, bus, tram or train. Buy your tickets in just one click and get real-time info. \r\n\r\nBrupass (XL) tickets at your fingertips\r\n- Your ticket is immediately available on the app. That will save you precious time!\r\n- No need to look for a vending machine, buy your ticket wherever and whenever you want.\r\n- You can purchase Brupass (XL) 1 or 10 journeys via the app. Opt for the 10 journey ticket and save money. This way, you can travel hassle-free at a reduced price!\r\n\r\nReal-time info\r\n- Keep up to date with the app: you'll find real-time info not only on the STIB-MIVB network, but also on SNCB-NMBS trains and TEC and De Lijn buses.\r\n- Mark your most frequently used lines or stops as favourites to get an updated overview of your usual route.\r\n\r\nA personalised route planner\r\n- Plan your journey from A to Z and choose your own departure date and time.\r\n- Make a connection very easily thanks to the STIB-MIVB app. The interactive map also indicates De Lijn, SNCB-NMBS and TEC stops with real-time departure times.\r\n- Are you looking for the shortest route? The one with the fewest connections? Or with the least walking? The app takes your preferences into account.\r\n\r\nContent of your MOBIB card\r\n- Want to know how many journeys you have left on your MOBIB card? Connect your card to the app via NFC and you'll find out.\r\n- Whether you have a season ticket or a ticket, you can simply reload your MOBIB card via the app. Please note that it will take at least 24 hours before your ticket or season ticket is available on your MOBIB card.\r\n\r\nEveryone deserves to travel comfortably\r\n- Need an escalator or lift? Use the \"\"Info\"\" tab to see in real time for each station whether all escalators and lifts are working. \r\n- For buses and tram lines 7 and 9, the app tells you the degree to which a stop is accessible.  \r\n\r\nDownload the STIB-MIVB app now and enjoy worry-free travel in and around Brussels!",
    "summary": "Plan your journeys across Brussels with the STIB-MIVB mobile app",
    "installs": "1,000,000+",
    "score": 3.59,
    "ratings": 16474,
    "price": 0,
    "currency": "EUR",
    "developer": "STIB-MIVB",
    "developerEmail": "mobile@stib-mivb.brussels",
    "developerWebsite": "https://www.stib-mivb.be",
    "developerAddress": null,
    "privacyPolicy": "https://www.stib-mivb.be/irj/go/km/docs/resource/Legal/release-2-2/en/terms-and-conditions-release-2-2.html#personal_data",
    "genre": "Maps & Navigation",
    "contentRating": "PEGI 3",
    "released": "Oct 17, 2018",
    "lastUpdatedOn": "Jan 20, 2025",
    "appId": "be.stib.mivb.mobile",
    "permisions": {
        "Calendar": [
            "read calendar events plus confidential information"
        ],
        "Contacts": [
            "read your contacts"
        ],
        "Location": [
            "approximate location (network-based)",
            "precise location (GPS and network-based)"
        ],
        "Camera": [
            "take pictures and videos"
        ],
        "Wi-Fi connection information": [
            "view Wi-Fi connections"
        ],
        "Other": [
            "control Near Field Communication",
            "full network access",
            "prevent device from sleeping",
            "run at startup",
            "view network connections"
        ],
        "Uncategorized": [
            "receive data from Internet"
        ]
    }
}