{
    "title": "Chargemap - Charging stations",
    "description": "• You’re looking for the best-rated charging station nearby? \r\n• You’re preparing for a long trip by electric vehicle for the holidays? \r\n• You want to locate the best rapid charging stations along your route?\r\n• You’re looking for free charging stations in the surrounding area?\r\n\r\nChargemap is the benchmark app that is already the loyal companion of over 2.5 million EV and PHEV drivers for stress-free travelling and charging.\r\n\r\nChargemap’s map lists over 1 million charge points and covers most European charging networks. It makes it so easy to locate charging stations in France, Germany, the Netherlands, Belgium, Switzerland, Italy, Spain, Austria, Britain, Norway and many other countries across Europe.\r\nYou can also find all the key information you need to locate the right charging station for your needs: connector types, power ratings, time slots, means of access, scores and comments from the community etc.\r\n\r\nWhy opt for the Chargemap app?\r\n\r\nFIND THE BEST CHARGING STATIONS…\r\nThe powerful filters help you locate the charging stations that meet your requirements: free charging points, best scores, fast charging stations, favourite networks, on motorways only etc.\r\n\r\nWhatever EV you drive - Tesla Model 3, Tesla Model S, Tesla Model X, Tesla Model Y, Renault Zoe, Renault Megane E-Tech Electric, Peugeot e-208, Peugeot e-2008, MG 4, Volkswagen ID.3, Volkswagen ID.4, Volkswagen ID.5, BMW i3, BMW i4, BMW iX, Nissan Leaf, Dacia Spring, Fiat 500 e, Kia e-Niro, Kia EV6, Skoda Enyak, Citroën ë-C4, Hyundai Kona Electric, Audi Q4 e-tron, Porsche Taycan or any other electric car, Chargemap knows how to pick out the right charging stations so you can top up your electric vehicle hassle-free.\r\n\r\n\r\n...ON EVERY CHARGING NETWORK\r\n• Charge Your Car\r\n• Tesla Superchargers\r\n• Tesla Destination Charging\r\n• New Motion (Shell recharge)\r\n• Source London\r\n• Pod Point\r\n• EVBox\r\n• Ionity\r\n• Allego\r\n• Fastned\r\n• Lastmile Solutions\r\n• Innogy\r\n• Enbw\r\n• Enel X\r\n• Total Energies\r\n...and over 1700 other networks!\r\n\r\n\r\nPLAN YOUR ROUTES\r\nNo more stress about charging! The Chargemap route planner helps you find the ideal route that dovetails your particular EV and personal preferences. You can customise it as you wish and simply enjoy the ride!\r\n\r\n\r\nNEVER TRAVEL ALONE\r\nJoin the largest community of EV drivers who help each other out every day by logging in new charging stations, adding information and photos and posting comments on each charging station.\r\n\r\nYou can rate your charging session and access the scores attributed by other users for each charging station according to different criteria: reliability of the equipment, value for money, location and safety. You can also report any malfunctions or practical information to the community in no time.\r\n\r\n\r\nMANAGE YOUR CHARGING\r\nWith the Chargemap Pass charging card, top up at over 700,000 compatible charging points in Europe. You can locate them at a glance, consult charging rates and monitor your expenditure in a dedicated tab.\r\n\r\nNew: Start charging from the app! Filter \\\"Charging via mobile app\\\" compatible charge points and enjoy a simplified, dematerialised charging experience with the Chargemap Pass.\r\n\r\n\r\nFIND YOUR TRAVELLING COMPANION ON ANDROID AUTO\r\nYou can now fully profit from Chargemap’s features from the dashboard of your electric car. You can display the charge points in the surrounding area, find your favourite charging stations and the routes you have saved and make your way to the next charging station via your favourite GPS app.\r\n \r\n\r\nA TEAM THAT CARES\r\nChargemap is also a dream team that gives their all to enhance the app every day with the help of your invaluable feedback. Any questions, suggestions, rave reviews? Get in touch at hello@chargemap.com!",
    "summary": "Your travelling companion to charge your electric car with peace of mind.",
    "installs": "1,000,000+",
    "score": 4.6618114,
    "ratings": 20759,
    "price": 0,
    "currency": "EUR",
    "developer": "Chargemap",
    "developerEmail": "contact@chargemap.com",
    "developerWebsite": "http://chargemap.com/contact",
    "developerAddress": "7 Allée Cérès\n67200 Strasbourg\nFrance",
    "privacyPolicy": "https://chargemap.com/privacy-policy",
    "genre": "Maps & Navigation",
    "contentRating": "PEGI 3",
    "released": "Oct 10, 2012",
    "lastUpdatedOn": "Apr 30, 2025",
    "appId": "com.chargemap_beta.android",
    "permisions": {
        "Location": [
            "approximate location (network-based)",
            "precise location (GPS and network-based)"
        ],
        "Photos/Media/Files": [
            "modify or delete the contents of your USB storage",
            "read the contents of your USB storage"
        ],
        "Storage": [
            "modify or delete the contents of your USB storage",
            "read the contents of your USB storage"
        ],
        "Camera": [
            "take pictures and videos"
        ],
        "Wi-Fi connection information": [
            "view Wi-Fi connections"
        ],
        "Other": [
            "Google Play license check",
            "control vibration",
            "full network access",
            "prevent device from sleeping",
            "view network connections"
        ],
        "Uncategorized": [
            "receive data from Internet"
        ]
    }
}