{
    "title": "Nine Dash",
    "description": "With this app you can monitor the data from your Ninebot (es1/es2/G30/G30D) in an easy and intuitive manner! This is a completely free app, without any \"premium\" options.\r\n\r\nThe main characteristics of this app are:\r\n\r\n- Simple and elegant interface, with plenty of room for personalization; \r\n- All information from the scooter available (battery cells, manufacture date, temperature);\r\n- Automatic creation of graphs with the scooter info as a function of time (used battery percentage, max speed, etc.);\r\n- Creation of trips and simultaneous visualization in map;\r\n- Possibility to export and import trips for other people who use the app or to view them in Google Earth (KML and CSV);\r\n- Changes in kers, locking the scooter, changing the back light and cruise mode;\r\n- Possibility to reset the odometer;\r\n- Possibility to view data and graphs on \"offline mode\" (without connection to the scooter).\r\n\r\nMoreover, this app can be synchronized with different band and smart watch models to allow you to get the monitoring notifications in real time in these devices. This way you can turn them into real Ninebot dashboards!\r\n\r\nImportant information: this app cannot be installed directly on Android Wear, you can only synchronize the notifications!\r\n\r\nIf you want to help me with the translations of the app please send me an email -> adriandios@gmail.com",
    "summary": "Real time monitoring the performance for scooter model es1/es2/G30/G30P ninebot",
    "installs": "100,000+",
    "score": 4.4897957,
    "ratings": 1549,
    "price": 0,
    "currency": "EUR",
    "developer": "Buhho",
    "developerEmail": "adriandios@gmail.com",
    "developerWebsite": "https://m365dashboard.com",
    "developerAddress": null,
    "privacyPolicy": "https://sites.google.com/view/ninedash",
    "genre": "Tools",
    "contentRating": "PEGI 3",
    "released": "Aug 30, 2019",
    "lastUpdatedOn": "Jul 18, 2023",
    "appId": "adriandp.ninedash",
    "permisions": {
        "Location": [
            "approximate location (network-based)",
            "precise location (GPS and network-based)"
        ],
        "Photos/Media/Files": [
            "modify or delete the contents of your USB storage",
            "read the contents of your USB storage"
        ],
        "Storage": [
            "modify or delete the contents of your USB storage",
            "read the contents of your USB storage"
        ],
        "Camera": [
            "take pictures and videos"
        ],
        "Wi-Fi connection information": [
            "view Wi-Fi connections"
        ],
        "Other": [
            "Google Play license check",
            "access Bluetooth settings",
            "control vibration",
            "draw over other apps",
            "full network access",
            "pair with Bluetooth devices",
            "prevent device from sleeping",
            "reorder running apps",
            "run at startup",
            "view network connections"
        ],
        "Uncategorized": [
            "receive data from Internet"
        ]
    }
}