{
    "title": "CityTransit: Bus & Train Times",
    "description": "Discover the most efficient way to navigate bustling cities across the United States and around the world with CityTransit - your go-to transit companion wherever you go! Whether you're in New York City, Los Angeles, Chicago, San Francisco, Washington DC or exploring urban centers in countries like Canada, the UK, Australia, or beyond, CityTransit provides real-time information on nearby stops and departures, ensuring you never miss your ride again.\r\n\r\nWith CityTransit, you can effortlessly track buses, trains, subways, and streetcars live on the map, allowing you to plan your journey with precision and confidence. Say goodbye to waiting endlessly at transit stops and hello to seamless travels across vibrant urban landscapes.\r\n\r\n🔍 Key Features:\r\n🏢 <b>Effortless Trip Planning:</b> Plan your A-to-B journeys with ease, thanks to intuitive trip-planning features.\r\n\r\n🚇 <b>Real-Time Bus and Train Tracking:</b> Track the exact location of your bus or train on the map in real-time, ensuring you're always informed and on schedule.\r\n\r\n📅 <b>Next Departure Information:</b> Stay ahead of your commute by knowing exactly when your next bus, train, subway, or streetcar will arrive.\r\n\r\n⚡ <b>Instant Nearby Departures:</b> Instantly view all nearby departures, allowing you to make informed decisions on the go.\r\n\r\n📍 <b>Comprehensive Schedules and Routes:</b> Access schedules and route itineraries at your convenience, empowering you to navigate your city with confidence.\r\n\r\n🔔 <b>Service Alerts:</b> Stay informed about transit service alerts directly within the app, keeping you updated on any disruptions or changes.\r\n\r\n🌍 <b>Map-Based Trip Viewing and Directions:</b> Visualize your trips on a map and get step-by-step directions for seamless navigation.\r\n\r\n⭐ <b>Customized Favorites:</b> Save your most frequented stops and routes to your home screen for quick and easy access.\r\n\r\n🗺️ <b>Subway Maps for Increased Efficiency:</b> Access subway maps to optimize your commute and streamline your travel experience.\r\n\r\n👋 <b>Share Arrival Times:</b> Share arrival times of buses and streetcars with your friends, ensuring everyone stays connected and informed.\r\n\r\nCityTransit is hailed as the best transit app for cities like New York City (MTA), Chicago (CTA), Los Angeles (LA Metro), San Francisco (BART), and many more, delivering unparalleled convenience and reliability to urban commuters nationwide.\r\n\r\nDownload CityTransit now and embark on a journey of effortless urban exploration and efficient commuting.\r\n\r\nCities we support\r\n► New York City | Chicago | Los Angeles | San Francisco | Washington DC | Boston | Philadelphia | Seattle | Miami | Atlanta | Portland | Denver | Baltimore | San Diego | Minneapolis | Houston | Phoenix | Dallas | Las Vegas | Toronto | Calgary | Montreal | Quebec City | Vancouver | London | Sydney | Melbourne | Adelaide | Canberra | Auckland | Wellington + Many more worldwide! See the full list at https://thecitytransit.com/regions 🏙\r\n\r\nAgencies we support\r\n► We use open data from transit agencies, including: MTA | CTA | LA Metro | MBTA | WMATA | SEPTA | NJ Transit | Muni | BART | King Bus | MARTA | LIRR | RTD | TriMet | Metro-North Railroad | PATH | Houston METRO | San Diego MTS | Miami-Dade Transit | Metro Transit MN | METRA | RTC | TheBus | Port Authority | DART | AC Transit | Sound Transit | UTA | OCTA | VIA | PTD | St. Louis Metro Transit | RTA | Capital Metro | Broward County Transit Division | NY Waterway Ferries | TTC | Calgary Transit | OC Transpo | STM | MiWay | Go Transit | YRT| GRT | HSR | ETS | Niagara Region Transit | RTC | BusWays | Southlink | Torrents Transit | Translink | Canberra Metro | PTV | Transperth | Sydney Metro | NSW Trains | Sydney Light Rail | AT Metro | Go Bus | New Zealand Bus | NZ Bus |  📈\r\n\r\nKeep in touch\r\n► If you have any questions or feedback email us at: support@thecitytransit.com\r\n\r\n* Location permission required for nearby, trip planner & an alarm feature to work.\r\n\r\nVisit our website: thecitytransit.com",
    "summary": "Live Transit App - Trip planner, schedule & alerts: MTA, SEPTA, Metro & more",
    "installs": "100,000+",
    "score": 0,
    "ratings": 0,
    "price": 0,
    "currency": "EUR",
    "developer": "Vasani Technologies Inc.",
    "developerEmail": "support@thecitytransit.com",
    "developerWebsite": "https://thecitytransit.com",
    "developerAddress": "4000 Lawrence Avenue East, Toronto, Canada M1E2R3",
    "privacyPolicy": "https://thecitytransit.com/privacy",
    "genre": "Maps & Navigation",
    "contentRating": "PEGI 3",
    "released": "Jan 22, 2014",
    "lastUpdatedOn": "May 5, 2025",
    "appId": "com.anilvasani.myttc",
    "permisions": {
        "Location": [
            "approximate location (network-based)",
            "precise location (GPS and network-based)"
        ],
        "Other": [
            "control vibration",
            "full network access",
            "prevent device from sleeping",
            "view network connections"
        ]
    }
}