{
    "title": "PCAPdroid - network monitor",
    "description": "PCAPdroid is a privacy-friendly open source app which lets you track, analyze and block the connections made by the other apps in your device. It also allows you to export a PCAP dump of the traffic, extract metadata and much more!\r\n\r\nPCAPdroid simulates a VPN in order to capture the network traffic without root. It does not use a remote VPN server. All the data is processed locally on the device.\r\n\r\nFeatures:\r\n\r\n - Log and examine the connections made by user and system apps\r\n - Extract the SNI, DNS query, HTTP URL and the remote IP address\r\n - Inspect HTTP requests and replies thanks to the built-in decoders\r\n - Inspect the full connections payload as hexdump/text and export it\r\n - Decrypt the HTTPS/TLS traffic and export the SSLKEYLOGFILE\r\n - Dump the traffic to a PCAP file, download it from a browser, or stream it to a remote receiver for real time analysis (e.g. wireshark)\r\n - Create rules to filter out the good traffic and easily spot anomalies\r\n - Identify the country and ASN of remote server via offline db lookups\r\n - On rooted devices, capture the traffic while other VPN apps are running\r\n\r\nPaid features:\r\n\r\n - Firewall: create rules to block individual apps, domains and IP addresses\r\n - Malware detection: detect malicious connections by using third-party blacklists\r\n\r\nIf you plan to use PCAPdroid to perform packet analysis, please check out <a href=\"https://www.google.com/url?q=https%3A%2F%2Femanuele-f.github.io%2FPCAPdroid%2Fquick_start%2314-packet-analysis&sa=D&sntz=1&usg=AOvVaw1IjDnDKpBGs-bgW8QYho9B\">the specific section</a> of the manual.\r\n\r\n<a href=\"https://www.google.com/url?q=https%3A%2F%2Ft.me%2FPCAPdroid&sa=D&sntz=1&usg=AOvVaw1Dw0NGQLBMQEykPKv4D5ia\">Join the PCAPdroid community</a> on telegram to discuss and receive updates on the latest features.",
    "summary": "No-root network monitor, firewall and PCAP dumper for Android",
    "installs": "100,000+",
    "score": 4.28125,
    "ratings": 1269,
    "price": 0,
    "currency": "EUR",
    "developer": "Emanuele Faranda",
    "developerEmail": "black.silver@hotmail.it",
    "developerWebsite": "https://emanuele-f.github.io/PCAPdroid",
    "developerAddress": "Piazzale Orazio 1, 00042 Anzio (Roma)",
    "privacyPolicy": "https://emanuele-f.github.io/PCAPdroid/privacy",
    "genre": "Tools",
    "contentRating": "PEGI 3",
    "released": "Oct 26, 2019",
    "lastUpdatedOn": "Apr 25, 2025",
    "appId": "com.emanuelef.remote_capture",
    "permisions": {
        "Photos/Media/Files": [
            "modify or delete the contents of your USB storage",
            "read the contents of your USB storage"
        ],
        "Storage": [
            "modify or delete the contents of your USB storage",
            "read the contents of your USB storage"
        ],
        "Wi-Fi connection information": [
            "view Wi-Fi connections"
        ],
        "Other": [
            "full network access",
            "run at startup",
            "view network connections"
        ],
        "Uncategorized": [
            "interact across users"
        ]
    }
}