{
    "title": "eSolutions Charging",
    "description": "eSolutions Charging allows you to manage your Free2move eSolutions charging stations (easyWallbox, eProWallbox family) and have access to recharge your electric car at home or on the go in a vast network of charging points available in 29 European countries.\r\n\r\nThe eSolutions Charging App has been designed to remotely configure, manage, view, monitor and control your entire charging experience both at home and on the move.\r\n\r\nIts main features allow you to:\r\n - Create a personal profile\r\n - Pair the eSolutions charging stations with your smartphone and configure them according to your needs\r\n - In-app subscription to access charging on the go (Pay as you move Beginner, Pay as you move Advanced)\r\n - Limit the charging power according to the household energy supply agreement\r\n - Add and connect one or more RFID cards to your personal profile to control the access to recharge\r\n - View the map of the charging points in the area and filter them as needed\r\n - Calculate the route to the charging point\r\n - Start or stop the charging process both at home and on the go\r\n - Keep track of all your charging sessions\r\n - Generate consumption reports when MIDmeter is installed\r\n - Contact customer support",
    "summary": "Live a unique charging experience with our e-mobility and home solutions.",
    "installs": "100,000+",
    "score": 1.93,
    "ratings": 430,
    "price": 0,
    "currency": "EUR",
    "developer": "Free2move eSolutions",
    "developerEmail": "esolutionscharging.app.support@f2m-esolutions.com",
    "developerWebsite": "https://www.esolutions.free2move.com/",
    "developerAddress": "Piazzale Lodi 3 – 20137 Milan – Italy",
    "privacyPolicy": "https://www.esolutionscharging.com/en_IT/privacy-policy",
    "genre": "Maps & Navigation",
    "contentRating": "PEGI 3",
    "released": "Feb 15, 2022",
    "lastUpdatedOn": "Apr 16, 2025",
    "appId": "com.f2m.esolutions.esolutions",
    "permisions": {
        "Location": [
            "approximate location (network-based)",
            "precise location (GPS and network-based)"
        ],
        "Phone": [
            "read phone status and identity"
        ],
        "Photos/Media/Files": [
            "modify or delete the contents of your USB storage",
            "read the contents of your USB storage"
        ],
        "Storage": [
            "modify or delete the contents of your USB storage",
            "read the contents of your USB storage"
        ],
        "Camera": [
            "take pictures and videos"
        ],
        "Microphone": [
            "record audio"
        ],
        "Wi-Fi connection information": [
            "view Wi-Fi connections"
        ],
        "Device ID & call information": [
            "read phone status and identity"
        ],
        "Other": [
            "Google Play license check",
            "access Bluetooth settings",
            "change network connectivity",
            "control vibration",
            "draw over other apps",
            "full network access",
            "pair with Bluetooth devices",
            "prevent device from sleeping",
            "read Google service configuration",
            "run at startup",
            "view network connections"
        ],
        "Uncategorized": [
            "receive data from Internet"
        ]
    }
}