{
    "title": "UrbanGlide Ride XS",
    "description": "Contrôlez votre trottinette UrbanGlide Ride XS via un smartphone Bluetooth:\r\n1. Changement des vitesses (1/2/3)\r\n2. Activez les lumières de position\r\n3. Anti-vol: déverrouillez le scooter (000000/123456/654321), changez votre mot de passe après la 1ere utilisation\r\n4. Activez le GPS\r\n5. Vérifiez le mode de démarrage (avec ou sans assistance)\r\n6. Téléchargez les prévisions météo hebdomadaires\r\n7. Téléchargez et mettez à jour votre trottinette\r\n8. Affichez les notifications de vos applications favorites sur l'écran de la trottinette",
    "summary": "Contrôlez votre trottinette Ride XS depuis votre smartphone",
    "installs": "50,000+",
    "score": 2.7457628,
    "ratings": 147,
    "price": 0,
    "currency": "EUR",
    "developer": "URBANGLIDE",
    "developerEmail": "app@elinkthings.com",
    "developerWebsite": null,
    "developerAddress": null,
    "privacyPolicy": "https://res.app.elinkthings.com/agreement/demo/privacy_policy_en.html",
    "genre": "Tools",
    "contentRating": "PEGI 3",
    "released": "Jan 7, 2021",
    "lastUpdatedOn": "Feb 7, 2023",
    "appId": "com.urbanglide.urbanglide",
    "permisions": {
        "Device & app history": [
            "read sensitive log data",
            "retrieve running apps"
        ],
        "Identity": [
            "find accounts on the device"
        ],
        "Contacts": [
            "find accounts on the device",
            "read your contacts"
        ],
        "Location": [
            "approximate location (network-based)",
            "precise location (GPS and network-based)"
        ],
        "Phone": [
            "read phone status and identity"
        ],
        "Photos/Media/Files": [
            "modify or delete the contents of your USB storage",
            "read the contents of your USB storage"
        ],
        "Storage": [
            "modify or delete the contents of your USB storage",
            "read the contents of your USB storage"
        ],
        "Camera": [
            "take pictures and videos"
        ],
        "Wi-Fi connection information": [
            "view Wi-Fi connections"
        ],
        "Device ID & call information": [
            "read phone status and identity"
        ],
        "Other": [
            "access Bluetooth settings",
            "allow Wi-Fi Multicast reception",
            "change system display settings",
            "connect and disconnect from Wi-Fi",
            "control flashlight",
            "control vibration",
            "draw over other apps",
            "full network access",
            "install shortcuts",
            "modify system settings",
            "pair with Bluetooth devices",
            "prevent device from sleeping",
            "reorder running apps",
            "run at startup",
            "view network connections"
        ],
        "Uncategorized": [
            "close other apps"
        ]
    }
}