{
    "title": "Cyprus Bus",
    "description": "The App includes the following functionalities:\r\n \r\n- Updated information about routes\r\n- Updated information about schedules \r\n- Real time information about bus arrival at stop",
    "summary": "Real time Public Transport Passenger Information in Cyprus",
    "installs": "100,000+",
    "score": 1.6,
    "ratings": 586,
    "price": 0,
    "currency": "EUR",
    "developer": "Ministry of Transport, Communications and Works",
    "developerEmail": "asavva@pwd.mcw.gov.cy",
    "developerWebsite": null,
    "developerAddress": null,
    "privacyPolicy": "https://motionbuscard.org.cy/app",
    "genre": "Maps & Navigation",
    "contentRating": "PEGI 3",
    "released": "May 13, 2018",
    "lastUpdatedOn": "Oct 29, 2024",
    "appId": "com.gmv.cyprusbus2",
    "permisions": {
        "Location": [
            "approximate location (network-based)",
            "precise location (GPS and network-based)"
        ],
        "Photos/Media/Files": [
            "modify or delete the contents of your USB storage",
            "read the contents of your USB storage"
        ],
        "Storage": [
            "modify or delete the contents of your USB storage",
            "read the contents of your USB storage"
        ],
        "Wi-Fi connection information": [
            "view Wi-Fi connections"
        ],
        "Other": [
            "full network access",
            "prevent device from sleeping",
            "reorder running apps",
            "set an alarm",
            "view network connections"
        ]
    }
}