{
    "title": "GPS Maps, Navigation & Traffic",
    "description": "Unlock the ultimate navigation experience with our GPS Maps Navigator app. Whether you are commuting to work, exploring new destinations, or simply trying to avoid traffic jams, this app is your perfect travel companion. Packed with powerful features and optimized for seamless use, it ensures you'll never lose your way again.\r\n🚗 Key Features:\r\n•\tTurn-by-Turn Navigation: Stay on track with precise voice guidance and visual aids.\r\n•\tLive Traffic Updates: Avoid congestion and delays with real-time traffic monitoring.\r\n•\tMultiple Route Options: Choose the best path for your journey with smart route planning.\r\n•\tOffline Maps: Download maps for uninterrupted navigation anytime, anywhere.\r\n•\tPoint of Interest Search: Quickly find nearby restaurants, gas stations, landmarks, and more.\r\n•\tCustomizable Settings: Adjust preferences for alerts, map views, and navigation styles.\r\n🌍 Advanced Highlights:\r\n•\tGlobal Coverage: Navigate across countries with detailed maps.\r\n•\tDriving, Walking, Cycling Modes: Tailored routes for every type of travel.\r\n•\tInteractive Map Layers: Access terrain, satellite view, street view, and more.\r\n•\tIntegration with Smart Devices: Compatible with smartwatches and car navigation systems.\r\n🗺️ Why Choose Us:\r\n•\tHigh Accuracy: State-of-the-art GPS technology ensures precise location tracking.\r\n•\tUser-Friendly Interface: Easy-to-use design for smooth interaction and navigation.\r\n•\tRegular Updates: Stay ahead with frequent feature enhancements and security patches.\r\n•\tLightweight & Fast: Optimized for speed and efficiency, with minimal battery consumption.\r\nDownload now and join millions of users worldwide who trust GPS Maps Navigator for their everyday journeys and extraordinary adventures. Whether you're driving through city streets, trekking remote trails, or cycling across scenic routes, we've got you covered. Make every trip stress-free, efficient, and enjoyable with advanced GPS navigation at your fingertips.\"\r\nKeywords:\r\nGPS maps, navigation app, live traffic updates, route planner, offline maps, voice guidance, turn-by-turn navigation, walking navigation, cycling routes, global map coverage, interactive map layers, real-time traffic monitoring, precision navigation, user-friendly maps, fast travel, best GPS app, driving directions, street maps, satellite maps, POI search, car navigation system.\r\nThis draft is optimized with a high density of relevant keywords and focuses on features that drive installs. Let me know if you'd like me to make further adjustments!",
    "summary": "Navigate smarter with GPS maps. Live traffic, route planning & voice guidance.",
    "installs": "10,000,000+",
    "score": 3.9705882,
    "ratings": 324277,
    "price": 0,
    "currency": "EUR",
    "developer": "JVSTUDIOS",
    "developerEmail": "jvstudioapps@gmail.com",
    "developerWebsite": "http://techstudios.org/",
    "developerAddress": "USA",
    "privacyPolicy": "http://gps.prominentits.com/privacy-policy.html",
    "genre": "Maps & Navigation",
    "contentRating": "PEGI 3",
    "released": "Dec 23, 2016",
    "lastUpdatedOn": "May 5, 2025",
    "appId": "com.jvstudios.gpstracker",
    "permisions": {
        "Location": [
            "approximate location (network-based)",
            "precise location (GPS and network-based)"
        ],
        "Microphone": [
            "record audio"
        ],
        "Wi-Fi connection information": [
            "view Wi-Fi connections"
        ],
        "Other": [
            "change network connectivity",
            "control vibration",
            "full network access",
            "prevent device from sleeping",
            "view network connections"
        ],
        "Uncategorized": [
            "receive data from Internet"
        ]
    }
}