{
    "title": "Gett- Corporate Ground Travel",
    "description": "Gett is geared for the business professional. Ride in comfort on your business account, both on-demand and pre-booked. Access thousands of standard and executive car providers, taxi’s and limos worldwide. Start your business account at gett.com\r\n \r\nIt’s time to transform your corporate ground transportation. The latest Gett rider app complements our new generation of mobility platform – designed to help businesses manage all their ground transportation spend in one place.\r\n \r\nWe organize corporate fleets, ride-hailing, black cab, and limo providers on one platform, optimizing the entire employee experience, from booking and riding to invoicing and analytics, saving businesses time and money.\r\n \r\n<b>>> Gett saves up to 49% on all your unmanaged spend </b>\r\nGet full visibility and automated control of expenses all in one place - for savings of up to 45% on the unmanaged portion of your global ground transportation spend (according to an independent industry market study commissioned by Gett)\r\n \r\n<b>>> With access to thousands of fleets, Gett can give you your perfect ride</b>\r\nYour ride, your way. Book all ground transportation from multiple providers through a single platform. Choose from our local and international supply partners — or add your preferred providers — for the ride you want, when you want.\r\n \r\n<b>>> Worldwide for business travelers</b>\r\nGett's marketplace stetches across the worlds major financial and business cities.\r\n  \r\n<b>>> A simple experience, wherever you are</b>\r\nImprove team productivity. Life’s easier when you use one platform for all your providers wherever you go, balancing stress-free travel for your team with end-to-end control for your business.\r\n \r\n<b>>> All the tools you need to stay on track</b>\r\nEverything you need to deliver successfully. Get simple yet advanced tools for booking, tracking, and reporting, secure access to ride data, and flexible travel policies tailored to your business — all through one convenient, adaptable platform and companion app that works for you.\r\n \r\n<b>>> Supporting your Duty of Care</b>\r\nWe've built tools and processes to help keep everyone safe on the road. It's simple to track ride progress, trip histories and find driver details. We've also added extra security options like supply-partner filters, customized travel policies for every city, and 24/7 live support from our customer care team.\r\n \r\n<b>>> Perfect for Airports</b>\r\nBook and ride to and from airports. That’s one less thing to worry about with meet and greet options for business travelers.\r\n \r\nHave a question? We're here for you 24/7. Chat to customer care live from the in-app menu.\r\n\r\nHighest rated rider app source: App Annie, avg monthly Apple review scores 2018, 2019\r\n \r\nIso Accredited 27001 & 27018",
    "summary": "Use one simple app to book and manage every business ride, at home and abroad.",
    "installs": "10,000,000+",
    "score": 4.48,
    "ratings": 305132,
    "price": 0,
    "currency": "EUR",
    "developer": "Gett - Worldwide Corporate Ground Travel App",
    "developerEmail": "support@gett.com",
    "developerWebsite": "http://www.gett.com",
    "developerAddress": "GT Gett Taxi Systems, 514593573, at Habarzel 19, Tel Aviv.",
    "privacyPolicy": "https://gett.com/uk/legal/privacy/",
    "genre": "Maps & Navigation",
    "contentRating": "PEGI 3",
    "released": "Jun 6, 2011",
    "lastUpdatedOn": "Apr 22, 2025",
    "appId": "com.gettaxi.android",
    "permisions": {
        "Identity": [
            "find accounts on the device"
        ],
        "Contacts": [
            "find accounts on the device",
            "read your contacts"
        ],
        "Location": [
            "precise location (GPS and network-based)"
        ],
        "Photos/Media/Files": [
            "modify or delete the contents of your USB storage",
            "read the contents of your USB storage"
        ],
        "Storage": [
            "modify or delete the contents of your USB storage",
            "read the contents of your USB storage"
        ],
        "Camera": [
            "take pictures and videos"
        ],
        "Microphone": [
            "record audio"
        ],
        "Wi-Fi connection information": [
            "view Wi-Fi connections"
        ],
        "Other": [
            "control vibration",
            "full network access",
            "prevent device from sleeping",
            "read Google service configuration",
            "run at startup",
            "view network connections"
        ],
        "Uncategorized": [
            "receive data from Internet"
        ]
    }
}