{
    "title": "Carpooll - City to City Rides",
    "description": "Carpooll.com is Canada’s fastest-growing rideshare platform, with thousands of carpool options daily for city-to-city rides. Drivers and riders connect effortlessly to share rides, slash travel costs, and reduce emissions—all in a safe, verified community. Find your perfect ride or passenger today!\r\nWhy Choose Carpooll.com for Ridesharing?\r\nPinkpool: Our exclusive feature offers rides for females only. With Pinkpool, female riders can choose to ride with other women, ensuring a secure and supportive environment. Commute with peace of mind, socialize, and save money!\r\nFor Drivers: Offset fuel costs by sharing your ride with passengers going the same direction. It’s fast, easy, and a great way to meet new people.\r\nFor Riders: Enjoy budget-friendly, convenient rides to any destination. Pick drivers based on verified profiles, star ratings, and reviews for a trusted rideshare experience.\r\nEco-Friendly: Fewer cars mean less pollution. Every shared ride reduces traffic congestion and your carbon footprint.\r\nIn-App Payments: Securely pay for your carpool in the app—no scams, no hassle.\r\nHow Carpooling Works\r\nDrivers: Post your ride in 30 seconds. Set your price, review rider profiles, and accept requests.\r\nRiders: Find a carpool to your destination, book your seat, and enjoy a smooth trip.\r\nTravel Together: Connect with verified users, make friends, and reduce emissions with every shared ride!\r\n\r\nKey Features\r\nVerified Users: Safety first! All drivers and riders are ID-verified.\r\nPinkpool: A dedicated pink interface for women-led carpooling.\r\nFlexible Options: Daily rides for last-minute trips or planned travel—always a seat available.\r\nIn-App Messaging: Chat seamlessly with your carpool partner.\r\nReal-Time Notifications: Get updates and reminders so you never miss your ride.\r\n24/7 Live Support: Instant help whenever you need it.\r\nSave Money: Split fuel costs and cut travel expenses with every rideshare.\r\nPlanet-Friendly: Lower emissions by choosing carpooling over solo drives.\r\n\r\nRideshare Safety Tips\r\nProtect Privacy: We only share necessary details post-payment. Your data stays secure.\r\nMeet in Public: Use busy pickup spots like mall parking lots or carpool zones for safer exchanges.\r\n\r\nDownload now to start carpooling—make every trip affordable, social, and sustainable!",
    "summary": "Carpool and Rideshare App in Canada for daily commuters, students and travelers",
    "installs": "5,000+",
    "score": null,
    "ratings": null,
    "price": 0,
    "currency": "EUR",
    "developer": "Greenpool Ltd",
    "developerEmail": "contactus@carpooll.com",
    "developerWebsite": "https://carpooll.com/",
    "developerAddress": null,
    "privacyPolicy": "https://carpooll.com/privacy-policy",
    "genre": "Travel & Local",
    "contentRating": "PEGI 3",
    "released": "Dec 23, 2024",
    "lastUpdatedOn": "Apr 10, 2025",
    "appId": "com.iu.green_pool",
    "permisions": {
        "Location": [
            "approximate location (network-based)",
            "precise location (GPS and network-based)"
        ],
        "Photos/Media/Files": [
            "modify or delete the contents of your USB storage",
            "read the contents of your USB storage"
        ],
        "Storage": [
            "modify or delete the contents of your USB storage",
            "read the contents of your USB storage"
        ],
        "Camera": [
            "take pictures and videos"
        ],
        "Other": [
            "Google Play license check",
            "control vibration",
            "full network access",
            "prevent device from sleeping",
            "read Google service configuration",
            "view network connections"
        ],
        "Uncategorized": [
            "receive data from Internet"
        ]
    }
}