{
    "title": "Traffic Spotter",
    "description": "Traffic Spotter is the premier resource for providing interactive, real-time traffic flow and incidents combined with weather information for travelers across the world. Driving is not only about beating the traffic - beating the weather is just as important.\r\n\r\nWhether you are preparing for your daily commute or about to head out on a road trip, Traffic Spotter gives you the most complete report of current traffic, road, and weather conditions at your current location as well as at your destination.\r\n\r\nIn this application, you will gain access to features such as:\r\n\r\n-International Traffic Flow and Incidents: \r\n\r\nAvoid heavy traffic congestion by knowing where the slowest parts of your route are. Community spotters provide incident reports that can help you avoid dangerous road and weather conditions such as accidents, pot holes, ponding roads, and more. \r\n\r\nIf you travel during off-peak hours, non-community traffic providers also report various incidents including road closures, road construction, and miscellaneous events.\r\n\r\n-Community traffic spotters: \r\n\r\nTraffic Spotter is a community driven resource. You can become a spotter and help other travelers plan their route around traffic or dangerous conditions you have encountered. If you spot an event such as an accident or heavy traffic, you can report it for other travelers to see. If you encounter an event that has already been spotted, or has expired, you can confirm or dismiss that event.\r\n\r\n-Driving Forecast:\r\n\r\nTraffic Spotter provides a driving conditions forecast based on weather that may be occurring within the next three hours in your area.\r\n\r\n-Road Conditions: \r\n\r\nTraffic Spotter provides a Road Conditions feature, which allows you to find which roads are likely to be icy, foggy, snowy, windy, or ponding approximately within the next three hours. Road Conditions currently covers the United States of America.\r\n\r\n-Weather Radar:\r\n\r\nKnow if severe weather will impact your travel. Weather Radar lets you know where rain or snow storms may be looming in your vicinity. Weather Radar currently covers the United States of America including Hawaii.\r\n\r\n-Weather Station:\r\n\r\nWeather Station allows you to get the current temperature, visibility, wind speeds, and more for the location you are viewing. Weather Station is always on the lookout for active weather alerts as well. If any alerts are issued, you will be able to get a detailed description about the alerts and their impact area. Weather Station reports are available world-wide. Weather alerts are currently available for the United States of America.\r\n\r\nTraffic Spotter is also available on the web. Visit our website at http://www.trafficspotter.com for a live map overview of traffic flow, incidents, airport delays, weather, and more.\r\n\r\n\"Get there, safely\"",
    "summary": "Real-time, GPS guided traffic, incidents, and road conditions with weather.",
    "installs": "100,000+",
    "score": 3.3333333,
    "ratings": 1235,
    "price": 0,
    "currency": "EUR",
    "developer": "Kernalite",
    "developerEmail": "kernalite@gmail.com",
    "developerWebsite": "http://www.trafficspotter.com",
    "developerAddress": "\n",
    "privacyPolicy": "http://www.trafficspotter.com/appprivacy",
    "genre": "Travel & Local",
    "contentRating": "PEGI 3",
    "released": "Apr 5, 2015",
    "lastUpdatedOn": "Mar 13, 2025",
    "appId": "com.trafficspotter.android",
    "permisions": {
        "Location": [
            "approximate location (network-based)",
            "precise location (GPS and network-based)"
        ],
        "Other": [
            "full network access",
            "prevent device from sleeping",
            "read Google service configuration",
            "view network connections"
        ]
    }
}