{
    "title": "The Walk: Fitness Game",
    "description": "Created with the NHS and the UK's Department of Health, The Walk helps you walk more, every single day. When you’re playing The Walk, every step counts.\r\n\r\nA bomb explodes in Inverness station, and you’re given a package that could save the world. To stay alive, you’ll need to walk the length of the UK. The Walk is more than just a great pedometer/step counter — it's a way to turn walking into a journey, a challenge, and a rip-roaring adventure.\r\n\r\nMade by Six to Start and Naomi Alderman, creators of the world’s most popular running game with over 5 million players, Zombies, Run! \r\n\r\nENGADGET - “Simple, fun, effective.”\r\nJOYSTIQ - \"Spices up your step-tracking with some danger and intrigue.”\r\nBBC NEWS - “Encourages users to walk 10,000 steps-a-day to help improve their health”\r\nLIFEHACKER - “You're motivated to actually get up and move around so you can progress further into the story, and it works really well.”\r\n\r\nAWESOME ACTIVITY TRACKER\r\nJust put your phone in your pocket or purse and we’ll track every walk and run you take — and map it, too! \r\n\r\nCAPTIVATING STORY\r\nYou’ll walk the length of the UK while evading capture by the police and enemy agents. Can you work out who set off that bomb in the first place and what their plan is? Get ready for an epic adventure across 65 episodes, 800 minutes of audio, and hundreds of miles.\r\n\r\nMOTIVATING GAMEPLAY\r\nGet rewarded for walking more by collecting clues, scanning for information, and unlocking achievements.\r\n\r\nADAPTIVE \r\nThe Walk adjusts its difficulty based on individual fitness levels. Everyone’s different, and we make sure we give you the right level of challenge!\r\n\r\nFollow us on Twitter: http://twitter.com/thewalkgame\r\nJoin our mailing list: http://www.thewalkgame.com",
    "summary": "Every Step Counts in this 500 Mile Adventure",
    "installs": "50,000+",
    "score": 3.4285715,
    "ratings": 546,
    "price": 0,
    "currency": "EUR",
    "developer": "Six to Start",
    "developerEmail": "support@sixtostart.com",
    "developerWebsite": "http://www.thewalkgame.com",
    "developerAddress": "Six to Start\nPreston Park House\nSouth Road\nBrighton\nBN1 6SB\nUnited Kingdom",
    "privacyPolicy": "https://support.sixtostart.com/hc/en-us/articles/360004082978-The-Walk-Privacy-Policy",
    "genre": "Health & Fitness",
    "contentRating": "PEGI 16",
    "released": "Dec 10, 2017",
    "lastUpdatedOn": "Jun 12, 2024",
    "appId": "com.sixtostart.thewalk2",
    "permisions": {
        "Other": [
            "Google Play license check",
            "control vibration",
            "full network access",
            "prevent device from sleeping",
            "run at startup",
            "view network connections"
        ],
        "Uncategorized": [
            "receive data from Internet"
        ]
    }
}