{
    "title": "GPS Navigation & Map Direction",
    "description": "GPS Navigation app is your go-to tool to find current location and choose the fastest route. Whether you're in a crowded area or stuck in traffic, GPS map direction guides you quickly. It includes traffic updates, weather forecast, & speedometer. You can also use the built-in currency converter & car parking reminder to save your spot. Get the GPS Navigation app and travel with confidence.\r\n\r\n<b>Key Features:</b>\r\n\r\n<b>GPS Route Planner</b>\r\nFind the shortest driving route to your destination using this GPS navigation tracker. Useful for car, bike, or truck navigation with live traffic conditions, road maps, and location sharing support.\r\n\r\n<b>Speedometer & Distance Tracker</b>\r\nMeasure your driving speed with the built-in digital GPS speedometer. Set your speed limits and stay within safe driving speeds during your route.\r\n\r\n<b>Easy Voice Navigation</b>\r\nGet voice-guided driving directions with this GPS voice navigation app. Easily locate places, revisit previous locations, and follow the fastest route using your current location.\r\n\r\n<b>Smart Parking Locator</b>\r\nNever forget where you parked. This parking location finder helps you mark your car’s location and return to it with ease. GPS Navigation & Map Direction is helpful for crowded areas and urban travel.\r\n\r\n<b>Nearby Places Finder</b>\r\nQuickly locate essential places around you such as hospitals, ATMs, petrol stations, hotels, malls, and restaurants. Instantly access points of interest using GPS maps and location tracker.\r\n\r\n<b>Global Currency Converter</b>\r\nConvert between world currencies using this currency converter. GPS Navigation - Route Planner uses live exchange rates, ideal for travelers using map direction to visit foreign countries.\r\n\r\n<b>Live Weather Forecast</b>\r\nPlan your journey with live weather updates for travel destination. Stay informed about rain, temperature, or wind conditions while on the road.\r\n\r\n<b>Quick Highlights:</b>\r\n• Simple and intuitive interface.\r\n• Voice navigation for driving, walking, or biking.\r\n• Route planner with travel time and distance info.\r\n• GPS tracker with accurate map direction.\r\n• Street view and route highlights for better clarity.\r\n• Precise location using satellite map view.\r\n• Share live location with friends and family.\r\n• Weather forecast, GPS speed tracker, currency converter.\r\n• Discover nearby places like restaurants, ATMs, and gas stations.\r\n\r\nDownload GPS Navigation & Maps – your easy-to-use travel companion. Whether you're a traveler, delivery driver, or navigating your everyday route, this GPS route planner is your go-to assistant on the road.\r\n\r\nHave questions or suggestions? Please contact us at abrafay1098@gmail.com.",
    "summary": "GPS navigation offers route finder, compass, translator, currency converter, etc",
    "installs": "10,000,000+",
    "score": 4.12,
    "ratings": 65266,
    "price": 0,
    "currency": "EUR",
    "developer": "Sharp Apps Studio",
    "developerEmail": "abrafay1098@gmail.com",
    "developerWebsite": "https://currency-converter-app-90b54.web.app/",
    "developerAddress": null,
    "privacyPolicy": "https://sites.google.com/view/sharp-apps-studio/home",
    "genre": "Maps & Navigation",
    "contentRating": "PEGI 3",
    "released": "May 22, 2019",
    "lastUpdatedOn": "Apr 9, 2025",
    "appId": "com.entertaininglogixapps.gps.navigation.direction.find.route.map.guide.pro",
    "permisions": {
        "Location": [
            "approximate location (network-based)",
            "precise location (GPS and network-based)"
        ],
        "Photos/Media/Files": [
            "modify or delete the contents of your USB storage",
            "read the contents of your USB storage"
        ],
        "Storage": [
            "modify or delete the contents of your USB storage",
            "read the contents of your USB storage"
        ],
        "Camera": [
            "take pictures and videos"
        ],
        "Wi-Fi connection information": [
            "view Wi-Fi connections"
        ],
        "Other": [
            "full network access",
            "prevent device from sleeping",
            "view network connections"
        ],
        "Uncategorized": [
            "receive data from Internet"
        ]
    }
}