{
    "title": "Loggy: Car maintenance log app",
    "description": "Loggy is a FREE app that maintains a vehicle maintenance log for all your vehicles. It acts as a car maintenance tracker, motorcycle maintenance tracker or a service tracker for any vehicle that you might have.\r\n\r\nWhether you have a Car, Motorcycle, Truck, Boat, Heavy Vehicle, Plane or even a custom car Loggy helps you keep a digital maintenance log book of it all in the cloud on your Loggy account.\r\n\r\nNo more guessing when your last service was, what you did or which oil you used last, it is all listed in your vehicle maintenance log.\r\n\r\nPDF extract and share your vehicle’s history in a detailed PDF report or a summarized version.\r\n\r\nWith Loggy you can also add service reminders for your scheduled maintenance that you can modify, customize and repeat on a regular basis. This can prove invaluable when you need to remember when your registration is due or need to be reminded when 6-monthly service is coming up.\r\n\r\nYou can also add items to your To Do list and never forget the list of things that you need to work on your vehicle.\r\n\r\nFeatures:\r\n-\tThe app is free with no ads (yes, we hate annoying ads too)\r\n-\tAdd an unlimited amount of vehicles (perfect for commercial use or families)\r\n-\tAdd any type of vehicle: Car, Motorcycle, Truck, Boat, Heavy Vehicle, Plane, RV or even a Hobby vehicle\r\n-\tDo you have a custom vehicle? You can add that too\r\n-\tAttach images, receipts, documents, videos, and even voice notes to your logs\r\n-\tAdd old service records by taking pictures of your old paper-based log books\r\n-\tExport a PDF summary of your vehicle’s maintenance history\r\n-\tAdd active faults so you can remember to review them later\r\n-\tAdd a reminder for your upcoming services, upgrades or registration\r\n-\tCapture all your To Do list in the app so you can have a list ready to go when you need it\r\n-\tSold your vehicle? You can transfer it to the next person by using their email address\r\n-\tEverything is saved on the cloud so no need to worry if you change phones or lose your phone\r\n\r\nLoggy is continuously growing with our users so expect more upgrades in the future.\r\n\r\nWhile Loggy is mostly used as a car maintenance tracker and a motorcycle maintenance tracker it is also perfect for:\r\n-\tProject cars\r\n-\tTrack cars\r\n-\tRacing cars\r\n-\tOff-road vehicles\r\n-\tTaxis\r\n-\tHeavy Vehicles\r\n-\tCommercial vehicles\r\n-\tCompany fleet\r\n-\tLocal government fleet\r\n-\tRVs\r\n-\tCampervans\r\n-\tCaravans\r\n-\tBoats\r\n-\tJet Skis\r\n-\tPlanes\r\n-\tHelicopters\r\n-\tDrones\r\n-\tBuggies\r\n-\tGo-Karts\r\n-\tBuses\r\n-\tCranes\r\n-\tForklifts\r\n-\tTractors\r\n-\tCement Mixers\r\n-\tExcavators\r\n-\tTrains\r\n-\tSnow mobile\r\n \r\nLoggy – Your vehicle’s story, in one place.",
    "summary": "Vehicle maintenance log to track auto maintenance records for all vehicles.",
    "installs": "50,000+",
    "score": 0,
    "ratings": 0,
    "price": 0,
    "currency": "EUR",
    "developer": "Loggy",
    "developerEmail": "support@loggy.com",
    "developerWebsite": "http://loggy.com/support",
    "developerAddress": "37/191 McCredie Road Smithfield NSW 2164",
    "privacyPolicy": "https://loggy.com/privacy-policy/",
    "genre": "Auto & Vehicles",
    "contentRating": "PEGI 3",
    "released": "Sep 21, 2021",
    "lastUpdatedOn": "Nov 29, 2024",
    "appId": "com.loggy",
    "permisions": {
        "Location": [
            "approximate location (network-based)",
            "precise location (GPS and network-based)"
        ],
        "Photos/Media/Files": [
            "modify or delete the contents of your USB storage",
            "read the contents of your USB storage"
        ],
        "Storage": [
            "modify or delete the contents of your USB storage",
            "read the contents of your USB storage"
        ],
        "Camera": [
            "take pictures and videos"
        ],
        "Microphone": [
            "record audio"
        ],
        "Wi-Fi connection information": [
            "view Wi-Fi connections"
        ],
        "Other": [
            "Google Play license check",
            "control vibration",
            "full network access",
            "prevent device from sleeping",
            "run at startup",
            "view network connections"
        ],
        "Uncategorized": [
            "download files without notification",
            "receive data from Internet"
        ]
    }
}