{
    "title": "DubiCars: Buy & Sell Cars UAE",
    "description": "The greatest selection of verified cars in the UAE is available on the DubiCars app. \r\n\r\nWith over 29,000 used cars and new cars for sale from over 500 trusted car dealerships and private sellers from all across the UAE, DubiCars is the one-stop shop for all your car buying and selling needs. \r\n\r\nIntroducing the New Car section now available in the DubiCars app, with powerful features that help you research new cars with ease. Delve into our rapidly growing database of new cars, search by brand or model and see available trims, specs and prices. Also new to the app is MyGarage, a section dedicated to effortlessly edit, manage, and boost your ads.\r\n\r\n√ Up to 20 HD photos of each car\r\n√ 360 degrees tours\r\n√ Detailed specs of all car features\r\n√ Call, WhatsApp, or Email the dealer directly\r\n√ Get notified when new cars are listed\r\n√ Monitor the price of your favorite cars\r\n√ Advanced search filter \r\n\r\nFind your perfect car through advanced search filters that allow you to filter out the listings based on the car prices, mileage, make, model, year of manufacture, color, specs, number of cylinders, gearbox type, etc.\r\n\r\nDubiCars features thousands of 100% verified listings of new cars and used cars for sale across different segments. Whether you are looking for small hatchbacks, sedans, premium sedans, coupes, mid-size SUVs, large SUVs, or even a supercar, DubiCars surely has the right car for you.\r\n\r\nThe DubiCars app lists:\r\n\r\nCars For Sale In The UAE\r\nCars For Sale In Dubai\r\nCars For Sale In Abu Dhabi\r\nCars For Sale In Ajman\r\nCars For Sale In Sharjah\r\nCars For Sale In Umm Al-Quwain\r\nCars For Sale In Fujairah\r\nCars For Sale In Ras Al Khaimah\r\n\r\nSome of the popular new and used car brands in the UAE are Toyota, Nissan, Mercedes-Benz, BMW, Honda, Lexus, Hyundai, Ford, etc. Some of the most popular car models in the UAE are the Toyota Land Cruiser, Nissan Patrol, Toyota Prado, Mercedes-Benz G-Class, BMW 5-Series, Ford Mustang, etc. All of the aforementioned models and more cars for sale are listed on DubiCars.\r\n\r\nEach car listing features HD photos and videos. With a detailed description of the car, it is easy for users to be well-informed and to shortlist a particular car. Buying a new or used car on DubiCars is a convenient process. The seller can be contacted through the DubiCars app via phone call, SMS, email, and even WhatsApp. \r\n\r\nA 240-point inspection can also be arranged, and most cars sold by a dealership even come with an option to finance the purchase. Buyers can also get a detailed car valuation done or could look at a certified listing. The inspection reports make sure the pre-owned cars are of good quality. \r\n\r\nSelling a car on DubiCars is an easy process too. From a detailed specs table to a provision for a long and detailed description of the vehicle, the DubiCars app is the perfect place to list your car for sale in the UAE. With hundreds of thousands of visitors every month, your car sale listing is sure to find a buyer.\r\n\r\nThe MyGarage section of the DubiCars app allows users to have their own profile on the app. Under the MyGarage section, you can shortlist and save your favorite car for sale listings found on the app. Users can also enter details of cars they own.\r\n\r\nApart from buying and selling your car, DubiCars allows you to do much more with a wide variety of services. The most important of them is the DubiCars Export Safe package. If you reside outside of the UAE but want to purchase cars from the UAE and ship it to the country of your choice, you can do so with utmost ease through the Export Safe section of the app.\r\n\r\nSafety and security are prioritized by DubiCars. All transactions on DubiCars are done via a secure payment system and this ensures that users are protected from fraud. \r\n\r\nOn the whole, irrespective of whether you want to purchase a car, sell a car, or export a car to another country, DubiCars has got you covered through a single easy-to-use, and convenient app. \r\n\r\nDubiCars\r\nBuy, Sell, Smile",
    "summary": "Buy & Sell Cars in Dubai, Sharjah, Abu Dhabi & UAE - Import UAE Cars",
    "installs": "500,000+",
    "score": 4.32,
    "ratings": 2117,
    "price": 0,
    "currency": "EUR",
    "developer": "Dubicars.com",
    "developerEmail": "tech@dubicars.com",
    "developerWebsite": "https://www.dubicars.com",
    "developerAddress": "Office 2513, Shatha Tower, Dubai Media City, Dubai, United Arab Emirates.",
    "privacyPolicy": "https://www.dubicars.com/copyright.html#users",
    "genre": "Auto & Vehicles",
    "contentRating": "PEGI 3",
    "released": "Feb 8, 2017",
    "lastUpdatedOn": "Apr 14, 2025",
    "appId": "com.dubicars.dubicars",
    "permisions": {
        "Location": [
            "approximate location (network-based)",
            "precise location (GPS and network-based)"
        ],
        "Phone": [
            "read phone status and identity"
        ],
        "Photos/Media/Files": [
            "modify or delete the contents of your USB storage",
            "read the contents of your USB storage"
        ],
        "Storage": [
            "modify or delete the contents of your USB storage",
            "read the contents of your USB storage"
        ],
        "Camera": [
            "take pictures and videos"
        ],
        "Microphone": [
            "record audio"
        ],
        "Device ID & call information": [
            "read phone status and identity"
        ],
        "Other": [
            "Google Play license check",
            "control vibration",
            "full network access",
            "prevent device from sleeping",
            "read Google service configuration",
            "run at startup",
            "view network connections"
        ],
        "Uncategorized": [
            "receive data from Internet"
        ]
    }
}