{
    "title": "Map My Ride With GPS Tracker",
    "description": "Map My Ride – Your Complete GPS Bike Ride Tracker for Every Ride\r\n\r\nReach your cycling goals with Map My Ride, the ultimate Bike Tracker that helps you log every mile, track performance, and explore new bike trails. Whether you're a beginner on your first road ride or a seasoned cyclist prepping for a race, this powerful bike app gives you everything you need to stay on track.\r\n\r\nWith built-in GPS tracking, performance stats, and a cycling-focused community of over 40 million cyclists, Map My Ride makes it easy to stay motivated, measure progress, and discover new routes.\r\nNow with Garmin integration and Google Fit support for tracking your full training picture.\r\n\r\nTRACK EVERY RIDE WITH PRECISION\r\n- Use GPS to log your ride route and view your performance on a detailed bikemap\r\n- Real-time audio coaching with updates on pace, distance, duration, and elevation\r\n- Track over 600+ activities beyond cycling—like running, walking, strength training, and more\r\n- Use the Routes feature to find new bike trails, save favorites, or share rides with friends\r\n- Perfect for road cyclists, commuters, or indoor training sessions\r\n\r\nWhether you ride outdoors or train indoors, this Bike Tracker captures every detail of your ride.\r\n\r\nANALYZE YOUR BIKE RIDE PERFORMANCE ON EVERY MILE\r\n- See detailed stats for each ride: distance, speed, elevation, calories burned, and more\r\n- Set and adjust personal goals to match your fitness journey\r\n- View your full history and track improvements over time\r\n- Stay consistent with tools that keep you focused and motivated\r\n\r\nFrom a casual spin to a challenging climb, this bike ride tracker gives you insights that help you get better.\r\n\r\nCONNECT WITH APPS AND WEARABLES\r\n- Sync with Garmin, Suunto, Polar, and other top fitness wearables and smart watches\r\n- Seamless integration with Google Fit for accurate heart rate and central monitoring\r\n- Pair with MyFitnessPal to balance your nutrition and calorie burn\r\n- Connect your bike tracker app data with fitness platforms for full performance tracking\r\n\r\nWhether you're tracking mileage or monitoring your biking distance tracker, Map My Ride fits into your routine.\r\n\r\nTAKE YOUR BIKE RIDES FURTHER WITH MVP PREMIUM FEATURES\r\nTake your training further with Premium tools built for serious cyclists:\r\n- Personal training plans that adapt to your goals and fitness level\r\n- In-depth analysis of heart rate zones to fine-tune your training\r\n- Create custom splits to measure speed and effort across segments\r\n- Limited Ads – focus on your workout and minimize distractions in the app.\r\n\r\nThis cycling tracker evolves with you as you get stronger and go farther.\r\n\r\nJOIN THE CYCLING COMMUNITY\r\n- Share your workouts with friends and connect with other cyclists\r\n- Compete in community challenges and push your limits\r\n- Discover motivation through fellow riders in the activity feed\r\n- Be part of the global Map My Ride network and ride stronger together\r\n\r\nWhether you use this app as a ride tracker, bicycle tracker, or all-around bike tracker, you’ll love the support and inspiration from the community.\r\n\r\nREADY TO RIDE SMARTER?\r\nDownload Map My Ride today — the trusted Bike Tracker for cyclists everywhere. Whether you're using it for a quick city commute, getting a short workout in, or discovering new bike trails, this all-in-one ride tracker and bicycle tracker helps you map routes, monitor performance, and ride with confidence. Log every mile, explore the ride with GPS tools, and enjoy every moment on the saddle with Map My Ride.",
    "summary": "Map My Ride: A bicycle tracker that uses GPS to plan, navigate & track distance.",
    "installs": "5,000,000+",
    "score": 4.5585938,
    "ratings": 215297,
    "price": 0,
    "currency": "EUR",
    "developer": "MapMyFitness, Inc.",
    "developerEmail": "support@mapmyfitness.com",
    "developerWebsite": "https://www.mapmyride.com",
    "developerAddress": "211 Walter Seaholm Drive\nSuite 200\nAustin, TX 78701",
    "privacyPolicy": "https://www.outsideinc.com/privacy-policy/",
    "genre": "Health & Fitness",
    "contentRating": "PEGI 3",
    "released": "Sep 9, 2010",
    "lastUpdatedOn": "Apr 11, 2025",
    "appId": "com.mapmyride.android2",
    "permisions": {
        "Identity": [
            "find accounts on the device"
        ],
        "Contacts": [
            "find accounts on the device"
        ],
        "Location": [
            "access extra location provider commands",
            "approximate location (network-based)",
            "precise location (GPS and network-based)"
        ],
        "Phone": [
            "read phone status and identity"
        ],
        "Photos/Media/Files": [
            "modify or delete the contents of your USB storage",
            "read the contents of your USB storage"
        ],
        "Storage": [
            "modify or delete the contents of your USB storage",
            "read the contents of your USB storage"
        ],
        "Camera": [
            "take pictures and videos"
        ],
        "Wi-Fi connection information": [
            "view Wi-Fi connections"
        ],
        "Device ID & call information": [
            "read phone status and identity"
        ],
        "Other": [
            "access Bluetooth settings",
            "control vibration",
            "full network access",
            "pair with Bluetooth devices",
            "prevent device from sleeping",
            "read Google service configuration",
            "run at startup",
            "view network connections"
        ],
        "Uncategorized": [
            "receive data from Internet"
        ]
    }
}