{
    "title": "Google Authenticator",
    "description": "Google Authenticator adds an extra layer of security to your online accounts by adding a second step of verification when you sign in. This means that in addition to your password, you'll also need to enter a code that is generated by the Google Authenticator app on your phone.  The verification code can be generated by the Google Authenticator app on your phone, even if you don't have a network or cellular connection.  \r\n* Sync your Authenticator codes to your Google Account and across your devices. This way, you can always access them even if you lose your phone. \r\n* Set up your Authenticator accounts automatically with a QR code. This is quick and easy, and it helps to ensure that your codes are set up correctly. \r\n* Support for multiple accounts. You can use the Authenticator app to manage multiple accounts, so you don't have to switch between apps every time you need to sign in. \r\n* Support for time-based and counter-based code generation. You can choose the type of code generation that best suits your needs. \r\n* Transfer accounts between devices with a QR code. This is a convenient way to move your accounts to a new device. \r\n* To use Google Authenticator with Google, you need to enable 2-Step Verification on your Google Account. To get started visit http://www.google.com/2step  Permission notice: Camera: Needed to add accounts using QR codes",
    "summary": "Enable 2-step verification to protect your account from hijacking.",
    "installs": "100,000,000+",
    "score": 3.7123747,
    "ratings": 583020,
    "price": 0,
    "currency": "EUR",
    "developer": "Google LLC",
    "developerEmail": "accounts-support@google.com",
    "developerWebsite": "https://support.google.com/accounts/bin/answer.py?hl=en&answer=1066447",
    "developerAddress": "1600 Amphitheatre Parkway, Mountain View 94043",
    "privacyPolicy": "http://www.google.com/policies/privacy",
    "genre": "Tools",
    "contentRating": "PEGI 3",
    "released": "Mar 21, 2012",
    "lastUpdatedOn": "Jan 29, 2025",
    "appId": "com.google.android.apps.authenticator2",
    "permisions": {
        "Camera": [
            "take pictures and videos"
        ],
        "Other": [
            "control Near Field Communication",
            "control vibration",
            "create accounts and set passwords",
            "full network access",
            "measure app storage space",
            "prevent device from sleeping",
            "read Google service configuration",
            "run at startup",
            "use accounts on the device",
            "view network connections"
        ]
    }
}