{
    "title": "KorailTalk",
    "description": "Korailtalk provides Korail train  ticket reservation service in English, Chinese and Japanese.",
    "summary": "Korailtalk provides Korail train  ticket reservation service in English.",
    "installs": "10,000,000+",
    "score": 2.0714285,
    "ratings": 43824,
    "price": 0,
    "currency": "EUR",
    "developer": "한국철도공사",
    "developerEmail": "korailtalkplus@korail.com",
    "developerWebsite": "http://www.korail.com",
    "developerAddress": null,
    "privacyPolicy": "https://info.korail.com/info/contents.do?key=2812",
    "genre": "Travel & Local",
    "contentRating": "PEGI 3",
    "released": "Feb 2, 2017",
    "lastUpdatedOn": "Apr 21, 2025",
    "appId": "com.korail.talk",
    "permisions": {
        "Location": [
            "approximate location (network-based)",
            "precise location (GPS and network-based)"
        ],
        "Phone": [
            "directly call phone numbers",
            "read phone status and identity"
        ],
        "Photos/Media/Files": [
            "modify or delete the contents of your USB storage",
            "read the contents of your USB storage"
        ],
        "Storage": [
            "modify or delete the contents of your USB storage",
            "read the contents of your USB storage"
        ],
        "Camera": [
            "take pictures and videos"
        ],
        "Microphone": [
            "record audio"
        ],
        "Wi-Fi connection information": [
            "view Wi-Fi connections"
        ],
        "Device ID & call information": [
            "read phone status and identity"
        ],
        "Other": [
            "change your audio settings",
            "control vibration",
            "full network access",
            "pair with Bluetooth devices",
            "prevent device from sleeping",
            "view network connections"
        ],
        "Uncategorized": [
            "download files without notification",
            "receive data from Internet"
        ]
    }
}