{
    "title": "heycar: quality used cars",
    "description": "Looking to buy your next car? \r\n\r\nWith heycar, you can do it the feel good way. We only bring you the best choice of quality checked used cars from selected dealers across the UK all within a single app, all at your fingertips. \r\n\r\nSo why choose heycar?\r\n\r\n- All cars on heycar come with a warranty and 10-day money back guarantee\r\n- All cars are under 8 years old and have less than 100,000 miles on the clock\r\n- Each car has been checked and serviced by a skilled technician to ensure your next car is in tip top condition, so you can drive off worry-free. \r\n- We’ve got a huge selection of car makes and models to choose from, all across the UK\r\n- We got a wide range of prices to suit all budgets\r\n\r\nHow will our app help you?\r\n \r\n1. Get direct access to a range of quality used cars\r\n \r\nWhether you're looking for a nearly new or used car; a hatchback or SUV; diesel, petrol,  hybrid or electric car; an automatic or manual car; at heycar you'll find all that and more. \r\n\r\n2. Find the perfect used car for you\r\n \r\nTarget your search results by using our intuitive filters to find the car that perfectly fits your needs, with no hassle at all. You can choose from:\r\n \r\n- Location/Distance \r\n- Make of car\r\n- Model of car\r\n- Price range\r\n- Mileage\r\n- Year of manufacture\r\n- Category (SUV, wagon, pick-up, etc)\r\n- Environmental certificate\r\n- Fuel type\r\n- Search over 50 car brands including \r\n\r\nVolkswagen \r\nAudi\r\nSeat\r\nSkoda\r\nMercedes-Benz\r\nRenault\r\nBMW\r\nFord\r\nVauxhall\r\nPeugeot\r\nNissan\r\nTesla\r\nand many more!\r\n \r\n3. Save your searches for later \r\n\r\nYou can save your filtered searches and keep track of the cars you’ve seen all within our app. Even more so, you can set up to receive notifications as soon as a new car fitting your search is listed on heycar so you’ll never miss out. You can also simply save your favourite cars - just hit the heart icon at the top right of the page - to return to them later. \r\n \r\n4. Contact the dealer \r\n\r\nOnce you've found the one, contact the dealer directly by calling or messaging through the app. In case you can’t get a hold of the dealer immediately, they’ll get back to you as soon as possible at your own email address and to arrange a time for a visit. \r\n\r\n\r\nHere’s what our customers say about heycar!\r\n\r\n“Found just what I wanted, this is the second car I've found through heycar, it takes all the stress out of looking yourself, brilliant.”\r\n\r\n“Bought a VW Golf via heycar. From start to finish heycar were informative, responsive, accurate and professional, along with VW Newport. The whole experience was stress free[...]. heycar were spot on, and I highly recommend them[...]. A big thank you, heycar.\r\n\r\n“Excellent customer service!”\r\n\r\n“Excellent service and good value for money. I am very pleased with the service I received from heycar. Good selection of cars, free delivery and 10 days money back guarantee was a winner for me.”\r\n\r\n“Amazing from start to finish, excellent service, very good and polite dedicated staff.”",
    "summary": "Buy your next car the feel good way with the heycar app.",
    "installs": "1,000,000+",
    "score": 4.26,
    "ratings": 7352,
    "price": 0,
    "currency": "EUR",
    "developer": "heycar",
    "developerEmail": "google-support@hey.car",
    "developerWebsite": "https://hey.car/",
    "developerAddress": null,
    "privacyPolicy": "https://hey.car/privacy",
    "genre": "Auto & Vehicles",
    "contentRating": "PEGI 3",
    "released": "Jun 7, 2022",
    "lastUpdatedOn": "Feb 24, 2025",
    "appId": "com.mobility_trader_gmbh.heycar",
    "permisions": {
        "Location": [
            "approximate location (network-based)",
            "precise location (GPS and network-based)"
        ],
        "Photos/Media/Files": [
            "modify or delete the contents of your USB storage",
            "read the contents of your USB storage"
        ],
        "Storage": [
            "modify or delete the contents of your USB storage",
            "read the contents of your USB storage"
        ],
        "Wi-Fi connection information": [
            "view Wi-Fi connections"
        ],
        "Other": [
            "control vibration",
            "draw over other apps",
            "full network access",
            "prevent device from sleeping",
            "read Google service configuration",
            "run at startup",
            "view network connections"
        ],
        "Uncategorized": [
            "receive data from Internet"
        ]
    }
}