{
    "title": "Vy",
    "description": "You can use the Vy app to quickly find departures for journeys by train, bus, metro, tram and boat across Norway. You can buy tickets from Vy and other transport companies such as Go-Ahead, SJ, Ruter, Kolumbus, Skyss and Brakar. It should always be easy to make the eco-friendly choice when travelling, so the Vy app also lets you:\r\n\r\n·      See relevant suggested itineraries in the journey planner – including how long it takes to walk or bike\r\n·      Get real-time information on all departures\r\n·      Receive push notifications about delays and cancellations affecting your journey\r\n·      View your tickets and present your ticket for inspection\r\n·      Check how full each carriage on your train is\r\n·      Save your favourite routes and places that you frequently visit\r\n·      Book taxis across much of the country\r\n·      Listen to audiobooks and podcasts, and read newspapers and magazines\r\n\r\nThank you for travelling by public transport. Every journey counts!",
    "summary": "Plan and buy trips easily",
    "installs": "1,000,000+",
    "score": 3.2631578,
    "ratings": 6136,
    "price": 0,
    "currency": "EUR",
    "developer": "Vygruppen AS",
    "developerEmail": "servicesenter@vy.no",
    "developerWebsite": "https://www.vy.no",
    "developerAddress": "Schweigaards gate 23, Oslo",
    "privacyPolicy": "https://www.vy.no/en/conditions-and-privacy/privacy-policy-vy-app",
    "genre": "Maps & Navigation",
    "contentRating": "PEGI 3",
    "released": "May 31, 2011",
    "lastUpdatedOn": "May 6, 2025",
    "appId": "com.intele.nsbmob.app",
    "permisions": {
        "Location": [
            "approximate location (network-based)",
            "precise location (GPS and network-based)"
        ],
        "Wi-Fi connection information": [
            "view Wi-Fi connections"
        ],
        "Other": [
            "access Bluetooth settings",
            "control Near Field Communication",
            "control vibration",
            "full network access",
            "pair with Bluetooth devices",
            "prevent device from sleeping",
            "run at startup",
            "view network connections"
        ],
        "Uncategorized": [
            "download files without notification",
            "receive data from Internet"
        ]
    }
}