{
    "title": "Charging stations",
    "description": "Browse the biggest global database of charging stations including every major charging network for all electric vehicles including cars, bicycles or scooters.\r\nEasily filter charging stations according to your preferences by plug type, charging speed, EV type or charging provider.\r\nUse AI that plan optimised route for your EV with charging stops itinerary that saves your time and money.\r\nGet rid of the vehicle range anxiety and see the distance to closest charging station according to your preferences while navigating in Google Maps app.\r\n\r\n<b>\r\nExamples of supported EV charging networks:\r\n</b>\r\n- Allego\r\n- Ionity\r\n- Tesla Supercharger\r\n- Tesla Destination\r\n- E.on\r\n- Fastned\r\n- Electra\r\n- Electrify America\r\n- Shell Recharge (New Motion)\r\n- Pod Point\r\n- EVBox\r\n- ChargePoint\r\n- Lidl eCharge\r\n- EVgo\r\n- and many more...\r\n\r\n<b>\r\nExamples of supported plug types:\r\n</b>\r\n- CHAdeMO\r\n- SAE/CCS\r\n- Tesla Supercharger\r\n- Type2\r\n- Shimano steps\r\n- Bosch\r\n- Schuko\r\n- and many more...\r\n\r\n<b>\r\nExamples of supported electric vehicles:\r\n</b>\r\n- Tesla model S, model 3, model X, model Y\r\n- Ford Mustang Mach-E\r\n- Chevrolet Bolt\r\n- VW ID.3, ID.4, ID.5\r\n- Nissan LEAF, ARIYA\r\n- BMW i3, i4, i5, i7, ix3, ix1, iX\r\n- Audi e-tron\r\n- Hyundai Kona, Ioniq 5, Ioniq 6\r\n- Porsche Taycan\r\n- Kia EV6, e-Niro\r\n- Volvo XC40, C40, EX90\r\n- Renault Zoé\r\n- Peugeot e-208\r\n- Skoda Enyak\r\n- Polestar\r\n- Kellys\r\n- KTM\r\n- Trek\r\n- Aventon\r\n- Lectric\r\n- Velotric\r\n- GoCycle\r\n- Diamondback\r\n- and many more...\r\n\r\n<b>\r\nCharging stations data\r\n</b>\r\n* Charging stations data are from OpenStreetMap: https://osm.org\r\n* Go to OpenStreetMap's website on your computer to update or edit charging stations data: https://osm.org\r\n\r\n<i>\r\nThis application uses accessibility services only to detect active foreground apps. If the active app in the foreground is Google Maps app it launches automatically. This detection takes in place even when the app is closed or not in use. This application does not use, collect or share any data from other apps.\r\n</i>\r\n<i>\r\nAll trademarks belong to their respective owners. Google Maps app is used in screenshots for demonstration purposes only.\r\n</i>",
    "summary": "Route planner and navigation for all electric vehicles",
    "installs": "50,000+",
    "score": 4.1666665,
    "ratings": 948,
    "price": 0,
    "currency": "EUR",
    "developer": "Navigation Wear",
    "developerEmail": "feedback@navigationwear.app",
    "developerWebsite": null,
    "developerAddress": "Lermontovova 911/3\nBratislava\n811 05\nSlovakia",
    "privacyPolicy": "http://www.headupnav.com/privacy.html",
    "genre": "Maps & Navigation",
    "contentRating": "PEGI 3",
    "released": "Mar 6, 2023",
    "lastUpdatedOn": "Mar 23, 2025",
    "appId": "com.headupnav.chargingstations",
    "permisions": {
        "Location": [
            "approximate location (network-based)",
            "precise location (GPS and network-based)"
        ],
        "Wi-Fi connection information": [
            "view Wi-Fi connections"
        ],
        "Other": [
            "draw over other apps",
            "full network access",
            "prevent device from sleeping",
            "read Google service configuration",
            "view network connections"
        ]
    }
}