{
    "title": "CashWalk - Walk Work Earn Cash",
    "description": "CashWalk app is a new way to earn money while walking. Your walk workout gets paid with cash money directly in your PayPal or Coinbase account, in the form of gift cards. Start redeeming gifts today by getting into the habit of walking and cashing in on your daily steps!\r\n \r\nYou can cash out from as little as 2 cents from your first day of walking with CashWalk! You can participate in the following tasks to earn even more: answer surveys, invite friends, and connect your very same account on any of our apps to earn cash further! Of course, there is no cap on the amount of rewards you can earn!\r\n \r\nBy inviting your friends through our referral program (just set up and share your referral code for them to join), you are getting the equivalent of 5% of whatever amounts they cash out as points directly in your account. This is a lifetime bonus and is uncapped in both amount and the number of friends you can benefit from!\r\n \r\nSetup and meet your daily calories, distance, and steps goals by setting a target in the app; this helps you improve over time!\r\n \r\nHow it works - which tasks get you paid?\r\n \r\n1. Receiving gifts for your walk steps:\r\nCheck in to our CashWalk step counter application daily to see how many gifts your steps have earned you! Open the gifts to redeem points that you can cash out through your favorite payment method. You earn a new gift every time you walk another 100 steps, ensuring every last bit of energy you put into walking gets rewarded! Your task is to walk and form healthy habits; our task is to get you paid for it!\r\nWe get it; walking daily is a tedious task, and CashWalk is here to help motivate you and incentivize your fitness journey. You get a double bonus (2X) gift daily to break the ice and get you started!\r\n \r\nUnlock as many as 20 gifts every 6 hours with CashWalk; redeem them all to supercharge your walk-to-earn experience and complete the streak.\r\n \r\n2. Earning cashback with your friends:\r\nEarn substantial rewards for your hard work by inviting your friends and family. This grants them 1000 Points to get the good habits going! You receive 5% of each cash gift card your friends redeem, instantly, forever!\r\n \r\n3. Survey task rewards:\r\nEvery time our partners want you to answer a survey, we will let you know by showing you a survey task offer in the app. You will, of course, get paid for completing the task.\r\n \r\n4. Play to earn:\r\nYour CashWalk account is part of Alpha Games, which means even more earnings for you. In addition to walking, you can connect your account in any of our games and earn even more points, all with one account. You can then access the withdraw feature from any of our apps to cash out your points as a custom PayPal gift card (your points decide the value with a 2 cents minimum) or you can choose Coinbase and even direct crypto payout methods!\r\n \r\nYou even get extra points just for connecting your account in more applications!\r\n \r\n \r\nUpcoming features:\r\n \r\nTrend analysis - a tool to compile all of your walk work into one chart that shows whether you are improving your habits in 24-hour increments.\r\n \r\nAI Powered goals - Improve your fitness walk work with automated goals that adjust based on your habits. The more you walk, the higher they will be set strategically to further motivate you. You will also receive bonus rewards if you go the extra mile and complete your enhanced daily step goal. This promotes establishing healthy habits and sticking to them!\r\n \r\nStart your journey today with CashWalk and turn every step into cash rewards!",
    "summary": "Walk and get cash for every step. We incentivise walking with gift card rewards.",
    "installs": "100,000+",
    "score": 4.09,
    "ratings": 7454,
    "price": 0,
    "currency": "EUR",
    "developer": "Alpha Network",
    "developerEmail": "support@alphagames.io",
    "developerWebsite": "https://www.alphagames.io/",
    "developerAddress": "Str. Gainarie, Nr. 127, Liteni, Suceava\n727335\nRomania",
    "privacyPolicy": "https://alphagames.io/help-privacy-policy",
    "genre": "Health & Fitness",
    "contentRating": "PEGI 3",
    "released": "Oct 10, 2024",
    "lastUpdatedOn": "Mar 29, 2025",
    "appId": "com.alphagames.cashwalk",
    "permisions": {
        "Phone": [
            "read phone status and identity"
        ],
        "Photos/Media/Files": [
            "modify or delete the contents of your USB storage",
            "read the contents of your USB storage"
        ],
        "Storage": [
            "modify or delete the contents of your USB storage",
            "read the contents of your USB storage"
        ],
        "Wi-Fi connection information": [
            "view Wi-Fi connections"
        ],
        "Device ID & call information": [
            "read phone status and identity"
        ],
        "Other": [
            "control vibration",
            "full network access",
            "prevent device from sleeping",
            "read Google service configuration",
            "run at startup",
            "view network connections"
        ],
        "Uncategorized": [
            "receive data from Internet"
        ]
    }
}