{
    "title": "GetYourGuide: Plan & Book",
    "description": "Download the GetYourGuide app to discover and book unforgettable travel experiences anywhere in the world\r\n\r\nWhether you're planning a vacation or looking for last-minute things to do in any destination, we make booking tours, day trips, and activities easier than ever. Choose from culture, food, adventure, nature, and more experiences.\r\n\r\nMaximize your trip with exclusive access to the world's top attractions and museums, find the highlights and hidden gems, and keep up with last-minute travel deals using the app — we make travel planning easy, and making memories easier.\r\n\r\nFind over 75,000 experiences ‍\r\n\r\nBooking tickets for unmissable sights has never been easier — experience the Colosseum, Eiffel Tower, London Eye, TV Tower, Sagrada Familia, and more.\r\n\r\nDiscover expert-guided tours — explore unforgettable travel highlights in Paris, Dubai, London, Florence, New York City, Berlin, Vienna, New Orleans, Cancun, Tuscany, Lisbon, and more. Our app will be your city guide for destinations around the world, and our local experts help you get fully immersed.\r\n\r\nTravel with flexibility\r\n\r\nReserve now, pay later — save your place for popular experiences early and make your payment at a later date.\r\nInstant confirmation — whether you're booking tours in advance or need last-minute tickets, receive your tickets and booking confirmation instantly.\r\nOffline tickets — Conveniently access your booking information offline. Download, store, and present your tickets on your mobile device\r\n\r\nBook with confidence\r\n\r\n24/7 customer service — Easily find help when you have questions. We offer customer service by email, phone, and WhatsApp across multiple languages.\r\nFlexible cancellation — Don’t stress if your plans change. We offer free cancellation up to 24 hours before your activity for most bookings.\r\n\r\nWith tours and activities for any interest, you can plan your trips your way. Dive into nature and explore fjords in Norway, try local cuisine across Europe, or uncover fascinating history in the United States.\r\n\r\nWhether you're living the magic of the wizarding world on a Harry Potter experience, savoring delicious culinary delights on a food tour of Barcelona, booking top rated tours to see the Vatican, or following a city guide through Berlin, we guarantee you’ll find something unforgettable to do — make the most of your travel and leisure time.\r\n\r\nUncover the top tourist activities in the world's bucket-list destinations:\r\nBook museum tours and tickets in Rome, food trips through Naples, trekking in Iceland, river cruises around Prague, outdoor adventures in Bali, sightseeing in Budapest, and more.\r\n\r\nUse the app as a travel planner or for travel guidance, then book travel experiences for the world's must-see highlights with excursions and last-minute tickets.\r\n\r\nTell us how we’re doing\r\nLeave us a review if you’re enjoying your GetYourGuide app experience or head over to our help page for further assistance: www.getyourguide.com/",
    "summary": "Explore like a local",
    "installs": "10,000,000+",
    "score": 4.81572,
    "ratings": 167455,
    "price": 0,
    "currency": "EUR",
    "developer": "GetYourGuide",
    "developerEmail": "apps@getyourguide.com",
    "developerWebsite": "http://www.getyourguide.com",
    "developerAddress": "GetYourGuide Deutschland GmbH\nSonnenburger Strasse 73\n10437 Berlin\nDeutschland",
    "privacyPolicy": "https://www.getyourguide.com/c/mobile-app-privacy",
    "genre": "Travel & Local",
    "contentRating": "PEGI 3",
    "released": "Oct 9, 2013",
    "lastUpdatedOn": "May 3, 2025",
    "appId": "com.getyourguide.android",
    "permisions": {
        "Location": [
            "approximate location (network-based)",
            "precise location (GPS and network-based)"
        ],
        "Photos/Media/Files": [
            "modify or delete the contents of your USB storage",
            "read the contents of your USB storage"
        ],
        "Storage": [
            "modify or delete the contents of your USB storage",
            "read the contents of your USB storage"
        ],
        "Camera": [
            "take pictures and videos"
        ],
        "Wi-Fi connection information": [
            "view Wi-Fi connections"
        ],
        "Other": [
            "control Near Field Communication",
            "control vibration",
            "full network access",
            "prevent device from sleeping",
            "read Google service configuration",
            "run at startup",
            "view network connections"
        ],
        "Uncategorized": [
            "download files without notification",
            "receive data from Internet"
        ]
    }
}