{
    "title": "Revv - Self Drive Car Rentals",
    "description": "Safe & Sanitized Car Rentals & Car Subscription Services delivered to your doorstep 24/7 with prices starting at just ₹ 33* per hour.\r\n\r\nRevv is a popular choice for self-drive car rental services; and it also offers car subscription in India in over 22 cities. With over 5 Lac+ happy customers we are glad to be the one-stop destination for all self-drive car rental needs; be it round trip, one way trip, weekly commute or monthly car subscription.\r\n\r\nWhy Choose Revv – For Self-Drive Car Rental Services \r\n\r\n • Sanitized car rentals on hourly, daily, weekly, monthly or for 3 months\r\n • Available car hire across segments such as SUVs, ultra-luxury, hatchbacks \r\n   and sedans\r\n • With unlimited kms package options and prices starting at just ₹ 33* per \r\n   hour\r\n • Freedom to choose prices with or without fuel car rentals\r\n • Flexibility of getting the vehicle delivered in one location in a city, and \r\n   having it picked up in another.\r\n\r\nWhy Choose Revv – For Self-Drive Car Subscription Services \r\n\r\n • No hassles of down payment or loan \r\n • Additional benefits of annual insurance, free service & maintenance with \r\n   car subscription\r\n • No hassle and risk of travelling in public transport\r\n • Affordable prices for car subscription across segments such as SUVs, \r\n   ultra-luxury, hatchbacks and sedans\r\n • Monthly car subscription that can be extended anytime\r\n • Refundable Security Deposit of just Rs. 5000/-\r\n\r\n\r\nAdditional Benefits:\r\n\r\n • 100 % Doorstep delivery and return\r\n • All Revv vehicles are equipped with an All India Tourist Permit, so you are \r\n   free to drive anywhere in the country.\r\n • One can even buy a car from Revv by just paying the insurance for the 1st \r\n   year as down payment. This includes maintenance, which normal EMI \r\n   doesn’t include.\r\n • Use for any kind of services, most popular being Airport Car Rental \r\n   Services & Wedding Self Drive Car Rental Services.\r\n • In case of break-down or accident, Revv will coordinate with the road-side \r\n   assistance and insurance on notification.\r\n\r\nCar for Rent is available for 22+ cities including:\r\n\r\nBengaluru, Hyderabad, Chennai, Mumbai, Pune, Delhi NCR, Kolkata, Ahmedabad, Chandigarh, Bhubaneswar, Jaipur, Vizag, Mysore, Coimbatore, Mangalore, Trivandrum, Tirupati, Vijayawada, Nagpur, Surat, Vadodara and Kochi.\r\n\r\nWide Range to Choose from:\r\n\r\nWide range of vehicles like Maruti Swift, Hyundai i10, Hyundai i20, Hyundai Creta, Maruti Swift Dzire, Honda City, Maruti Ciaz, Ford Figo, Ford Eco Sport, Mahindra Scorpio, Toyota Innova Crysta & more.\r\n\r\nSpecial Plans of Revv:\r\n\r\nCar hire services are easily available at attractive prices for-\r\n Short term Car rental\r\n Monthly Car Rental\r\n Yearly Car Rental\r\n Luxury Car Rental\r\n\r\nHow Revv Self-Drive Car Rental Works:-\r\n\r\n1. Book and Pay: Pick your favorite Revv vehicle, time and place\r\n2. Receive: We will deliver the vehicle to your place.\r\n3. Drive: Enjoy your trip, without worrying about kilometers\r\n4. Return: Get the vehicle back to your place, we will take it from there. You \r\n    can opt for getting the vehicle delivered in one city, and having it picked up \r\n    in another.\r\n5. Invoice on Email: You will be emailed an invoice within 48 hours of the end \r\n    of the booking\r\n6. Easy Reschedule/Cancel: You can also use the app to reschedule or cancel \r\n    bookings\r\n\r\nHow Revv Self-drive Car Subscription Works:\r\n\r\n1. Select your car model and book online\r\n2. Revv team will call you to understand your preferences, basic KYC, Refundable Security Deposit etc. (No CIBIL Check Required)\r\n3. Chosen car will undergo thorough quality check and sanitization before delivery\r\n4. You can choose to get the car delivered to your doorstep\r\n5. Enjoy the car and leave the regular servicing of the car to us\r\n6. Extend the subscription or return anytime\r\n\r\nSanitized car rentals FAQs at https://www.revv.co.in/faq\r\n\r\nSelf-drive car subscription FAQs at https://www.revv.co.in/open/delhi-ncr/faq",
    "summary": "24/7 Self Drive Car Rental Services Delivered to your doorstep !",
    "installs": "1,000,000+",
    "score": 0,
    "ratings": 0,
    "price": 0,
    "currency": "EUR",
    "developer": "PrimeMover Mobility Technologies Pvt. Ltd.",
    "developerEmail": "care@revv.co.in",
    "developerWebsite": "http://bit.ly/2Tu1OCK",
    "developerAddress": null,
    "privacyPolicy": "https://www.revv.co.in/policy",
    "genre": "Travel & Local",
    "contentRating": "PEGI 3",
    "released": "Sep 16, 2015",
    "lastUpdatedOn": "Apr 15, 2025",
    "appId": "com.selfdrive",
    "permisions": {
        "Identity": [
            "add or remove accounts",
            "find accounts on the device"
        ],
        "Contacts": [
            "find accounts on the device"
        ],
        "Location": [
            "approximate location (network-based)",
            "precise location (GPS and network-based)"
        ],
        "Phone": [
            "directly call phone numbers",
            "read phone status and identity"
        ],
        "Photos/Media/Files": [
            "modify or delete the contents of your USB storage",
            "read the contents of your USB storage"
        ],
        "Storage": [
            "modify or delete the contents of your USB storage",
            "read the contents of your USB storage"
        ],
        "Wi-Fi connection information": [
            "view Wi-Fi connections"
        ],
        "Device ID & call information": [
            "read phone status and identity"
        ],
        "Other": [
            "full network access",
            "prevent device from sleeping",
            "read Google service configuration",
            "reorder running apps",
            "run at startup",
            "view network connections"
        ],
        "Uncategorized": [
            "receive data from Internet"
        ]
    }
}