{
    "title": "HERE WeGo: Maps & Navigation",
    "description": "Welcome to the new HERE WeGo!\r\n \r\nHERE WeGo is a free navigation app that guides local and global travelers on journeys both familiar and foreign. The app now has a fresh, new design and clearer, easier to use navigation.\r\n \r\nEnjoy a more carefree journey and reach your destination effortlessly, however you need to get there. Get there on foot with easy-to-follow walk guidance. Take public transport in more than 1,900 cities around the world. Or use turn-by-turn voice guidance with accurate driving directions and go by car. You can even find parking at your destination and get guided directly to it.\r\n \r\nVisit the same places often? Save them in a collection to stay organised and find them easier. Or use shortcuts to get directions to them in one click\r\n \r\nNeed to make an extra stop or want to go a specific way? Simply add waypoints to your routes and HERE WeGo guides you there.\r\n \r\nWant to save your mobile data and stay on course even without an internet connection when travelling? Download a map of a region, country or continent and complete your journey while staying totally offline.\r\n \r\nAnd what's next\r\n \r\n- More ways to get around, such as bike and car-sharing \r\n- Services you can enjoy on the go, such as hotel booking and parking\r\n- A way to find places of common interest and organise trips with others\r\n- And much more!\r\n \r\nStay tuned, and don't forget to send your feedback to appsupport@here.com. We hope you enjoy your journey with HERE WeGo",
    "summary": "Enjoy the journey",
    "installs": "10,000,000+",
    "score": 2.9131768,
    "ratings": 500839,
    "price": 0,
    "currency": "EUR",
    "developer": "HERE Europe B.V.",
    "developerEmail": "appsupport@here.com",
    "developerWebsite": "https://www.here.com/products/wego",
    "developerAddress": null,
    "privacyPolicy": "https://legal.here.com/en-gb/privacy/here-wego-here-application-or-here-maps-privacy-supplement-updated",
    "genre": "Maps & Navigation",
    "contentRating": "PEGI 3",
    "released": "Oct 9, 2014",
    "lastUpdatedOn": "May 5, 2025",
    "appId": "com.here.app.maps",
    "permisions": {
        "Location": [
            "approximate location (network-based)",
            "precise location (GPS and network-based)"
        ],
        "Phone": [
            "read phone status and identity"
        ],
        "Microphone": [
            "record audio"
        ],
        "Wi-Fi connection information": [
            "view Wi-Fi connections"
        ],
        "Device ID & call information": [
            "read phone status and identity"
        ],
        "Other": [
            "access Bluetooth settings",
            "change network connectivity",
            "change your audio settings",
            "connect and disconnect from Wi-Fi",
            "full network access",
            "pair with Bluetooth devices",
            "prevent device from sleeping",
            "view network connections"
        ]
    }
}