{
    "title": "Footpath Route Planner",
    "description": "Trace a map with your finger and Footpath will snap to roads and trails. Measure distance and elevation in seconds, then follow along with turn-by-turn voice navigation.\r\n\r\nMix up your routine and plan out a new running route or bike ride, or plan a scenic road trip or multi-day hiking adventure. Footpath allows you to plan custom routes quicker and easier than ever before. \r\n\r\nJoin millions of adventurers using Footpath Route Planner and <i>pave your own path</i>. \r\n\r\n\r\n<b>Snap to map</b>\r\nQuickly measure distances by tracing a map with your finger. Footpath will snap to any roads, bike paths, hiking trails, or paths you can find on Footpath's topo maps. Footpath can even snap to rivers and railroads.\r\n\r\n<b>Measure distance and elevation</b>\r\nKnow exactly how far and how high you'll travel with an accurate distance measure and detailed elevation profiles. Plan a precise route that matches your mileage goal, or use as a GPS distance tracker if you run without a plan.\r\n\r\n<b>Save routes for later</b>\r\nMarathon training or planning a backpacking trip? Sign up for a free account to save up to 5 routes at a time, or save an unlimited number of routes with Footpath Elite.\r\n\r\n<b>GPX viewer</b>\r\nFind a cool hiking trail on the web? Import GPX files from anywhere to analyze or save for later.\r\n\r\n<b>Share routes</b>\r\nSend your routes to friends or workout partners and let them partake in your adventure.\r\n\r\n\r\nFootpath is designed to work in any country, and for any activity or adventure you can imagine:\r\n• Running, walking, and hiking\r\n• Cycling and mountain biking\r\n• Motorcycling and driving\r\n• Kayaking, canoeing, and standup paddleboarding\r\n• Backcountry skiing\r\n• Sailing\r\n• And many more!\r\n\r\n———\r\n\r\n<h2><b>Footpath Elite</b></h2>\r\nReady to go the extra mile? Upgrading to a Footpath Elite subscription unlocks the following powerful features:\r\n\r\n• <b>Turn-by-turn navigation:</b> Footpath will tell you when to turn with turn-by-turn audio cues\r\n• <b>Premium topo maps & overlays:</b> including USGS Topo Maps, OpenCycleMap, bike paths, avalanche slope shading, elevation contour lines, and many more\r\n• <b>Offline map downloads:</b> follow your route even without cell service\r\n• <b>Organize:</b> save unlimited routes and sort routes into custom lists\r\n• <b>Export:</b> export GPX files directly to Garmin Connect, Wahoo ELEMNT, COROS, and other apps\r\n• <b>GPS Devices:</b> export TCX and FIT courses for turn-by-turn navigation on select Garmin and Wahoo running watches and cycling computers\r\n\r\n———\r\n\r\n<h2><b>Tips for mapping routes</b></h2>\r\n• For a longer route, try zooming in and mapping your route in multiple segments.\r\n• Tap and hold the map to quickly route between waypoints and POIs.\r\n• Did Footpath snap to the wrong roads? Trace over the incorrect segment to edit, or use the eraser tool.\r\n• Turn off snap to roads (magnet icon) and zoom in to manually trace the map. (Try switching to a satellite layer).\r\n\r\n———\r\n\r\n<h2><b>Contact Us</b></h2>\r\nWe've got a lot planned for Footpath. If you have any suggestions or feedback, or if you run into any issues, please <a href=\"mailto:support@footpathapp.com\">contact us</a> at support@footpathapp.com.",
    "summary": "Running, Hiking, Bike Map - Draw routes with your finger and navigate with GPS",
    "installs": "500,000+",
    "score": 4.6509433,
    "ratings": 7171,
    "price": 0,
    "currency": "EUR",
    "developer": "Half Mile Labs LLC",
    "developerEmail": "support@footpathapp.com",
    "developerWebsite": "https://footpathapp.com",
    "developerAddress": "340 S Lemon Ave #7180\nWalnut, CA 91789",
    "privacyPolicy": "https://footpathapp.com/privacy",
    "genre": "Maps & Navigation",
    "contentRating": "PEGI 3",
    "released": "Sep 29, 2020",
    "lastUpdatedOn": "Feb 13, 2025",
    "appId": "com.halfmilelabs.footpath",
    "permisions": {
        "Device & app history": [
            "retrieve running apps"
        ],
        "Location": [
            "approximate location (network-based)",
            "precise location (GPS and network-based)"
        ],
        "Wi-Fi connection information": [
            "view Wi-Fi connections"
        ],
        "Other": [
            "Google Play license check",
            "control vibration",
            "full network access",
            "prevent device from sleeping",
            "read Google service configuration",
            "run at startup",
            "view network connections"
        ]
    }
}