{
    "title": "Shop By Motory - Used Cars",
    "description": "Shop by Motory: A Unique Online Car Buying Experience in Saudi Arabia\r\n\r\nShop by Motory is an online store specializing in buying new and used cars in Saudi Arabia, where you can browse a wide range of cars for sale by make, model, and price, allowing you to easily find the perfect option that meets your needs and preferences.\r\n\r\nSections in Shop by Motory\r\nNew Cars:\r\n-  This section allows you to browse all available models for purchase, with a detailed display of their basic specifications.\r\n- A specialized team constantly updates the available categories, helping you make an informed decision before purchasing.\r\nUsed Cars:\r\n- This section displays all used cars for sale, highlighting their basic specifications and allowing you to choose the right car easily.\r\nCar Offers:\r\n- This page features regularly updated online car offers, including exclusive discounts, special free services, and complete after-sales assistance\r\nCorporate Sales:\r\n- This section allows you to request a fleet of cars in the best and easiest ways.\r\n- The Shop by Motory application provides smart and flexible mobility solutions that adapt to the size and needs of your business.\r\nRequest a Car:\r\n- You can easily request any car through Shop by Motory application.\r\nSimply specify the brand and fill in the required information to complete the request.\r\n\r\nShop by Motory Services\r\n- Assistance and Warranty Services:\r\nExtended warranty on new and used cars.\r\n- Protection Services:\r\nFull, partial, or standard protection for all types of cars.\r\n- Car Care Services:\r\nInterior and exterior cleaning, polishing, and floor mats to keep your car in top condition.\r\n\r\nWhy Shop by Motory?\r\n- Maroof Site with a Commercial Registry\r\n- Motory website is registered with a commercial registry in the Kingdom of Saudi Arabia with number 1122056 and registered by the Ministry of Industry and Trade on 12/21/2014\r\n- One of Abdul Latif Jameel's Companies:\r\n- Shop by Motory is an investment of Abdul Latif Jameel Technology and has been providing services in Saudi since 2014.\r\n\r\nSafe Payment Methods\r\nPayment can be made by credit card or bank transfer.\r\n- Vehicle Return Guarantee\r\n- Possibility to return the used car within 5 days or upon driving 100 kilometers (whichever comes first) according to the terms and conditions.\r\n- Official Authorized Dealer\r\n- Shop by Motory is an official and authorized dealer for various brands in Saudi Arabia Strategic Partner\r\n- Shop by Motory is a strategic partner of the leasing companies and the biggest banks in the Kingdom of Saudi Arabia.\r\n\r\nSteps to Buy a Car on Shop by Motory\r\nCash Purchase:\r\n- Click on \"Buy or Finance it Online\" and select cash\r\n- Fill in your personal information (name, phone number, email, password, city).\r\n- Choose additional services, such as vehicle tracking or roadside assistance (when available).\r\n- Submit the request, and the sales team will contact you to complete the purchase process.\r\n- Upload the required documents and pay the required amount via bank transfer\r\n\r\nPurchase via Financing:\r\n- Click on the \"Buy or Finance Online\" button and choose financing.\r\n- Select the financing company, installment method, and suitable period.\r\n- Fill in your personal information (name, phone number, email, password, city).\r\n- Complete the financing request steps, and the sales team will contact you to complete the procedures.\r\n\r\nWith Shop by Motory application, buying cars online has become easier and safer, providing you with a complete shopping experience that meets all your needs.",
    "summary": "Certified used cars in Saudi Arabia",
    "installs": "50,000+",
    "score": 0,
    "ratings": 0,
    "price": 0,
    "currency": "EUR",
    "developer": "Motory - موتري",
    "developerEmail": "support@motory.com",
    "developerWebsite": "https://www.motoryshop.com/",
    "developerAddress": null,
    "privacyPolicy": "https://www.motoryshop.com/en/privacy-policy/",
    "genre": "Auto & Vehicles",
    "contentRating": "PEGI 3",
    "released": "Feb 13, 2022",
    "lastUpdatedOn": "Dec 24, 2024",
    "appId": "com.motory.ksa.motoryshop",
    "permisions": {
        "Location": [
            "approximate location (network-based)",
            "precise location (GPS and network-based)"
        ],
        "Phone": [
            "directly call phone numbers",
            "read phone status and identity"
        ],
        "Photos/Media/Files": [
            "modify or delete the contents of your USB storage",
            "read the contents of your USB storage"
        ],
        "Storage": [
            "modify or delete the contents of your USB storage",
            "read the contents of your USB storage"
        ],
        "Camera": [
            "take pictures and videos"
        ],
        "Wi-Fi connection information": [
            "view Wi-Fi connections"
        ],
        "Device ID & call information": [
            "read phone status and identity"
        ],
        "Other": [
            "full network access",
            "prevent device from sleeping",
            "run at startup",
            "view network connections"
        ],
        "Uncategorized": [
            "receive data from Internet"
        ]
    }
}