{
    "title": "Tractive GPS for Cats & Dogs",
    "description": "Keep your pet safe and healthy with this companion app for Tractive GPS trackers.\r\n\r\nSee exactly where your pet is at all times😻🌍\r\nDetect potential issues early with Health Aerts. Keep them fit and healthy with Activity Monitoring 🐕🏃‍♀️\r\n\r\nDon't have a Tractive GPS cat or dog tracker yet? Get yours at https://tractive.com\r\n\r\nMain features:\r\n\r\n⭐ Track your cat or dog in real-time with unlimited range\r\n\r\n⭐ Monitor activity & sleep, compare with similar pets and see how they're doing with Wellness Score\r\n\r\n⭐ Get Health Alerts when your pet’s activity or sleep have shown unusual changes\r\n\r\n⭐ See your pet's location history \r\n\r\n⭐ Get escape alerts if your buddy leaves a safe zone - or goes somewhere they shouldn't - with Virtual Fences\r\n\r\n⭐ Share location - let friends and family track your pet, and share real-time location with others\r\n\r\n\r\nTractive GPS trackers work in over 175 countries. Get yours along with the free app to start enjoying these features.\r\n\r\n\r\n*** Unlimited Range ***\r\nTractive GPS trackers are the ideal pet accessory to track movement and keep an eye on your pet's location.\r\n\r\n\r\n*** GPS Tracking ***\r\nNeed extra reassurance? Go into LIVE mode to follow your pet's every move, and get location updates in real-time.\r\n\r\n\r\n*** Activity Monitoring ***\r\nSee how your cat or dog is doing. Track activity and compare with others. Spot sleep patterns and make sure they get enough rest and exercise.\r\n\r\n\r\n*** Health Alerts ***\r\nYour tracker monitors and tracks the sleep quality and activity patterns of your pet; when it detects something unusual, you'll get an alert via email.\r\n\r\n\r\n*** Virtual Fence (Safe Zones & No-Go Zones) ***\r\nSet safe zones - like your garden - as well as no-go zones your buddy should avoid - like a field near a busy road. You'll get a quick alert when they leave or enter one of them. You can set up several virtual fences, make them big or small, and move them easily across the map.\r\n\r\n\r\n*** Radar ***\r\nPinpoint your dog’s location in close range. The closer you get, the more circles fill up on your screen. Perfect for indoor tracking and when GPS signal is weak.\r\n\r\n\r\n*** Record Dog Walks ***\r\nSave everything, from morning strolls to big hikes, with the Walk feature. Look back on your adventures any time.\r\n\r\n\r\n*** Location History & Heatmap ***\r\nFind out your pet's favorite spots, where they've been recently, and what they've been up to.\r\n\r\n\r\n*** Location Sharing ***\r\nLet friends, family and others you trust (like walkers or pet-sitters) track location and activity. You can also share real-time location with anyone with a single tap - very useful if your pet runs off and you need help bringing them back home.\r\n\r\n\r\n⭐ The Tractive GPS app works with all Tractive GPS trackers.⭐\"",
    "summary": "Track your pet's location. Get Health Alerts. Monitor activity and sleep.",
    "installs": "1,000,000+",
    "score": 4.662428,
    "ratings": 106626,
    "price": 0,
    "currency": "EUR",
    "developer": "Tractive",
    "developerEmail": "support.android@tractive.com",
    "developerWebsite": "https://tractive.com",
    "developerAddress": "Tractive GmbH\nPoststrasse 4\n4061 Pasching\nÖsterreich",
    "privacyPolicy": "https://assets.tractive.com/static/legal/en/privacy-policy.html",
    "genre": "Lifestyle",
    "contentRating": "PEGI 3",
    "released": "Feb 24, 2015",
    "lastUpdatedOn": "May 5, 2025",
    "appId": "com.tractive.android.gps",
    "permisions": {
        "Location": [
            "approximate location (network-based)",
            "precise location (GPS and network-based)"
        ],
        "Photos/Media/Files": [
            "modify or delete the contents of your USB storage",
            "read the contents of your USB storage"
        ],
        "Storage": [
            "modify or delete the contents of your USB storage",
            "read the contents of your USB storage"
        ],
        "Camera": [
            "take pictures and videos"
        ],
        "Wi-Fi connection information": [
            "view Wi-Fi connections"
        ],
        "Other": [
            "Google Play license check",
            "access Bluetooth settings",
            "change system display settings",
            "control vibration",
            "disable your screen lock",
            "draw over other apps",
            "full network access",
            "pair with Bluetooth devices",
            "prevent device from sleeping",
            "reorder running apps",
            "run at startup",
            "view network connections"
        ],
        "Uncategorized": [
            "receive data from Internet"
        ]
    }
}