{
    "title": "GoBikes - Bike Rentals",
    "description": "About us\r\nGoBikes is a Mobility as a service (MaaS) based company that is organizing the unorganized two-wheeler rental sector in India. We provide a unified platform that enables customers to enjoy hassle-free and trusted renting.\r\nGoBikes is a 100% asset-lite company that aims to fill the void in the transportation sector in India by providing affordable independent transportation. We cater to those who are dependent on cabs, autos & metros for their everyday commute by renting bikes on an hourly, daily, and monthly basis. We believe in making ‘commute easy’ so you don’t have to worry about first and last-mile connectivity. \r\nWe provide solutions to all your needs like, Want to GO to your favorite places? Want to GO to your office or college? Want to rent a bike for a day, a week, or even for longer periods? Want to go on your dream road trip and don’t have a bike? We have it all covered for you. \r\n\r\nOur mission\r\nOur mission is to make our fleet available to everyone with good service at affordable prices. \r\n\r\nWhy choose GoBikes?\r\n1. Different Flexible Packages:- Grab daily, weekly, fortnight, and monthly packages at discounted rates.\r\n2. Highly Maintained Fleet:- Get high-quality and serviced vehicles.\r\n3. Book Now, Pay later:- Flexibility to decide when and how to pay.\r\n4. Wide Range:- Looking for a particular brand or location? We have probably got it.\r\n5: 24*7 At Service:- Day or night, rent a bike\r\n6. Instant Refund:- Facing an issue while booking/picking up? We initiate an instant refund.\r\n\r\nHow to book your ride?\r\n1. Find your Ride:- Enter the basic details like city, pick up and drop date, and time to choose from a list of available two-wheelers at your desired go-hub.\r\n2. Book your Ride:- Select your package and choose from the available payment options.\r\n3. Get Ready to Ride:- You will receive all the ride details via message and email. Reach the pickup point in time and pay the security deposit (if applicable). Enjoy every moment of your ride.\r\n4. End your Ride:- Once you have had the time of your life, drop the vehicle at the same pickup point. Security deposit is refunded after checking for damages and challans (if any).",
    "summary": "Commuting made easy at affordable prices with over 6000+ bikes in 18+ cities.",
    "installs": "100,000+",
    "score": null,
    "ratings": null,
    "price": 0,
    "currency": "EUR",
    "developer": "GoBikes",
    "developerEmail": "info@gobikes.co.in",
    "developerWebsite": "https://gobikes.co.in",
    "developerAddress": null,
    "privacyPolicy": "https://gobikes.co.in/privacy-policies",
    "genre": "Travel & Local",
    "contentRating": "PEGI 3",
    "released": "May 14, 2023",
    "lastUpdatedOn": "May 20, 2023",
    "appId": "com.gobikes.customer",
    "permisions": {
        "Photos/Media/Files": [
            "modify or delete the contents of your USB storage",
            "read the contents of your USB storage"
        ],
        "Storage": [
            "modify or delete the contents of your USB storage",
            "read the contents of your USB storage"
        ],
        "Other": [
            "control vibration",
            "draw over other apps",
            "full network access"
        ]
    }
}