{
    "title": "Coyote: Alerts, GPS & traffic",
    "description": "Coyote® is a community app which guides you and alerts you in real time about dangers on the road. \r\n\r\nTHE PIONEER OF DRIVING AID SYSTEMS\r\n\r\nFounded in 2005, Coyote is European leader in danger warnings, proposing more than 30 kinds of road safety warnings.  Coyote solutions are based on the exchange of geolocated information that enables drivers to warn each other in real time about road conditions and hazards.\r\n\r\nALERTS IN REAL TIME FOR TOTAL TRAVEL SAFETY\r\n\r\nCoyote® patented technology analyses, filters, then sends reliable information in real time to all members of the Community.\r\n\r\n// SPEED CAMERAS\r\n• Fixed speed camera ahead of you on your road. \r\n• Temporary mobile speed camera reported by the Community.\r\n\r\n// TRAFFIC INFORMATION\r\n• Slow-moving traffic\r\n\r\n// ROAD SAFETY\r\n• Accidents \r\n• Speed limits\r\n• Road incidents (a stopped vehicle, narrowing of the road, obstacle on road, dangerous weather conditions, damaged road, slippery road, reduced visibility and vehicle in the wrong direction)\r\n\r\nNAVIGATION AND RECALCULATION OF EFFICIENT ROUTES\r\n\r\nCoyote offers you intelligent and intuitive functionalities:\r\n• Suggests the best route\r\n• Recalculates alternative routes as soon as conditions change on your journey (automatic re-routing in real time)\r\n• Your journey time is estimated according to the traffic conditions\r\n• Setting your routes according to your preferences: motorway/toll/dirt tracks\r\n• A summary displays alerts to come on your route\r\n• Your current speed is compared with the applicable speed limits on your route\r\n• Your favourite destinations are easily saved\r\n\r\nANDROID AUTO\r\n\r\nWith Premium, access Coyote's expertise on a big screen for more comfortable driving.\r\nConnect your smartphone to a compatible vehicle and let it guide you!\r\n\r\nA 5 MILLION+ USERS COMMUNITY\r\n\r\nThe Coyote® Community is based on everyone's active participation! Each Coyote scout reports or confirms dangers and road traffic incidents in real time, to improve the safety of all members of the Community!\r\n\r\nThe active and interdependent Coyote® Community on average raises: \r\n• 15 events each second, that is 40 million alerts raised on average per month!*\r\n• More than 870 million km covered in Europe*\r\n• More than 20 million hours spent on roads*\r\n\r\nIn your app, you will find: \r\n• The number, reliability score and distance of users around your\r\n• Verified alerts to ensure maximum reliability of information\r\n\r\nWHY CHOOSE COYOTE® ALERTS?\r\n• Members of the community ensure the quality of the alerts\r\n• Each alert raised is analysed then filtered before being confirmed in real time by our service's algorithm \r\n• Coyote® technology is unique and protected by 13 European patents\r\n\r\nYou are part of the leading Community of road scouts!\r\n\r\n\r\n----\r\nN.B.: the continuous use of the Satnav as a background task can substantially decrease your battery life.\r\n\r\nWith Driver Assistance Systems being prohibited in certain countries, it is your responsibility to check if Coyote use is allowed in the country where you are driving.\r\n\r\nThe Coyote app is also available in 7 European countries: France, Italy, Spain, Poland, Belgium, the Netherlands and Luxembourg.\r\n\r\n*Monthly average recorded over the 1st half of 2016 from alerts and confirmations of the presence of events by the Community in Europe.",
    "summary": "Alerts, speed cameras, speed limits, traffic information & directions",
    "installs": "5,000,000+",
    "score": 4.08675,
    "ratings": 57174,
    "price": 0,
    "currency": "EUR",
    "developer": "Coyote Group",
    "developerEmail": "serviceclient-coyote@moncoyote.com",
    "developerWebsite": "https://corporate.moncoyote.com",
    "developerAddress": "25 quai Gallieni\n92150 Suresnes\nFrance",
    "privacyPolicy": "https://android.mobile.coyoterts.com/privacy/11/index.php",
    "genre": "Maps & Navigation",
    "contentRating": "PEGI 3",
    "released": "Mar 24, 2011",
    "lastUpdatedOn": "Mar 17, 2025",
    "appId": "com.coyotesystems.android",
    "permisions": {
        "Contacts": [
            "read your contacts"
        ],
        "Location": [
            "approximate location (network-based)",
            "precise location (GPS and network-based)"
        ],
        "Phone": [
            "read phone status and identity"
        ],
        "Microphone": [
            "record audio"
        ],
        "Device ID & call information": [
            "read phone status and identity"
        ],
        "Other": [
            "Google Play license check",
            "change your audio settings",
            "draw over other apps",
            "full network access",
            "pair with Bluetooth devices",
            "prevent device from sleeping",
            "run at startup",
            "view network connections"
        ],
        "Uncategorized": [
            "download files without notification",
            "receive data from Internet"
        ]
    }
}