{
    "title": "Traffic info: Live Roads",
    "description": "Traffic app for monitoring the traffic on your favorite and most travelled routes. You can find out where any delays or traffic jams may be localized in just one tap. You can also set up auto-notification and Traffic Assistant will warn you instantly about any problems you may incur on your way during your journey.\r\n\r\n✔️ Traffic delay information\r\n\r\n✔️ Monitor speed of traffic flow everywhere you want\r\n\r\n✔️ Timed updated - notification when you need it\r\n\r\n✔️ Security - app requests minimum permissions",
    "summary": "Optimize Commute with Traffic Assistant, Real-Time Updates and Efficient Routes",
    "installs": "10,000+",
    "score": 3.875,
    "ratings": 135,
    "price": 0,
    "currency": "EUR",
    "developer": "Tomas Hadraba",
    "developerEmail": "TomasHadraba@gmail.com",
    "developerWebsite": "https://p193a6ad7.app-ads-txt.com",
    "developerAddress": "Podchysska 224, Prague, Czech Republic, 14300",
    "privacyPolicy": "https://tomas874.webnode.cz/privacy-policy-traffic-assistant/",
    "genre": "Maps & Navigation",
    "contentRating": "PEGI 3",
    "released": "Jun 1, 2018",
    "lastUpdatedOn": "Dec 16, 2024",
    "appId": "com.company.Traffic_Assistant",
    "permisions": {
        "Location": [
            "approximate location (network-based)",
            "precise location (GPS and network-based)"
        ],
        "Other": [
            "full network access",
            "prevent device from sleeping",
            "run at startup",
            "view network connections"
        ],
        "Uncategorized": [
            "bind to a widget service"
        ]
    }
}