{
    "title": "Manchester Metro",
    "description": "Manchester Metro is the navigation app that makes travelling by the Manchester Metrolink and free buses simple 🚊\r\n\r\nFrom the Science and Industry Museum to the Emirates Old Trafford Cricket Ground, cheering on United or rooting for City, whether you’re a Mancunian on your commute to work or sightseeing fresh from Manchester Airport or Piccadilly we’ll show you the best way to get where you’re going in Manchester. We make using the Metrolink and free buses easy. You’ll be a Get Me There tapping pro in no time\r\n\r\n\r\n🗺 Tap, tap, tap!\r\nPan and zoom your way across Manchester with ease using our simple, interactive maps. We’ll even show your route on the map\r\n\r\n🚝 Plan journeys, sharpish\r\nSearch for stops and find your way using the world’s fastest route planner\r\n\r\n📍 Every step of the way\r\nStep-by-step guide means you’ll never get lost again\r\n\r\n🌍 No internet? No problem\r\nMaps and journey planning even work offline\r\n\r\n🔄 Regular map updates\r\nAuto-magic updates keep our maps always up-to-date and box fresh\r\n\r\n🌟 Save your faves\r\nFrom finding your way back home, to taking the stress out of commuting, and all the places in-between. Your personal Shortcuts are never more than a swipe away\r\n\r\n⏱ See the next trains\r\nDeparture Boards take the guess work out of travelling. No more wasted time stuck on crowded platforms\r\n\r\n\r\nManchester Metro VIP features:\r\n\r\n📣 An ad-free experience\r\nProper VIP treatment, with no ads, ever\r\n\r\n🏃‍♂️ Priority support\r\nProblem with the app? We’ll be there to help you out\r\n\r\n\r\n\r\nWe’re the world's number one for public transport apps, check out our world-famous Tube Map London, New York Subway Map and Paris Metro Map apps today 🌍\r\n\r\nVisiting Berlin, Barcelona or Tyne and Wear soon? We’ve got you covered there too. Take our apps with you, just search Mapway on Google Play",
    "summary": "Map and Route Planner",
    "installs": "5,000+",
    "score": null,
    "ratings": null,
    "price": 0,
    "currency": "EUR",
    "developer": "Mapway",
    "developerEmail": "support@mapwayhelp.atlassian.net",
    "developerWebsite": "https://www.mapway.com/",
    "developerAddress": "Mapway Limited\nDalton Place\n29 John Dalton Street\nManchester\nM2 6DS",
    "privacyPolicy": "https://www.mapway.com/mapway-privacy-policy-and-permissions/",
    "genre": "Maps & Navigation",
    "contentRating": "PEGI 3",
    "released": "Aug 5, 2022",
    "lastUpdatedOn": "Dec 13, 2024",
    "appId": "com.mapway.manchestermetro",
    "permisions": {
        "Location": [
            "approximate location (network-based)",
            "precise location (GPS and network-based)"
        ],
        "Wi-Fi connection information": [
            "view Wi-Fi connections"
        ],
        "Other": [
            "control vibration",
            "full network access",
            "prevent device from sleeping",
            "view network connections"
        ],
        "Uncategorized": [
            "receive data from Internet"
        ]
    }
}