{
    "title": "Grand Train Tour Switzerland",
    "description": "On the Grand Train Tour of Switzerland, panoramic trains take you to charming Swiss cities to Alpine hotspots, through UNESCO World Heritage Sites and past word-famous sights and landmarks. There is no prescribed direction or duration. Travellers can hop on and off wherever they please. The Grand Train Tour of Switzerland is also a perfect companion for many mountain excursions.\r\n\r\nAll “must-sees” and excursion tips along this fantastic train journey through Switzerland at a glance: The Grand Train Tour of Switzerland app offers this and much more besides.\r\n\r\n• Push notifications about upcoming sights and landmarks\r\n• Playful collecting and sharing of stamps and rewards\r\n• The chance to achieve the distinction of becoming “Master of the Grand Train Tour”\r\n• Attractive presents and discounts via integrated digital coupons\r\n• Personal tracking of all the visited places thanks to the „Been there” function\r\n• Interesting “Fun Facts” along the route\r\n\r\nDownload the app and start touring!",
    "summary": "Your guide for all must-sees on the most beautiful train routes in Switzerland.",
    "installs": "10,000+",
    "score": 0,
    "ratings": 0,
    "price": 0,
    "currency": "EUR",
    "developer": "MySwitzerland.com",
    "developerEmail": "info@grandtraintour.ch",
    "developerWebsite": "https://www.myswitzerland.com/grandtraintour",
    "developerAddress": null,
    "privacyPolicy": "https://www.myswitzerland.com/privacy-policy-grandtraintourapp",
    "genre": "Travel & Local",
    "contentRating": "PEGI 3",
    "released": "Feb 10, 2020",
    "lastUpdatedOn": "Apr 30, 2025",
    "appId": "com.GrandTrainTour",
    "permisions": {
        "Location": [
            "approximate location (network-based)",
            "precise location (GPS and network-based)"
        ],
        "Other": [
            "full network access",
            "prevent device from sleeping",
            "view network connections"
        ]
    }
}