{
    "title": "Bike Computer - Cycling Tool",
    "description": "GPS Bike Computer Cycling fitness app  is an app that will provide  you with statistics of your bicicleta track.\r\nMain features of the app are following:\r\n* Graphic speedometer and power meter\r\n* Switch between metric and imperial units \r\n* Current cycling speed based on GPS reciever\r\n* Maximum cycling speed\r\n* Total duration of the bike track\r\n* Altitude provided by GPS\r\n* Bike ( bicicleta ) distance \r\n* Average moving speed\r\n* Tracking your rout\r\n* Saves your bike bicicleta tracks\r\n* Export GPX and KML of your tracks\r\n* Auto Pause: you do not need to manually pause ,start or stop tracks during signal loss or breaks.\r\n* Calorie count \r\n* Google Maps - all the details of your current location in your bicycle riding app\r\n* Configuring display - you can choose the values that are shown during your ride \r\n* Dark theme and Google Map night styles will help you save your phone's battery life - \r\n   Dark Theme will bring you convinience during night rides, and will significantly improve \r\n   battery life during the day. \r\nWith graphic speedometer and power meter your fitness activities will be fun and fruitful. \r\nThis GPS bike bicicleta fitness app will let you track your cycling routes and save them in My Tracks. \r\nWith its simple interface bike computer will provide the best experience for your fitness and other outdoor activities. You can track the amount of calories burned the app will also provide you with the data like bike track length,total duration of the track and etc. that could be usefull in planning your next track.\r\nBike computer app can also be usefull in hiking , running ,cycling , backpacking and in other outdoor activities.\r\n\r\n* We do not use altitude (due to its extreme inaccuracy) in calorie count and power meter formulas.",
    "summary": "Turn your phone into a powerful bike computer - GPS cycling fitness tracker !",
    "installs": "5,000,000+",
    "score": 4.4194174,
    "ratings": 96360,
    "price": 0,
    "currency": "EUR",
    "developer": "Fitzeee Fitness",
    "developerEmail": "info@fitzeee.com",
    "developerWebsite": "http://fitzeee.com/",
    "developerAddress": "Sepapaja 6, Tallinn 15551, Estonia",
    "privacyPolicy": "http://fitzeee.com/privacypolicybike.html",
    "genre": "Health & Fitness",
    "contentRating": "PEGI 3",
    "released": "Nov 5, 2016",
    "lastUpdatedOn": "Dec 18, 2023",
    "appId": "com.fehmin.bikeometer",
    "permisions": {
        "Location": [
            "approximate location (network-based)",
            "precise location (GPS and network-based)"
        ],
        "Photos/Media/Files": [
            "modify or delete the contents of your USB storage",
            "read the contents of your USB storage"
        ],
        "Storage": [
            "modify or delete the contents of your USB storage",
            "read the contents of your USB storage"
        ],
        "Other": [
            "full network access",
            "prevent device from sleeping",
            "view network connections"
        ],
        "Uncategorized": [
            "read Google service configuration",
            "receive data from Internet"
        ]
    }
}