{
    "title": "Monta Charge",
    "description": "Stay in control of your EV charging experience—at home and on the go. No monthly subscription, 100% free. Winner of best EV app/software at E-Mobility Awards 2023.\r\n\r\nMonta Charge is the digital companion for any EV lifestyle, which makes owning an electric vehicle an exciting and hassle-free ride. Whether at home or on the road, we cover all the bases, ensuring you have complete control of your charging experience. With Monta, you just need one app for all your charging needs, no matter where your journey takes you.\r\n\r\nNew to the EV lifestyle or an EV pro? Either way, you're in good hands with us. We’re here to make sure your charging experience is as seamless and convenient as possible. Just sit back and enjoy your EV; we'll take care of the rest.\r\n\r\nYour home, your charger, your rules\r\nAn effortless EV experience starts right at home. With Monta Charge, you have the power to customise your charging settings to match your lifestyle and enjoy set-and-forget charging.\r\n- Choose between 400 charger models that fits your needs and budget best\r\n- Own and manage up to 3 charge points at multiple locations\r\n- Share your charger with family, friends, and neighbours and set rules for when and who can access it\r\n- Charge greener and cheaper: schedule charges to automatically start when electricity prices and CO2 emissions are at their lowest\r\n- Integrate your car with Monta to see your car’s current battery level, whether the cable is plugged in, or if your car is currently charging\r\n- Track your EV's charge history, monitor its performance, and gain insights into your energy spending and usage patterns\r\n\r\nYour digital companion for seamless EV charging anywhere\r\nHeading to work, running errands, or going on a road trip? Monta Charge keeps you in the driver’s seat at all times. Hit the road without hesitation, knowing you’re covered by a vast network of accessible charge points, transparent pricing, and flexible payment options.\r\n- Quickly locate any of the 650,000+ supported public chargers on the Monta map and easily get directions with Google Maps and Apple Maps\r\n- Filter charge points by availability, charge speed (kW), price (dynamic or fixed pricing), operator, and more\r\n- No hidden fees, always see what you’ll pay for upfront: the price breakdown, our cut, and who sets the price\r\n- Scan the QR code on a charger to charge your EV without registration if you’re in a hurry\r\n- Connect to a charger via the Monta Charge app or by tapping an RFID card on the charger;\r\n- Add funds to your Monta Wallet or simply pay via credit card, Apple Pay, Google Pay, or MobilePay/Vipps (Nordics)\r\n- View all your transactions in one place and keep track of your charging history\r\n- Easily export any receipts and invoices and never worry about misplaced receipts again\r\n\r\nThere for you 24/7\r\nLooking for some help or have any questions? Don't worry, our amazing support team is just a message away, always ready to assist you whenever you need it.\r\n\r\nJoin the thriving community of over 200,000 EV enthusiasts who have seamlessly adopted the EV lifestyle with our award-winning Monta Charge app!",
    "summary": "Stay in control of your EV charging experience—at home and on the go.",
    "installs": "100,000+",
    "score": 4.4565215,
    "ratings": 4321,
    "price": 0,
    "currency": "EUR",
    "developer": "Monta ApS",
    "developerEmail": "info@monta.com",
    "developerWebsite": "https://monta.com",
    "developerAddress": null,
    "privacyPolicy": "https://app.monta.app/privacy-policy",
    "genre": "Auto & Vehicles",
    "contentRating": "PEGI 3",
    "released": "Jan 3, 2021",
    "lastUpdatedOn": "Apr 30, 2025",
    "appId": "com.montaapp.monta",
    "permisions": {
        "Location": [
            "approximate location (network-based)",
            "precise location (GPS and network-based)"
        ],
        "Photos/Media/Files": [
            "modify or delete the contents of your USB storage",
            "read the contents of your USB storage"
        ],
        "Storage": [
            "modify or delete the contents of your USB storage",
            "read the contents of your USB storage"
        ],
        "Camera": [
            "take pictures and videos"
        ],
        "Other": [
            "access Bluetooth settings",
            "control Near Field Communication",
            "control vibration",
            "full network access",
            "pair with Bluetooth devices",
            "prevent device from sleeping",
            "view network connections"
        ],
        "Uncategorized": [
            "download files without notification",
            "receive data from Internet"
        ]
    }
}