{
    "title": "cycle.travel",
    "description": "Life's too short to ride busy roads! cycle.travel is the app that finds you a route on quiet lanes and traffic-free cycleways.\r\n\r\nTurn-by-turn directions and offline maps are 100% free - no need to \"go premium\". Trusted by thousands as a route-planning website, it's now an app for the first time.\r\n\r\nPlan a cross-city commute, an afternoon ride, or a two-month touring holiday. cycle.travel finds your route in seconds to select the quietest, most scenic roads. Put your phone on your handlebars and let cycle.travel guide you.\r\n\r\ncycle.travel is 100% independent, developed by one cyclist to plan the sort of routes I love. Become a supporter to help development of the app, and get extra maps such as IGN France and OpenCycleMap!\r\n\r\n\"Essential for bicycling nomads\" - The Guardian. \"Fantastic\" - Alastair Humphreys, author of Microadventures. \"Better than all the other cycling route planners\" - Jack Thurston, author of Lost Lanes. \"A really good tool that I use a lot\" - Will Norman, London's Cycling & Walking Commissioner.",
    "summary": "Bike route planner & cycle map",
    "installs": "10,000+",
    "score": 4.2,
    "ratings": 73,
    "price": 0,
    "currency": "EUR",
    "developer": "Editions Systeme D",
    "developerEmail": "info@cycle.travel",
    "developerWebsite": "https://cycle.travel",
    "developerAddress": "11 Market Street\nCharlbury\nOxfordshire\nUnited Kingdom OX7 3PH",
    "privacyPolicy": "https://cycle.travel/about/privacy",
    "genre": "Maps & Navigation",
    "contentRating": "PEGI 3",
    "released": "Sep 16, 2023",
    "lastUpdatedOn": "Mar 24, 2025",
    "appId": "com.geowiki.cycle_travel_android",
    "permisions": {
        "Location": [
            "approximate location (network-based)",
            "precise location (GPS and network-based)"
        ],
        "Photos/Media/Files": [
            "modify or delete the contents of your USB storage",
            "read the contents of your USB storage"
        ],
        "Storage": [
            "modify or delete the contents of your USB storage",
            "read the contents of your USB storage"
        ],
        "Wi-Fi connection information": [
            "view Wi-Fi connections"
        ],
        "Other": [
            "access Bluetooth settings",
            "full network access",
            "view network connections"
        ]
    }
}