{
    "title": "CARS24 UAE: Used cars, Drivers",
    "description": "CARS24 UAE welcomes you to the best and most professional super app for every car-related need. Get everything you need for your beloved car in a single place! \r\n\r\nFrom selling your used car to buying a used one, CARS24 UAE offers you a wide array of services at your fingertips. \r\n\r\nWhat’s in store for you?\r\n\r\nCARS24 UAE mobile app offers you the best car-related services. These include used car buying, car selling, car loans, car servicing, CARS24 valuation certificates, and even chauffeur services in Dubai!\r\n\r\n\r\nCARS24 - Helping you with multiple car needs at one place.\r\n\r\nBuy a used car: Are you looking for a used car in the UAE? Tired of unverified sellers trying to sell you faulty cars at high prices? CARS24 UAE offers you the widest choice of cars within your budget. Our used cars in UAE are 100% certified and checked over 150+ quality checkpoints, ensuring that you get the worth of every single Dirham you spend. \r\n\r\nSell your car quickly: Use the CARS24 UAE mobile app to sell your car in UAE at the highest price. Our certified team of technicians offers you the quickest and easiest way to sell your car at the right price. Worry not about the documentation and car registration transfer, as we offer all services at a single place! \r\n\r\nAre you looking to hire a driver? Chauferly has got you covered. Need a personal driver for 15 minutes, an hour, a day or a month - Chauferly is at your service always. We have onboarded RTA licensed safe driver available for your service 24x7. We also provide private drivers on a monthly and annual subscription basis. \r\n\r\nGet the easiest car loans: Get the quickest and the most hassle-free car loan service with CARS24 UAE. No hassle of long documentation or loan rejections, as we provide you with the best car loan services just at the tap of your finger! \r\n\r\nCar servicing made easy: We at CARS24 UAE believe that a car is a family member. Hence, we take care of your car as well as no one else can! Get your car serviced with our 100% verified and experienced technicians. We offer complete transparency in the documentation as well as the spare parts used. \r\n\r\nGet your car valuation certificate: Whether you need a valuation certificate for a bank loan or a certified report to sell your car with confidence, CARS24 UAE has you covered. Our certified car valuation technicians provide the quickest, easiest, and most unbiased car price assessments—ensuring no undervaluation, no hidden agendas—just 100% trust. For a hassle-free, transparent, and professional car valuation, choose CARS24 UAE! 🚗✅\r\n\r\nBuy a Used Car from CARS24 in 3 Easy Steps!\r\n\r\n1️⃣ Book Online – Browse a wide range of certified used cars, inspected on 150+ parameters. Use our Car Finder to filter by brand, style, or color, view detailed 360° images, and reserve your favorite with a refundable deposit.\r\n\r\n2️⃣ Test Drive – Take it for a spin! Love it? Keep it. Not convinced? Get a full deposit refund.\r\n\r\n3️⃣ Pay & Get It Delivered – Complete payment, handle paperwork, and choose home delivery or pickup from a CARS24 Hub.\r\n\r\n✅ 7-Day Trial, 100% Refund – Not happy? Return it within 7 days for a full refund—no questions asked!\r\n\r\nDownload the CARS24 UAE mobile app now and get the best of the car services in UAE at your doorstep!\r\n\r\nChauferly by CARS24 limited time offer is ON now! Get 30% off up to AED 45 on your first 3 chauffeur rides! So, why wait? Download the app and enjoy the world of seamless car services in UAE with CARS24.\r\n\r\nFor more information, visit CARS24 UAE.\r\n\r\nContact Us (Official Address):\r\nGlobal Access Cars Automobile Trading L.L.C\r\nBlock 08 / Shop No. 70, Souq al Sayarat - New\r\nAl Aweer Auto Market, Al Aweer, Dubai, UAE\r\nDubai\r\nUnited Arab Emirates",
    "summary": "CARS24: The car app you need—buy, sell, drivers, finance & more in one place!",
    "installs": "1,000,000+",
    "score": 4.428571,
    "ratings": 6597,
    "price": 0,
    "currency": "EUR",
    "developer": "CARS24 Services Private Limited",
    "developerEmail": "care.uae@cars24.com",
    "developerWebsite": "https://www.cars24.ae/",
    "developerAddress": "CARS24 Corporate Head Office, Tower C, 7th Floor, SAS Building, CH Baktawar Singh Rd, Medicity, I, Sector 38, Gurugram, Haryana 122001",
    "privacyPolicy": "https://www.cars24.com/ae/privacy-policy/",
    "genre": "Auto & Vehicles",
    "contentRating": "PEGI 3",
    "released": "Jun 3, 2021",
    "lastUpdatedOn": "May 2, 2025",
    "appId": "com.cars24.uaeusedcars",
    "permisions": {
        "Identity": [
            "read your own contact card"
        ],
        "Contacts": [
            "read your contacts"
        ],
        "Location": [
            "approximate location (network-based)",
            "precise location (GPS and network-based)"
        ],
        "Photos/Media/Files": [
            "read the contents of your USB storage"
        ],
        "Storage": [
            "read the contents of your USB storage"
        ],
        "Camera": [
            "take pictures and videos"
        ],
        "Wi-Fi connection information": [
            "view Wi-Fi connections"
        ],
        "Other": [
            "connect and disconnect from Wi-Fi",
            "control vibration",
            "full network access",
            "prevent device from sleeping",
            "run at startup",
            "view network connections"
        ],
        "Uncategorized": [
            "receive data from Internet"
        ]
    }
}