{
    "title": "Go Navee",
    "description": "Through APP you can get the vehicle's remaining battery, current speed, current gear, endurance mileage, lock status, and other real-time data at any time to meet your travel needs. In addition, it also has the functions of intelligent car inspection, constant speed cruise, kinetic energy recovery, etc. to constantly bring you a new riding experience!\r\n\r\nThe default unlock password for the scooter is: 8888, please change it in time.Welcome to use it!",
    "summary": "The intelligent travel manager of NAVEE electric vehicles.",
    "installs": "10,000+",
    "score": 2.4,
    "ratings": 203,
    "price": 0,
    "currency": "EUR",
    "developer": "ZhaiMob Studio",
    "developerEmail": "pay@zhaimob.com",
    "developerWebsite": "https://www.navee.tech/",
    "developerAddress": null,
    "privacyPolicy": "https://naveetech.com/support/privacy-policy/",
    "genre": "Tools",
    "contentRating": "PEGI 3",
    "released": "Aug 17, 2021",
    "lastUpdatedOn": "Sep 20, 2023",
    "appId": "com.MotorPedal.GoNavee",
    "permisions": {
        "Location": [
            "approximate location (network-based)",
            "precise location (GPS and network-based)"
        ],
        "Photos/Media/Files": [
            "access USB storage filesystem",
            "modify or delete the contents of your USB storage",
            "read the contents of your USB storage"
        ],
        "Storage": [
            "modify or delete the contents of your USB storage",
            "read the contents of your USB storage"
        ],
        "Wi-Fi connection information": [
            "view Wi-Fi connections"
        ],
        "Other": [
            "access Bluetooth settings",
            "connect and disconnect from Wi-Fi",
            "control vibration",
            "expand/collapse status bar",
            "full network access",
            "pair with Bluetooth devices",
            "view network connections"
        ]
    }
}