{
    "title": "Tripmaker: AI Itinerary Maker",
    "description": "<h2>✨ Meet Tripmaker: Your AI Travel BFF! ✨</h2> \r\nEver wished you had a personal travel assistant, 🌍 travel guide, and pro itinerary maker rolled into one? Well, meet Tripmaker—the all-in-one app that’s part genius AI trip planner, part magic genie, and full-time travel buddy. Whether you're chasing sunsets, sampling street food, or writing your next epic travelogue, Tripmaker takes the hassle out of planning and puts the fun back into exploring.\r\n\r\n<h3>🤔 Why Tripmaker? Because Travel Planning Doesn’t Have to Suck! 🙌</h3> \r\nWe get it—planning a trip can feel like a never-ending jigsaw puzzle. Matching flights ✈️, figuring out hotel bookings, budgeting, picking activities… it’s like running an obstacle course in your brain 🤯. That’s where Tripmaker swoops in, cape and all. Think of it as your very own superhero travel assistant, tackling the details so you can focus on the adventure.\r\n\r\nWith Tripmaker, you’re not just planning a trip—you’re curating an experience. Whether it’s a weekend getaway or a month-long odyssey, our AI trip planner is here to make it smooth, seamless, and seriously fun.\r\n\r\n<h3>🌟 Your Trip, Your Way: Total Customization 🌟</h3> \r\nPlanning a romantic escape or a wild group adventure? Tripmaker’s itinerary maker got you covered! Here’s what you can tweak to design your perfect trip:\r\n🗓️ Dates: Pick your travel timeline. We’ll make every day count.\r\n📍 Destinations: One city or a multi-stop whirlwind? You choose.\r\n👫 Group Size: From solo wanderers to squad goals, Tripmaker fits any vibe.\r\n💰 Budgets: Luxury splurge or budget brilliance, we’ll tailor your trip accordingly.\r\n🎡 Activities: Love history, food, nightlife, or all of the above? Tell us, and our AI travel assistant will create the ultimate bucket list.\r\n\r\nThis is personalization at its finest, making Tripmaker the smartest AI trip planner 🤓 and the most creative itinerary maker out there.\r\n\r\n<h3>📦 What’s in the Box? Features That Wow 🎁</h3> \r\nTripmaker isn’t just another route planner or travel app—it’s like having a tour guide, travel assistant and event planner in your pocket. Here’s what makes it shine: \r\n\r\n<h3>💵 Budget-Friendly Brilliance</h3> \r\nNo more guesswork. Tripmaker estimates your travel costs upfront, keeping your wallet happy. (No awkward “uh-oh” moments!) \r\n\r\n<h3>📅 Epic Day Plans</h3> \r\nGet detailed daily itineraries with our travel assistant: \r\n⏱️ Average tourist times (so you know when to beat the crowds).\r\n📸 Gorgeous photos to inspire your wanderlust.\r\n📖 Insider info on every spot.\r\nTripmaker’s route planner is the ultimate travel guide that goes way beyond the basics. \r\n\r\n<h3>🎯 Activity Suggestions</h3> \r\nStuck on what to do? Our AI trip planner serves up personalized activities that match your vibe—whether that’s museum-hopping or taco-tasting. \r\n\r\n<h3>🛏️ Seamless Hotel Booking</h3> \r\nBook your stay directly from the app—easy peasy! \r\n\r\n<h3>🗺️ Smart Routing Options</h3> \r\nChoose the best way to get around with our trusty route planner: walking, public transport, or Uber. You’ll never feel lost with Tripmaker’s travel guide at your side.\r\n\r\n<h3>👩‍💻 Who’s Tripmaker For? (Spoiler: Everyone!) 🔥</h3> \r\n- The Solo Explorer: Need a personal travel guide? Our itinerary maker maps it all out for you. \r\n- The Budget Queen: Tripmaker is your BFF for planning a dream trip that won’t drain your bank account. \r\n- The Group Guru: Juggling everyone’s preferences? Let Tripmaker sort the chaos into a killer group itinerary. \r\n- The Spontaneous Wanderer: Prefer to wing it? No problem! Just tell Tripmaker your must-haves, and it’ll fill in the blanks.\r\n\r\nWith Tripmaker, you’ll save hours and headaches. Let our AI trip planner and route planner do the heavy lifting while you living your best travel life.\r\nWhether you’re dreaming of epic travelogues or need a top-notch itinerary maker, our travel guide turns every trip into a masterpiece. Let’s make memories together!\r\n\r\nTripmaker is not affiliated with Wanderlog, askLAYLA, Stippl, iplan.ai, TripWise, Tripsy, Steller.",
    "summary": "Your AI trip planner, route planner, and travel assistant all in one app!",
    "installs": "50,000+",
    "score": 0,
    "ratings": 0,
    "price": 0,
    "currency": "EUR",
    "developer": "Unikoom LLC",
    "developerEmail": "feedback@unikoom.com",
    "developerWebsite": "https://tripmaker.ai/",
    "developerAddress": null,
    "privacyPolicy": "https://unikoom.com/privacy-policy.html",
    "genre": "Travel & Local",
    "contentRating": "PEGI 3",
    "released": "Feb 4, 2022",
    "lastUpdatedOn": "Mar 21, 2025",
    "appId": "com.mike.unikoom.lucy",
    "permisions": {
        "Location": [
            "approximate location (network-based)",
            "precise location (GPS and network-based)"
        ],
        "Photos/Media/Files": [
            "modify or delete the contents of your USB storage",
            "read the contents of your USB storage"
        ],
        "Storage": [
            "modify or delete the contents of your USB storage",
            "read the contents of your USB storage"
        ],
        "Camera": [
            "take pictures and videos"
        ],
        "Other": [
            "control vibration",
            "full network access",
            "pair with Bluetooth devices",
            "prevent device from sleeping",
            "run at startup",
            "view network connections"
        ],
        "Uncategorized": [
            "receive data from Internet"
        ]
    }
}