{
    "title": "Montpellier Transport(s)",
    "description": "🚌 Discover the ultimate application for users of the Montpellier transport network! 🏙️\r\n\r\nAre you tired of waiting for your bus 🕰️ wondering if it went on vacation without you? With our application, no more unpleasant surprises! 🎉\r\n\r\nMain features:\r\n\r\n    📅 Real-time timetables: Check bus and tram timetables at a glance 👀. Because no one likes running for nothing 🏃‍♂️💨.\r\n\r\n    🚏 Stop location: Find the nearest stops 🗺️.\r\n\r\n    ⭐ Favorites system: Mark your favorite lines and stations for quick access ⏩. Because no one should look for their favorite stop every day 🔍.\r\n\r\n    🔔 Personalized notifications: Receive alerts on your favorite lines 📱.\r\n\r\n    🚲 Availability of Vélomagg: Want to move differently? Find bikes available nearby and Vélomagg stations 🅿️. An ideal solution to avoid traffic jams and enjoy the fresh air 🌬️🚴‍♂️.\r\n\r\n\r\nDownload Montpellier Transports now and let us make your journeys less tedious 🚎✨.",
    "summary": "Your transport app in Montpellier: practical, intuitive, and made for you.",
    "installs": "1,000+",
    "score": 4.875,
    "ratings": 8,
    "price": 0,
    "currency": "EUR",
    "developer": "Louis Raverdy",
    "developerEmail": "contact@montpellier-transports.fr",
    "developerWebsite": "https://montpellier-transports.fr/",
    "developerAddress": null,
    "privacyPolicy": "https://montpellier-transports.fr/legal",
    "genre": "Maps & Navigation",
    "contentRating": "PEGI 3",
    "released": "Dec 12, 2024",
    "lastUpdatedOn": "Mar 30, 2025",
    "appId": "com.louisraverdy.montpellier_transports",
    "permisions": {
        "Location": [
            "approximate location (network-based)",
            "precise location (GPS and network-based)"
        ],
        "Wi-Fi connection information": [
            "view Wi-Fi connections"
        ],
        "Other": [
            "Google Play license check",
            "control vibration",
            "full network access",
            "prevent device from sleeping",
            "read Google service configuration",
            "run at startup",
            "view network connections"
        ],
        "Uncategorized": [
            "receive data from Internet"
        ]
    }
}