{
    "title": "Turkish Airlines Flight Ticket",
    "description": "Our mobile application helping you to experience <b>the best travel experience</b> speeds\r\nyou up by remembering <b>your selections and flights</b>. You can use our application to\r\nbenefit from features making your life easier such as <b>reservation, ticketing and check-in</b>.📱\r\n\r\n<b>User-friendly design</b>\r\n• Either a vacations or a business trip, it now a lot easier to plan your travel!\r\n🏖 🏨 Our mobile application <b>remembers your selections, likes and flights</b>\r\nand makes recommendations exclusive to you.\r\n• We have created <b>a new design focused on the ideal user experience</b>.\r\nNow, you can easily make your travel plan, ticketing and Miles transactions.\r\n• Thanks to our easy to use application, you will buy tickets,\r\narrange your reservations and view your registered flights a lot faster.\r\n\r\n<b>Brand new discoveries</b>\r\n• Get ready to discover the world with the  airline operating between the most\r\npoints of the world. 🗺 By viewing the <b>special offers</b>, you can fly with advantageous prices.\r\n• By viewing the city guides, you will get to know about our recommendations\r\nthat will color your travel. You prepare for an enjoyable travel by checking out\r\nthe places to visit, the tastes to savor, airport transfer information and more\r\nfor the cities you will visit.🗼🗽\r\n\r\n<b>Reservation method</b>\r\n• You can make your reservation later by saving your flight. You can finish the\r\npayment <b>whenever you want on all of your devices</b>. 📱 💻\r\n• From <b>My Reservations</b> section, you can add a new flight, you can change\r\nor cancel your flight and add infants to your flight.\r\n\r\n<b>Fast and secure payment</b>\r\n• Among <b>various payment methods and currencies</b> available on our mobile application,\r\nyou can select the most convenient ones and make payments easily.💰💶\r\n• You can buy tickets a lot faster by saving your credit card or scanning your card with the camera at the payment stage.\r\n• You can always feel safe by hiding your credit card and profile information.💳\r\n\r\n<b>Miles&Smiles privileges</b>\r\n• We have developed a personalized <b>Miles&Smiles</b> experience exclusive to our mobile application. You can enter to your account with your finger print.👆🏻\r\n• You can get an award ticket or shop on <b>Shop&Miles</b> by using your Miles.\r\n• Now, Miles transactions are much more extensive! Transactions like <b>buying Miles</b> and <b>transferring Miles</b> can be carried out on our mobile application.\r\n\r\n<b>Additional services</b>\r\n• You can <b>make reservations from any hotel you like and save time by renting your car</b> before your travel with special prices or using your Miles. 🏨 🚗\r\n• If you wish, you can buy a travel <b>insurance</b> to take precautions against unexpected events during your travel.\r\n• In order to maximize your comfort, you can fly in the seat you wish by <b>selecting your seat</b>.💺\r\n\r\n<b>Details making your travel better</b>\r\n• It is now a lot easier to buy tickets for your travels including multiple flights. Just click on the <b>multi-city</b> selection.\r\n• You can follow the status of any flight you wish by using <b>flight status</b> feature.🛫 🛬\r\n• Before your travel, you can view the location of counters, cafes, restaurants, pharmacies and more on the maps with the uploaded <b>airport maps</b>.\r\n\r\n•<b>Turkish Airlines Official Accounts</b>\r\n\r\nTwitter: https://twitter.com/TurkishAirlines\r\nFacebook: https://www.facebook.com/turkishairlinesTR\r\nInstagram: https://www.instagram.com/turkishairlines\r\nYoutube: https://www.youtube.com/user/TURKISHAIRLINES",
    "summary": "Are you ready to discover the World with Turkish Airlines privileges?",
    "installs": "5,000,000+",
    "score": 4.7350426,
    "ratings": 128211,
    "price": 0,
    "currency": "EUR",
    "developer": "Turkish Airlines",
    "developerEmail": "mobilefeedback@thy.com",
    "developerWebsite": "http://www.turkishairlines.com/",
    "developerAddress": "Turkish Airlines General Management Building Ataturk Airport, Yesilkoy 34149 Istanbul Turkey",
    "privacyPolicy": "https://p.turkishairlines.com/en-gb/legal-notice/privacy-policy/",
    "genre": "Travel & Local",
    "contentRating": "PEGI 3",
    "released": "Nov 8, 2017",
    "lastUpdatedOn": "Apr 30, 2025",
    "appId": "com.turkishairlines.mobile",
    "permisions": {
        "Calendar": [
            "add or modify calendar events and send email to guests without owners' knowledge"
        ],
        "Location": [
            "approximate location (network-based)",
            "precise location (GPS and network-based)"
        ],
        "Phone": [
            "read phone status and identity"
        ],
        "Photos/Media/Files": [
            "modify or delete the contents of your USB storage",
            "read the contents of your USB storage"
        ],
        "Storage": [
            "modify or delete the contents of your USB storage",
            "read the contents of your USB storage"
        ],
        "Camera": [
            "take pictures and videos"
        ],
        "Microphone": [
            "record audio"
        ],
        "Wi-Fi connection information": [
            "view Wi-Fi connections"
        ],
        "Device ID & call information": [
            "read phone status and identity"
        ],
        "Other": [
            "change network connectivity",
            "change your audio settings",
            "connect and disconnect from Wi-Fi",
            "control Near Field Communication",
            "control vibration",
            "full network access",
            "modify system settings",
            "pair with Bluetooth devices",
            "prevent device from sleeping",
            "read Google service configuration",
            "run at startup",
            "view network connections"
        ],
        "Uncategorized": [
            "receive data from Internet"
        ]
    }
}