{
    "title": "BlaBlaCar: Carpooling and Bus",
    "description": "BlaBlaCar: Carpooling and Bus - your pick of rides at low prices! The choice is yours with thousands of rides and destinations on BlaBlaCar. Ride with someone going your way and save on your travel costs. You will find rides at your doorstep thanks to many different options of carpooling and bus carriers.\r\n\r\nCarpooling\r\nDriving somewhere?\r\nShare your ride and start saving on travel costs!\r\n• Publish your next ride in just minutes: it’s easy and fast\r\n• Decide who goes with you: review passengers’ profiles and ratings to know who you’re travelling with.\r\n• Enjoy the ride: that’s how easy it is to start saving on travel costs!\r\n\r\nWant to go somewhere?\r\nBook, meet and travel at low prices no matter where you’re going.\r\n• Search for a ride among thousands of destinations.\r\n• Find the ride closest to you: there’s maybe one leaving from just around the corner.\r\n• Book a seat instantly or request a seat: it’s simple!\r\n• Get closer to where you want to go, thanks to thousands of carpool options.\r\n\r\nBlaBlaCar buses\r\nBook your next bus ride and travel at low prices.\r\n• Choose among a wide choice of destinations.\r\n• Bag a bargain with bus tickets from just €X.XX for trips in France or in Germany.\r\n• Book your bus ticket easily and enjoy the ride.\r\n\r\n-------------------------\r\nNote: Continued use of GPS running in the background can dramatically decrease battery life.\r\nTELL US WHAT YOU THINK: https://www.blablacar.co.uk/contact",
    "summary": "Travel by carpool & bus",
    "installs": "100,000,000+",
    "score": 4.5596733,
    "ratings": 2288639,
    "price": 0,
    "currency": "EUR",
    "developer": "BlaBlaCar",
    "developerEmail": "android@blablacar.com",
    "developerWebsite": "https://www.blablacar.com",
    "developerAddress": null,
    "privacyPolicy": "https://www.blablacar.com/about-us/privacy-policy",
    "genre": "Travel & Local",
    "contentRating": "PEGI 3",
    "released": "Feb 17, 2010",
    "lastUpdatedOn": "Apr 30, 2025",
    "appId": "com.comuto",
    "permisions": {
        "Location": [
            "approximate location (network-based)",
            "precise location (GPS and network-based)"
        ],
        "Photos/Media/Files": [
            "modify or delete the contents of your USB storage",
            "read the contents of your USB storage"
        ],
        "Storage": [
            "modify or delete the contents of your USB storage",
            "read the contents of your USB storage"
        ],
        "Camera": [
            "take pictures and videos"
        ],
        "Microphone": [
            "record audio"
        ],
        "Wi-Fi connection information": [
            "view Wi-Fi connections"
        ],
        "Other": [
            "change network connectivity",
            "change your audio settings",
            "control Near Field Communication",
            "control vibration",
            "full network access",
            "modify system settings",
            "prevent device from sleeping",
            "run at startup",
            "view network connections"
        ],
        "Uncategorized": [
            "receive data from Internet"
        ]
    }
}