{
    "title": "PakWheels: Buy & Sell Cars",
    "description": "Established since 2003, <b>PakWheels.com</b> has helped millions of Pakistanis to Buy & Sell Cars, Bikes, and Auto Parts. Thousands of used cars listed for sale in Pakistan.\r\n\r\n<h1><b>Looking to buy a used car or bike?</b></h1>\r\n\r\nPakWheels app is the best car app in Pakistan. Do your car research – find out about the latest cars & bike prices, reviews and specifications, upcoming cars & bikes, popular car & bike models, and watch cars & bikes reviews videos. Calculate on-road new car prices, compare car & bike features. Get assistance with an auto loan/car finance.\r\n\r\nYou can buy and sell used cars & bikes quickly using the PakWheels App, which has 200,000+ vehicles for sale. Buy your car accessories and auto parts online. \r\n\r\nBenefits of downloading PakWheels App:\r\n\r\n<h2><b>Features For Buyers</b></h2>\r\n\r\n✔️ Search from <b>200,000+</b> Used Cars, Used Bikes, Auto parts & Car Accessories \r\n✔️ Smart Search Filter - Search Cars by budget, City, Category, Make, Model, Transmission, CC, Body Type Generation, Color and Registration City\r\n✔️ Save your favorite used cars/bikes ads to access them later\r\n✔️ Create alerts and get notified\r\n✔️ Check the latest market prices for New Cars & Bikes\r\n✔️ Compare Cars features and specifications\r\n✔️ Research specifications and features of local and imported cars\t\r\n✔️ Calculate accurate on-road prices, for domestic cars in Pakistan\r\n✔️ Search cars by category: Japanese Cars, Hybrid Cars, Imported Cars, Luxury Cars, Automatic Cars, 1000cc Cars, Sports Cars and Modified Cars\r\n✔️ PakWheels offers various Auto Parts & Car Accessories. Buy genuine spare parts online\r\n✔️ PakWheels auto store has Suzuki, Honda, Toyota Spare parts and Accessories\r\n✔️ Book <b>Car inspection service</b> with 200+ checkpoints using PakWheels app.\r\n✔️ Get the original Japanese/Imported <b>auction sheet verified</b> using PakWheels app.\r\n\r\n<h2><b>Features For Sellers</b></h2>\r\n\r\n✔️ Post an Ad for your car, bike, or auto part and sell it quickly – <b>Ad posting is FREE!</b>\r\n✔️ More than <b>3 million</b> buyers every month\r\n✔️ Manage your ads and respond to buyer’s queries directly from the app\r\n✔️ <b>BOOST</b> your Ads to stay on top of search listings\r\n✔️ <b>FEATURE</b> your Ads for maximum visibility\r\n\r\nThat’s not all. Here are some more ways the PakWheels app will help:\r\n\r\n<h3><b>Sell Used Cars with Ease</b></h3>\r\nWant to get rid of the car selling process, use PakWheels “Sell it For Me” service and leave the rest to us.\r\n\r\n<h3><b>Buy & Sell Used Bike Quickly</b></h3>\r\nYou can find a variety of used and new bikes on PakWheels app. Post FREE AD online and sell your motorcycle.\r\n\r\n<h3><b> Buy & Sell Car Accessories/Auto Parts</b></h3>\r\nPakWheels Auto Store is your one-stop shop for genuine auto parts. Use PakWheels app to buy and sell spare parts by categories like Interior, Exterior, Engine & Mechanical, Tyres & Wheels, Brakes and Car Care Accessories.\r\n\r\n<h3><b>Latest Car News, and Reviews Videos</b></h3>\r\nRead authentic and latest auto industry news on PakWheels blog and watch cars & Bikes owner reviews on PakWheels app before buying.\r\n\r\n<h3><b>Cool Rider Section</b></h3>\r\nEnjoy cool rides pictures uploaded on PakWheels App.\r\n\r\nPakWheels Android App is the most downloaded and top-rated car & Bike buying and selling app in Pakistan. Download now and experience the new way of doing car & Bike research.\r\n\r\n<b>Think Wheels, Think PakWheels!</b> \r\n\r\n<h4><b>Let's Connect:</b></h4>\r\n👉 Website: https://www.pakwheels.com\r\n👉 Facebook: https://web.facebook.com/pakwheels/\r\n👉 YouTube: https://www.youtube.com/user/Pakwheels\r\n👉 Instagram: https://www.instagram.com/pakwheels/\r\n👉 Twitter: https://twitter.com/PakWheels\r\n👉 LinkedIn: https://www.linkedin.com/company/pakwheels/",
    "summary": "Buy & sell cars, bikes & autoparts. Find new car prices, news, videos & reviews.",
    "installs": "5,000,000+",
    "score": 4.179487,
    "ratings": 33657,
    "price": 0,
    "currency": "EUR",
    "developer": "PakWheels (Pvt) Ltd.",
    "developerEmail": "support@pakwheels.com",
    "developerWebsite": "https://www.pakwheels.com",
    "developerAddress": null,
    "privacyPolicy": "http://www.pakwheels.com/privacy-policy",
    "genre": "Auto & Vehicles",
    "contentRating": "PEGI 3",
    "released": "May 5, 2013",
    "lastUpdatedOn": "May 2, 2025",
    "appId": "com.pakwheels",
    "permisions": {
        "Photos/Media/Files": [
            "modify or delete the contents of your USB storage",
            "read the contents of your USB storage"
        ],
        "Storage": [
            "modify or delete the contents of your USB storage",
            "read the contents of your USB storage"
        ],
        "Wi-Fi connection information": [
            "view Wi-Fi connections"
        ],
        "Other": [
            "control vibration",
            "full network access",
            "prevent device from sleeping",
            "run at startup",
            "view network connections"
        ],
        "Uncategorized": [
            "receive data from Internet"
        ]
    }
}