{
    "title": "Live Traffic NSW",
    "description": "Live Traffic NSW provides you with real-time information about unplanned and planned incidents that affect your trips in NSW and across borders into QLD, SA, VIC and ACT.\r\n\r\nFeatures include:\r\n-\tIncident information for Sydney and Regional NSW including crashes, breakdowns, fires, floods, snow, public events and roadworks.\r\n-\tStrategically located traffic camera images updated every 60 seconds, which you can save for quick access.\r\n-\tAbility to check for incidents along a route and save your frequently travelled trips. \r\n-\tCross-border incident information from QLD, SA, VIC and ACT.\r\n-\tLocation of fires from NSW Rural Fire Service.\r\n-\tLocal road information in Northern NSW (supplied by myroadinfo.com.au). \r\n\r\nLive Traffic NSW aims to help motorists make the best possible travel decisions that will, in turn, contribute to the safe and efficient management of our roads.\r\n\r\nLive Traffic NSW is owned and operated by the Transport Management Centre (TMC) which monitors and manages the 18,000km NSW State road network 24 hours a day, 7 days a week.\r\n\r\nThe TMC uses advanced monitoring, communication and traffic management systems to respond to and clear traffic incidents as quickly as possible, improve consistency of journey times, and provide customers with quality up-to-date information.\r\n\r\nThis app also uses data from interstate road agencies (QLD, SA, VIC and ACT), NSW Rural Fire Service, and Northern NSW local roads (myroadinfo.com.au). \r\n\r\nWe're committed to ensuring that Live Traffic NSW meets the needs of road users in NSW, and your feedback is essential. If you have any ideas, suggestions for improvement or questions about the app, please contact us by using the feedback form within the app.",
    "summary": "Live traffic updates and access to traffic cameras in Sydney and Regional NSW.",
    "installs": "1,000,000+",
    "score": 0,
    "ratings": 0,
    "price": 0,
    "currency": "EUR",
    "developer": "Transport for NSW",
    "developerEmail": "livetraffic@tmc.transport.nsw.gov.au",
    "developerWebsite": "http://www.livetraffic.com ",
    "developerAddress": null,
    "privacyPolicy": "https://www.transport.nsw.gov.au/online-privacy",
    "genre": "Travel & Local",
    "contentRating": "PEGI 3",
    "released": "Sep 10, 2012",
    "lastUpdatedOn": "Feb 20, 2025",
    "appId": "com.livetrafficnsw",
    "permisions": {
        "Location": [
            "approximate location (network-based)",
            "precise location (GPS and network-based)"
        ],
        "Wi-Fi connection information": [
            "view Wi-Fi connections"
        ],
        "Other": [
            "full network access",
            "prevent device from sleeping",
            "view network connections"
        ],
        "Uncategorized": [
            "receive data from Internet"
        ]
    }
}