{
    "title": "Find My Parked Car",
    "description": "<b>Never search for your parked car again!\r\nThis app remembers the parking location and shows you the way back. </b>\r\n\r\nHow it works:\r\nAfter you have parked, click <b>”Save Park Location” </b>\r\nTo find the parked car, click <b> “Find car” </b>\r\nThe app will show you the exact way back to the parked car.\r\n\r\n\r\nThe “One Button Interface” remembers the cars position. With one click you can save the parked\r\nlocation and find the way back. Nothing more is necessary! If you desire, there are many other functions available:\r\n\r\n- Parking Meter Alarm\r\n- Photo of the Parking Place\r\n- Step-by-step Navigation\r\n- Share Parked Location\r\n- Record a Voice Memo\r\n- Parking History\r\n\r\n\r\n<b>Tired of looking for your parked car after a day of shopping? </b>\r\nThis app takes that task off your hands. After you park, just press save location. That’s it!\r\nWant to find your way back to the car?\r\nEasy!\r\n<b>Just click, Find My Car and the app will direct you back to the parked car. </b>\r\n\r\n\r\n<b>Did your passengers forget where the car was parked? </b>\r\nYour passengers had other interests and went their own ways. Now it is time to return to the car\r\nand start the journey home. But where is the car?\r\nEasy!\r\n<b>Send them the parked location with one click! </b> The location will be shown in google maps and\r\nthe passengers can find their way back to the car. The passengers do not need to install the app.\r\n\r\n\r\n<b>Take A Photo! </b>\r\nTake a photo of your parked car to remind yourself and others the details of the parked location.\r\nAssume you have parked your car in a garage. Tap on the camera and take a photo with helpful details:  parking level, numbers, letters or colored area. Use prominent points or helpful objects to\r\nremember your cars location.\r\n\r\n\r\n<b>History</b>\r\nDisplays your favorite locations.\r\nJust tap on an entry to find the your way to the saved location. Helps to remind yourself and to find\r\na parking location used in the past.\r\n\r\n<b>Explanation Find my vehicle location requirements</b>\r\n- GPS is mandatory for this app.\r\n(We do not transfer anything else! We never collect personal data!)",
    "summary": "Find Your Parked Car With Just One Click",
    "installs": "50,000+",
    "score": null,
    "ratings": null,
    "price": 0,
    "currency": "EUR",
    "developer": "Romanisch",
    "developerEmail": "aluis.deragisch@gmail.com",
    "developerWebsite": "http://www.romontsch.ch/",
    "developerAddress": "Aluis Deragisch\nim Blatt E5\n6345 Neuheim",
    "privacyPolicy": "http://apps.visunia.com/privacy_policy.htm",
    "genre": "Auto & Vehicles",
    "contentRating": "PEGI 3",
    "released": "May 11, 2021",
    "lastUpdatedOn": "Nov 13, 2024",
    "appId": "com.visunia.car.locator",
    "permisions": {
        "Location": [
            "approximate location (network-based)",
            "precise location (GPS and network-based)"
        ],
        "Microphone": [
            "record audio"
        ],
        "Other": [
            "full network access",
            "prevent device from sleeping",
            "view network connections"
        ]
    }
}