{
    "title": "Return - Find My Car",
    "description": "The app Return helps you to find your way back to your saved location. Maybe the position of your car in a big city or just a place for meeting friends later, which also could be shared. Because of the clean and intuitive user interface the app is very simple to use. Just press the marker at the bottom to save your current location and give it a name. You can add notes and a picture to each saved location.\r\n\r\n\r\nFeatures:\r\n• Save current location easily\r\n• Save car park automatically when leaving your car \r\n• Save multiple locations\r\n• No ads\r\n• Add a photo and note to each location\r\n• Edit location via drag drop\r\n• Navigate linear distance\r\n• Navigation to your saved location via any Navigation-App\r\n• Add a location by long clicking the position on the map\r\n• Swipe to delete locations from the list\r\n• Center the saved location on the map by clicking the location name\r\n• Center the saved and your location on the map by long clicking the location name\r\n• Displays the address or coordinates automatically\r\n• Share saved locations\r\n\r\nPlease use the Support-Function of the app, if you have any problems or improvements.\r\n\r\nHelp translating the app: http://goo.gl/kOnFlB",
    "summary": "Save your favourite locations or car park automatically - Always find back-",
    "installs": "10,000+",
    "score": 4.5454545,
    "ratings": 590,
    "price": 0,
    "currency": "EUR",
    "developer": "Markus Exler",
    "developerEmail": "mex.developement@gmail.com",
    "developerWebsite": null,
    "developerAddress": null,
    "privacyPolicy": "https://www.exler.dev/apps/return/privacy-policy",
    "genre": "Maps & Navigation",
    "contentRating": "PEGI 3",
    "released": "Dec 22, 2013",
    "lastUpdatedOn": "Mar 14, 2021",
    "appId": "com.mexdesigns.returnapp",
    "permisions": {
        "Location": [
            "approximate location (network-based)",
            "precise location (GPS and network-based)"
        ],
        "Photos/Media/Files": [
            "modify or delete the contents of your USB storage",
            "read the contents of your USB storage"
        ],
        "Storage": [
            "modify or delete the contents of your USB storage",
            "read the contents of your USB storage"
        ],
        "Other": [
            "access Bluetooth settings",
            "control vibration",
            "full network access",
            "pair with Bluetooth devices",
            "read Google service configuration",
            "run at startup",
            "view network connections"
        ]
    }
}