{
    "title": "OUIGO : TGV & trains pas cher",
    "description": "Prepare both your daily life and your vacation with the OUIGO application. For your business trips or your getaways in France, book your low cost & TGV train tickets. With OUIGO, the low cost offer from SNCF Voyageurs, book your tickets 100% online and travel at low prices by High Speed ​​Train and Classic Train to more than 60 destinations in France. \r\n\r\nBOOK YOUR TRAIN & TGV TICKETS AT LOW PRICE WITH THE OUIGO APP: \r\n- Trains from 10€ to 19€ depending on the departure station \r\n- The price of a child's ticket all year round is 8 euros for High Speed ​​and 5 euros for Classic Train. \r\n- A more simplified reservation thanks to our OUIGO customer tab and its many features (favorite journeys, travel companions, simplified payment, vouchers, etc.) \r\n\r\n CHOOSE YOUR TRAIN, YOUR SEAT, PAY AND IT’S IN YOUR POCKET: \r\n- Search for my trips easily \r\n- Select my seat, my options and validate my reservation \r\n- Proceed to payment securely \r\n- Modify my reservation \r\n- Access my tickets easily directly in the app or by downloading the ticket from Wallet \r\n\r\nOUR OUIGO PLUS OFFER FOR ONLY €9  \r\n- An “all inclusive” formula to take advantage of numerous options including: \r\n- Possibility to choose your seat: standard, with plug or solo \r\n- Benefit from additional or bulky baggage \r\n- OUIFI and OUIFUN services included \r\n\r\n ENJOY OUR À LA CARTE PACKAGE WITH OUIGO ESSENTIEL: \r\n- Choose your standard seat (+3€), plugged (+3€) or solo (+7€) with the “CHOICE OF SEAT” option \r\n- Add additional or bulky baggage (+5€) \r\n- Add a folded bike under cover (+5€) \r\n- Change the date of your trip as many times as you want and up to the last minute for only €9 thanks to the OUIGOFLEX option \r\n\r\n PURCHASE OR RESALE OF YOUR TICKETS VIA OUIGOSWAP \r\n- Do you have a last minute unforeseen event? Use the OUIGOSWAP option to relist your ticket and wait for it to be purchased by someone else.  \r\n\r\nDISCOVER THE LANDSCAPES OF THE FOUR CORNERS OF FRANCE THANKS TO THE TGV OUIGO: \r\n- Paris (Gare de Lyon, Gare de l’Est, Gare Montparnasse, Gare d’Austerlitz, Gare de Bercy, Marne-la-Vallée, Massy TGV, Roissy-Charles de Gaulle Airport TGV) \r\n- Marseille Saint-Charles \r\n- Lyon (Lyon Saint-Exupéry, Lyon Perrache, Lyon Part Dieu) \r\n- Montpellier (Montpellier Saint-Roch, Montpellier South of France) \r\n- Nantes \r\n- Rennes \r\n- Bordeaux \r\n- Toulouse \r\n- Lille (Lille Flandres, Tourcoing) \r\n- Strasbourg \r\n- And much more: Agen, Aix-en-Provence TGV, Angers Saint-Laud, Angoulême, Avignon TGV, Le Mans, Montauban, Nîmes, Nîmes Pont-du-Gard, Amiens (TGV Haute Picardie station), Valence. \r\n\r\nON THE ROUTE TO THE DESTINATION OF YOUR DREAMS  \r\n- When the day comes, remember that boarding closes 5 minutes before train departure. Don’t forget to take your printed ticket or your e-ticket with you on the OUIGO APP. And for those with a sweet tooth, bring a snack: there is a bar car in the OUIGO Classic Trains, but not in the High Speed ​​Trains. Welcome aboard! :) \r\nA question or problem with the app? Consult our FAQ: https://www.ouigo.com/faq \r\nOr contact us via https://www.ouigo.com/contact or by email at support.appli@ouigo.com \r\n\r\nYou can also find us on all of our social networks: \r\n- OUIGO: https://www.ouigo.com/   \r\n- Facebook: https://fr-fr.facebook.com/Ouigo.fr  \r\n- Instagram: https://www.instagram.com/ouigo/?hl=fr \r\n- X: https://twitter.com/OUIGO\r\n- TikTok: https://www.tiktok.com/@ouigo \r\n- YouTube: https://www.youtube.com/channel/UCVBEHWC2ouLx-4yG6tI30BA",
    "summary": "OUIGO, the SNCF low-cost TGV: buy your cheap train tickets",
    "installs": "5,000,000+",
    "score": 4.504371,
    "ratings": 17327,
    "price": 0,
    "currency": "EUR",
    "developer": "SNCF Voyageurs",
    "developerEmail": "support.appli@ouigo.com",
    "developerWebsite": "https://www.ouigo.com/faq",
    "developerAddress": null,
    "privacyPolicy": "https://www.ouigo.com/infos-legales",
    "genre": "Travel & Local",
    "contentRating": "PEGI 3",
    "released": "Mar 26, 2013",
    "lastUpdatedOn": "Apr 25, 2025",
    "appId": "com.sncf.ouigo",
    "permisions": {
        "Calendar": [
            "add or modify calendar events and send email to guests without owners' knowledge",
            "read calendar events plus confidential information"
        ],
        "Location": [
            "precise location (GPS and network-based)"
        ],
        "Photos/Media/Files": [
            "modify or delete the contents of your USB storage",
            "read the contents of your USB storage"
        ],
        "Storage": [
            "modify or delete the contents of your USB storage",
            "read the contents of your USB storage"
        ],
        "Camera": [
            "take pictures and videos"
        ],
        "Wi-Fi connection information": [
            "view Wi-Fi connections"
        ],
        "Other": [
            "change network connectivity",
            "connect and disconnect from Wi-Fi",
            "control vibration",
            "draw over other apps",
            "full network access",
            "prevent device from sleeping",
            "run at startup",
            "view network connections"
        ],
        "Uncategorized": [
            "receive data from Internet"
        ]
    }
}