{
    "title": "Beam - Escooter sharing",
    "description": "Download the app to find and ride a Beam e-scooter in your city. No deposit required.\r\n\r\nAt Beam we want to help cities flow better for everyone. Getting people out of their cars and onto our scooters is just the beginning. Riding a Beam is affordable, convenient and much better for the environment. Oh, and did we mention it’s really fun?\r\n\r\nWhether it’s your commute to work, the last mile home, getting to the shops, or just a fun day touring the city with friends, there’s no end to the ways Beam can help your life flow a little better.\r\n\r\nDownload it today, and wherever you want to go, Beam there.\r\n\r\nHow it works:\r\nDownload the app\r\nSign up for an account\r\nFind and unlock a Beam\r\nCheck you understand the local rules of the road\r\nEnjoy the ride",
    "summary": "At Beam, we want to change the way you move.",
    "installs": "1,000,000+",
    "score": 4.76,
    "ratings": 91687,
    "price": 0,
    "currency": "EUR",
    "developer": "Ride Beam",
    "developerEmail": "support@ridebeam.com",
    "developerWebsite": "http://www.ridebeam.com",
    "developerAddress": null,
    "privacyPolicy": "https://www.ridebeam.com/privacy-policy/english",
    "genre": "Travel & Local",
    "contentRating": "PEGI 3",
    "released": "Oct 18, 2018",
    "lastUpdatedOn": "Apr 22, 2025",
    "appId": "com.escooterapp",
    "permisions": {
        "Location": [
            "approximate location (network-based)",
            "precise location (GPS and network-based)"
        ],
        "Phone": [
            "read phone status and identity"
        ],
        "Photos/Media/Files": [
            "modify or delete the contents of your USB storage",
            "read the contents of your USB storage"
        ],
        "Storage": [
            "modify or delete the contents of your USB storage",
            "read the contents of your USB storage"
        ],
        "Camera": [
            "take pictures and videos"
        ],
        "Wi-Fi connection information": [
            "view Wi-Fi connections"
        ],
        "Device ID & call information": [
            "read phone status and identity"
        ],
        "Other": [
            "access Bluetooth settings",
            "control Near Field Communication",
            "control vibration",
            "full network access",
            "pair with Bluetooth devices",
            "prevent device from sleeping",
            "read Google service configuration",
            "run at startup",
            "view network connections"
        ],
        "Uncategorized": [
            "receive data from Internet"
        ]
    }
}