{
    "title": "FAIRTIQ",
    "description": "With FAIRTIQ you don’t have to buy a ticket in advance, indicate your destination or struggle to find the right zone. You will always be charged the best available price, once you have completed your journey. It doesn't matter how often you switch directions, or even if you change between trains, buses and trams. With FAIRTIQ there are no hassles, no complications, just smooth and easy travel at fair prices!\r\n\r\n\r\nHow it works\r\n\r\nShortly before boarding a vehicle, such as train, bus, tram or boat, simply swipe the \"Start\" button in the FAIRTIQ app. Your final destination does not need to be entered.\r\nIf a conductor requests ticket validation, click the \"Show ticket\" button and the QR code will automatically be displayed in the app.\r\nOnce you have arrived at your destination, swipe the \"Stop\" button in FAIRTIQ. The optimised cost for your trip is then displayed in the app.\r\n\r\nCompanion mode: With this new function, not only do you get a valid ticket easily and conveniently, but also your fellow companions.\r\n\r\n\r\nArea of validity\r\nYou will find an overview of the area of validity here https://fairtiq.com/en/passengers/area-of-validity\r\n\r\n\r\nWould you like to know more?\r\n\r\nOur support team is at your disposal to answer any questions, offer advice and provide further information. Contact us at feedback@fairtiq.com.",
    "summary": "Public Transport Tickets Made Easy",
    "installs": "1,000,000+",
    "score": 4.0930233,
    "ratings": 20724,
    "price": 0,
    "currency": "EUR",
    "developer": "FAIRTIQ Ltd",
    "developerEmail": "feedback@fairtiq.com",
    "developerWebsite": "https://www.fairtiq.com",
    "developerAddress": null,
    "privacyPolicy": "https://app-static.fairtiq.com/pp/pp-index.html",
    "genre": "Maps & Navigation",
    "contentRating": "PEGI 3",
    "released": "Apr 27, 2016",
    "lastUpdatedOn": "Apr 22, 2025",
    "appId": "com.fairtiq.android",
    "permisions": {
        "Location": [
            "approximate location (network-based)",
            "precise location (GPS and network-based)"
        ],
        "Photos/Media/Files": [
            "modify or delete the contents of your USB storage",
            "read the contents of your USB storage"
        ],
        "Storage": [
            "modify or delete the contents of your USB storage",
            "read the contents of your USB storage"
        ],
        "Wi-Fi connection information": [
            "view Wi-Fi connections"
        ],
        "Other": [
            "access Bluetooth settings",
            "control vibration",
            "full network access",
            "pair with Bluetooth devices",
            "prevent device from sleeping",
            "run at startup",
            "view network connections"
        ],
        "Uncategorized": [
            "receive data from Internet"
        ]
    }
}