{
    "title": "CheckMyBus: Find bus tickets!",
    "description": "CheckMyBus – search and compare millions of connections and find the perfect bus for you.\r\n\r\nAre you planning a trip, and you are not sure how to reach your destination?\r\n\r\nMillions of happy travelers already used CheckMyBus – be the next!\r\n\r\nWith just a few clicks, you will be able to search and compare all the buses to your destination and find the best bus for your necessities. And of course, our App and service is free of charge!\r\n\r\nWHY USE CHECKMYBUS\r\n\r\nWe work with hundreds of companies from around the world, to offer you the cheapest routes available. Our bus network is expanding day by day, and we apply no additional fees to the ticket price.\r\n\r\nNOT JUST BUSES – CheckMyBus collaborates also with train, flight and carpooling companies, to give you even more options to reach your destination.\r\n\r\nTRAVEL AROUND THE WORLD – With CheckMyBus you can find buses and other transports in the majority of North America, South America, Europe, South Africa, Australia, New Zealand and even Southeast Asia.\r\n\r\nAN APP FOR EVERYONE – The App of CheckMyBus is available in 8 languages (including Mexican Spanish and Brazilian Portuguese), and you can compare the prices in 20 different currencies.\r\n\r\nHOW TO USE THE CHECKMYBUS APP\r\n\r\nInsert the info about your trip: origin, destination and departure date. Add a return date if you already know when you will travel back. Travelling as a group? Select the number of adults or children coming with you. When you are set, click on “Find now” to see all the possible connections between the two cities.\r\n\r\nToo many connections? Don’t worry! Use the button on the bottom right to access the Filters. Here you can change the order in which the results are displayed or reduce the number of results shown.\r\n\r\nIn the Filters section you have many options: select the preferred way of travel, price levels, payment methods, departure and arrival times. You can also decide to show only your preferred companies, if available, and select specific stations from where to depart or where to arrive. Set the filters how you want, and then search for the offer that suits you best!\r\n\r\nOnce you have found the best offer for you, click on it. You will then be redirected to our partner’s store page, where you will be able to book your ticket.\r\n\r\nCheckMyBus, we make bus travel simple.",
    "summary": "Simple and Fast: Compare millions of bus tickets in one place",
    "installs": "500,000+",
    "score": 3.6296296,
    "ratings": 1588,
    "price": 0,
    "currency": "EUR",
    "developer": "CheckMyBus GmbH",
    "developerEmail": "mobileapp@checkmybus.com",
    "developerWebsite": "https://www.checkmybus.com",
    "developerAddress": "Fürther Straße 212\n90429 Nuremberg\nGermany\n\nFacebook: https://www.facebook.com/checkmybuscom\nTwitter:      https://twitter.com/checkmybus_com\nSupport:    https://blog.checkmybus.com/support\nBlog:          https://blog.checkmybus.com",
    "privacyPolicy": "https://www.checkmybus.com/service/imprint#privacy",
    "genre": "Travel & Local",
    "contentRating": "PEGI 3",
    "released": "Jan 28, 2014",
    "lastUpdatedOn": "Sep 3, 2024",
    "appId": "com.checkmybus.androidapp",
    "permisions": {
        "Photos/Media/Files": [
            "modify or delete the contents of your USB storage",
            "read the contents of your USB storage"
        ],
        "Storage": [
            "modify or delete the contents of your USB storage",
            "read the contents of your USB storage"
        ],
        "Other": [
            "control vibration",
            "draw over other apps",
            "full network access",
            "view network connections"
        ]
    }
}