{
    "title": "Headspace: Meditation & Health",
    "description": "Welcome to Headspace, your guide to mental health, mindfulness, and meditation. Stress less, sleep deeper, and feel happier with expert-guided meditations, one-on-one mental health coaching, therapy and daily mindfulness exercises. Choose from hundreds of meditation sessions on how to meditate, sleep better, manage stress, learn breathing techniques to relieve anxiety, relax, achieve calmness and improve mental wellness.\r\n\r\nMeditate, practice mindfulness, relax, and sleep well. Headspace can help you stress less in just a few minutes a day, proven to reduce stress by 14% in 10 days. Begin your free trial to feel the transformation.\r\n\r\n🧘‍♂️ DAILY MEDITATIONS & MINDFULNESS\r\nDiscover mental wellness and mindfulness with over 500+ guided meditations. From quick 3-minute mental resets to longer mindful meditations, we'll help you make meditation a daily practice. Learn new meditation skills with mindfulness exercises, daily meditations, and self-care practices.\r\n\r\n🌙 SLEEP MEDITATIONS & RELAXING SOUNDS\r\n Enjoy better sleep with soothing sleep sounds, relaxing music to reduce anxiety, calming sounds for sleep and guided sleep meditations. Immerse yourself in sleepcasts and bedtime soundscapes to help with insomnia. Start nighttime meditation to reduce stress and anxiety symptoms.\r\n\r\n🌬️ STRESS RELIEF & BREATHING EXERCISES\r\nMeditate, relax and relieve stress and anxiety with expert-led breathing exercises, guided meditations, and personalized mental health coaching & therapy. Learn breathwork and breathing techniques to help you stay balanced and calm. Choose from daily meditations on agitation and anger, anti-stress, depression, anger management, grief & loss.\r\n\r\n👥 MINDFUL COACH & MENTAL HEALTH SERVICES\r\nGet matched and text with your own online mental health coach and schedule therapy sessions at your convenience. Headspace mental health therapists are trained professionals who provide personalized care to help you set and reach goals, detect signs of anxiety, manage stress and trauma, and overall mental health counselling.\r\n\r\n💖 SELF-CARE TOOLS & RESOURCES\r\nExplore guides, self-care techniques and tools for holistic well-being. Empower yourself with tips and resources to avoid burnout, manage panic attacks and anxiety, and stress management.\r\n\r\n🚀 FIND WELLNESS & BALANCE\r\nIncrease balance with guided meditation and focus music. Relax with quick breathing exercises, relaxation music, and mindful meditation. Improve focus with binaural beats and relaxing music for studying.\r\n\r\n💪 MINDFUL MOVEMENT & MEDITATION YOGA\r\nYoga for stress relief and anxiety, and mindful movement to strengthen your mind-body connection. Join Olympians Kim Glass & Leon Taylor in guided runs, yoga, and 28 days of mindful fitness.\r\n\r\n📈 PROGRESS TRACKING \r\nSelf-care tracker to follow your mental health journey and set goals. Share insights with your personal mindfulness coach so they can keep you on track towards your goals.\r\n\r\nHeadspace is your one-stop mental health app. Whether you want to improve sleep, reduce stress, manage daily anxiety, or text with a mental health coach, our proven tools will help you achieve better mental well-being and mindset health.\r\n\r\nAccess online therapy and psychiatry through your organization.* (Chat with a coach about what’s covered, or contact your organization’s benefits team.)\r\n\r\nElevate your well-being with Headspace. Engage in mindfulness exercises, calming sounds for sleep, and guided meditation techniques for anxiety and stress relief. Practice mindful breathing to relax and calm down, and nurture a stress-free, mindful lifestyle.\r\n\r\nStart your free trial and experience the benefits of healing meditation, mindfulness and expert mental health coaching. Subscription options: $12.99/month, $69.99/year. These prices are for the United States. Prices in other countries may vary and actual charges may be converted to local currency. Coaching pricing varies by subscription. Subscription payment will be charged to your Google Account at purchase confirmation.",
    "summary": "Stress, anxiety, and mental health support through guided meditation and therapy",
    "installs": "10,000,000+",
    "score": 4.1273584,
    "ratings": 332238,
    "price": 0,
    "currency": "EUR",
    "developer": "Headspace for Meditation, Mindfulness and Sleep",
    "developerEmail": "help@headspace.com",
    "developerWebsite": "http://headspace.com",
    "developerAddress": "2417 Michigan Avenue\nSanta Monica, CA 90404",
    "privacyPolicy": "https://www.headspace.com/privacy-policy",
    "genre": "Health & Fitness",
    "contentRating": "PEGI 3",
    "released": "Jan 6, 2012",
    "lastUpdatedOn": "May 2, 2025",
    "appId": "com.getsomeheadspace.android",
    "permisions": {
        "Calendar": [
            "add or modify calendar events and send email to guests without owners' knowledge",
            "read calendar events plus confidential information"
        ],
        "Location": [
            "approximate location (network-based)",
            "precise location (GPS and network-based)"
        ],
        "Phone": [
            "directly call phone numbers",
            "read phone status and identity"
        ],
        "Photos/Media/Files": [
            "modify or delete the contents of your USB storage",
            "read the contents of your USB storage"
        ],
        "Storage": [
            "modify or delete the contents of your USB storage",
            "read the contents of your USB storage"
        ],
        "Camera": [
            "take pictures and videos"
        ],
        "Microphone": [
            "record audio"
        ],
        "Wi-Fi connection information": [
            "view Wi-Fi connections"
        ],
        "Device ID & call information": [
            "read phone status and identity"
        ],
        "Other": [
            "access Bluetooth settings",
            "change your audio settings",
            "control vibration",
            "draw over other apps",
            "full network access",
            "pair with Bluetooth devices",
            "prevent device from sleeping",
            "reorder running apps",
            "run at startup",
            "send sticky broadcast",
            "view network connections"
        ],
        "Uncategorized": [
            "receive data from Internet"
        ]
    }
}