{
    "title": "Mobilize",
    "description": "Mobilize Share is the carsharing service of Mobilize. You can rent a Renault city car or utility vehicle 24/7 on a self-service basis for as long as you want (one hour, one day or more).\r\n\r\nAre you looking for a fast and autonomous car rental? The cars in the Mobilize Share network are available in several major cities as well as in the parking lots of several partner stores.\r\n\r\nThe Mobilize Share service offers a wide range of vehicles: city cars for your weekend getaways, utility vehicles for your removals as well as Zero Emission (ZE) electric vehicles for your quick errands in urban areas.\r\n\r\nVehicles available in our services: Twingo, Clio, ZOE, Captur, Mégane, Scénic, Kadjar, Talisman, Kangoo, Trafic, Master... Test our latest models and find vehicles for all your daily needs.\r\n\r\nThe Mobilize Share application will allow you to make your reservation with complete peace of mind:\r\n- Practical: 100% digital operation.\r\n- Fast: opening via your smartphone, no need to queue in the agencies!\r\n- Economical: no subscription and no commitment\r\n\r\nHow does it work?\r\n1. Simply register from the application\r\n2. Select your vehicle in the vicinity: in the city, in a branch or in the parking lots of partner stores\r\n3. Reserve your vehicle and choose the duration of your reservation\r\n4. Open and close the car from your smartphone and follow the instructions given by the application\r\n5. At the end of your reservation: Extend or modify your reservations directly on the app. Simply return the car to its original location!\r\n\r\nSimple and fast, the Mobilize Share car-sharing service is available to accompany you 24/7:\r\nhttps://share.mobilize.com/\r\n\r\nPractical and accessible, the replacement vehicle service is available via the application, for more information ask your Renault dealer.\r\n\r\nUseful and flexible, the business travel service is available to help you with your trips for registered companies.\r\n\r\nIf you have a question about registration or during the rental process, Mobilize Share customer service is at your service to ensure the best carsharing experience possible:\r\n- France: 08 05 08 02 17 (free number 24 hours a day)\r\n- Italy: +39 800 991 516\r\n- Spain: +34 911 238 335\r\n\r\nYou can also contact us via the following form:\r\nhttps://share.mobilize.fr/professionnels",
    "summary": "Beyond Automotive",
    "installs": "500,000+",
    "score": 4.517073,
    "ratings": 17237,
    "price": 0,
    "currency": "EUR",
    "developer": "glide.io",
    "developerEmail": "contact@renault-mobility.com",
    "developerWebsite": "https://share.mobilize.com/",
    "developerAddress": "1 rue de Gramont 75002 Paris, France",
    "privacyPolicy": "https://share.mobilize.fr/donnees-personnelles",
    "genre": "Travel & Local",
    "contentRating": "PEGI 3",
    "released": "Jan 30, 2017",
    "lastUpdatedOn": "Apr 8, 2025",
    "appId": "com.rcimobility.renaultmobility.b2c",
    "permisions": {
        "Device & app history": [
            "retrieve running apps"
        ],
        "Location": [
            "approximate location (network-based)",
            "precise location (GPS and network-based)"
        ],
        "Photos/Media/Files": [
            "modify or delete the contents of your USB storage",
            "read the contents of your USB storage"
        ],
        "Storage": [
            "modify or delete the contents of your USB storage",
            "read the contents of your USB storage"
        ],
        "Camera": [
            "take pictures and videos"
        ],
        "Other": [
            "access Bluetooth settings",
            "change network connectivity",
            "full network access",
            "pair with Bluetooth devices",
            "prevent device from sleeping",
            "run at startup",
            "view network connections"
        ],
        "Uncategorized": [
            "receive data from Internet"
        ]
    }
}