{
    "title": "Service My Car",
    "description": "Welcome to Service My Car, your ultimate solution for hassle-free car maintenance and services. Say goodbye to waiting in workshops and unexpected breakdowns. Our user-friendly app puts you in the driver's seat, allowing you to make a booking, track your vehicle's health, and receive personalized recommendations – all with a few taps. One App for every car owner! \r\n\r\nKey Features: \r\n\r\n1. Effortless Booking: Schedule a Car Service & maintenance with just a few taps, whenever and wherever you are. No more waiting around in workshops or searching for one – your next Service or repair is just a tap away. \r\n\r\n2. Service History: Keep track of your car's maintenance history, repairs, and upcoming services. Never miss an important update again. \r\n\r\n3. Transparent Pricing: Get accurate quotes before booking. Our app ensures transparent pricing, so you can plan your budget without surprises. \r\n\r\n4. User-Friendly Interface: Intuitive design for effortless navigation. Access all features with ease, whether you're a tech enthusiast or a first-time user. \r\n\r\n5. Secure Payments: Pay securely within the app. Your transactions are protected, giving you peace of mind with every service or repair booking. \r\n\r\n6. Customer Support: Need assistance? Our dedicated support team is just a message away in the app. We're here to help you with any questions or concerns. \r\n\r\n7. Safety & Quality: Your safety is our priority. Enjoy peace of mind with our trusted and trained Workshops, secure payment options, and 24/7 customer support.\r\n \r\nDownload now and experience the future of car maintenance.\r\n\r\nEnjoy worry-free driving, personalized recommendations, and a reliable partner on the road. Your car deserves the best – and so do you. \r\n\r\nReady to transform your driving experience? Let's hit the road together!\r\n\r\nServices we offer differ per country: car service, car repair, flat tire, flat battery, car wash, vehicle renewal, and Mobile service.",
    "summary": "All your car needs in one app. Car Service, Car Repair, Car Wash and Much More",
    "installs": "50,000+",
    "score": 0,
    "ratings": 0,
    "price": 0,
    "currency": "EUR",
    "developer": "Servicemycar.com",
    "developerEmail": "info@servicemycar.com",
    "developerWebsite": "https://servicemycar.com/",
    "developerAddress": null,
    "privacyPolicy": "https://servicemycar.com/uae/privacy-policy",
    "genre": "Auto & Vehicles",
    "contentRating": "PEGI 3",
    "released": "Jul 28, 2020",
    "lastUpdatedOn": "Apr 24, 2025",
    "appId": "com.servicemycar.android",
    "permisions": {
        "Location": [
            "approximate location (network-based)",
            "precise location (GPS and network-based)"
        ],
        "Phone": [
            "read phone status and identity"
        ],
        "Photos/Media/Files": [
            "modify or delete the contents of your USB storage",
            "read the contents of your USB storage"
        ],
        "Storage": [
            "modify or delete the contents of your USB storage",
            "read the contents of your USB storage"
        ],
        "Camera": [
            "take pictures and videos"
        ],
        "Wi-Fi connection information": [
            "view Wi-Fi connections"
        ],
        "Device ID & call information": [
            "read phone status and identity"
        ],
        "Other": [
            "control vibration",
            "full network access",
            "pair with Bluetooth devices",
            "prevent device from sleeping",
            "run at startup",
            "view network connections"
        ],
        "Uncategorized": [
            "receive data from Internet"
        ]
    }
}