{
    "title": "Easy Rout Map: Navigation Path",
    "description": "GPS Live Street View app navigates your world faster and easier with voice navigation, transit, cycle, walk, and hike. Your real-time traffic, directions, and find my desired places. Navigation path finder feature lets you explore the world remotely, making it easier to plan your trips.\r\nUse a world map to see historical places with a given location guide in this app. You can easily track and navigate traffic anywhere in your hometown or city in just a few seconds. If you are a driver and need a simple route to reach your destination, here is a truck maps app for you. Immerse yourself by quick navigation in the surroundings offering a detailed & interactive perspective of your journey.\r\nNow you can show the world new places, route nearby places, real-time traffic conditions, and live location with address, Weather info, street view, Compass, Route Finder, Area calculator, emergency contact, and loads more. Route Map - Driving Direction is designed for all android users with supported 100+ languages that make it easy navigate to use and understand.\r\n➢ <b> Current Location & Nearby Places </b>\r\nNo matter what part of the world where you are, With GPS navigation you can easily know where to eat, drink and go. Find my current location details using “Where I am” application. Find my location all over the world through the live traffic app in a quick way.\r\n🌃 <b> Live Street View GPS Real-time </b>\r\nRoute Map-Driving Direction App is a 360 live earth map for your routes and travel destinations. You can find and share my location with a live street view & earth map and quickly find the nearest public places using the satellite map. You can explore places from around the world. Explore places from around the world with Street View navigation. Get driving directions to your office and schools by this running route planner.\r\n🛣️ <b> Route Finder and Earth Map Satellite </b>\r\nGPS route finder quickly gets your position on the map and get directions. Easy Route Map - Navigation Path App is very helpful for tourists and trips with GPS map road to find accurate & shortest way. You can find destination, where you want to go with bus route maps.\r\n📟 <b> Area Calculator & Digital Compass </b> 🧭\r\nStreet view route finder helps you to find distance navigation places and traveling time and towards your desired accurate location. Qibla compass will enable you to determine the Kaaba direction from any place in the world.\r\n🌦️ <b> Live Weather Details </b>\r\nWeather forecasts & storm radar provide the world’s most accurate forecast and weather details like local rain trackers, weather maps & alerts.\r\n⏰ <b> Country Info & World Clock </b>\r\nWorld clock timer shows the current time on the basis of your location easy. Route Map & Driving Direction App provides basic detail of almost all countries like population, capital, language, area calculator, currency, borders, and call code.\r\n🎚️ <b> Level Meter </b>\r\nLevel meter indicates whether a surface is horizontal (level) or vertical (plumb). Easy Route Map - GPS Navigation app is very helpful to check the level of any surface.\r\n🗣️ <b> Support Languages & Colorful Themes </b>\r\nEasy Route Map-Navigation Path App supports almost all languages which makes it easy to use in your desired language. You can change multiple themes that provide a more attractive interface.\r\n📚<b> Bookmark & Area History </b>\r\nEasy route finder can add your favorite places to a bookmark that is helpful to reach your target destination. All your activities will be saved in history and you can view and share it easily.\r\n🏆 <b> Advantages </b>\r\nMain merits of a Route Map - Driving Direction for the user of route search\r\nIt is distributed at no cost.\r\n•\tThe ability to share the result\r\n•\tIt is lightweight and installed in a matter of seconds.\r\n•\tIt occupies minimum space in your smartphone's memory and consumes little traffic\r\nWe value your feedback to improve our app! For suggestions or inquiries, feel free to contact us at musghu445566@gmail.com.",
    "summary": "Navigate your world faster and easier with voice navigation & street view map",
    "installs": "10,000,000+",
    "score": 4.07,
    "ratings": 9232,
    "price": 0,
    "currency": "EUR",
    "developer": "Travel Maps Tech",
    "developerEmail": "musghu445566@gmail.com",
    "developerWebsite": "https://street-view-e8c66.web.app/",
    "developerAddress": "Travel Maps Tech",
    "privacyPolicy": "https://sites.google.com/view/trending-tool/home",
    "genre": "Travel & Local",
    "contentRating": "PEGI 3",
    "released": "Jan 18, 2023",
    "lastUpdatedOn": "Jan 28, 2025",
    "appId": "com.easypath.maproute.drivingdirection.streetview",
    "permisions": {
        "Location": [
            "approximate location (network-based)",
            "precise location (GPS and network-based)"
        ],
        "Photos/Media/Files": [
            "modify or delete the contents of your USB storage",
            "read the contents of your USB storage"
        ],
        "Storage": [
            "modify or delete the contents of your USB storage",
            "read the contents of your USB storage"
        ],
        "Camera": [
            "take pictures and videos"
        ],
        "Wi-Fi connection information": [
            "view Wi-Fi connections"
        ],
        "Other": [
            "control vibration",
            "full network access",
            "prevent device from sleeping",
            "view network connections"
        ],
        "Uncategorized": [
            "receive data from Internet"
        ]
    }
}