{
    "title": "Sydney Bus",
    "description": "Provide timetable for Sydney transit (bus/ferry/tram/train) \r\n\r\n1. Nearby Stops\r\n- Provid all nearby bus stops sorted by the distance from current location\r\n- Click on a specific bus stop to display all bus routes via the stop\r\n- Click on a specific route to further display all stop sequence and their estimated arrival times\r\n- By clicking on a specific stop, you can further explore the stop nearby POI, such as food, restaurants, attractions and other store information.\r\n\r\n2. Bus Routes Information\r\n- Searching specific bus information by using route#, stop#, or partial stop name\r\n- Provide frequently used bus route for quickly selection.\r\n\r\n3. Direction planning\r\n- Provide the suggested traffic routes (walk, take bus, subway, train, etc.) between the desired departure and destination location\r\n- Provide a well-planned route map to indicate the traffic types you need to use\r\n- Use speech recognition to speed up the route planning\r\n- Click on the destination to explore the nearby attractions around the destination, such as food, restaurants, attractions and other store information\r\n- You can share the planned routes to a friend to his(her) LINE chat or EMAIL\r\n\r\n4. Nearby POI Search\r\n- Provide nearby POI search\r\n- The POI categories include snacks, coffee snacks, restaurants, MRT station, Bike point, train station, attractions, hospitals, supermarkets, beauty salons, hotels, clothing stores, bars, shoe stores, Shopping malls, schools, flower shops, electrical shops, banks, banks, travel agencies, bookstores, post offices, bicycle lines, steam locomotive, furniture, housing agents, pet shops, aquariums, etc.\r\n- Use voice input to query specific stores such as McDonald's, Starbucks, ...\r\n- Provide detailed information of a store, such as photos, rating score, address, URL,openning hours, comments, etc.\r\n- Searching radius ranging from  500 meters to 7km can be set as your need\r\n- Provide POI maps and street views. It also indicates the best route from current location (walking or cycling)\r\n- Support search of cities or landmarks all over the world\r\n- You can share POI information to a friend to his(her) LINE chat or EMAIL",
    "summary": "Timetable for Sydney Bus, Tram and Ferry, Nearby POI Search, Direction Planning",
    "installs": "10,000+",
    "score": null,
    "ratings": null,
    "price": 0,
    "currency": "EUR",
    "developer": "Goder Hsu",
    "developerEmail": "goder.hsu@gmail.com",
    "developerWebsite": "http://goder.tech/apps",
    "developerAddress": null,
    "privacyPolicy": "https://goder.tech/policy/privacypolicy.html",
    "genre": "Travel & Local",
    "contentRating": "PEGI 3",
    "released": "May 2, 2018",
    "lastUpdatedOn": "Apr 12, 2025",
    "appId": "com.goder.busquerysystemsyd",
    "permisions": {
        "Location": [
            "precise location (GPS and network-based)"
        ],
        "Photos/Media/Files": [
            "modify or delete the contents of your USB storage",
            "read the contents of your USB storage"
        ],
        "Storage": [
            "modify or delete the contents of your USB storage",
            "read the contents of your USB storage"
        ],
        "Other": [
            "draw over other apps",
            "full network access",
            "prevent device from sleeping",
            "view network connections"
        ]
    }
}