{
    "title": "MoveSpring",
    "description": "MoveSpring is a step and activity challenge platform for companies and organizations. Connect a wearable device and compete in step challenges as a group. \r\n\r\nWe offer a variety of challenge modes that offer individual, team and group-based competition. Option to let your users run their own challenges!\r\n\r\n- Leaderboard\r\n- Team Leaderboard\r\n- Journey\r\n- Streak\r\n- Target\r\n- Group Journey\r\n- Stick to it!\r\n- Group Target\r\n- Group Target Fundraiser\r\n\r\nLet participants use their own fitness trackers. We connect with the following devices: Fitbit, Apple Watch, Garmin, Wear OS by Google, Withings, Misfit, iPhone 5S+, Android phones, Apple Health, Google Fit, Polar, and Xiaomi. \r\n\r\nKeeping participants engaged is easy with customizable content, chat, and friends. \r\n\r\nOur simple admin center makes it easy to manage users, create challenges, and run reports. \r\n\r\nNote: In order to sign-up, your organization must purchase a subscription or one-time challenge. View more at movespring.com.",
    "summary": "MoveSpring: A workplace step challenge app",
    "installs": "100,000+",
    "score": 0,
    "ratings": 0,
    "price": 0,
    "currency": "EUR",
    "developer": "MoveSpring Org",
    "developerEmail": "info@stridekick.com",
    "developerWebsite": "https://movespring.com/",
    "developerAddress": null,
    "privacyPolicy": "https://movespring.com/privacy-policy",
    "genre": "Health & Fitness",
    "contentRating": "PEGI 3",
    "released": "Nov 27, 2017",
    "lastUpdatedOn": "Apr 24, 2025",
    "appId": "com.movespring",
    "permisions": {
        "Location": [
            "precise location (GPS and network-based)"
        ],
        "Photos/Media/Files": [
            "modify or delete the contents of your USB storage",
            "read the contents of your USB storage"
        ],
        "Storage": [
            "modify or delete the contents of your USB storage",
            "read the contents of your USB storage"
        ],
        "Camera": [
            "take pictures and videos"
        ],
        "Wi-Fi connection information": [
            "view Wi-Fi connections"
        ],
        "Other": [
            "full network access",
            "prevent device from sleeping",
            "run at startup",
            "view network connections"
        ],
        "Uncategorized": [
            "download files without notification",
            "receive data from Internet"
        ]
    }
}