{
    "title": "Radar Map, Radar Detector, HUD",
    "description": "Radar Map, Radar Detector, HUD is a leading police radar and speed cameras finder to save your money. Excellent and ultimate functions are following to experience a great journey...\r\n\r\nDiscover a seamless driving experience with \"Radar Map, Radar Detector, HUD,\" an innovative app designed to enhance your journey and keep you informed on the road. This app combines essential driving tools into one integrated platform, revolutionizing how you interact with your vehicle and the world around you.\r\n\r\nReal-time Radar Detector\r\nWorried about speed cameras and speed traps? Our advanced radar detector scans for both mobile and fixed radars, providing you with timely radar alerts. Unlike other driving app, our radarbot technology is engineered to differentiate between speed radar gun and other signals, ensuring that you receive only accurate and relevant alerts.\r\n\r\nHead-up Display (HUD)\r\nSay goodbye to the distraction of looking down at your phone or GPS navigation system. Our head-up display feature projects crucial driving information directly onto your windshield. Navigate with ease and keep your eyes focused on the road ahead.\r\n\r\nUp-to-date Maps\r\nNever lose your way with our meticulously updated maps. The app offers real-time GPS navigation, ensuring that you're always on the quickest and safest route. Whether it's avoiding a speed trap or finding a shortcut, the maps feature offers a dynamic look at the road ahead.\r\n\r\nFind Closest Radar\r\nUsing the cutting-edge radarbot technology, the speed-camera traffic app pinpoints the nearest speed radar or speed camera, allowing you to adjust your driving accordingly. You can also see the proximity of cop radar, enabling you to stay well within speed limits and avoid tickets.\r\n\r\nTravel History\r\nYour past routes are saved in the travel history feature, allowing you to review your drives, the alerts received, and any interactions with speed cameras and speed radars. This can be an invaluable tool for long-term road awareness and driving improvement.\r\n\r\nSpeedometer\r\nNever be caught off guard by speed limits again. Our digital speedometer display shows your current speed and compares it with local speed limits, making it easier than ever to drive responsibly.\r\n\r\nDownload \"Radar Map, Speed Camera Radar Detector, HUD\" today and experience a new dimension in driving technology. Take the stress out of your journey with radar alerts, head-up displays, and a host of other features designed to keep you safe and focused on the road.",
    "summary": "Radar Detector, Speedometer, Maps, Travel History, Speed Camera, HUD for Journey",
    "installs": "10,000,000+",
    "score": 4.1165047,
    "ratings": 16893,
    "price": 0,
    "currency": "EUR",
    "developer": "Negroni",
    "developerEmail": "android@negroniapplicationslimited.com",
    "developerWebsite": "http://radarmaps.negroniapplicationslimited.com/",
    "developerAddress": null,
    "privacyPolicy": "https://www.negroniapplicationslimited.com/privacy-policy/",
    "genre": "Maps & Navigation",
    "contentRating": "PEGI 3",
    "released": "Aug 10, 2022",
    "lastUpdatedOn": "Apr 15, 2025",
    "appId": "com.negroni.android.radar.maps.app",
    "permisions": {
        "Location": [
            "approximate location (network-based)",
            "precise location (GPS and network-based)"
        ],
        "Phone": [
            "read phone status and identity"
        ],
        "Photos/Media/Files": [
            "modify or delete the contents of your USB storage",
            "read the contents of your USB storage"
        ],
        "Storage": [
            "modify or delete the contents of your USB storage",
            "read the contents of your USB storage"
        ],
        "Wi-Fi connection information": [
            "view Wi-Fi connections"
        ],
        "Device ID & call information": [
            "read phone status and identity"
        ],
        "Other": [
            "connect and disconnect from Wi-Fi",
            "control vibration",
            "full network access",
            "prevent device from sleeping",
            "run at startup",
            "view network connections"
        ],
        "Uncategorized": [
            "receive data from Internet"
        ]
    }
}