{
    "title": "at bus",
    "description": "With at bus you can plan your trip, save places, stops and lines, check the status of services and buy all our tickets and passes.\r\n\r\nSearch\r\n\r\nSearch for lines, bus stops and schedules wherever you are.\r\n- Find the times of buses at your favourite stops and live departure times, where this service is available\r\n- Check the status of services that you use regularly\r\n- See nearby bus stops and sales points directly on the map\r\n\r\nBuy\r\n\r\nat bus is your online ticket office, open 24 hours a day, 7 days a week.\r\nYou can purchase all types of tickets and passes.\r\nHow? With my at!\r\n- For tickets and carnets all you need is a my at account. If you have not already created one on our website, you can sign up directly in the app\r\n- For passes, you can import a profile registered on our webshop shop.at-bus.it, by inserting your date of birth and tax code\r\n\r\nTravel\r\n\r\nOnce you have purchased the right ticket for your trip, all you have to do is get on board.\r\n- Search where you need to get to and select the best solution for you; the app will notify you when it’s time to depart\r\n- Follow the directions to get to the right stop by foot, monitor live departure times and track the number of stops on the map until you reach your destination\r\n- Save your favorite places so you always have them at your fingertips for next time",
    "summary": "at bus - the official app for bus services in Tuscany",
    "installs": "500,000+",
    "score": 3.2142856,
    "ratings": 1122,
    "price": 0,
    "currency": "EUR",
    "developer": "Autolinee Toscane S.p.A.",
    "developerEmail": "info@autolineetoscane.it",
    "developerWebsite": "https://www.at-bus.it/",
    "developerAddress": null,
    "privacyPolicy": "https://instant-system.com/disclaimers/privacy-policy_97.html",
    "genre": "Maps & Navigation",
    "contentRating": "PEGI 3",
    "released": "Jul 27, 2022",
    "lastUpdatedOn": "Apr 11, 2025",
    "appId": "com.ratp.toscane",
    "permisions": {
        "Location": [
            "approximate location (network-based)",
            "precise location (GPS and network-based)"
        ],
        "Photos/Media/Files": [
            "modify or delete the contents of your USB storage",
            "read the contents of your USB storage"
        ],
        "Storage": [
            "modify or delete the contents of your USB storage",
            "read the contents of your USB storage"
        ],
        "Camera": [
            "take pictures and videos"
        ],
        "Other": [
            "control vibration",
            "full network access",
            "prevent device from sleeping",
            "read Google service configuration",
            "run at startup",
            "view network connections"
        ],
        "Uncategorized": [
            "receive data from Internet"
        ]
    }
}