{
    "title": "BlaBlaCar Daily",
    "description": "BlaBlaCar offers you Daily, the carpooling app for your Home-Work and regular trips! BlaBlaCar Daily finds a carpooler for all your trips and saves you money!\r\n\r\nLog in with your BlaBlaCar account, enter your home-work trip and find carpoolers available for your trip!\r\nFor Drivers:\r\n- No obligation: Accept passengers on your route whenever you want.\r\n- Simple: The meeting and drop-off points offered by BlaBlaCar Daily and modifiable bring passengers closer to your route\r\n\r\nFor Passengers:\r\n- Flexible: Order a carpooling up to 1 hour before departure and receive a confirmation with your driver's information and the meeting place.\r\n- Transparent: check the list of drivers we contact for you and easily access their profile.",
    "summary": "Daily carpooling",
    "installs": "1,000,000+",
    "score": 4.307333,
    "ratings": 36663,
    "price": 0,
    "currency": "EUR",
    "developer": "BlaBlaCar",
    "developerEmail": "contact@blablacardaily.com",
    "developerWebsite": "https://www.blablacardaily.com/",
    "developerAddress": null,
    "privacyPolicy": "https://www.blablalines.com/privacy",
    "genre": "Travel & Local",
    "contentRating": "PEGI 3",
    "released": "May 1, 2017",
    "lastUpdatedOn": "Apr 29, 2025",
    "appId": "com.blablalines",
    "permisions": {
        "Contacts": [
            "read your contacts"
        ],
        "Location": [
            "approximate location (network-based)",
            "precise location (GPS and network-based)"
        ],
        "Camera": [
            "take pictures and videos"
        ],
        "Wi-Fi connection information": [
            "view Wi-Fi connections"
        ],
        "Other": [
            "control Near Field Communication",
            "control vibration",
            "full network access",
            "prevent device from sleeping",
            "run at startup",
            "view network connections"
        ],
        "Uncategorized": [
            "receive data from Internet"
        ]
    }
}