{
    "title": "VroomVroomVroom - Car Hire",
    "description": "Transform your holiday into an unforgettable journey with the VroomVroomVroom App — the ultimate solution for taking the pain out of finding the right hire car for you — at a competitive price.\r\n\r\nVroomVroomVroom has been at the forefront of providing easy-to-use car hire search since 2001 and we’ve earned the trust of millions along the way. Our secret? Working with only the most respected car hire providers, ensuring that every booking is the epitome of both efficiency and convenience, and having the best customer support team in the business.\r\n\r\nDownload the VroomVroomVroom App today - it’s absolutely free, with no hidden fees nor in-app charges. Designed to simplify your life, our app lets you experience the ease of finding, comparing, and securing the perfect hire car for you in as little as two minutes. Booking a rental car couldn’t be easier.\r\n\r\nWhy should you choose the VroomVroomVroom App?\r\n\r\nAdvanced geolocation search:\r\nOur state-of-the-art booking engine uses your location (or any specified address) to pinpoint the nearest car rental depots. You can access maps, estimated travel times, petrol stations near depots, and much more. This means less time searching, more time exploring. (This feature requires access to the device GPS).\r\n\r\nEffortless user experience:\r\nFrom auto-completing searches to quick sorting and comprehensive filters (think car type, preferred provider, price range, seating capacity, and even transmission type), our app is designed to prioritize what matters to you.\r\n\r\nUtes, trucks and vans:\r\nIf you’re looking for a rental ute, truck or van in Australia, the VroomVroomVroom App offers seamless searching and booking for commercial vehicles as well. (For rentals in Australia only.)\r\n\r\nWorld-class support:\r\nYou can manage and view your bookings directly within the app, and should you need assistance, you can contact our customer service team through the app. We don’t mean to toot our own horn, but our customer support team is world class — rest assured you’re in the best hands in the business with VroomVroomVroom.\r\n\r\nWith the VroomVroomVroom App you’re not just booking a rental car, you’re embarking on a journey of ease and excellence, and it all starts with a tap on your screen. Download the App and steer your holiday towards perfection today!",
    "summary": "VroomVroomVroom the ultimate solution for finding the right hire car for you.",
    "installs": "10,000+",
    "score": null,
    "ratings": null,
    "price": 0,
    "currency": "EUR",
    "developer": "VroomVroomVroom Pty Ltd",
    "developerEmail": "help@vroomvroomvroom.com.au",
    "developerWebsite": "https://www.vroomvroomvroom.com.au/",
    "developerAddress": null,
    "privacyPolicy": "https://www.vroomvroomvroom.com.au/privacy-policy/",
    "genre": "Travel & Local",
    "contentRating": "PEGI 3",
    "released": "Nov 15, 2017",
    "lastUpdatedOn": "Feb 12, 2025",
    "appId": "com.vroomvroomvroom.vroomandroid",
    "permisions": {
        "Location": [
            "approximate location (network-based)",
            "precise location (GPS and network-based)"
        ],
        "Photos/Media/Files": [
            "modify or delete the contents of your USB storage",
            "read the contents of your USB storage"
        ],
        "Storage": [
            "modify or delete the contents of your USB storage",
            "read the contents of your USB storage"
        ],
        "Camera": [
            "take pictures and videos"
        ],
        "Wi-Fi connection information": [
            "view Wi-Fi connections"
        ],
        "Other": [
            "full network access",
            "prevent device from sleeping",
            "run at startup",
            "view network connections"
        ],
        "Uncategorized": [
            "receive data from Internet"
        ]
    }
}