{
    "title": "Situm Wayfinding",
    "description": "Situm Wayfinding: Advanced Indoor Location and Navigation Solution\r\n\r\nMaximize the potential of indoor location services with Situm Wayfinding. Discover how Situm's indoor positioning and wayfinding can enhance your properties.\r\n\r\n- Explore detailed indoor maps and points of interest for buildings you’ve created on our dashboard (dashboard.situm.com).\r\n- Seamlessly navigate within calibrated buildings and establish routes to various points of interest.\r\n\r\nhttps://situm.com/en/try-us.\r\n\r\nSitum: The Indoor GPS.",
    "summary": "Experience Situm Wayfinding with our demo app.",
    "installs": "100+",
    "score": null,
    "ratings": null,
    "price": 0,
    "currency": "EUR",
    "developer": "Situm",
    "developerEmail": "support@situm.es",
    "developerWebsite": "https://situm.com/",
    "developerAddress": null,
    "privacyPolicy": "https://situm.com/en/privacy",
    "genre": "Maps & Navigation",
    "contentRating": "PEGI 3",
    "released": "Jun 13, 2024",
    "lastUpdatedOn": "Apr 23, 2025",
    "appId": "com.situm.maps",
    "permisions": {
        "Location": [
            "approximate location (network-based)",
            "precise location (GPS and network-based)"
        ],
        "Wi-Fi connection information": [
            "view Wi-Fi connections"
        ],
        "Other": [
            "access Bluetooth settings",
            "connect and disconnect from Wi-Fi",
            "full network access",
            "pair with Bluetooth devices",
            "prevent device from sleeping",
            "run at startup",
            "view network connections"
        ]
    }
}