{
    "title": "HHR Train",
    "description": "An amazing and unique booking experience to travel to the Holy cites via your smartphone using app HHSR.\r\nWith Haramain Mobile Applications, passengers can book from anywhere, at any time of day. Passengers have access to a very simple booking process, user-friendly with clear steps, where they can see all options available at a glance.\r\nAvailable services, tariffs and special promotions are immediately displayed in real-time using the integration with the train planner and central booking system.\r\nOur passengers do not have to wait for booking confirmation and they immediately receive their tickets in real-time by email and SMS.\r\n\r\nFEATURES:\r\n- Powerful calendars to check availability of the services\r\n- Decide your best location for your seats with quick view of the coach\r\n- Check the direction of the travel and your position\r\n- Change your seat with just one click\r\n- Pay with MADA, Visa or Master Card\r\n- Registration as HHSR member to have access to your sales history and access to your profile for an easier booking process\r\n- Find useful information such as telephones or email to contact our staff, location of the estation integrated with Google Maps, real-time information of the train services available, fare information, check our Terms & coditions for travelling with Haramain Railway\r\n- Select your preferred language to book: Arabic and English.",
    "summary": "Haramain High Speed Railway",
    "installs": "1,000,000+",
    "score": 2.9189188,
    "ratings": 3442,
    "price": 0,
    "currency": "EUR",
    "developer": "Saudi Spanish Train Project Co. LTD",
    "developerEmail": "hhrcrm@hhr.sa",
    "developerWebsite": "http://www.hhr.sa",
    "developerAddress": null,
    "privacyPolicy": "https://sar.hhr.sa/ar/privacy-policy#",
    "genre": "Travel & Local",
    "contentRating": "PEGI 3",
    "released": "Mar 12, 2021",
    "lastUpdatedOn": "Dec 16, 2024",
    "appId": "com.indra.haramain.pro",
    "permisions": {
        "Location": [
            "approximate location (network-based)",
            "precise location (GPS and network-based)"
        ],
        "Photos/Media/Files": [
            "modify or delete the contents of your USB storage",
            "read the contents of your USB storage"
        ],
        "Storage": [
            "modify or delete the contents of your USB storage",
            "read the contents of your USB storage"
        ],
        "Other": [
            "control vibration",
            "full network access",
            "prevent device from sleeping",
            "view network connections"
        ]
    }
}