{
    "title": "Check My Bike",
    "description": "Check My Bike – Don’t Buy a Stolen Bicycle!\r\nBuying a used bike? Make sure it’s not stolen! Check My Bike is a fast and easy app that helps you verify any bicycle before purchase.\r\n\r\n🚴‍♂️ How It Works?\r\n🔹 Search by Serial Number – Enter a bike’s serial number and instantly check if it’s reported stolen.\r\n🔹 Check by Brand & Model – Look up bicycles by brand, model, or other details to ensure a safe purchase.\r\n🔹 Theft Map – Select any location on Google Maps and see how many bikes have been reported stolen in that area.\r\n🔹 Expert Tips – Learn how to protect your bike, inspect used bicycles, and what to do if you buy a stolen one.\r\n🔹 Fast & Simple Interface – Get the information you need in just a few taps!\r\n\r\n🚀 Why Use Check My Bike?\r\n✔️ Instant verification of used bikes\r\n✔️ Works across the entire U.S.\r\n✔️ Uses the most up-to-date stolen bike database\r\n\r\nDon't risk buying a stolen bike! 🔥\r\nDownload Check My Bike now and buy with confidence!",
    "summary": "Check My Bike – Don’t Buy a Stolen Bicycle!",
    "installs": "5,000+",
    "score": null,
    "ratings": null,
    "price": 0,
    "currency": "EUR",
    "developer": "Apptuns",
    "developerEmail": "info@apptuns.com",
    "developerWebsite": "https://apptuns.com",
    "developerAddress": null,
    "privacyPolicy": "https://docs.google.com/document/d/15g98SmhkC441JTM_27aPSwXSCUp2eLnSITqMFg0-kP8/",
    "genre": "Tools",
    "contentRating": "PEGI 3",
    "released": "Aug 20, 2022",
    "lastUpdatedOn": "Sep 16, 2024",
    "appId": "com.apptuns.checkmybike",
    "permisions": {
        "Location": [
            "approximate location (network-based)",
            "precise location (GPS and network-based)"
        ],
        "Wi-Fi connection information": [
            "view Wi-Fi connections"
        ],
        "Other": [
            "full network access",
            "prevent device from sleeping",
            "run at startup",
            "view network connections"
        ]
    }
}