{
    "title": "EconomyBookings Car Rental",
    "description": "Going on vacation or a business trip and need a rental car? Download EconomyBookings Car Rental App absolutely for FREE and receive access to value-for-money rental deals in over 20.000 locations in 127 countries worldwide right on your Android phone.\r\nWith this App all you have to is to choose pick up and drop off locations, select from the wide range of vehicle the one that suits you best, add extras if required and then make a booking. After your reservation is confirmed, your voucher will be sent to your email. After that you may view, amend or cancel your reservation online being on the go.\r\nEconomyBookings.com operates in the online booking market since 2008 providing a money-saving opportunity to book quality cars supplied by world-largest and local car rental companies.\r\n\r\nWhy EconomyBookings Car Rental App?\r\n- More than 20.000 locations and 127 countries where it is possible to pick up and drop off the car including US, Italy, Spain, Germany, UK Jordan, UAE etc;\r\n- More than 750 major and local suppliers providing cars for a rental including Europcar, Sixt, Alamo, Alamo, Avis, Dollar Thrifty etc;\r\n- Weekly special deals providing you additional saving opportunities;",
    "summary": "Book a car rental on your Android phone in over 20.000 location Worldwide.",
    "installs": "1,000,000+",
    "score": 3.162162,
    "ratings": 2732,
    "price": 0,
    "currency": "EUR",
    "developer": "Booking Group Corporation",
    "developerEmail": "support@bookinggroup.com",
    "developerWebsite": "https://www.economybookings.com",
    "developerAddress": "Ziemelu str 4,\nRiga Airport\nLV-1053\nLatvia",
    "privacyPolicy": "https://www.economybookings.com/en/privacy-policy",
    "genre": "Travel & Local",
    "contentRating": "PEGI 3",
    "released": "Oct 26, 2015",
    "lastUpdatedOn": "Mar 25, 2025",
    "appId": "com.bookinggroup2.economybookings",
    "permisions": {
        "Other": [
            "control vibration",
            "full network access",
            "prevent device from sleeping",
            "run at startup",
            "view network connections"
        ],
        "Uncategorized": [
            "receive data from Internet"
        ]
    }
}