{
    "title": "Map My Walk: Walking Tracker",
    "description": "Map My Walk – Your All-in-One Walking Tracker & Fitness App\r\n\r\nWhether you're just starting your fitness journey or aiming for your daily 10,000 steps, Map My Walk is the complete Walking Tracker to help you build healthy habits and stay motivated. From indoor walking to outdoor hikes, this app tracks every step, pace, calorie, and distance to keep your goals on track.\r\n\r\nMap My Walk offers powerful GPS tracking, progress insights, and a vibrant community of millions. It’s the perfect walk tracker whether you’re walking for fun, weight loss, or marathon prep.\r\n\r\nNow with personalized Form Coaching tips for Garmin users to help you walk smarter and improve your stride.\r\n\r\nTRACK AND MAP YOUR WALK & EVERY STEP YOU TAKE\r\n- Use the built-in Walking Tracker to follow your walk with real-time GPS and a full walking map of your route\r\n- Get audio updates on pace, distance, duration, and calories\r\n- Track over 600+ activities including walking, treadmill walking, indoor workouts, and more\r\n- Use the Routes feature to discover new paths or save your favorite walks\r\n- Works perfectly for outdoor walking or walk at home routines\r\n- Sync with your step counter, smartwatches, and select health apps for complete tracking\r\n\r\nWhether you're using a mile tracker for distance goals or a pedometer to count your daily steps, this Walking Tracker has it all.\r\n\r\nANALYZE YOUR WALKING PERFORMANCE ON EVERY MILE\r\n- View detailed stats like pace, elevation, heart rate, and calories\r\n- Set personal goals and see your progress with the steps tracker\r\n- Use the step tracker to stay motivated and consistent\r\n- Track your progress toward your walking for weight loss goals\r\n- See your total daily steps and how close you are to 10,000!\r\n\r\nFrom casual walks to structured routines, Map My Walk is the best free walking tracker for tracking improvement.\r\n\r\nCONNECT WITH DEVICES AND WEARBALES\r\n- Sync your walks with Garmin and other wearables\r\n- Connect to Google Fit for a central view of accurate heart rate and calories burned\r\n- Use Bluetooth to enhance tracking and performance feedback\r\n- Works great for indoor step counting or treadmill walking routines\r\n\r\nWhether you're walking outdoors or inside, the Walking Tracker app keeps your data consistent and complete.\r\n\r\nJOIN FUN WALKING CHALLENGES\r\n- Participate in regular walking challenges to stay motivated\r\n- Compete with friends, set records, and earn badges\r\n- Share your workouts and achievements on social media\r\n- Get inspired by a supportive global community of walkers and fitness fan\r\n\r\nPush your limits or enjoy a daily stroll — Map My Walk supports every kind of walk tracker goal.\r\n\r\nTAKE YOUR WALKS FURTHER WITH MVP PREMIUM FEATURES\r\nUpgrade your Map My Walk: Walking Tracker to MVP and Unlock the best tools to turn your goals into achievable plans:\r\n- Create a personalized walking for weight loss or fitness plan\r\n- Use Live Tracking to share your real-time walk with friends and family so you can stay safe and connected—perfect for hikes and long walks.\r\n- Analyze heart rate zones to adjust intensity based on your goals\r\n- Create custom splits to measure specific distances with precision\r\n- Unlock deeper insights and premium performance tools\r\n\r\nNote: Continued use of GPS in the background can reduce battery life.\r\n\r\nREADY TO WALK?\r\nDownload Map My Walk today, the free walking app designed to help you take control of your fitness with every step. Whether you're using a step counter, walking for heart health, or simply looking for a reliable Walking Tracker, this app keeps you moving in the right direction.",
    "summary": "Map My Walk: A walking tracker app that tracks steps, route, distance, and pace.",
    "installs": "10,000,000+",
    "score": 4.6783624,
    "ratings": 353861,
    "price": 0,
    "currency": "EUR",
    "developer": "MapMyFitness, Inc.",
    "developerEmail": "support@mapmyfitness.com",
    "developerWebsite": "https://www.mapmywalk.com",
    "developerAddress": "211 Walter Seaholm Drive\nSuite 200\nAustin, TX 78701",
    "privacyPolicy": "https://www.outsideinc.com/privacy-policy/",
    "genre": "Health & Fitness",
    "contentRating": "PEGI 3",
    "released": "Jul 12, 2011",
    "lastUpdatedOn": "Apr 11, 2025",
    "appId": "com.mapmywalk.android2",
    "permisions": {
        "Identity": [
            "find accounts on the device"
        ],
        "Contacts": [
            "find accounts on the device"
        ],
        "Location": [
            "access extra location provider commands",
            "approximate location (network-based)",
            "precise location (GPS and network-based)"
        ],
        "Phone": [
            "read phone status and identity"
        ],
        "Photos/Media/Files": [
            "modify or delete the contents of your USB storage",
            "read the contents of your USB storage"
        ],
        "Storage": [
            "modify or delete the contents of your USB storage",
            "read the contents of your USB storage"
        ],
        "Camera": [
            "take pictures and videos"
        ],
        "Wi-Fi connection information": [
            "view Wi-Fi connections"
        ],
        "Device ID & call information": [
            "read phone status and identity"
        ],
        "Other": [
            "access Bluetooth settings",
            "control vibration",
            "full network access",
            "pair with Bluetooth devices",
            "prevent device from sleeping",
            "read Google service configuration",
            "run at startup",
            "view network connections"
        ],
        "Uncategorized": [
            "receive data from Internet"
        ]
    }
}