{
    "title": "m365 Tools Pro2/G30/G2/F2 more",
    "description": "Get all the information you need about your Xiaomi m365 (1s/Pro/Pro2) and Segway Ninebot Max G30, ES 1/2/3/4, E22/E25/45, T15, Segway S, S-Plus, Minilite, Pro  with the m365 Tools app (the app is in no way associated with Xiaomi, Segway or Ninebot). \r\n\r\n\r\nCURRENTLY ONLY FIRMWARE VERSIONS:\r\n\r\nXiaomi m365 (FW:1.3.4-1.5.6 and BLE 0.72/0.81/0.91 and Camialfa 0.73)\r\nXiaomi m365 Pro (FW:1.5.2-1.6.8 and BLE 0.90/1.0.0/1.1.0/1.2.6 Camialfa 0.74)\r\nXiaomi m365 Pro 2\r\nXiaomi m365 1S\r\nXiaomi m365 Lite\r\nSegway Ninebot ES1 ES2 ES3 ES4 (FW 1.33-1.51 and BLE 1.0.6-1.0.9)\r\nSegway Ninebot E22E E25E E45E\r\nSegway Ninebot T15\r\nSegway Ninebot S\r\nSegway Ninebot S-Plus\r\nSegway Ninebot Minilite\r\nSegway Ninebot MAX G30 (FW 1.19-1.26 and BLE 1.1.0-1.1.3)\r\nSegway Ninebot G2, \r\nSegway Ninebot F65, \r\nSegway NinebotF2, \r\nSegway Ninebot F2 Plus, \r\nSegway Ninebot F2 Pro, \r\nSegway Ninebot E2, \r\nSegway Ninebot E2 Plus\r\nSegway Ninebot E2 Pro\r\nand other Segway devices\r\n\r\nARE SUPPORTED! Do not update to newer versions if you want to continue to use this app. I can not guarantee that the app will work with upcoming updates!\r\n\r\n\r\n- Nice dashboard layout with all the information you need during a ride\r\n- Detailed battery information\r\n- Log and display graphs of scooter metrics \r\n- Track your rides and revise your journey on a map with visualized scooter metrics\r\n- Customise battery range estimation\r\n- Customise speed factor for different tire sizes or better speed precision \r\n- Dark/White Theme option \r\n- Customise color scheme\r\n- Custom mileometer\r\n- Scooter Notification in the status bar with remaining percentage and range\r\n- Set KERS Mode\r\n- Set scooter name\r\n- Set cruise control\r\n- Change scooter dashboard to miles \r\n- Lock unlock the scooter\r\nand many more features...\r\n\r\nSupported devices: \r\nXiaomi m365 (FW:1.3.4-1.5.6 and BLE 0.72/0.81/0.91 and Camialfa 0.73)\r\nXiaomi m365 Pro (FW:1.5.2-1.6.8 and BLE 0.90/1.0.0/1.1.0/1.2.6 Camialfa 0.74)\r\nXiaomi m365 Pro 2\r\nXiaomi m365 1S\r\nXiaomi m365 Lite\r\nSegway Ninebot ES1 ES2 ES3 ES4 (FW 1.33-1.51 and BLE 1.0.6-1.0.9)\r\nSegway Ninebot E22E E25E E45E\r\nSegway Ninebot T15\r\nSegway Ninebot S\r\nSegway Ninebot S-Plus\r\nSegway Ninebot Minilite\r\nSegway Ninebot MAX G30 (FW 1.19-1.26 and BLE 1.1.0-1.1.3)\r\nSegway Ninebot G2, \r\nSegway Ninebot F65, \r\nSegway NinebotF2, \r\nSegway Ninebot F2 Plus, \r\nSegway Ninebot F2 Pro, \r\nSegway Ninebot E2, \r\nSegway Ninebot E2 Plus\r\nSegway Ninebot E2 Pro\r\nand other Segway devices\r\n\r\n\r\nLocation Permission is needed in order to scan for bluetooth devices and to log your routes.\r\nInternet access is needed in order to upload crash reports.\r\n\r\nDisclaimer: This App is in no way associated with Xiaomi and Segway. This app includes no warranty.\r\n\r\nWith this app you cannot flash your scooter\r\n\r\nIf you encounter problems or you have suggestions you can write me an email to: feedback@peretti.app\r\nIf you want to help me with translations you can contact me at: translations@peretti.app\r\n\r\nJoin Beta Testing : \r\nhttps://play.google.com/apps/testing/app.peretti.m365tools",
    "summary": "Manage your m365(1s/Pro/Pro2), G30, ES and other electric scooter with this app",
    "installs": "1,000,000+",
    "score": 4.6748466,
    "ratings": 21514,
    "price": 0,
    "currency": "EUR",
    "developer": "eMobility with Scooter",
    "developerEmail": "contact@peretti.app",
    "developerWebsite": "https://m365-b8668.web.app",
    "developerAddress": null,
    "privacyPolicy": "https://sites.google.com/view/m365tools",
    "genre": "Tools",
    "contentRating": "PEGI 3",
    "released": "Sep 15, 2018",
    "lastUpdatedOn": "Jan 31, 2024",
    "appId": "app.peretti.m365tools",
    "permisions": {
        "Location": [
            "approximate location (network-based)",
            "precise location (GPS and network-based)"
        ],
        "Photos/Media/Files": [
            "modify or delete the contents of your USB storage",
            "read the contents of your USB storage"
        ],
        "Storage": [
            "modify or delete the contents of your USB storage",
            "read the contents of your USB storage"
        ],
        "Other": [
            "Google Play license check",
            "access Bluetooth settings",
            "control vibration",
            "full network access",
            "pair with Bluetooth devices",
            "prevent device from sleeping",
            "run at startup",
            "view network connections"
        ],
        "Uncategorized": [
            "receive data from Internet"
        ]
    }
}