{
    "title": "ChargeFinder: EV Charging",
    "description": "Find charging stations on the charge map and get information about charging speed, current prices and availability in real time. Live charger status is displayed for all major networks in Scandinavia and several in rest of Europe. In one place you can now see if a charger is idle, busy or out of order regardless of operator. Tips on nearby eateries and other things that can be good to know about the specific place are of course also available.\r\n\r\nOn the map, it is easy to get a quick overview of charging stations. Different colors of map pins show charging speed and with the map filter it is easy to customize the type of chargera you want to see.\r\n\r\nThe route planner is a tool for finding fast chargers along a specific route. Enter your criteria for the route and ChargeFinder calculates an optimal route, shows distances to the stations, indicates the length of the detour and presents everything in a clear format.\r\n\r\nThe most accurate and up-to-date app to find electric car chargers from networks including Ionity, Tesla, Clever, Bee, Fortum Charge & Drive, Virta, Vattenfall InCharge, Laddkoll, Grønn Kontakt, E.ON.\r\nA must have for all owners of a Tesla Model 3, Tesla Model S, Tesla Model X, Polestar 2, VW ID.3, Audi e-Tron, Hyundai Kona, Skoda Enyaq, Porsche Taycan, Nissan LEAF, Mercedes EQC, Chevrolet Volt, BMW i3, Chevrolet Bolt EV, Fiat 500e, Ford Fusion Energi, Volkswagen e-Golf, Prius Plug-in, Kia Soul EV and all other electric vehicles on the market.",
    "summary": "Find EV charging stations with speed, prices and availability in real time.",
    "installs": "100,000+",
    "score": 4.159091,
    "ratings": 606,
    "price": 0,
    "currency": "EUR",
    "developer": "ChargeFinder",
    "developerEmail": "hello+play@chargefinder.com",
    "developerWebsite": "https://chargefinder.com",
    "developerAddress": "16192 Coastal Highway\nLewes, DE 19958",
    "privacyPolicy": "https://chargefinder.com/privacy",
    "genre": "Maps & Navigation",
    "contentRating": "PEGI 3",
    "released": "Nov 26, 2020",
    "lastUpdatedOn": "Apr 9, 2025",
    "appId": "com.chargefinder.app",
    "permisions": {
        "Location": [
            "approximate location (network-based)",
            "precise location (GPS and network-based)"
        ],
        "Photos/Media/Files": [
            "read the contents of your USB storage"
        ],
        "Storage": [
            "read the contents of your USB storage"
        ],
        "Wi-Fi connection information": [
            "view Wi-Fi connections"
        ],
        "Other": [
            "full network access",
            "prevent device from sleeping",
            "view network connections"
        ],
        "Uncategorized": [
            "receive data from Internet"
        ]
    }
}