{
    "title": "Phone by Google",
    "description": "Google’s official phone calling app is now available to download for the first time. Phone helps you easily connect with family and friends, block spam callers, and know who’s calling before you answer – all with a simple, intuitive design.\r\n\r\n<b>Powerful spam protection</b>\r\nSee warnings about suspicious callers that help you avoid unwanted calls from spammers, telemarketers and scammers. Block numbers to prevent them from calling you again.\r\n\r\n<b>Know who’s calling you</b>\r\nGoogle’s extensive caller ID coverage lets you know the business that’s calling so that you can answer with confidence.\r\n\r\n<b>No more waiting on hold</b> <sup>1, 5</sup>\r\nHold for Me lets you go back to your day. If a business puts you on hold, Google Assistant can wait on the line for you and let you know when someone is ready to talk.\r\n\r\n<b>Screen unknown callers</b> <sup>1, 2</sup>\r\nCall Screen answers unknown callers, filters out detected spammers without interrupting you, and helps you learn more about callers you don’t recognize before you pick up.\r\n\r\n<b>Visual voicemail</b> <sup>1, 3</sup>\r\nCheck your messages without needing to call your voicemail – view and play them in any order, read transcriptions, and delete or save them right from the app.\r\n\r\n<b>Call recording</b> <sup>1</sup>\r\nRecord your phone calls to capture important information for reference later. Everyone hears a disclosure when the recording starts so they’re aware, and recordings are saved on your phone.\r\n\r\n<b>Intuitive design</b>\r\nOur simple, lightweight design keeps your favorite people just a tap away. Plus, switch to dark mode to save battery and reduce eye strain at night.\r\n\r\n<b>Emergency support</b> <sup>1, 4</sup>\r\nSee your current location when you make an emergency call, and share information about the assistance you require, along with your location, to the emergency operator without speaking.\r\n\r\nPhone app is available on most Android devices running Android<sup>™</sup> 9.0 and above.\r\n\r\nAlso available for Wear OS.\r\n\r\n<sup>1</sup>Available only on some devices that have Phone pre-installed.\r\n<sup>2</sup>Manual screening is not available in all languages or countries. For more information, see g.co/help/callscreen. Automatic screening is available in the US only, English only. Call Screen may not detect all spam calls.\r\n<sup>3</sup>Transcription is available in the US only, English only.\r\n<sup>4</sup>Available in Australia, United Kingdom and the US only, English only.\r\n<sup>5</sup>Available in the US only, English only. Pixel 2+ devices only. Toll-free numbers only. May not detect every on-hold scenario.",
    "summary": "Reliable phone calls with spam protection, caller ID and more helpful features",
    "installs": "1,000,000,000+",
    "score": 4.376044,
    "ratings": 37796675,
    "price": 0,
    "currency": "EUR",
    "developer": "Google LLC",
    "developerEmail": "apps-help@google.com",
    "developerWebsite": "http://www.android.com/",
    "developerAddress": "1600 Amphitheatre Parkway, Mountain View 94043",
    "privacyPolicy": "http://www.google.com/policies/privacy",
    "genre": "Tools",
    "contentRating": "PEGI 3",
    "released": "Dec 7, 2015",
    "lastUpdatedOn": "May 5, 2025",
    "appId": "com.google.android.dialer",
    "permisions": {
        "Identity": [
            "add or remove accounts",
            "find accounts on the device",
            "read your own contact card"
        ],
        "Contacts": [
            "find accounts on the device",
            "modify your contacts",
            "read your contacts"
        ],
        "Location": [
            "approximate location (network-based)",
            "precise location (GPS and network-based)"
        ],
        "SMS": [
            "receive text messages (SMS)",
            "send SMS messages"
        ],
        "Phone": [
            "add voicemail",
            "directly call phone numbers",
            "modify phone state",
            "read call log",
            "read phone status and identity",
            "write call log"
        ],
        "Photos/Media/Files": [
            "modify or delete the contents of your USB storage",
            "read the contents of your USB storage"
        ],
        "Storage": [
            "modify or delete the contents of your USB storage",
            "read the contents of your USB storage"
        ],
        "Camera": [
            "take pictures and videos"
        ],
        "Microphone": [
            "record audio"
        ],
        "Wi-Fi connection information": [
            "view Wi-Fi connections"
        ],
        "Device ID & call information": [
            "read phone status and identity"
        ],
        "Other": [
            "access Bluetooth settings",
            "change network connectivity",
            "change your audio settings",
            "control Near Field Communication",
            "control vibration",
            "draw over other apps",
            "full network access",
            "install shortcuts",
            "measure app storage space",
            "modify system settings",
            "pair with Bluetooth devices",
            "prevent device from sleeping",
            "read Google service configuration",
            "read sync settings",
            "run at startup",
            "view network connections"
        ],
        "Uncategorized": [
            "Audio Routing",
            "capture audio output",
            "disable or modify status bar",
            "interact across users",
            "modify secure system settings",
            "prevent app switches",
            "provide an in-call user experience",
            "read voicemail",
            "use any media decoder for playback",
            "write voicemails"
        ]
    }
}