{
    "title": "CarWale: Buy-Sell New/Used Car",
    "description": "<b>CarWale app</b> is one of the top rated car apps in India for new and used car research. Today, finding a suitable car for your needs can be exhausting with a multitude of options available.  \r\n<b>CarWale app</b> answers all your car related queries online. At CarWale, we work towards simplifying your car buying journey by providing accurate on road prices of cars, genuine user and expert reviews, and the option to book test drives with nearest dealers. You can also compare different cars with the car comparison tool. This app also helps you to connect with your nearest car dealers for the best offers available.\r\nIf you are looking to buy second hand cars, this app provides more than 50,000 verified used car listings from genuine sellers. You can also sell your second hand car in just a few steps and know the right price for your car with the car valuation tool.\r\n\r\n<b>Features of the CarWale App</b> :\r\n• <b>On road car price</b> - Get accurate and up to date ex-showroom, on road price and price breakups for all cars sold in India of brands such as Maruti Suzuki, Ford, Honda, Hyundai, Renault, Tata, Toyota, Mahindra, Nissan, Datsun, Audi, Mercedes-Benz, BMW and so on.\r\n• <b>Car features and specs</b> - Up to date features and specifications (such as mileage, seating capacity, transmission type, etc.) of cars including the most recent launches\r\n• <b>Compare Cars</b> - Best car comparison app for comparing prices, features, specifications and colours\r\n• <b>Customer Review of cars</b> - 10,000+ user reviews to help you make the right choice\r\n• <b>Expert Reviews</b> - 5000+ video reviews of cars by industry experts\r\n• <b>Buy or sell old cars</b> - 50,000+ used cars listed for sale across various cities in India. Buy second hand cars from a wide array of listings from genuine and top rated sellers. List your second hand car for sale with a few simple steps and get connected with genuine buyers\r\n• <b>Car News</b> - Latest domestic and international car news including a special section for upcoming cars in India. Stay updated with all the latest events in the Automobile Industry in India such as Track Day 2019\r\n• <b>Used Car Valuation</b> - Check right market price for used cars\r\n• <b>New and used car dealers</b> - Locate dealers in your city/area\r\n• <b>Car photos, videos</b> - Experience car features including 360 degree view, interior/exterior views of popular cars\r\n• <b>Share Car</b> - Share your shortlisted cars and content with your friends\r\n• <b>Luxury Cars</b> - For the car enthusiast in you, we have up to date information on luxury cars\r\nDownload now, and experience the new way of doing car research.\r\nWe value your feedback. Write to us at contact@carwale.com.\r\nWebsite - https://www.carwale.com/",
    "summary": "Car app to buy and sell a car in India. Accurate information, offers & features.",
    "installs": "10,000,000+",
    "score": 4.6842103,
    "ratings": 199931,
    "price": 0,
    "currency": "EUR",
    "developer": "CARTRADE TECH LTD",
    "developerEmail": "contact@carwale.com",
    "developerWebsite": "http://www.carwale.com",
    "developerAddress": null,
    "privacyPolicy": "https://www.carwale.com/privacy-policy/",
    "genre": "Auto & Vehicles",
    "contentRating": "PEGI 3",
    "released": "Apr 26, 2011",
    "lastUpdatedOn": "Apr 3, 2025",
    "appId": "com.carwale",
    "permisions": {
        "Location": [
            "approximate location (network-based)",
            "precise location (GPS and network-based)"
        ],
        "Photos/Media/Files": [
            "modify or delete the contents of your USB storage",
            "read the contents of your USB storage"
        ],
        "Storage": [
            "modify or delete the contents of your USB storage",
            "read the contents of your USB storage"
        ],
        "Camera": [
            "take pictures and videos"
        ],
        "Wi-Fi connection information": [
            "view Wi-Fi connections"
        ],
        "Other": [
            "control vibration",
            "full network access",
            "prevent device from sleeping",
            "read Google service configuration",
            "run at startup",
            "view network connections"
        ],
        "Uncategorized": [
            "download files without notification",
            "receive data from Internet"
        ]
    }
}