{
    "title": "Paris Metro Guide and Planner",
    "description": "The Paris Metro Guide and Subway Route Planner is the quick and easy way to navigate your way into and around Paris using the subway service.\r\n \r\nKey features:\r\n\r\n- Accurate and up-to-date Paris subway maps\r\n\r\n- Quick and convenient route planer with travel time and distance information\r\n\r\n- Exact trip cost calculator \r\n\r\n- Find the nearest subway station to you using the Augmented Reality function\r\n   \r\n- Useful information about Paris metro working hours, prices and payment options\r\n\r\n- Works offline.",
    "summary": "Detailed Paris Metro Guide and Subway Route Planner with offline map",
    "installs": "50,000+",
    "score": 3.8181818,
    "ratings": 154,
    "price": 0,
    "currency": "EUR",
    "developer": "MobiTech Digital Ltd",
    "developerEmail": "info@discover-ukraine.info",
    "developerWebsite": "https://metroguides.info/",
    "developerAddress": "20 Evangelou Floraki, Paphos, 8220, Cyprus",
    "privacyPolicy": "https://metroguides.info/support",
    "genre": "Travel & Local",
    "contentRating": "PEGI 3",
    "released": "Feb 15, 2018",
    "lastUpdatedOn": "Apr 23, 2024",
    "appId": "com.discoverukraine.metro.paris",
    "permisions": {
        "Location": [
            "approximate location (network-based)",
            "precise location (GPS and network-based)"
        ],
        "Camera": [
            "take pictures and videos"
        ],
        "Wi-Fi connection information": [
            "view Wi-Fi connections"
        ],
        "Other": [
            "full network access",
            "prevent device from sleeping",
            "read Google service configuration",
            "view network connections"
        ]
    }
}