{
    "title": "Samsung Health",
    "description": "Start healthy habits for yourself with Samsung Health.\r\n\r\nSamsung Health has various features to help you manage your health. As the app allows you to automatically record many activities, creating a healthy lifestyle is easier and simpler than ever.\r\n\r\nCheck various health records on the home screen. Easily add and edit the items that you want to manage such as daily steps and activity time.\r\n\r\nRecord and manage your fitness activities, such as running, cycling, swimming, etc. Also, Galaxy Watch wearables user can now exercise more effectively through Life Fitness, Technogym and Corehealth.\r\n\r\nCreate healthy eating habits by recording your daily meals and snacks with Samsung Health.\r\n\r\nWork hard and always maintain your best condition with Samsung Health. Set goals that work for your own level, and keep track of your daily condition including your activity amount, workout intensity, heart rate, stress, oxygen level in the blood, etc.\r\n\r\nMonitor your sleep patterns in more detail with Galaxy Watch. Make your mornings more refreshing by improving the quality of your sleep through sleep levels and sleep scores.\r\n\r\nChallenge yourself against your friends and family to become healthier in a more fun and interactive way with Samsung Health Together.\r\n\r\nSamsung Health has prepared videos of expert coaches who will teach you new fitness programs including stretching, weight loss, and more.\r\n\r\nDiscover meditation tools on Mindfulness that will help you relieve stress throughout your day. (Some contents are only available through an optional paid subscription. Content is available in English, German, Spanish, French, Portuguese and Korean.)\r\n\r\nCycle tracking offers helpful support in menstrual cycle tracking, related symptom management and personalized insights and contents through your partner, Natural Cycles.\r\n\r\nSamsung Health protects your private health data securely. All Samsung Galaxy models released after August 2016, Knox enabled Samsung Health service will be available. Please note that Knox enabled Samsung Health service will not be available from rooted mobile.\r\n\r\nTablets and some mobile devices are not supported, and detailed features may vary depending on the user’s country of residence, region, network carrier, model of the device, etc.\r\n\r\nRequires Android 10.0 or later. Supports over 70 languages, including English, French, and Chinese. An English language version is available for the rest of the world.\r\n\r\nPlease note that Samsung Health is intended for fitness and wellness purposes only and is not intended for use in the diagnosis of disease or other conditions, or in the cure, mitigation, treatment, or prevention of disease.\r\n\r\nThe following permissions are required for the app service. For optional permissions, the default functionality of the service is turned on, but not allowed.\r\n\r\nOptional permissions\r\n- Location : Used to collect your location data using the trackers(exercises & steps), Used to display a route map for exercise, and to display the weather during exercise\r\n- Body Sensors : Used to measure heart rate, oxygen saturation, and stress (HR&Stress : Galaxy S5~Galaxy S10 / SpO2 : Galaxy Note4~Galaxy S10)\r\n- Photos and videos(storage) : You can import/export your exercise data, save exercise photos, save/load food photos\r\n- Contacts : Used to check if you are logged into your Samsung account, and to create a friend list for Together\r\n- Camera : Used to scan QR codes when you add friends using the Together, and to take photos of foods, and to recognize numbers on a blood glucose meter&blood pressure monitor(Available in some countries only)\r\n- Physical activity : Used to count your steps and to detect workouts\r\n- Microphone : Used to record audio for snore detection\r\n- Nearby devices : Used to scan for and connect to nearby devices, including Galaxy Watches and other accessories\r\n- Notifications : Used to provide you with timely information\r\n- Phone : Used to confirm your phone number for Together.",
    "summary": "Lifestyle companion to track your fitness, weight, diet, food & sleep.",
    "installs": "1,000,000,000+",
    "score": 3.8300395,
    "ratings": 1528569,
    "price": 0,
    "currency": "EUR",
    "developer": "Samsung Electronics Co.,  Ltd.",
    "developerEmail": "noreply.sec@samsung.com",
    "developerWebsite": "https://www.samsung.com/global/galaxy/apps/samsung-health/",
    "developerAddress": "129, Samsung-ro, Yeongtong-gu, Suwon-si, Gyeonggi-do, 16677, Rep. of KOREA",
    "privacyPolicy": "https://www.samsunghealth.com/privacy/",
    "genre": "Health & Fitness",
    "contentRating": "PEGI 3",
    "released": "Apr 7, 2015",
    "lastUpdatedOn": "Mar 27, 2025",
    "appId": "com.sec.android.app.shealth",
    "permisions": {
        "Identity": [
            "find accounts on the device"
        ],
        "Contacts": [
            "find accounts on the device",
            "read your contacts"
        ],
        "Location": [
            "approximate location (network-based)",
            "precise location (GPS and network-based)"
        ],
        "Phone": [
            "read phone status and identity"
        ],
        "Photos/Media/Files": [
            "modify or delete the contents of your USB storage",
            "read the contents of your USB storage"
        ],
        "Storage": [
            "modify or delete the contents of your USB storage",
            "read the contents of your USB storage"
        ],
        "Camera": [
            "take pictures and videos"
        ],
        "Microphone": [
            "record audio"
        ],
        "Wi-Fi connection information": [
            "view Wi-Fi connections"
        ],
        "Device ID & call information": [
            "read phone status and identity"
        ],
        "Wearable sensors/Activity data": [
            "body sensors (like heart rate monitors)"
        ],
        "Other": [
            "access Bluetooth settings",
            "control Near Field Communication",
            "control vibration",
            "create accounts and set passwords",
            "draw over other apps",
            "full network access",
            "modify system settings",
            "pair with Bluetooth devices",
            "prevent device from sleeping",
            "read Google service configuration",
            "read sync settings",
            "run at startup",
            "toggle sync on and off",
            "view network connections"
        ],
        "Uncategorized": [
            "read sync statistics",
            "receive data from Internet"
        ]
    }
}