{
    "title": "SuperCycle Bike Computer",
    "description": "SuperCycle is a cycling computer app that tracks and maps your bicycle rides, while displaying real-time GPS and Bluetooth® sensor data such as location, speed, distance, elevation, heart rate, calories burned, cadence, and power. While in use, and when paired with Bluetooth sensors, the app monitors and records sensor data, like heart rate, speed, cadence, and power. Historical recorded data is displayed in charts and tables and is used to help you analyze your physical activity.\r\n\r\nIt's Free!\r\n• No pesky ads.\r\n• No pay walls. All functionality is freely available.\r\n• No expensive upgrades or subscriptions.\r\n• This is donation ware. If you like the app, please donate to support its development.\r\n\r\nIt's Private!\r\n• No website login required, so no passwords to remember.\r\n• Collected data does not leave your phone unless you choose to export it.\r\n• No advertisers tracking your every move.\r\n\r\nSensors!\r\n• Supports most Bluetooth® (BLE) sensors.\r\n• Power meter - Supports both single and dual sided power meters.\r\n• Speed and cadence sensor - Supports both separate and 2-in-1 sensors.\r\n• Heart rate monitor - Supports most Bluetooth® compatible heart rate monitors.\r\n• GPS - No sensors? Use the GPS in your phone to track speed, distance and elevation.\r\n• Barometer - If your phone has a built-in barometer, the app uses it to track elevation gain/loss.\r\n• Motion sensors - Detects your physical activity using your phone's sensors to automatically toggle location-services ON or OFF depending on device motion to conserve battery.\r\n\r\nIt's Customizable!\r\n• Save separate sensor configurations for multiple bikes.\r\n• Easily select the bike you are about to ride.\r\n• Add any number of data display grids.\r\n• Choose from 12 different data grid layouts.\r\n• Choose digital and analog gauge widgets to display real-time GPS and Bluetooth sensor data.\r\n• Display your route on a map widget.\r\n• Under settings, you can set your target heart rate, cadence and power zones to provide a Relative Effort, which gives an indication of your training load for any given bicycle ride. By default, the heart rate zones are determined by estimating your max heart rate based on your age. You can override the calculated max heart rate under app settings. An indicator on the heart rate, cadence and power widgets will be displayed while you are within the target range.\r\n• Heart rate, height, weight, gender, speed, slope, and power are used to estimate the number of calories burned during a bicycle ride.\r\n• Option to automatically pause recording when motion stops.\r\n• Light/dark mode.\r\n\r\nStatistics!\r\n• Charts and tables show essential statistics to help you analyze your ride.\r\n• Statistics include speed, cadence, heart rate, power (watts) and more.\r\n• Graph and map those statistics over the course of your ride.\r\n• Export your ride as a file that is compatible with other popular apps.\r\n• Show weekly, monthly, yearly trends for distance, calories burned, active time, and FTP (Functional Threshold Power).\r\n• Upload your ride data to Strava.\r\n\r\nSet Goals!\r\n• Track your progress by setting weekly and monthly goals.",
    "summary": "A GPS & Bluetooth bike computer to track, analyze and map your bicycle rides.",
    "installs": "500,000+",
    "score": 4.69,
    "ratings": 13815,
    "price": 0,
    "currency": "EUR",
    "developer": "Osborn Technologies, Inc.",
    "developerEmail": "john@osborntech.com",
    "developerWebsite": "http://www.osborntech.com",
    "developerAddress": "PO Box 204\nBayport, MN 55003",
    "privacyPolicy": "https://wasabichat.blob.core.windows.net/supercycle/privacy/privacy_en.html",
    "genre": "Health & Fitness",
    "contentRating": "PEGI 3",
    "released": "Apr 2, 2021",
    "lastUpdatedOn": "Apr 24, 2025",
    "appId": "com.osborntech.supercycle",
    "permisions": {
        "Location": [
            "approximate location (network-based)",
            "precise location (GPS and network-based)"
        ],
        "Photos/Media/Files": [
            "read the contents of your USB storage"
        ],
        "Storage": [
            "read the contents of your USB storage"
        ],
        "Wi-Fi connection information": [
            "view Wi-Fi connections"
        ],
        "Wearable sensors/Activity data": [
            "body sensors (like heart rate monitors)"
        ],
        "Other": [
            "access Bluetooth settings",
            "connect and disconnect from Wi-Fi",
            "full network access",
            "pair with Bluetooth devices",
            "prevent device from sleeping",
            "run at startup",
            "view network connections"
        ]
    }
}