{
    "title": "SBB Mobile",
    "description": "SBB Mobile: your personal travel companion for public transport.\r\n\r\nWant to know ahead of time if your train will arrive on time? Want to have quicker access to your ticket during ticket inspection? Want to be able to find your way better at the station and have reliable map information? We have good news for you! SBB Mobile can do it all. And much more.\r\n\r\nThe heart of the app is the new navigation bar with the following menu points and content. \r\n\r\n<b>Plan</b> \r\n• Plan your journey with a simple timetable search via the touch timetable or use your current position as the origin or destination, locating it on the map. \r\n• Buy your ticket for the whole of Switzerland in just two clicks. Your travelcards on the SwissPass are applied.\r\n• Travel particularly affordably with supersaver tickets or Saver Day Passes.\r\n\r\n<b>Trips</b>\r\n• Save your trip and we will provide you with all the information you need during your journey under ‘Single Trips’: everything from departure and arrival times, platform information and service disruptions to train formations and walking routes. \r\n• Set up your personal commuter route under ‘Commuting’ and receive push notifications about rail service disruptions.\r\n• The app accompanies you from door to door as you travel and you will receive information about delays, disruption and interchange times via push notification. \r\n\r\n<b>EasyRide</b>\r\n• Check in, hop on and head off – across the entire GA Travelcard network.\r\n• EasyRide calculates the right ticket for your journey on the basis of the routes you travelled and charges you the relevant amount subsequently.\r\n\r\n<b>Tickets & Travelcards</b>\r\n• Show your public transport travelcards digitally with SwissPass Mobile.\r\n• It also gives you an overview of your valid and expired tickets and travelcards on the SwissPass.\r\n\r\n<b>Shop & Services</b>\r\n• Buy regional transport tickets and Day Passes for the GA Travelcard area of validity quickly and easily without searching the timetable. \r\n• In the ‘Services’ section, you can find lots of useful links about travel.\r\n\r\n<b>Profile</b>\r\n• Straightforward access to your personal settings and our customer support. \r\n\r\n\r\n\r\n\r\n<b>Contact us.</b>\r\nIf you have any questions, feel free to get in touch:\r\n\r\nhttps://www.sbb.ch/en/timetable/mobile-apps/sbb-mobile/contact.html\r\n\r\n<b>Data security and authorisations.</b>\r\nWhat permissions does SBB Mobile need and why?\r\n\r\n<b>Location</b>\r\nFor connections from your current location, the GPS function must be activated so that SBB Mobile can find the nearest stop. This also applies if you want to have the nearest stop displayed in the timetable.\r\n\r\n<b>Calendar and e-mail</b>\r\nYou can save connections in your own calendar and send them by e-mail (to friends, an external calendar). SBB Mobile requires read and write permissions to be able to import your desired connection into the calendar.\r\n\r\n<b>Access to the camera</b>\r\nSBB Mobile requires access to your camera to take pictures directly in the app for your personalised touch timetable. \r\n\r\n<b>Internet access</b>\r\nSBB Mobile requires internet access to search the timetable as well as for ticket purchases.\r\n\r\n<b>Memory</b>\r\nTo support offline functions, e.g. station/stop list, connections (history) and purchased tickets, SBB Mobile requires access to your device’s memory (saving app-specific settings).",
    "summary": "Your personal travel companion for public transport.",
    "installs": "5,000,000+",
    "score": 3.64,
    "ratings": 31685,
    "price": 0,
    "currency": "EUR",
    "developer": "Schweizerische Bundesbahnen SBB",
    "developerEmail": "sbbmobile.android@sbb.ch",
    "developerWebsite": "http://www.sbb.ch/en/mobile",
    "developerAddress": null,
    "privacyPolicy": "https://www.sbb.ch/en/meta/legallines/datenschutz.html",
    "genre": "Maps & Navigation",
    "contentRating": "PEGI 3",
    "released": "Mar 7, 2011",
    "lastUpdatedOn": "Apr 4, 2025",
    "appId": "ch.sbb.mobile.android.b2c",
    "permisions": {
        "Location": [
            "approximate location (network-based)",
            "precise location (GPS and network-based)"
        ],
        "Wi-Fi connection information": [
            "view Wi-Fi connections"
        ],
        "Other": [
            "access Bluetooth settings",
            "control vibration",
            "full network access",
            "pair with Bluetooth devices",
            "prevent device from sleeping",
            "view network connections"
        ],
        "Uncategorized": [
            "receive data from Internet"
        ]
    }
}