{
    "title": "MOVE Training",
    "description": "Movement is medicine. Do you want to make daily movement a habit? This app is just for YOU! We've created the perfect combination of Pilates, Yoga & Fitness to get you started on your journey. The best part is, it's never too late to start. This APP will have a range of classes, and daily challenges to motivate you to keep moving daily.\r\n\r\nHIIT & Fitness classes will feature resistance training with simple at home equipment, combined with cardio to get your body moving\r\n\r\nPilates classes to improve your posture, strengthen your posture, and increased muscle strength and tone\r\n\r\nYoga & Flexibility classes which focus on breathing, mindful movement, and deepening the range of your body in a safe and comfortable approach. Mobility is KEY to injury prevention so we've got you covered\r\n\r\nP.S. Beginners are welcome! Join us for monthly challenges and even live classes to stay accountable, and join our incredible MOVE Training community from around the world.\r\n\r\nWhat's included:\r\n- A selection of yoga, pilates & fitness timed and on demand classes\r\n- User profile to track your progress and daily movement streaks\r\n- Community support\r\n- Daily inspirational quotes & more!\r\n\r\nDisclaimer:\r\nThis app serves as a guide for you to make daily movement a habit. It is important to understand that these classes are not a substitute for medical attention, examination, diagnosis or treatment. In the case where you have an injury, ailment or anything else that may be affected by physical activity, please consult with a physician to ensue that these activities can be performed. By downloading this APP, you are releasing the owners and instructors of all liabilities\r\n\r\nTerms: https://www.breakthroughapps.io/terms\r\nPrivacy Policy: https://www.breakthroughapps.io/privacypolicy",
    "summary": "Pilates. Yoga. Fitness",
    "installs": "1,000+",
    "score": null,
    "ratings": null,
    "price": 0,
    "currency": "EUR",
    "developer": "Breakthrough Apps Inc",
    "developerEmail": "bappsinc@gmail.com",
    "developerWebsite": null,
    "developerAddress": "1390 Market St Apt 2523, San Francisco, California",
    "privacyPolicy": "http://www.breakthroughapps.io/privacypolicy",
    "genre": "Health & Fitness",
    "contentRating": "PEGI 3",
    "released": "Nov 11, 2021",
    "lastUpdatedOn": "Apr 10, 2025",
    "appId": "breakthroughapps.com.parisjamesyoga",
    "permisions": {
        "Calendar": [
            "add or modify calendar events and send email to guests without owners' knowledge",
            "read calendar events plus confidential information"
        ],
        "Phone": [
            "read phone status and identity"
        ],
        "Photos/Media/Files": [
            "modify or delete the contents of your USB storage",
            "read the contents of your USB storage"
        ],
        "Storage": [
            "modify or delete the contents of your USB storage",
            "read the contents of your USB storage"
        ],
        "Device ID & call information": [
            "read phone status and identity"
        ],
        "Other": [
            "control vibration",
            "full network access",
            "prevent device from sleeping",
            "read Google service configuration",
            "run at startup",
            "view network connections"
        ],
        "Uncategorized": [
            "receive data from Internet"
        ]
    }
}