{
    "title": "MyTranslink",
    "description": "The official MyTranslink app is the perfect Queensland travel companion. Travellers and commuters can intuitively plan with real-time public transport information whether travelling by bus, train, ferry or tram.\r\n\r\n- Our app also makes it easier to personalise travel information and favourite frequently used stops. Other app features and benefits includes: \r\n- Easily find nearby stops for all public transport via the home screen\r\n- Plan trips in real-time by seeing the next service departing from your stop\r\n- Updated Timetable - Clearly see the frequency of services (in real-time) via the timetable\r\n- Trip Announcer - Get real-time stop alerts throughout trips (while en route)\r\n- Stop Alerts - Receive notifications when you are close to your destination\r\n- Save your favourite stops to be alerted of any travel updates\r\n- Light and dark theme options\r\n\r\nFor more information, please visit translink.com.au/myTranslink.\r\n\r\nFor the MyTranslink app privacy policy, please visit https://translink.com.au/plan-your-journey/mytranslink/conditions-of-use#privacy\r\n\r\nFor the MyTranslink app conditions of use, please visit translink.com.au/myTranslink/conditions-of-use.\r\n\r\nNote: prolonged use of GPS features can affect phone battery life and data usage.",
    "summary": "MyTranslink gives you the most relevant bus, train, ferry and tram information.",
    "installs": "1,000,000+",
    "score": 3.5,
    "ratings": 3672,
    "price": 0,
    "currency": "EUR",
    "developer": "Department of Transport and Main Roads Queensland",
    "developerEmail": "mytranslink@translink.com.au",
    "developerWebsite": "http://translink.com.au",
    "developerAddress": null,
    "privacyPolicy": "https://translink.com.au/plan-your-journey/mytranslink/conditions-of-use#privacy",
    "genre": "Maps & Navigation",
    "contentRating": "PEGI 3",
    "released": "Jan 9, 2019",
    "lastUpdatedOn": "Feb 17, 2025",
    "appId": "au.com.translink.mytranslink",
    "permisions": {
        "Device & app history": [
            "retrieve running apps"
        ],
        "Identity": [
            "find accounts on the device"
        ],
        "Contacts": [
            "find accounts on the device"
        ],
        "Location": [
            "approximate location (network-based)",
            "precise location (GPS and network-based)"
        ],
        "Photos/Media/Files": [
            "modify or delete the contents of your USB storage",
            "read the contents of your USB storage"
        ],
        "Storage": [
            "modify or delete the contents of your USB storage",
            "read the contents of your USB storage"
        ],
        "Other": [
            "control vibration",
            "full network access",
            "mock location sources for testing",
            "prevent device from sleeping",
            "run at startup",
            "view network connections"
        ],
        "Uncategorized": [
            "receive data from Internet"
        ]
    }
}