{
    "title": "ChargeLab",
    "description": "ChargeLab specializes in technology for managing EV charging infrastructure. We offer hardware and software solutions that are easy to use and adaptable for individuals, businesses, and governments.",
    "summary": "Electric vehicle charging made simple.",
    "installs": "10,000+",
    "score": null,
    "ratings": null,
    "price": 0,
    "currency": "EUR",
    "developer": "ChargeLab",
    "developerEmail": "support@chargelab.co",
    "developerWebsite": "https://www.chargelab.co/",
    "developerAddress": null,
    "privacyPolicy": "https://chargelab.co/terms-and-conditions",
    "genre": "Auto & Vehicles",
    "contentRating": "PEGI 3",
    "released": "Oct 1, 2018",
    "lastUpdatedOn": "Apr 22, 2025",
    "appId": "co.chargelab",
    "permisions": {
        "Location": [
            "approximate location (network-based)",
            "precise location (GPS and network-based)"
        ],
        "Camera": [
            "take pictures and videos"
        ],
        "Other": [
            "control vibration",
            "full network access",
            "prevent device from sleeping",
            "run at startup",
            "view network connections"
        ],
        "Uncategorized": [
            "receive data from Internet"
        ]
    }
}