{
    "title": "Kiprun Pacer Running Plans",
    "description": "Getting ready for a marathon, half-marathon, 10k, or trail race?\r\nLook no further than the Kiprun Pacer app! \r\nIt's your free personal running coach crafting tailored training plans to help you smash your running goals.  \r\n\r\n\r\nSay goodbye to generic plans! \r\nSimply share your precise time goal and level with us. We'll instantly create a comprehensive training plan with customised sessions featuring the right dose of effort just for you. Our goal is to help you experience the thrill of running and avoid injury.    \r\n\r\n\r\n💡HOW DOES IT WORK?\r\n- Set your time goal for your race \r\n- Choose the weekdays you want to run\r\n- Discover your personalised plan leading up to race day \r\n- Send your daily session to your Garmin or Coros watch (soon Apple), including paces \r\n- Import activities from your Garmin, Polar, Suunto, Coros or Fitbit watch (soon Apple), or add them manually\r\n- Debrief: after each running session, share your feedback so we can improve your plan based on your feelings, performance, fitness, and more\r\n- Access your statistics and track record at any time in your personal dashboard \r\n\r\n\r\nNeed help setting up your time goal?\r\nNo worries, our performance forecasting algorithms are here to assist you in determining the perfect objective, whether it's for a 10k, half-marathon, marathon or trail race.\r\n\r\n\r\nIs your running performance rising?\r\nGreat news: your plan adapts based on your progress and performance.\r\n\r\n\r\nCurious about your MAS (Maximum Aerobic Speed)?\r\nWe evaluate your running capacity from your initial training week, including your MAS.\r\n\r\n\r\nStuck with a busy calendar?\r\nNo sweat! You can easily reschedule any running session.\r\n\r\n\r\n🏃TAKE IT AT YOUR OWN PACE\r\n- We update the appropriate running pace depending on the session type (basic endurance, speed, specific pace)\r\n- After each activity, we adjust your fitness level, empowering you to pace yourself and reduce the risk of injury\r\n- All sessions featured in this running app are meticulously crafted and verified by certified coaches with expertise in trail running, marathon, half-marathon, and 10k races\r\n\r\n\r\n🤝COMPREHENSIVE PLAN\r\nOur 360° holistic training plans encompass: \r\n- Recovery sessions to optimise your body's recuperation\r\n- Mental preparation sessions to fortify your mindset\r\n- A wealth of running advice from experts: technical insights, nutritional guidance, cross-training tips, progress tracking, equipment recommendations, running strategies, motivation boosters, and much more to come  \r\n\r\n\r\n⛰️TRAIL RUNNING\r\nGet ready for the ultimate trail adventure! \r\nOur trail running plans are here to guide you from 0 to over 120km (ultra-trail run), featuring a variety of programs, such as:\r\n- Cross-training routines, including cycling and running\r\n- Short and long hill running sessions\r\n- Strengthening exercises\r\n- Expert running advice and methodologies tailored for the trails\r\n\r\n\r\n✨EXPERT INSIGHTS\r\nWe’ve seamlessly combined experience, expertise, and science in the Kiprun Pacer app in order to craft personalised plans for every runner, be it for a marathon, half-marathon, 10k, or trail race.\r\nMeet our team:\r\n- Jérôme Sordello: coach, instructor, fitness trainer, and author of the French \"Bible of Running,\" Jérôme brings a wealth of practical and scientific insights to analyse various disciplines and support athletes in their pursuits.\r\n- Thomas Planque: official VAFA coach, Thomas leverages his coaching experience to shape the foundational principles of the Kiprun Pacer app.\r\n- Cédric Morio: R&D engineer at SportsLab, Decathlon's Research & Development arm, Cédric holds a PhD in Sports Science and serves as the mastermind behind Kiprun Pacer. He is also a state-certified Athletics instructor and contributes as an associate editor to the esteemed \"European Journal of Sport Science.\"\r\n\r\n\r\n\r\n\r\nANY QUESTION? \r\nExplore our FAQ section at https://kiprunpacer.zendesk.com/hc/en-gb\r\nhttps://kiprun.com/pacer/privacy.html\r\n\r\nKiprun Pacer: Limitless Together.\r\nThe Kiprun Pacer app is a product of Decathlon.",
    "summary": "Personalised running training plans to prepare for 10k, Half, Marathon and Trail",
    "installs": "500,000+",
    "score": 4.5672607,
    "ratings": 7474,
    "price": 0,
    "currency": "EUR",
    "developer": "Decathlon",
    "developerEmail": "pacer@decathlon.com",
    "developerWebsite": "https://pacer.kiprun.com",
    "developerAddress": "Decathlon SA\n4 boulevard de Mons\n59650 Villeneuve d'Ascq",
    "privacyPolicy": "https://pacer.kiprun.com/en/pages/privacy-policy",
    "genre": "Health & Fitness",
    "contentRating": "PEGI 3",
    "released": "Sep 28, 2022",
    "lastUpdatedOn": "May 6, 2025",
    "appId": "com.decathlon.racer",
    "permisions": {
        "Location": [
            "approximate location (network-based)",
            "precise location (GPS and network-based)"
        ],
        "Other": [
            "control vibration",
            "full network access",
            "prevent device from sleeping",
            "run at startup",
            "view network connections"
        ],
        "Uncategorized": [
            "receive data from Internet"
        ]
    }
}