{
    "title": "Rail Europe",
    "description": "Rail Europe is the easy way to buy tickets for train travel across Europe and the UK. We are the European railway specialists, providing the widest selection of tickets and passes - including the Swiss Travel Pass - for 25,000 travel destinations and 11,000 different routes in over 30 countries. This coverage is increasing all the time. \r\n\r\nYearning for wider horizons? Start planning your next unforgettable travel adventure today with the Rail Europe travel app, formerly known as Loco2. \r\n\r\nHASSLE-FREE TRAIN BOOKINGS\r\nUse our travel app to book your tickets quickly and easily for all the major railways in Europe on your iPhone or iPad. You'll also be able to find out about the Europe rail destinations we offer, thanks to our travel blogs, train maps and destination guides. \r\n\r\nTRAVEL SAFELY\r\nStay safe even before you travel by using our travel app for contactless bookings and e-tickets. Our travel app can help ensure safe travel by providing travel guidelines and train timetables issued by train operators. European trains are clean and safe - all Europe rail operators have stringent measures in place to guarantee safe, hygienic travel, so you can make your train bookings with true peace of mind. \r\n\r\nFIND THE CHEAPEST TICKETS\r\nOur travel app can help you find ways to travel cheaply. You can even use your railcard for more travel discounts on cheap tickets. Decide which currency to use to pay for your ticket to guarantee the cheapest ticket price. You can even set booking alerts to make sure you never miss out on the cheapest tickets.\r\n\r\nBOOK WITH OUR TRUSTED PARTNERS\r\nBuy any train ticket from every leading rail operator in England, Scotland and Wales, France (Eurostar, SNCF), Germany (Deutsche Bahn), Italy (Trenitalia, Italo, Thello), Spain (Renfe) and international routes to Belgium, the Netherlands, Switzerland and beyond. Whether you're planning a European rail adventure with a pass, buying high-speed tickets for cross-border travel with Eurostar or Thalys, sightseeing on a shoestring in Spain with a cheap OuiGo ticket, or hopping between train stations with SNCF, you'll find all major Europe rail operators on our ticket booking platform.\r\n\r\n•Buy tickets for leading European rail routes in Switzerland, France, Spain, Italy, Germany, Belgium and the UK\r\n•Use our app for contact-free ticket bookings\r\n•Check train timetables provided by European rail operators\r\n•Pay in GBP, Euros, Canadian Dollars or US Dollars to guarantee the cheapest price for your ticket\r\n•Check out UK Advance tickets for discount train tickets\r\n•Apply railcard and loyalty discounts in multiple countries to ensure the cheapest tickets\r\n•When you book your tickets, save your payment details\r\n•International payments accepted when you purchase your tickets\r\n•Set alerts for the cheapest tickets\r\n•Access train tickets on your mobile\r\n•View real-time data for UK (except N. Ireland) train timetables before you travel. Check if your train is on time and which train station and platform it departs from\r\n•Not sure where to travel to? Check out our detailed train maps \r\n•Cancel and refund your train tickets\r\n\r\nUse our app to book tickets with:\r\n\r\nUK:\r\n\r\nTransport for Wales\r\nCaledonian Sleeper\r\nCrossCountry\r\nEMR\r\nHull Trains\r\nAvanti West Coast\r\nLNER\r\nGrand Central\r\nGWR\r\nMerseyrail\r\nScotrail\r\nTransPennine Express\r\nNorthern\r\nWest Midlands Railway\r\nGreater Anglia\r\nHeathrow Express\r\nThameslink\r\nSouthern\r\nStansted Express\r\nHeathrow Connect\r\nThe Island Line\r\nSoutheastern\r\nSouthern\r\nSouth Western Railway\r\nChiltern Railways\r\nGreat Northern\r\nBritRail Pass\r\n\r\nEurope:\r\n\r\nThalys\r\nDB\r\nEurail\r\nEurostar\r\nItalo NTV\r\nOBB\r\nOuigo Spain\r\nRenfe\r\nSJ\r\nSNCB\r\nSNCF\r\nSBB\r\nTRENITALIA\r\n\r\nInspiration: <a href=\"https://www.google.com/url?q=https%3A%2F%2Fwww.raileurope.com%2Fdiscover&sa=D&sntz=1&usg=AOvVaw0N9CcjPaZZtB-c1j7B9ZT8\">raileurope.com/discover</a> \r\nTwitter: <a href=\"https://www.google.com/url?q=https%3A%2F%2Ftwitter.com%2Fraileurope&sa=D&sntz=1&usg=AOvVaw1na6jo4_3Fdna7QdNQANHx\">@RailEurope</a>\r\nFacebook: <a href=\"https://www.google.com/url?q=https%3A%2F%2Fwww.facebook.com%2FRailEurope&sa=D&sntz=1&usg=AOvVaw1ynxS-z_FYXvrV88xOBh0W\">RailEurope</a>\r\nInstagram: <a href=\"https://www.google.com/url?q=https%3A%2F%2Fwww.instagram.com%2FRailEurope&sa=D&sntz=1&usg=AOvVaw2eWmWc1UptlS0HiFMfRgoL\">RailEurope</a>",
    "summary": "Buy train tickets for the UK and across Europe. Simple, fast rail booking.",
    "installs": "100,000+",
    "score": 3.9615386,
    "ratings": 456,
    "price": 0,
    "currency": "EUR",
    "developer": "Rail Europe",
    "developerEmail": "help@raileurope.com",
    "developerWebsite": "https://www.raileurope.com",
    "developerAddress": null,
    "privacyPolicy": "https://raileurope.co.uk/privacy-policy",
    "genre": "Travel & Local",
    "contentRating": "PEGI 3",
    "released": "Jul 8, 2016",
    "lastUpdatedOn": "Dec 19, 2024",
    "appId": "com.loco2.loco2",
    "permisions": {
        "Wi-Fi connection information": [
            "view Wi-Fi connections"
        ],
        "Other": [
            "full network access",
            "prevent device from sleeping",
            "view network connections"
        ],
        "Uncategorized": [
            "receive data from Internet"
        ]
    }
}