{
    "title": "FlowGarage",
    "description": "The FlowGarage App allows you to store and manage all your car's needs from your phone. With a couple of taps, you can schedule your next service appointment, track your vehicle's sales and service history, and find a nearby Flow Dealership.\r\n \r\nThe FlowGarage App at a glance:\r\n• Add all your cars to your FlowGarage Account\r\n• Schedule your next Service Appointment in minutes\r\n• View your Sales and Service History in one place\r\n• Find out what your car is worth with Flow Offer to Purchase and receive a real offer on your vehicle\r\n• Find the nearest Flow Dealership ( 10 Cities | 45 Locations)\r\n• Receive live updates during your service visit\r\n\r\n• Organize your vehicle documents with the FlowGarage wallet\r\n\r\n• Receive and manage your vehicles’ recalls from your fingertips\r\n \r\nFind out how FlowGarage makes owning your cars(s) EASY. TRANSPARENT. FUN.\r\n \r\nFLOWGARAGE\r\nStore details of all the cars you own in one place.\r\n \r\nSALES and SERVICE HISTORY\r\nTrack the sales and service history of your cars in your Flow Garage.\r\n \r\nFLOW OFFER TO PURCHASE\r\nReceive a real offer for your car in minutes. All you need is your license plate or VIN#.\r\n \r\nFLOW REWARDS - COMING SOON\r\nEarn points redeemable for discounts on future service visits.\r\n \r\nVEHICLE RECALLS\r\nReceive up-to-date recall notifications for your car.\r\n \r\nSCHEDULE SERVICE APPOINTMENT\r\nSchedule your next service appointment with a Flow certified service technician.\r\n\r\n\r\nFLOWGARAGE WALLET\r\nOrganize your vehicle documents in one place.\r\n\r\nSERVICE VISIT UPDATES\r\nReceive live updates during your service visit. View your visit status, personalized service recommendations, and videos of your car in service.\r\n\r\nFLOW LOCATIONS\r\nLocate and view hours for any of our 45 dealerships in the 10 cities we service.\r\n \r\nDownload the FLOWGARAGE APP now and experience how Flow can be easy, transparent and fun.",
    "summary": "Simplifying Your Vehicle Ownership",
    "installs": "10,000+",
    "score": null,
    "ratings": null,
    "price": 0,
    "currency": "EUR",
    "developer": "Flow Automotive",
    "developerEmail": "FlowMobileAppTesting@flowauto.com",
    "developerWebsite": "https://www.flowauto.com/",
    "developerAddress": null,
    "privacyPolicy": "https://www.flowauto.com/Home/Privacy",
    "genre": "Lifestyle",
    "contentRating": "PEGI 3",
    "released": "Jul 1, 2022",
    "lastUpdatedOn": "May 5, 2025",
    "appId": "com.barefoot.flowauto",
    "permisions": {
        "Calendar": [
            "add or modify calendar events and send email to guests without owners' knowledge",
            "read calendar events plus confidential information"
        ],
        "Location": [
            "approximate location (network-based)",
            "precise location (GPS and network-based)"
        ],
        "Phone": [
            "read phone status and identity"
        ],
        "Photos/Media/Files": [
            "modify or delete the contents of your USB storage",
            "read the contents of your USB storage"
        ],
        "Storage": [
            "modify or delete the contents of your USB storage",
            "read the contents of your USB storage"
        ],
        "Camera": [
            "take pictures and videos"
        ],
        "Wi-Fi connection information": [
            "view Wi-Fi connections"
        ],
        "Device ID & call information": [
            "read phone status and identity"
        ],
        "Other": [
            "control flashlight",
            "control vibration",
            "full network access",
            "prevent device from sleeping",
            "read Google service configuration",
            "run at startup",
            "view network connections"
        ],
        "Uncategorized": [
            "receive data from Internet"
        ]
    }
}