{
    "title": "PARIS METRO TRAM BUS GUIDE MAP",
    "description": "Key features:\r\n1. Offline maps from official sources.\r\n2. Usable even without internet connection and Wi-Fi\r\n3. Can zoom in, zoom out and scroll vertical and horizontal.\r\n4. Easy to use. Quick to find your place.\r\n5. Without charge.\r\n6. Bookmark and customize maps and web pages by yourself.\r\n7. Local guide and local foods guide.\r\n8.Paperless and environmental sustainability\r\n9. LGBT friendly travel guide\r\n\r\nThis app includes:\r\n1. PARIS METRO, TRAM MAP\r\n2. PARIS BUS MAP\r\n3. PARIS NIGHT BUS MAP\r\n4. PARIS TRAVEL GUIDE BOOK\r\n5. PARIS GAY TRAVEL GUIDE\r\n6. PARIS AIRPORT ACCESS\r\n7. PARIS RER, TRANSILIEN",
    "summary": "An offline map and travel guide of Paris",
    "installs": "5,000+",
    "score": 4,
    "ratings": 18,
    "price": 0,
    "currency": "EUR",
    "developer": "AppPlay Software",
    "developerEmail": "usehttps@gmail.com",
    "developerWebsite": "https://mytripnavi.com/",
    "developerAddress": "Japan",
    "privacyPolicy": "https://sites.google.com/view/privacypolicycheck",
    "genre": "Maps & Navigation",
    "contentRating": "PEGI 3",
    "released": "Jun 1, 2019",
    "lastUpdatedOn": "Nov 11, 2024",
    "appId": "com.blogspot.shantiom2108ykk.parismetrobustourmap",
    "permisions": {
        "Photos/Media/Files": [
            "modify or delete the contents of your USB storage",
            "read the contents of your USB storage"
        ],
        "Storage": [
            "modify or delete the contents of your USB storage",
            "read the contents of your USB storage"
        ],
        "Other": [
            "full network access",
            "prevent device from sleeping",
            "view network connections"
        ],
        "Uncategorized": [
            "receive data from Internet"
        ]
    }
}