{
    "title": "GPS Voice Navigation: Live Map",
    "description": "Whether you are a regular driver, hiker, or travel enthusiast, getting lost could be the worst thing that could ever happen to you. It's time to put aside the paper maps and embrace technology. <b>The best and most up-to-date free GPS Route Planner with voice navigation is here for you to download</b>. \r\n\r\nJust free up your hands now and give simple voice commands to plan the shortest route on your smartphone! Only with this <b>Voice Navigation App</b> can you locate accurately, drive safely, and arrive anywhere always on time. \r\n\r\n🔊Voice GPS Navigation\r\nGo straight, after 500 Meters, then turn left. Now is time to listen, and don’t get distracted by checking your smartphone's instructions from time to time. We can finally focus on the wheel thanks to this free Voice Navigation GPS Offline\r\n\r\n🚗Plan the shortest route\r\nDrive safely and drive smartly. Route Planner with Free Voice GPS Navigation helps you avoid any traffic and find the fastest alternate route to your destination on GPS maps. Always on schedule and simple to operate with simple voice commands\r\n\r\n💬Input destination with voice commands\r\nBusy with both hands, but need a detour immediately? Rearrange your route by speaking to your smartphone with this direction finder app! It is now possible thanks to this voice route planner. Accurately and fast, the Voice JPS grasps every word you say. Plan perfect route through voice now!\r\n\r\n⛩️Search nearby places \r\nGrocery, hotel, parking lot and etc, all you need will be showed on the offline maps. Always up-to-date and easy to use, no matter you are in Barcelona, Paris or Tokyo. Ideal for travel lover, you won’t miss any places of interest and local bars since you have this little free Voice Navigation for Driving in your pocket\r\n\r\n🚥Radar Map\r\nYour third eye. This Voice GPS Location informs you correctly where the speed cameras are. Say goodbye to fines. Stay Calm and drive safely with this GPS Map Camera\r\n\r\n🚨Over-Speed Alerts, Traffic alerts, GPS Speedometer\r\nThis GPS Navigator alerts you to slow down while you are overspeeding and tells you how fast you are driving. So smart that you don’t need to worry your road safety\r\n\r\n<b>Don’t miss the Route Planner GPS Voice with GPS Voice Navigation feature</b>. Through voice recognition to find the best route! There are more incoming features such as maps offline, weather, GPS offline. Come download the best GPS Navigation map with voice for free now and enjoy new experience with Voice Driving Directions!",
    "summary": "Voice GPS with driving directions, offline maps navigation GPS for safe travel",
    "installs": "5,000,000+",
    "score": 4.7821784,
    "ratings": 48976,
    "price": 0,
    "currency": "EUR",
    "developer": "Droid-Developer",
    "developerEmail": "droiddeveloper4us@gmail.com",
    "developerWebsite": "http://www.droid-developer.com",
    "developerAddress": null,
    "privacyPolicy": "http://www.droid-developer.com/privacy.html",
    "genre": "Maps & Navigation",
    "contentRating": "PEGI 3",
    "released": "Aug 18, 2022",
    "lastUpdatedOn": "Mar 31, 2025",
    "appId": "com.voice.navigation.driving.voicegps.map.directions",
    "permisions": {
        "Location": [
            "approximate location (network-based)",
            "precise location (GPS and network-based)"
        ],
        "Phone": [
            "read phone status and identity"
        ],
        "Wi-Fi connection information": [
            "view Wi-Fi connections"
        ],
        "Device ID & call information": [
            "read phone status and identity"
        ],
        "Other": [
            "draw over other apps",
            "full network access",
            "prevent device from sleeping",
            "view network connections"
        ],
        "Uncategorized": [
            "receive data from Internet"
        ]
    }
}