{
    "title": "Motorcycle riding with Motobit",
    "description": "<h3>Motobit - The Ultimate App for Motorcycle Riding with GPS Navigation for Motorcycles , Motorcycle Ride Planner and GPS Motorcycle Tracker </h3>\r\n\r\nJoin our community of 50.000+ motorcyclists and get the best motorcycle riding experience with Motobit.\r\n\r\nTOP 4 Motobit features:\r\n<b> #1 MOTORCYCLE ROUTE PLANNER </b> 🗺️: plan your motorcycle routes on the map with 4 routing methods: fastest with highways, fastest without highway, curvy or sport/touring for the best motorcycle riding experience.\r\n<b> #2 MOTORCYCLE GPS NAVIGATION </b> 🧭 : GPS navigation for motorcyclists with audio or with display navigation information to enjoy your motorcycle riding.\r\n<b> #3 GPS MOTORCYCLE TRACKER </b> ⏺️ : track your motorcycle rides with GPS and share them with your friends or download them in GPX format.\r\n<b> #4 MOTORCYCLE RIDES ANALYSIS </b> 〽️: get an analysis of how you tackled every curve of your motorcycle routes and detailed information of your motorcycle rides point per point.\r\n\r\nIf you are a motorcyclist, Motobit is the motorcycle app for the best motorcycle riding experience.\r\n\r\n<b> MOTORCYCLE ROUTE PLANNER </b>\r\n\r\nFind the best motorcycle roads and  create epic motorcycle routes on the smartphone!\r\nPlan waypoints to customize your motorcycle routes with the fastest, fastest without highways, curvy or sport/touring route planning designed to find the best roads for your motorcycle rides!\r\n\r\n<b> MOTORCYCLE GPS NAVIGATION </b>\r\n\r\nNo need to use a motorcycle GPS navigation system for motorcycle navigation anymore! With the GPS motorcycle navigation of Motobit will never miss a road on your motorcycle routes.\r\n\r\n<b> GPS MOTORCYCLE TRACKER </b>\r\n\r\nWith the GPS motorcyle tracker of Motobit you are sure that you will never forget your motorcycle riding experiences.\r\nYou can save unlimited motorcycle rides in the Motobit app and share them with your friends to make them join your adventures. Use the GPX export function to export your tracked motorcycle rides in GPX format and import them in your motorcycle navigation system, motorcycle app or where you want.\r\n\r\n<b> MOTORCYCLE RIDES ANALYSIS </b>\r\n\r\nMotobit analyses your riding style during your motorcycle rides and informs you how you tackled every curve. Our unique algorithms learns from your motorcycle riding to give you always more accurate information.\r\nFor all motorcycle rides you get a resume of the total km, time on the motorcycle, pause time and date.\r\nIn addition you can check the speed and altitude of every point of your motorcycle ride in the map and in an easy-to-use graph. \r\n\r\n<h3>Get the most of your motorcycle ride with Motobit Premium</h3>\r\n\r\nWith Motobit premium you can get the best motorcycle riding experience! Plan motorcycle routes up to 1000 km, observe the details of your lean angle and acceleration for every point of your motorcycle rides and do not worry to track your breaks during your motorcycle rides, Motobit will do it automatically!\r\n\r\nDownload Motobit and get the most out of your motorcycle riding!\r\n\r\nRide safe!\r\n\r\nDo you have any suggestions? Please send us an email to info@getmotobit.com",
    "summary": "The app for motorcycle riding: motorcycle navigation, route planner and tracker",
    "installs": "100,000+",
    "score": 4.283582,
    "ratings": 4382,
    "price": 0,
    "currency": "EUR",
    "developer": "motobit GmbH",
    "developerEmail": "info@getmotobit.com",
    "developerWebsite": "http://www.getmotobit.com",
    "developerAddress": "Anzengrubergasse 17 TOP 10, 8010 Graz, Austria",
    "privacyPolicy": "https://www.getmotobit.com/privacy-policy/",
    "genre": "Maps & Navigation",
    "contentRating": "PEGI 3",
    "released": "Feb 15, 2021",
    "lastUpdatedOn": "Apr 28, 2025",
    "appId": "com.getmotobit",
    "permisions": {
        "Location": [
            "approximate location (network-based)",
            "precise location (GPS and network-based)"
        ],
        "Photos/Media/Files": [
            "modify or delete the contents of your USB storage",
            "read the contents of your USB storage"
        ],
        "Storage": [
            "modify or delete the contents of your USB storage",
            "read the contents of your USB storage"
        ],
        "Wi-Fi connection information": [
            "view Wi-Fi connections"
        ],
        "Other": [
            "access Bluetooth settings",
            "control vibration",
            "draw over other apps",
            "full network access",
            "pair with Bluetooth devices",
            "prevent device from sleeping",
            "read Google service configuration",
            "run at startup",
            "view network connections"
        ],
        "Uncategorized": [
            "receive data from Internet"
        ]
    }
}