{
    "title": "BODY BIKE® Indoor Cycling",
    "description": "The BODY BIKE® Indoor Cycling app is developed for the BODY BIKE SMART®+ indoor bike. Use the smartphone to display the training data during a workout. Connect by Bluetooth®\r\n\r\nBODY BIKE Indoor Cycling app provides users with a powerful tool to monitor their indoor cycling during a workout and after. Displaying power/watts, %FTP, heart rate, cadence, distance and calories burned – current, average and maximum values.  It is a motivating display of data intended all indoor cyclists using the BODY BIKE SMART®+ indoor bike. Upload your performance data from the app to your Strava account to get a complete overview of all your workouts – indoor cycling, running, hiking etc. Push yourself, achieve ranks and become a legend.\r\n\r\nFeatures:\r\n\r\n- Data display: tap the screen to switch between the data types.\r\n- Colour intensity zones: 5-zone colour display (Coggan's power zones).\r\n- FTP estimation: Estimate your FTP from your gender, age, weight, height and hours of weekly cardio training under Personal Settings.\r\n- 5 minute FTP Test: Take the test and find your FTP value.\r\n- VO2 max test: Take the VO2 max test to determine your FTP and VO2 max value.\r\n- Customization: Choose a favourite colour scheme.\r\n- Workout history: Keep track of the indoor cycling workouts. Get an overview of all past workouts and track improvement. \r\n- Upload your performance data to your Strava account.\r\n- Achievement system: Push yourself and achieve rank and medals along your way. \r\n- Metric and Imperial units system: Choose the right unit system for your need. \r\n\r\nNew:\r\n\r\n- Intensity scale: Get an overview of how many percentages of each workout you have spent in the few different intensity zones.\r\n- Data display: Shows all data live there before only was in workout history specification\r\n- New layout: New setup, new and bigger font, obvious page header and battery capacity\r\n- Personal setting: Choose between four new themes\r\n- Achievement system: New requirements and two new levels\r\n- Achievement system: All three medals can be achieved once each week \r\n- New workout overview: You can now look at all your workout clustered in a week, month and even a year. \r\n\r\nDo you have proposals to new features? Is something not working correctly? \r\nPlease contact us at info@body-bike.com\r\n\r\nBODY BIKE® Indoor Cycling app connects to BODY BIKE SMART®+ indoor bike by Bluetooth®. \r\nCompatible with most Bluetooth® heart rate monitors.",
    "summary": "Display and keep track of BODY BIKE SMART®+ indoor cycling workouts",
    "installs": "100,000+",
    "score": 3.2142856,
    "ratings": 456,
    "price": 0,
    "currency": "EUR",
    "developer": "BODY BIKE International",
    "developerEmail": "info@body-bike.com",
    "developerWebsite": "http://body-bike.com",
    "developerAddress": "Niels Bohrs Vej 2\n9900 Frederikshavn\nDenmark",
    "privacyPolicy": "https://body-bike.com/privacy-policy/",
    "genre": "Health & Fitness",
    "contentRating": "PEGI 3",
    "released": "Oct 10, 2016",
    "lastUpdatedOn": "Apr 28, 2025",
    "appId": "com.bodybike.bbsmartplus",
    "permisions": {
        "Location": [
            "approximate location (network-based)",
            "precise location (GPS and network-based)"
        ],
        "Photos/Media/Files": [
            "modify or delete the contents of your USB storage",
            "read the contents of your USB storage"
        ],
        "Storage": [
            "modify or delete the contents of your USB storage",
            "read the contents of your USB storage"
        ],
        "Other": [
            "access Bluetooth settings",
            "full network access",
            "pair with Bluetooth devices"
        ]
    }
}