{
    "title": "iplan.ai - Travel Planner",
    "description": "Creating an itinerary with iplan.ai is fast, easy, and free. in just a few seconds you can get a tailor-made itinerary for any kind of trip and budget, including road trips and group travels. You will be able to make any changes and share your itinerary with others.\r\n\r\nWith iplan.ai, you can plan and manage a trip in one place. Organize your day by adding your favorite places to visit, managing routes, or creating your own minute-based itinerary. \r\n\r\nWe’ll create your smart itinerary with the help of artificial intelligence\r\n\r\n- View plans on a travel map (like Roadtrippers, but, for free!)\r\n- Get direction on your favorite application (Google map, Apple map, Wase)\r\n- Rearrange the order of places, pin your favorite to your timeline\r\n- We have inventories that are tailor-made to meet your needs and budget, from a large suitcase for long trips with family to a carry-on back bag for short solo trips.\r\n- Add things-to-do from top guides with 1 click (like Tripadvisor and Google Trips/Google Travel)\r\n- Access your trip plans offline\r\n- Suggest the best restaurant along the way\r\n\r\n****Join now and start planning your next trip****\r\n\r\nWe will ask you a set of questions about your next travel destination, like, how many days will you stay, with who will you travel, and what are your interests.\r\n\r\n****Your itinerary will be ready in a matter of seconds****\r\n\r\nWe will create an itinerary and a minute-by-minute daily route plan, based on your needs and preferences, then you are able to edit, change and collaborate with friends to customize your plan even further to your taste. \r\n\r\n****You are in control****  \r\n\r\nMove, modify, or remove anything you want. the more you use iplan.ai the more we understand your tastes and create a more efficient itinerary for you \r\n\r\nInstall the application today and enjoy your trip",
    "summary": "We’ll create your smart itinerary with the help of artificial intelligence",
    "installs": "100,000+",
    "score": 3.75,
    "ratings": 6007,
    "price": 0,
    "currency": "EUR",
    "developer": "Voyage AI Inc",
    "developerEmail": "info@iplan.ai",
    "developerWebsite": "https://iplan.ai/",
    "developerAddress": null,
    "privacyPolicy": "https://iplan.ai/privacy-policy/",
    "genre": "Travel & Local",
    "contentRating": "PEGI 3",
    "released": "Mar 4, 2022",
    "lastUpdatedOn": "Aug 15, 2024",
    "appId": "ai.iplan.app",
    "permisions": {
        "Location": [
            "approximate location (network-based)",
            "precise location (GPS and network-based)"
        ],
        "Photos/Media/Files": [
            "modify or delete the contents of your USB storage",
            "read the contents of your USB storage"
        ],
        "Storage": [
            "modify or delete the contents of your USB storage",
            "read the contents of your USB storage"
        ],
        "Wi-Fi connection information": [
            "view Wi-Fi connections"
        ],
        "Other": [
            "control vibration",
            "full network access",
            "prevent device from sleeping",
            "run at startup",
            "view network connections"
        ],
        "Uncategorized": [
            "receive data from Internet"
        ]
    }
}