{
    "title": "Rail Monsters: Train Tickets",
    "description": "Rail Monsters - Your Global Train Tickets Provider\r\n\r\nWelcome to Rail Monsters, the ultimate destination for purchasing train tickets across the globe. Whether you are planning a scenic journey through Europe, a fast-paced adventure in Asia, or exploring the historic railways of the Middle East, our platform connects you effortlessly with a world of rail travel. Book your tickets with us and discover an easier way to travel by train.\r\n\r\nComprehensive Global Coverage:\r\n\r\nEurope:\r\nUnited Kingdom - Travel with Eurostar for a swift journey.\r\nFrance - Experience high-speed travel with SNCF (TGV).\r\nGermany - Explore efficiently with Deutsche Bahn (ICE).\r\nItaly - Glide through the countryside with Trenitalia (Frecciarosso) and Italo.\r\nSpain - Discover the beauty of Spain with Renfe (AVE).\r\nBelgium - Navigate seamlessly with SNCB (ICE).\r\nNetherlands - Ride across the country with NS.\r\nSwitzerland - Enjoy pristine views with SBB.\r\nAustria - Journey through stunning landscapes with ÖBB (Railjet).\r\nRussia - Cover vast distances with Russian Railways (Sapsan).\r\n\r\nAsia:\r\nJapan - Experience cutting-edge speed with the Shinkansen (JR West/JR East/JR Central).\r\nChina - Traverse the expansive network of China Railway High-Speed.\r\nSouth Korea - Travel efficiently with KORAIL and SRT.\r\nTurkey - Discover the region with TCDD Taşımacılık.\r\n\r\nMiddle East:\r\nSaudi Arabia - Explore the expanding rail networks with Saudi Railways Organization (SAR) (Huramain).\r\n\r\nOur app ensures that booking train tickets is straightforward and hassle-free, providing you with access to the best deals, real-time schedules, and a variety of payment options for global travelers.\r\n\r\nEffortless Booking Experience. Our user-friendly interface makes finding and purchasing train tickets as easy as a few taps. Enjoy swift bookings with instant e-tickets and live train schedules at your fingertips.\r\n\r\nCompetitive Pricing. Always find the best deals with our dynamic fare comparison. Whether it’s a spontaneous trip or a well-planned journey, we ensure you get value with every purchase.\r\n\r\n24/7 Customer Support. Our dedicated support team is always available, providing you with the assistance you need, whenever you need it.\r\n\r\nMulti-Currency Transactions. With support for various currencies and multiple payment methods including credit cards, PayPal, and Apple Pay, international booking is made easy.\r\n\r\nWith exclusive access to in-app discounts and a loyalty rewards program, our platform is designed for both the occasional traveler and the seasoned rail enthusiast.\r\n\r\nYour Travel, Our Commitment. Download Rail Monsters and start planning your next train journey today. With us, booking international train tickets is not just easier, but also a part of an exciting travel experience. Discover new cultures, explore unseen landscapes, and enjoy the journey with Rail Monsters, where your adventure begins with a tap.\r\n\r\nStay Connected. Have questions or feedback? Visit our support page or follow us on our social media channels to get tips, updates, and travel inspiration.\r\n\r\nWebsite: railmonsters.com",
    "summary": "Buy train tickets worldwide with the Rail Monsters app! Book your train today.",
    "installs": "1,000+",
    "score": 0,
    "ratings": 0,
    "price": 0,
    "currency": "EUR",
    "developer": "Monsters Group",
    "developerEmail": "apps@railmonsters.com",
    "developerWebsite": "https://railmonsters.com",
    "developerAddress": null,
    "privacyPolicy": "https://railmonsters.com/rules",
    "genre": "Travel & Local",
    "contentRating": "PEGI 3",
    "released": "Apr 26, 2024",
    "lastUpdatedOn": "Apr 18, 2025",
    "appId": "com.railmonsters",
    "permisions": {
        "Photos/Media/Files": [
            "modify or delete the contents of your USB storage",
            "read the contents of your USB storage"
        ],
        "Storage": [
            "modify or delete the contents of your USB storage",
            "read the contents of your USB storage"
        ],
        "Wi-Fi connection information": [
            "view Wi-Fi connections"
        ],
        "Other": [
            "control vibration",
            "full network access",
            "prevent device from sleeping",
            "view network connections"
        ],
        "Uncategorized": [
            "download files without notification",
            "receive data from Internet"
        ]
    }
}