{
    "title": "TripMapper - Travel Planner",
    "description": "TripMapper is also available on the web - perfect for planning your trips on a larger screen. Just head to your browser and type in www.tripmapper.co\r\n\r\nTripMapper is your essential travel itinerary app. We know time is precious and making the most out of your trip is so important - that’s where we come in. Lay out your trip in visual and list views and invite your travel companions in to organise the perfect trip. Need travel inspiration? Use our interactive trip itineraries which you can customize to make your own.\r\n\r\nDiscover some of our great features, perfectly tailored for you intrepid travellers:\r\n\r\n• CARD & LIST VIEW\r\nChoose your preferred itinerary layout and personalise it by adding your own images and notes.\r\n\r\n• START & END TIMES\r\nSchedule your daily activities to make the most of every moment whilst on your trip.\r\n\r\n• MANAGE TASKS\r\nAdd tasks and set due dates so nobody forgets.\r\n\r\n• INTERACTIVE ITINERARIES\r\nNeed travel inspiration? Explore our interactive itinerary library, take them in to your TripMapper account and make them your own.\r\n\r\n---\r\nAnd if you upgrade to our ‘Trip+ Unlimited’ plan access the following features:\r\n---\r\n\r\n• BUDGETING\r\nManage and track your spending both before and during your trip.\r\n\r\n• CONVERT TRIP CURRENCIES\r\nConvert one currency to another using real-time exchange rates for accurate budgeting. Please note we only convert currencies available to us via the European Central Bank.\r\n\r\n• MAP VIEW\r\nAdd locations to your trip cards and see them plotted on a large, interactive map.\r\n\r\n• OFFLINE MODE\r\nAccess and view your itinerary without needing an internet connection.\r\n\r\n• INVITE FELLOW TRAVELLERS\r\nInvite your travel companions to contribute to all your plans.\r\n\r\n• NOTIFICATIONS & ALERTS\r\nSet yourself useful trip notifications.\r\n\r\n• ATTACHMENTS\r\nAttach tickets, booking confirmations and other useful information to your itinerary for easy access.\r\n\r\n• PDF DOWNLOAD\r\nSave, print and share your trip itinerary in PDF.",
    "summary": "Build your dream travel itineraries with budgeting, collaboration and more!",
    "installs": "1,000+",
    "score": 0,
    "ratings": 0,
    "price": 0,
    "currency": "EUR",
    "developer": "TripMapper",
    "developerEmail": "hello@tripmapper.co",
    "developerWebsite": "https://www.tripmapper.co",
    "developerAddress": "20-22 Wenlock Road\nLondon, N1 7GU\nUnited Kingdom",
    "privacyPolicy": "https://tripmapper.co/privacy-policy",
    "genre": "Travel & Local",
    "contentRating": "PEGI 3",
    "released": "Sep 4, 2021",
    "lastUpdatedOn": "Apr 29, 2025",
    "appId": "com.tripmapper.tripmapper",
    "permisions": {
        "Location": [
            "approximate location (network-based)",
            "precise location (GPS and network-based)"
        ],
        "Photos/Media/Files": [
            "modify or delete the contents of your USB storage",
            "read the contents of your USB storage"
        ],
        "Storage": [
            "modify or delete the contents of your USB storage",
            "read the contents of your USB storage"
        ],
        "Camera": [
            "take pictures and videos"
        ],
        "Microphone": [
            "record audio"
        ],
        "Wi-Fi connection information": [
            "view Wi-Fi connections"
        ],
        "Other": [
            "Google Play license check",
            "change your audio settings",
            "control vibration",
            "draw over other apps",
            "full network access",
            "prevent device from sleeping",
            "read Google service configuration",
            "run at startup",
            "view network connections"
        ],
        "Uncategorized": [
            "receive data from Internet"
        ]
    }
}