{
    "title": "Offline Map Navigation",
    "description": "Ever found yourself lost with no cellphone tower signal ? Use our offline maps to locate yourself, search for places and get accurate turn-by-turn driving directions to navigate safely back home. \r\nPlanning a holiday ? Search offline and find nearby hotels, restaurants, and other points of interest easily during your trips. Our app ensures efficient travel planning with precise ETA, weather updates, and the ability to add multiple way-points. \r\nWhether you're driving, biking, cycling, or walking, always have peace of mind with our app by your side. Offline Map Navigation is your trustworthy backup, ready to assist you whenever you need it most.\r\n\r\nKey Features:\r\n• Turn-by-Turn Navigation: Receive route instructions.\r\n• Multiple Modes: Find the fastest routes for car, motorbike, bicycle, or walking.\r\n• Supports Android Auto & Automotive - use Offline Map Navigation on your car’s display\r\n• Offline Points of Interest: Locate nearby hotels, restaurants, hospitals, ATMs, banks, charging stations, and shopping places without an internet connection.\r\n• Junction View: Navigate complex intersections with ease.\r\n• Voice Guidance: Get accurate voice instructions in multiple languages.\r\n• Lane Guidance: Clear information on turn lanes.\r\n• EV Routing: Includes charging station information for electric vehicles.\r\n• Weather Updates: Real-time weather details for your location.\r\n• Multi-Stop Routes: Add multiple way-points for optimised paths and precise ETA.\r\n• Automatic Rerouting: Stay on track with instant rerouting.\r\n• Target Compass: Navigate directly to any destination with precision.\r\n• Alternative Routes: Choose from multiple route suggestions.\r\n• Share Routes: Easily share route instructions.\r\n• Save Locations: Save favourite locations for quick access.\r\n• Fast GPS: Enjoy quick GPS updates.\r\n• Day and Night Modes: Clear maps for any time of day.\r\n• Downloadable Maps: Use maps offline.\r\n• Offline Search: Find locations and addresses without internet.\r\n• Over-speed Alerts: Stay safe with speed alerts.\r\n• Local Events: Discover local events.\r\n• User-Created Attractions: Explore attractions created by users.\r\n• Full Offline Functionality: All features work both online and offline.\r\n\r\nWhy Choose Offline Map Navigation?\r\n• Save on Roaming Charges: Use offline maps to save money.\r\n• Efficient Travel Planning: Save locations, add way-points, and find optimised routes.\r\n• Share Trip Plans: Easily share your trip details.\r\n• Multi-Language Support: Available in various languages.\r\n• Comprehensive Coverage: Access maps and navigation for various regions worldwide.\r\n• User-Friendly Interface: Enjoy an intuitive and easy-to-use interface.\r\n• Regular Updates: Benefit from regular updates and improvements.\r\n• High Accuracy: Depend on precise and reliable navigation.\r\n• Customisation Options: Personalise your navigation experience with various settings.\r\n• Community Contributions: Explore user-generated content and local insights.\r\n• Privacy Focused: Navigate securely with a focus on privacy.\r\n\r\nWear OS Integration:\r\nSynchronise with your Wear OS smartwatch for seamless turn-by-turn navigation.\r\n\r\nSteps to Use Wear OS Support:\r\n1. Install the app on both your Android device and Wear OS smartwatch.\r\n2. Open the app on both devices and complete the setup.\r\n3. Start navigation on your mobile device.\r\n4. Receive navigation instructions on your Wear OS device.\r\n\r\nDisclaimer:\r\nOffline Map Navigation is a GPS-based app that uses your location while using the app or all the time, even in the background, for accurate positioning and navigation guidance.",
    "summary": "Use offline maps to get GPS route directions and navigate without any connection",
    "installs": "5,000,000+",
    "score": 4.28,
    "ratings": 75517,
    "price": 0,
    "currency": "EUR",
    "developer": "VirtualMaze",
    "developerEmail": "android@virtualmaze.com",
    "developerWebsite": "https://virtualmaze.com",
    "developerAddress": "3rd floor, 8/25, Kambar St, Alandur, Chennai, Tamil Nadu 600016 India",
    "privacyPolicy": "https://virtualmaze.com/omn/privacypolicy.html",
    "genre": "Maps & Navigation",
    "contentRating": "PEGI 3",
    "released": "Feb 19, 2016",
    "lastUpdatedOn": "Apr 15, 2025",
    "appId": "com.virtualmaze.offlinemapnavigationtracker",
    "permisions": {
        "Location": [
            "approximate location (network-based)",
            "precise location (GPS and network-based)"
        ],
        "Wi-Fi connection information": [
            "view Wi-Fi connections"
        ],
        "Other": [
            "change network connectivity",
            "control vibration",
            "full network access",
            "modify system settings",
            "pair with Bluetooth devices",
            "prevent device from sleeping",
            "view network connections"
        ],
        "Uncategorized": [
            "receive data from Internet"
        ]
    }
}