{
    "title": "Life360: Stay Connected & Safe",
    "description": "Stay connected and secure with Life360, the ultimate family connection and safety company. With Life360 you’ve got the location of everyone (and everything) that matters most right in the palm of your hand. That means less worrying and fewer “where r u?” texts. For more than 66 million people across the globe, Life360 is woven into the fabric of their daily lives, simplifying how they communicate and connect.\r\n\r\nLife360 is the premium option for users looking to upgrade their location sharing experiences with unbeatable safety and protection features for families, friends and more.\r\n\r\nIn addition to focusing on safety, Life360’s Tile trackers extend this connection to pets and all your essential items like 🔑 Keys, 👛 Wallets, 🧳 Luggage, 🚲 Bikes.\r\n\r\nLife360 memberships include essential safety features like:\r\n🆘 SOS Alerts: Send silent alerts with your precise location to friends, family members, emergency contacts, and responders.\r\n🚓 24/7 Emergency Dispatch: We're here for your loved ones, always ready to respond, even when you can't make the call.\r\n🕵️‍♂️ Identity Theft Protection: Safeguard sensitive digital information for each family member, backed by a white-glove restoration service.\r\n⚠️ Roadside Assistance: Free towing, jumpstarts, tire changes, lockout assistance, refueling and more.\r\n\r\nWith Life360, you can:\r\n☑️ Find your friends\r\n☑️ Find your family\r\n☑️ Find your kids\r\n☑️ Find your phone\r\n☑️ Track everything that matters most\r\n\r\nDownload now to access:\r\n📍 Location Sharing\r\n🚗 Crash Detection\r\n🔔 Smart Notifications\r\n📌 Location History\r\n🏠 Place Alerts\r\n🆘 SOS Help Alerts\r\n✈️ Flight Landing Notifications\r\n💬 … and more!\r\n\r\nKeep tabs on your family members as they come and go from key locations like home, school and work.\r\n\r\nLife360 Silver - Simplify your safety with features like:\r\n▪️ 2 Places with unlimited Alerts 🔔\r\n▪️ 2 days of Location History 📌\r\n▪️ Crash Detection 💥🚗\r\n▪️ Family Driving Summary \r\n▪️ Data Breach Alerts \r\n▪️ SOS Help Alerts During Emergencies 🆘\r\n\r\nLife360 Gold* - Keep your family secure on the go with all the features of Life360 Silver, plus:\r\n- 30 days of Location History 📌\r\n- Unlimited Place Alerts 🔔\r\n- Individual Driver Reports \r\n- Crash Detection with emergency dispatch and live agent support 🚓\r\n- 24/7 Roadside Assistance ⚠️\r\n- $250 in Stolen Phone Protection \r\n- ID Theft Protection and Data Breach Alerts\r\n- $25,000 in Stolen Fund Reimbursement \r\n\r\nLife360 Platinum* - Prepare for anything, anywhere, with all the features of Life360 Gold, plus:\r\n- $1 million in Stolen Fund Reimbursement \r\n- 50 miles of Free towing \r\n- $500 in Stolen Phone Protection \r\n- Travel Support with Disaster Assistance\r\n- Medical Support 🩺\r\n\r\nDownload Life360 for peace of mind, knowing your loved ones and valuables are secure. Join millions who trust Life360 for location sharing.\r\n\r\nhttps://www.life360.com/privacy_policy/\r\nhttps://www.life360.com/terms_of_use/\r\n\r\nExplanation for App Permissions [Optional Permissions]\r\n ○ Camera: App accesses user’s camera to allow users to take photos or videos on the app.\r\n○ Location: App accesses location information to allow users to share location information to other Circle members.\r\n○ Microphone: App accesses microphone to allow users to record and share voice memos.\r\n○ Music and audio: App accesses music and audio to play music and audio.\r\n○ Nearby devices: App accesses nearby devices to find, connect to and determine the relative position of nearby devices by using Bluetooth.\r\n○ Notifications: App accesses notification to send notification to users.\r\n○ Phone: App accesses user’s phone to allow users to make phone calls on the app\r\n○ Photos and videos: App accesses photos and videos to allow users to view photos and videos on the app.\r\n○ Physical activity: App accesses physical activities to calculate and detect driving events, such as driving speed, use of breaks, and accident detection. \r\n\r\nYou may still use the app even if you withhold optional permissions. However, app features requiring permission may not be available in such case.",
    "summary": "All-in-one family safety: location sharing, crash alerts, driver reports & more",
    "installs": "100,000,000+",
    "score": 4.458606,
    "ratings": 2078664,
    "price": 0,
    "currency": "EUR",
    "developer": "Life360",
    "developerEmail": "feedback@life360.com",
    "developerWebsite": "http://www.life360.com",
    "developerAddress": "1900 S. Norfolk Street\nSuite 310\nSan Mateo, CA\n94403",
    "privacyPolicy": "http://life360.com/privacy_policy",
    "genre": "Lifestyle",
    "contentRating": "PEGI 3",
    "released": "Apr 7, 2010",
    "lastUpdatedOn": "Apr 30, 2025",
    "appId": "com.life360.android.safetymapd",
    "permisions": {
        "Contacts": [
            "read your contacts"
        ],
        "Location": [
            "approximate location (network-based)",
            "precise location (GPS and network-based)"
        ],
        "Phone": [
            "directly call phone numbers"
        ],
        "Photos/Media/Files": [
            "modify or delete the contents of your USB storage",
            "read the contents of your USB storage"
        ],
        "Storage": [
            "modify or delete the contents of your USB storage",
            "read the contents of your USB storage"
        ],
        "Camera": [
            "take pictures and videos"
        ],
        "Microphone": [
            "record audio"
        ],
        "Wi-Fi connection information": [
            "view Wi-Fi connections"
        ],
        "Other": [
            "access Bluetooth settings",
            "connect and disconnect from Wi-Fi",
            "control Near Field Communication",
            "control vibration",
            "full network access",
            "pair with Bluetooth devices",
            "prevent device from sleeping",
            "read terms you added to the dictionary",
            "run at startup",
            "view network connections"
        ],
        "Uncategorized": [
            "receive data from Internet"
        ]
    }
}